Menu Engineering Items Summary,,,,,,,,,
,,,,,,,,,
Business Dates,11/17/2015,,,,,,,,
Locations,"DEMO,UAE",,,,,,,,
Revenue Centers,All,,,,,,,,
Menu Items,All,,,,,,,,
,,,,,,,,,
Menu Item Name,Family Group,Major Group,Qty Sold,Net Sales,Prep Cost,Cost %,Margin Less Item Disc,% Qty,% Margin
Open Food,Open Food,FOOD,15,"19,197.20",0,0.00%,"19,197.20",0.14%,16.81%
Stud Meal Combo,Main course,FOOD,204,"6,030.00",0,0.00%,"6,030.00",1.85%,5.28%
Open Beverage,Open Beverage,BEVERAGE,7,"5,312.50",0,0.00%,"5,312.50",0.06%,4.65%
GLOBAL STREET MAIN,Main course,FOOD,152,"3,952.00",0,0.00%,"3,952.00",1.38%,3.46%
Student Breakfast,Breakfast,FOOD,99,"2,970.00",0,0.00%,"2,970.00",0.90%,2.60%
CHICKEN MEAL ,Main course,FOOD,96,"2,350.00",0,0.00%,"2,350.00",0.87%,2.06%
Buffet Lunch,Main course,FOOD,25,"2,250.00",0,0.00%,"2,250.00",0.23%,1.97%
MARINATED SALMON STEAK,Grill,FOOD,71,"2,130.00",0,0.00%,"2,130.00",0.65%,1.87%
Chicken Steak,Grill,FOOD,58,"1,392.00",0,0.00%,"1,392.00",0.53%,1.22%
SERCO LUNCH,SERCO LUNCH,FOOD,91,"1,365.00",0,0.00%,"1,365.00",0.83%,1.20%
VEGGIE MEAL,Veggie,FOOD,62,"1,364.00",0,0.00%,"1,364.00",0.56%,1.19%
Buffet Meal,Main course,FOOD,56,"1,210.00",0,0.00%,"1,210.00",0.51%,1.06%
Classic Angus Burger,Burgers,FOOD,39,"1,170.00",0,0.00%,"1,170.00",0.35%,1.02%
MEAT PLATTER,Main course,FOOD,35,"1,050.00",0,0.00%,"1,050.00",0.32%,0.92%
Slice of the Day,Pizza,FOOD,207,"1,035.00",0,0.00%,"1,035.00",1.88%,0.91%
FG LARGE BOWL,FEEL GOOD,FOOD,36,936,0,0.00%,936,0.33%,0.82%
BEEF MEAL,Main course,FOOD,35,875,0,0.00%,875,0.32%,0.77%
Teriyaki Salmon,Main course,FOOD,19,855,0,0.00%,855,0.17%,0.75%
Chicken Caesar,Salads,FOOD,34,850,0,0.00%,850,0.31%,0.74%
Take Away Box,Take Away Boxes,NON FOOD,283,849,0,0.00%,849,2.57%,0.74%
FG MEDIUM BOWL,FEEL GOOD,FOOD,45,810,0,0.00%,810,0.41%,0.71%
BLACK ANGUS CLUB 6 OZ,Burgers,FOOD,24,768,0,0.00%,768,0.22%,0.67%
Bulgogi,Main course,FOOD,23,690,0,0.00%,690,0.21%,0.60%
SERCO DINNER,SERCO DINNER,FOOD,46,690,0,0.00%,690,0.42%,0.60%
Falafel Tomato & Hummus(V),Sandwiches,FOOD,38,684,0,0.00%,684,0.35%,0.60%
Two Eggs ,Breakfast,FOOD,137,680,0,0.00%,680,1.25%,0.60%
Smoked Salmon,Sandwiches,FOOD,26,650,0,0.00%,650,0.24%,0.57%
7 OZ DOUBLE SHOT ICED SHAKEN,Starbucks,FOOD,46,644,0,0.00%,644,0.42%,0.56%
BBQ Glazed Chicken,Sandwiches,FOOD,30,630,0,0.00%,630,0.27%,0.55%
Margherita(V),Pizza,FOOD,25,625,0,0.00%,625,0.23%,0.55%
12 OZ CAFFE LATTE,Starbucks,FOOD,52,624,0,0.00%,624,0.47%,0.55%
Five a Day,Fresh Juices,BEVERAGE,26,624,0,0.00%,624,0.24%,0.55%
Masafi Water500ml,Water,BEVERAGE,618,615,0,0.00%,615,5.62%,0.54%
Buffet Fruit Salad,Salads,FOOD,122,610,0,0.00%,610,1.11%,0.53%
16 OZ CAFFE LATTE,Starbucks,FOOD,42,588,0,0.00%,588,0.38%,0.52%
CHICKEN CEASAR SALAD,Salads,FOOD,18,576,0,0.00%,576,0.16%,0.50%
Chicken Tikka,Sandwiches,FOOD,22,528,0,0.00%,528,0.20%,0.46%
12 OZ CAFFE AMERICANO,Starbucks,FOOD,51,510,0,0.00%,510,0.46%,0.45%
12 OZ CAPPUCHINO,Starbucks,FOOD,41,492,0,0.00%,492,0.37%,0.43%
SMOKED TURKEY S/W,Sandwiches,FOOD,14,476,0,0.00%,476,0.13%,0.42%
16 OZ ICED CARAMEL MACCHIATO,Starbucks,FOOD,25,451,0,0.00%,451,0.23%,0.40%
Pad Vegetables,Main course,FOOD,15,450,0,0.00%,450,0.14%,0.39%
SERCO BREAKFAST,SERCO BREAKFAST,FOOD,30,450,0,0.00%,450,0.27%,0.39%
16 OZ CAPPUCHINO,Starbucks,FOOD,32,448,0,0.00%,448,0.29%,0.39%
Side Salad,Salads,FOOD,109,436,0,0.00%,436,0.99%,0.38%
Super Food Salad (V),Salads,FOOD,18,432,0,0.00%,432,0.16%,0.38%
CHICKEN ROCQUET CHEESE S/W,Sandwiches,FOOD,14,420,0,0.00%,420,0.13%,0.37%
SWEET CHILLI SALMON SALAD,Sandwiches,FOOD,11,418,0,0.00%,418,0.10%,0.37%
BUTTER FLY CHICKEN BREAST ,Grill,FOOD,17,408,0,0.00%,408,0.15%,0.36%
Chocolate Bar,Extras,FOOD,78,390,0,0.00%,390,0.71%,0.34%
FRESH JUICE SMALL,Breakfast,FOOD,97,388,0,0.00%,388,0.88%,0.34%
Dessert,Dessert,FOOD,94,372,0,0.00%,372,0.85%,0.33%
SIMPLE SHAWARMA,Main course,FOOD,45,360,0,0.00%,360,0.41%,0.32%
WALK IN LUNCH,WALK IN LUNCH,FOOD,36,360,0,0.00%,360,0.33%,0.32%
Cereal Portion,Breakfast,FOOD,51,357,0,0.00%,357,0.46%,0.31%
FRESH GREEN SALAD,Salads,FOOD,22,352,0,0.00%,352,0.20%,0.31%
16 OZ CAFFE AMERICANO,Starbucks,FOOD,28,336,0,0.00%,336,0.25%,0.29%
Fresh Fruit Pcs,Extras,FOOD,112,333,0,0.00%,333,1.02%,0.29%
16 OZ ICED CAFFE LATTE,Starbucks,FOOD,22,326,0,0.00%,326,0.20%,0.29%
LACNOR MILK CHOCOLATE,Flavoured Milk,BEVERAGE,81,324,0,0.00%,324,0.74%,0.28%
GRILLED CHICKEN & BACON S/W,Sandwiches,FOOD,9,315,0,0.00%,315,0.08%,0.28%
Extra Portion Grill,Main course,FOOD,26,312,0,0.00%,312,0.24%,0.27%
CROISSANT MEDIUM,PASTRIES,FOOD,44,308,0,0.00%,308,0.40%,0.27%
Smoked Turkey Ham Pasta,Salads,FOOD,14,308,0,0.00%,308,0.13%,0.27%
4 OZ BURGER COMBO,Burgers,FOOD,8,304,0,0.00%,304,0.07%,0.27%
12OZ WHITE CHOCOLATE MOCHA,Starbucks,FOOD,20,300,0,0.00%,300,0.18%,0.26%
REUBENS S/W,Sandwiches,FOOD,10,300,0,0.00%,300,0.09%,0.26%
Tenderloin Steak,Burgers,FOOD,11,300,0,0.00%,300,0.10%,0.26%
Guest Meal Combo,Main course,FOOD,18,280,0,0.00%,280,0.16%,0.25%
BRIE & TOMATO S/W,Sandwiches,FOOD,8,272,0,0.00%,272,0.07%,0.24%
CEASAR CHICKEN WRAP,Wraps,FOOD,8,272,0,0.00%,272,0.07%,0.24%
Fruit Salad,Yoghurt Pots,FOOD,22,264,0,0.00%,264,0.20%,0.23%
16 OZ ICED CAFE AMERICANO,Starbucks,FOOD,20,260,0,0.00%,260,0.18%,0.23%
Beef sausage,Breakfast,FOOD,49,240,0,0.00%,240,0.45%,0.21%
CHICKEN STACK,Burgers,FOOD,8,240,0,0.00%,240,0.07%,0.21%
Yoghurt,Yogurt,FOOD,58,232,0,0.00%,232,0.53%,0.20%
FG SMALL BOWL,FEEL GOOD,FOOD,19,228,0,0.00%,228,0.17%,0.20%
Go Large,Pizza,FOOD,28,224,0,0.00%,224,0.25%,0.20%
Yogurt Muesli Honey,Yoghurt Pots,FOOD,14,224,0,0.00%,224,0.13%,0.20%
LINDT EXCELLENCE 90% CACOA 100GM,CS Chocolate ,FOOD,16,220,0,0.00%,220,0.15%,0.19%
LINDT EXCELLENCE BLACK CURRANT 1,CS Chocolate ,FOOD,16,220,0,0.00%,220,0.15%,0.19%
Tuna Cheese Melt,Sandwiches,FOOD,10,220,0,0.00%,220,0.09%,0.19%
CHUNKY MONKEY,Milk Shake,BEVERAGE,9,216,0,0.00%,216,0.08%,0.19%
FYO SHAWARMA,Main course,FOOD,14,210,0,0.00%,210,0.13%,0.18%
BLUEBERRY MUFFINS,Dessert,FOOD,17,204,0,0.00%,204,0.15%,0.18%
CLEARLY SCRUMPTIOUS STRAWBERRY 3,CS Dry Fruits,FOOD,16,204,0,0.00%,204,0.15%,0.18%
CROISSANT MINI,Dessert,FOOD,71,204,0,0.00%,204,0.65%,0.18%
FG Juice Bottled,FEEL GOOD,FOOD,25,200,0,0.00%,200,0.23%,0.18%
Yogurt Blueberry,Yoghurt Pots,FOOD,11,198,0,0.00%,198,0.10%,0.17%
12 OZ CAFFE MOCHA,Starbucks,FOOD,13,195,0,0.00%,195,0.12%,0.17%
Filter Coffee,Tea,FOOD,45,195,0,0.00%,195,0.41%,0.17%
16 OZ VANILLA LATTE,Starbucks,FOOD,10,190,0,0.00%,190,0.09%,0.17%
Filter Tea,Tea,FOOD,38,190,0,0.00%,190,0.35%,0.17%
16 OZ ICED WHITE CHOCOLATE MOCHA,Starbucks,FOOD,10,183,0,0.00%,183,0.09%,0.16%
12 OZ CARAMEL MACCHIATO,Starbucks,FOOD,12,180,0,0.00%,180,0.11%,0.16%
16 OZ FRAPPUCINO CARAMEL,Starbucks,FOOD,9,180,0,0.00%,180,0.08%,0.16%
Grilled Halloumi(V),Sandwiches,FOOD,9,180,0,0.00%,180,0.08%,0.16%
FRESH JUICE LARGE,Fresh Juices,FOOD,26,175,0,0.00%,175,0.24%,0.15%
Salmon Salad,Salads,FOOD,7,175,0,0.00%,175,0.06%,0.15%
16 OZ WHITE CHOCOLATE MOCHA,Starbucks,FOOD,10,170,0,0.00%,170,0.09%,0.15%
Hash Browns,Breakfast,FOOD,43,168,0,0.00%,168,0.39%,0.15%
PEACH & BASIL SMOOTHIE,Smoothies,BEVERAGE,7,168,0,0.00%,168,0.06%,0.15%
ALPRO ALMOND MILK 1L,CS Dairy ,FOOD,8,164,0,0.00%,164,0.07%,0.14%
LACNOR APPLE 180ML,Fresh Juices,BEVERAGE,41,164,0,0.00%,164,0.37%,0.14%
Digest dark200,Biscuit & Cookies,FOOD,12,162,0,0.00%,162,0.11%,0.14%
OREO MINI CUP 115GM,CS Food,FOOD,17,161.5,0,0.00%,161.5,0.15%,0.14%
Buffalo Chicken,Grill,FOOD,10,160,0,0.00%,160,0.09%,0.14%
Hawaiian,Pizza,FOOD,5,160,0,0.00%,160,0.05%,0.14%
LACNOR ORANGE 180ML,Fresh Juices,BEVERAGE,41,160,0,0.00%,160,0.37%,0.14%
DOUBLE ESSPRESSO,Starbucks,FOOD,13,156,0,0.00%,156,0.12%,0.14%
California Rolls(6Pcs),Sushi,FOOD,7,154,0,0.00%,154,0.06%,0.13%
COCA COLA CAN,Softdrinks,BEVERAGE,38,152,0,0.00%,152,0.35%,0.13%
Meat Feast,Pizza,FOOD,4,152,0,0.00%,152,0.04%,0.13%
Bagel S. Salmon,Sandwiches,FOOD,6,150,0,0.00%,150,0.05%,0.13%
MAGNUM I/C ALMOND,CS Ice Cream,FOOD,20,150,0,0.00%,150,0.18%,0.13%
Croissant,Breakfast,FOOD,21,147,0,0.00%,147,0.19%,0.13%
Double Trouble,Milk Shake,BEVERAGE,6,144,0,0.00%,144,0.05%,0.13%
Grilled Chicken Burger,Burgers,FOOD,6,144,0,0.00%,144,0.05%,0.13%
Tandoori Chicken,Pizza,FOOD,4,144,0,0.00%,144,0.04%,0.13%
MAGNUM I/C WHITE,CS Ice Cream,FOOD,19,142.5,0,0.00%,142.5,0.17%,0.12%
Chicken Sweetcorn,Pre Packed Sandwiches,FOOD,14,140,0,0.00%,140,0.13%,0.12%
JAYS POM PUNCH,Smoothies,BEVERAGE,5,140,0,0.00%,140,0.05%,0.12%
Rocco,Pizza,FOOD,4,140,0,0.00%,140,0.04%,0.12%
Soup,Extras,FOOD,23,138,0,0.00%,138,0.21%,0.12%
CLASSIC FRIES,Main course,FOOD,27,135,0,0.00%,135,0.25%,0.12%
GALLON WATER COUPON,CS Water,BEVERAGE,19,133,0,0.00%,133,0.17%,0.12%
B.BAG OAK SMOK150g,CS Chips & Snacks,FOOD,11,132,0,0.00%,132,0.10%,0.12%
Yoghurt,Yogurt,FOOD,11,132,0,0.00%,132,0.10%,0.12%
AL AIN WATER 500ml,CS Water,BEVERAGE,130,130,0,0.00%,130,1.18%,0.11%
FETA & ROAST VEG PANINI,Sandwiches,FOOD,5,130,0,0.00%,130,0.05%,0.11%
Salmon Temaki (3 Pcs),Sushi,FOOD,5,130,0,0.00%,130,0.05%,0.11%
Yogurt Mango,Yoghurt Pots,FOOD,13,130,0,0.00%,130,0.12%,0.11%
Yakisoba,Main course,FOOD,7,126,0,0.00%,126,0.06%,0.11%
Valley Crunchy,Cereal Bar,FOOD,41,123,0,0.00%,123,0.37%,0.11%
12 OZ HOT CHOCOLATE,Starbucks,FOOD,7,121,0,0.00%,121,0.06%,0.11%
Chicken Nuggets,Extras,FOOD,12,120,0,0.00%,120,0.11%,0.11%
Homemade Beef Burger,Burgers,FOOD,6,120,0,0.00%,120,0.05%,0.11%
SWEET POTATO WEDGES,Main course,FOOD,12,120,0,0.00%,120,0.11%,0.11%
THE 3RD DATE,Milk Shake,BEVERAGE,5,120,0,0.00%,120,0.05%,0.11%
16 OZ ICED CHOCOLATE,Starbucks,FOOD,7,119,0,0.00%,119,0.06%,0.10%
Walkers Short Bread40g,Biscuits,FOOD,34,119,0,0.00%,119,0.31%,0.10%
AL AIN WATER 1.5L,CS Water,BEVERAGE,78,117,0,0.00%,117,0.71%,0.10%
TAMRAH COCO DATES ZIPPER BAG 100,CS Dry Fruits,FOOD,13,117,0,0.00%,117,0.12%,0.10%
BAYARA 1KG ALMOND,CS Nuts & Seeds,FOOD,2,115.5,0,0.00%,115.5,0.02%,0.10%
Pesto Roasted Chicken,Sandwiches,FOOD,5,115,0,0.00%,115,0.05%,0.10%
CHICKEN WRAP COMBO,Burgers,FOOD,3,114,0,0.00%,114,0.03%,0.10%
EGG Mayo & Spring Onion,Sandwiches,FOOD,6,114,0,0.00%,114,0.05%,0.10%
Mexican Melt,Pizza,FOOD,3,114,0,0.00%,114,0.03%,0.10%
MAGNUM I/C CLASSIC,CS Ice Cream,FOOD,15,112.5,0,0.00%,112.5,0.14%,0.10%
AMERICAN 4 OZ,Burgers,FOOD,4,112,0,0.00%,112,0.04%,0.10%
CHUCKS MAN OH MANGO,Smoothies,BEVERAGE,4,112,0,0.00%,112,0.04%,0.10%
NIVEA WIPES REFRESHING CLEANSING,CS Tissue & Toilet Rolls,NON FOOD,4,112,0,0.00%,112,0.04%,0.10%
Pancakes,Breakfast,FOOD,38,111,0,0.00%,111,0.35%,0.10%
Baked beans,Breakfast,FOOD,22,110,0,0.00%,110,0.20%,0.10%
Chicken Tandoori,Pre Packed Sandwiches,FOOD,11,110,0,0.00%,110,0.10%,0.10%
FARM FRESH EGGS WHITE 15PCS,CS Eggs,FOOD,10,110,0,0.00%,110,0.09%,0.10%
Portion Protein,Main course,FOOD,11,110,0,0.00%,110,0.10%,0.10%
MOROCCAN LAMB BURGER,Burgers,FOOD,3,108,0,0.00%,108,0.03%,0.09%
PEPSI DIET CAN,Softdrinks,BEVERAGE,27,108,0,0.00%,108,0.25%,0.09%
DDR OETKER PEPPRONI PIZZA,CS Frozen Food,FOOD,4,105,0,0.00%,105,0.04%,0.09%
Isabella(V),Pizza,FOOD,3,105,0,0.00%,105,0.03%,0.09%
Egg Cress Mayonnaise,Pre Packed Sandwiches,FOOD,13,104,0,0.00%,104,0.12%,0.09%
Pain an Raisin,Dessert,FOOD,13,104,0,0.00%,104,0.12%,0.09%
POKKA PEACH ICED TEA CAN,Packet Juice,BEVERAGE,26,104,0,0.00%,104,0.24%,0.09%
TEA BAG JASMINE GREEN,Tea,FOOD,13,104,0,0.00%,104,0.12%,0.09%
TUNA NICOISE SALAD,Salads,FOOD,4,104,0,0.00%,104,0.04%,0.09%
BJORG ORGANIC OAT FLAKES 500GM,CS Organic Food,FOOD,4,102,0,0.00%,102,0.04%,0.09%
16 OZ FRAPPUCINO WHITE MOCHA,Starbucks,FOOD,5,100,0,0.00%,100,0.05%,0.09%
Chicken Maki(6pcs),Sushi,FOOD,5,100,0,0.00%,100,0.05%,0.09%
EBI NIGIRI,Sushi,FOOD,20,100,0,0.00%,100,0.18%,0.09%
ORAL B TP PRO EXPERT FRESH MINT ,CS Oral Care,NON FOOD,4,100,0,0.00%,100,0.04%,0.09%
SINGLE ESSPRESSO,Starbucks,FOOD,10,100,0,0.00%,100,0.09%,0.09%
VEG BURGER,Burgers,FOOD,5,100,0,0.00%,100,0.05%,0.09%
MAGNUM I/C DOUBLE CHOCOLATE,CS Ice Cream,FOOD,11,99,0,0.00%,99,0.10%,0.09%
Castania Peanuts60g,Peannuts,FOOD,14,98,0,0.00%,98,0.13%,0.09%
PAPER BAG,BAGS,NON FOOD,97,97,0,0.00%,97,0.88%,0.08%
LINDT EXCELLENCE 85% CACOA 100GM,CS Chocolate ,FOOD,7,96.25,0,0.00%,96.25,0.06%,0.08%
COCA COLA ZERO CAN,Softdrinks,BEVERAGE,24,96,0,0.00%,96,0.22%,0.08%
COCONUT WATER CAN,Packet Juice,BEVERAGE,24,96,0,0.00%,96,0.22%,0.08%
ESPRESSO MACCHIATO,Starbucks,FOOD,8,96,0,0.00%,96,0.07%,0.08%
Frid Rice W Chicken,Fried Rice,FOOD,3,96,0,0.00%,96,0.03%,0.08%
FRIED CHICKEN WRAP,Burgers,FOOD,3,96,0,0.00%,96,0.03%,0.08%
HIT THE ROOF,Milk Shake,BEVERAGE,4,96,0,0.00%,96,0.04%,0.08%
Small Salad,Salads,FOOD,8,96,0,0.00%,96,0.07%,0.08%
MARS THICK SHAKE 300ML,Convenience Beverages,BEVERAGE,10,95,0,0.00%,95,0.09%,0.08%
Toast,Breakfast,FOOD,94,94,0,0.00%,94,0.85%,0.08%
FUNHAPBRTHDYBAL,CS Disposable,NON FOOD,11,93.5,0,0.00%,93.5,0.10%,0.08%
PRO BAR MEAL PEANUT BUTTER CHOCO,CS Cereal,FOOD,4,92,0,0.00%,92,0.04%,0.08%
AL AIN FRESH MILK LOW FAT 2L,CS Dairy ,FOOD,9,90,0,0.00%,90,0.08%,0.08%
Chicken Chirashi,Sushi,FOOD,5,90,0,0.00%,90,0.05%,0.08%
French Fries,Extras,FOOD,15,90,0,0.00%,90,0.14%,0.08%
Large Salad,Salads,FOOD,5,90,0,0.00%,90,0.05%,0.08%
MOROCCAN LOOSE TEA,Tea,FOOD,9,90,0,0.00%,90,0.08%,0.08%
Three Cheese Spring Onion,Pre Packed Sandwiches,FOOD,9,90,0,0.00%,90,0.08%,0.08%
ALWAYS DIAMOND ULTRA THIN 14 PCS,CS Sanitary Care,NON FOOD,5,88.75,0,0.00%,88.75,0.05%,0.08%
FINE TOILET ROLLS 2PLY X 10 PCS ,CS Tissue & Toilet Rolls,NON FOOD,6,88.5,0,0.00%,88.5,0.05%,0.08%
FALAFEL BURGER,Burgers,FOOD,4,88,0,0.00%,88,0.04%,0.08%
LACNOR MILK STRAWBERRY,Flavoured Milk,BEVERAGE,22,88,0,0.00%,88,0.20%,0.08%
Roast Beef,Sandwiches,FOOD,4,88,0,0.00%,88,0.04%,0.08%
OAT KING BAR APPLE STRUDEL 95GM,CS Cereal,FOOD,6,87,0,0.00%,87,0.05%,0.08%
OAT KING BAR MILK HONEY 95GM,CS Cereal,FOOD,6,87,0,0.00%,87,0.05%,0.08%
12 OZ VANILLA LATTE,Starbucks,FOOD,5,85,0,0.00%,85,0.05%,0.07%
16 OZ CARAMEL MACCHIATO,Starbucks,FOOD,5,85,0,0.00%,85,0.05%,0.07%
HONEY MOON MOUNTAIN HONEY 250GM,CS Can & Jar Food,FOOD,3,84.75,0,0.00%,84.75,0.03%,0.07%
Add Cheese,Extras,FOOD,29,84,0,0.00%,84,0.26%,0.07%
Brownie,Dessert,FOOD,6,84,0,0.00%,84,0.05%,0.07%
FrostiesCMB25g,CS Cereal,FOOD,28,84,0,0.00%,84,0.25%,0.07%
Lemon Drizzle,Dessert,FOOD,7,84,0,0.00%,84,0.06%,0.07%
VANIAS SPRING GREEN,Smoothies,BEVERAGE,3,84,0,0.00%,84,0.03%,0.07%
BRILLIANT BREAKFAST LOOSE TEA,Tea,FOOD,8,80,0,0.00%,80,0.07%,0.07%
CEYLON GINGER LOOSE TEA,Tea,FOOD,8,80,0,0.00%,80,0.07%,0.07%
Orange Pcs,CS Fresh Fruit,FOOD,40,80,0,0.00%,80,0.36%,0.07%
TEA BAG EARL GREY,Tea,FOOD,10,80,0,0.00%,80,0.09%,0.07%
KELLOGS BARS DARK CHOCO 04PCX1PK,CS Cereal,FOOD,5,78.75,0,0.00%,78.75,0.05%,0.07%
MODERN BAKE CRANBERRY ENERGY BAR,CS Cereal,FOOD,14,77,0,0.00%,77,0.13%,0.07%
CLEARLY SCRUMPTIOUS GOLDEN BERRI,CS Dry Fruits,FOOD,6,76.5,0,0.00%,76.5,0.05%,0.07%
French Toast,Breakfast,FOOD,19,76,0,0.00%,76,0.17%,0.07%
KIT KAT 4 FINGERS,CS Chocolate ,FOOD,22,76,0,0.00%,76,0.20%,0.07%
PEPSI CAN,Softdrinks,BEVERAGE,19,76,0,0.00%,76,0.17%,0.07%
Cold Cuts,Breakfast,FOOD,16,75,0,0.00%,75,0.15%,0.07%
SELPAK TOILET PAPER 4 ROLLS,CS Tissue & Toilet Rolls,NON FOOD,6,75,0,0.00%,75,0.05%,0.07%
OAT KING BAR PEANUT BUTTER 95GM,CS Cereal,FOOD,5,72.5,0,0.00%,72.5,0.05%,0.06%
B.BAG SALTED150g,CS Chips & Snacks,FOOD,6,72,0,0.00%,72,0.05%,0.06%
BRIE & BACON S/W,Sandwiches,FOOD,2,72,0,0.00%,72,0.02%,0.06%
BUTTERNUT & GOAT CHEESE SALAD ,Sandwiches,FOOD,2,72,0,0.00%,72,0.02%,0.06%
Cappuccino,Nespresso,FOOD,6,72,0,0.00%,72,0.05%,0.06%
Carrot Cake,Dessert,FOOD,6,72,0,0.00%,72,0.05%,0.06%
CheseTomatoCrossiant,Sandwiches,FOOD,4,72,0,0.00%,72,0.04%,0.06%
KIT KAT CHUNKY 46GM,CS Chocolate ,FOOD,24,72,0,0.00%,72,0.22%,0.06%
Tropical Maki (6 Pcs),Sushi,FOOD,4,72,0,0.00%,72,0.04%,0.06%
AL AIN FRESH MILK 1L FULL CREAM,CS Dairy ,FOOD,10,70,0,0.00%,70,0.09%,0.06%
AL AIN FRESH MILK FULL FAT 2L,CS Dairy ,FOOD,7,70,0,0.00%,70,0.06%,0.06%
BLUE BERRY MUFFIN,Dessert,FOOD,7,70,0,0.00%,70,0.06%,0.06%
Chicken Noodle Suop,Soup ,FOOD,5,70,0,0.00%,70,0.05%,0.06%
AL AIN WATER 500ML,Water,BEVERAGE,69,69,0,0.00%,69,0.63%,0.06%
LIND CHERRY INTENSE100G,CS Chocolate ,FOOD,5,68.75,0,0.00%,68.75,0.05%,0.06%
16 OZ HOT CHOCOLATE,Starbucks,FOOD,4,68,0,0.00%,68,0.04%,0.06%
ADD ESPRESSO SHOT,Starbucks,FOOD,17,68,0,0.00%,68,0.15%,0.06%
TOBLERONE MILK 100GM,CS Chocolate ,FOOD,8,68,0,0.00%,68,0.07%,0.06%
Portion Vegetable,Main course,FOOD,13,65,0,0.00%,65,0.12%,0.06%
TUNA & MAYO WRAP,Sandwiches,FOOD,2,64,0,0.00%,64,0.02%,0.06%
16 OZ SOYA CAFFE LATTE,Coffee,FOOD,3,63,0,0.00%,63,0.03%,0.06%
16 OZ ICED CAFFE MOCHA,Starbucks,FOOD,4,61,0,0.00%,61,0.04%,0.05%
CheseTurkeyHamCrossiant,Sandwiches,FOOD,3,60,0,0.00%,60,0.03%,0.05%
Choc Caramel Eclair,Dessert,FOOD,5,60,0,0.00%,60,0.05%,0.05%
DAN'S TOPICAL BLAST,Smoothies,BEVERAGE,3,60,0,0.00%,60,0.03%,0.05%
Latte Macchiato,Nespresso,FOOD,5,60,0,0.00%,60,0.05%,0.05%
MilkHalfCrem1Ltr ,CS Dairy ,FOOD,15,60,0,0.00%,60,0.14%,0.05%
Mixed Green Salad(V),Salads,FOOD,3,60,0,0.00%,60,0.03%,0.05%
Pepperoni,Pizza,FOOD,10,60,0,0.00%,60,0.09%,0.05%
Tuna Maki(6pcs),Sushi,FOOD,3,60,0,0.00%,60,0.03%,0.05%
WALK IN DINNER,WALK IN DINNER,FOOD,6,60,0,0.00%,60,0.05%,0.05%
Apple Green,CS Fresh Fruit,FOOD,29,58,0,0.00%,58,0.26%,0.05%
Apple Red,CS Fresh Fruit,FOOD,29,58,0,0.00%,58,0.26%,0.05%
OAT KING BAR PURE 95GM,CS Cereal,FOOD,4,58,0,0.00%,58,0.04%,0.05%
Pear,CS Fresh Fruit,FOOD,29,58,0,0.00%,58,0.26%,0.05%
16 OZ CARAMEL LATTE,Starbucks,FOOD,3,57,0,0.00%,57,0.03%,0.05%
BEST 30GM SALTED CASHEWS,CS Nuts & Seeds,FOOD,15,57,0,0.00%,57,0.14%,0.05%
Berry Tart,Dessert,FOOD,4,56,0,0.00%,56,0.04%,0.05%
LACNOR COCKTAIL 180ML,Fresh Juices,BEVERAGE,14,56,0,0.00%,56,0.13%,0.05%
LACNOR MILK BANANA,Flavoured Milk,BEVERAGE,14,56,0,0.00%,56,0.13%,0.05%
POKKA LEMON ICED TEA CAN,Packet Juice,BEVERAGE,14,56,0,0.00%,56,0.13%,0.05%
BOGUTTI WHITE CHOCO PCS 37%,Biscuit & Cookies,FOOD,6,55.5,0,0.00%,55.5,0.05%,0.05%
Alain Small Wtr500ml,Water,BEVERAGE,55,55,0,0.00%,55,0.50%,0.05%
Cookie,Dessert,FOOD,11,55,0,0.00%,55,0.10%,0.05%
LINDT EXCELLENCE SEA SALT 100GM,CS Chocolate ,FOOD,4,55,0,0.00%,55,0.04%,0.05%
FUNBLLOONPMP,CS Disposable,NON FOOD,3,54,0,0.00%,54,0.03%,0.05%
Go Green,Milk Shake,BEVERAGE,3,54,0,0.00%,54,0.03%,0.05%
TAMRAH CHOCO MILK ZIPPER BAG 100,CS Dry Fruits,FOOD,6,54,0,0.00%,54,0.05%,0.05%
CARTE D'OR PINT STRAWBERRY,CS Ice Cream,FOOD,3,52.5,0,0.00%,52.5,0.03%,0.05%
DR OETKER QUATTRO FORMAGI PIZZA,CS Frozen Food,FOOD,2,52.5,0,0.00%,52.5,0.02%,0.05%
SWISS DELICE CHOCARRE BISCUITS 1,CS Chocolate ,FOOD,3,52.5,0,0.00%,52.5,0.03%,0.05%
WALKERS SB FINGERS 40G,Biscuit & Cookies,FOOD,15,52.5,0,0.00%,52.5,0.14%,0.05%
7 UP DIET CAN,Softdrinks,BEVERAGE,13,52,0,0.00%,52,0.12%,0.05%
CARTE DOR PISTACIO 1 SCOOP,Ice cream,FOOD,8,52,0,0.00%,52,0.07%,0.05%
FAMILIA BIO ORGANIC AMARANTH 375,CS Organic Food,FOOD,2,52,0,0.00%,52,0.02%,0.05%
12 OZ CARAMEL LATTE,Starbucks,FOOD,3,51,0,0.00%,51,0.03%,0.04%
12 OZ Hazel Nut Latte,Starbucks,FOOD,3,51,0,0.00%,51,0.03%,0.04%
16 OZ CAFFE MOCHA,Starbucks,FOOD,3,51,0,0.00%,51,0.03%,0.04%
ALPROMilkFlvrChoc 1L,CS Dairy ,BEVERAGE,3,50.25,0,0.00%,50.25,0.03%,0.04%
EXTRA BIG BOTTLE PEPPERMINT,CS Mint & Gum,FOOD,4,50,0,0.00%,50,0.04%,0.04%
GATORADE BLUE BOLT PET 500ML,CS Sports & Energy Drinks,BEVERAGE,10,50,0,0.00%,50,0.09%,0.04%
POCARI SWEAT PET 500ML,CS Sports & Energy Drinks,BEVERAGE,10,50,0,0.00%,50,0.09%,0.04%
SCONES,Dessert,FOOD,5,50,0,0.00%,50,0.05%,0.04%
OISHI SPICY PRAWN CRACKERS 60GM,CS Chips & Snacks,FOOD,22,49.5,0,0.00%,49.5,0.20%,0.04%
PRINGLES 40GM ORIGINAL,CS Chips & Snacks,FOOD,15,48.75,0,0.00%,48.75,0.14%,0.04%
AlpenMuslie625g,CS Cereal,FOOD,2,48,0,0.00%,48,0.02%,0.04%
Coke,Softdrinks,BEVERAGE,12,48,0,0.00%,48,0.11%,0.04%
Frid Rice W Vegetable,Fried Rice,FOOD,2,48,0,0.00%,48,0.02%,0.04%
Mixed Juice,Fresh Juices,BEVERAGE,3,48,0,0.00%,48,0.03%,0.04%
The Big Apple,Milk Shake,BEVERAGE,2,48,0,0.00%,48,0.02%,0.04%
Tuna maki(6Pcs) W/Sundried Tomat,Sushi,FOOD,2,48,0,0.00%,48,0.02%,0.04%
SCHIK RAZOR SILK EFFECT+,CS Womens Care,NON FOOD,3,47.25,0,0.00%,47.25,0.03%,0.04%
JDS BUTTER CRISPS,Biscuit & Cookies,FOOD,3,46.5,0,0.00%,46.5,0.03%,0.04%
PRINGLES HOT & SPICY 165GM,CS Chips & Snacks,FOOD,5,46.25,0,0.00%,46.25,0.05%,0.04%
COCO TREE JUICE 330ML,CS Packet Juice,BEVERAGE,14,45.5,0,0.00%,45.5,0.13%,0.04%
CORNETTO I/C LOVE COOKIE,CS Ice Cream,FOOD,7,45.5,0,0.00%,45.5,0.06%,0.04%
AL AIN YOGHURT LOW FAT 170GM,CS Dairy ,FOOD,30,45,0,0.00%,45,0.27%,0.04%
Beef Bacon,Breakfast,FOOD,10,45,0,0.00%,45,0.09%,0.04%
CARTE DOR CHOCOLATE 1 SCOOP,Ice cream,FOOD,9,45,0,0.00%,45,0.08%,0.04%
MentoGmWatrMelon,CS Mint & Gum,FOOD,9,45,0,0.00%,45,0.08%,0.04%
TIDE ORIGINAL SCENT 1.5KG,CS Laundry Care,NON FOOD,2,45,0,0.00%,45,0.02%,0.04%
Greek Salad,Salads,FOOD,2,44,0,0.00%,44,0.02%,0.04%
LUX HW SECRET BLISS 250ML,CS Soap & Handwash,NON FOOD,4,44,0,0.00%,44,0.04%,0.04%
ALO ALLURE MANGO JUICE,Fresh Juices,FOOD,3,42,0,0.00%,42,0.03%,0.04%
ALO EXPOSED ALO JUICE,Fresh Juices,FOOD,3,42,0,0.00%,42,0.03%,0.04%
FIREFLY WAKE UP PEACH,Tea,BEVERAGE,3,42,0,0.00%,42,0.03%,0.04%
NATURE VALLEY OATS & HONEY,CS Cereal,FOOD,14,42,0,0.00%,42,0.13%,0.04%
Oatmeal Porridge,Breakfast,FOOD,14,42,0,0.00%,42,0.13%,0.04%
Salmon Chirashi,Sushi,FOOD,2,42,0,0.00%,42,0.02%,0.04%
LINDT EXCELLENCE SESAME ROASTED ,CS Organic Food,FOOD,3,41.25,0,0.00%,41.25,0.03%,0.04%
COCO POPS KELLOGS 375GM,CS Cereal,FOOD,2,41,0,0.00%,41,0.02%,0.04%
FITA 600G,Biscuit & Cookies,FOOD,2,41,0,0.00%,41,0.02%,0.04%
MARS BAR 51GM,CS Chocolate ,FOOD,11,41,0,0.00%,41,0.10%,0.04%
7 UP CAN,Softdrinks,BEVERAGE,10,40,0,0.00%,40,0.09%,0.04%
CERES CRANBERRY KIWI JUICE 1L,CS Packet Juice,BEVERAGE,4,40,0,0.00%,40,0.04%,0.04%
CROISSANT HI BUTTER CHOCOLATE,CS Bakery,FOOD,10,40,0,0.00%,40,0.09%,0.04%
JASMINE ICED TEA,Tea,FOOD,5,40,0,0.00%,40,0.05%,0.04%
Lungo,Nespresso,FOOD,4,40,0,0.00%,40,0.04%,0.04%
PEAR DRAGON LOOSE TEA,Tea,FOOD,4,40,0,0.00%,40,0.04%,0.04%
REDBULL REGULAR,Energy Drinks,BEVERAGE,5,40,0,0.00%,40,0.05%,0.04%
SNICKERS BAR,Chocolate,FOOD,8,40,0,0.00%,40,0.07%,0.04%
Sushi Temakin Veg Soup,Sushi,FOOD,1,40,0,0.00%,40,0.01%,0.04%
Tamago Maki,Sushi,FOOD,2,40,0,0.00%,40,0.02%,0.04%
NECTAFLOR SOFT FIGS 200GM,CS Dry Fruits,FOOD,2,39.25,0,0.00%,39.25,0.02%,0.03%
CAPRICE DE DIEUX CHEESE 200G,CS Dairy ,FOOD,1,39,0,0.00%,39,0.01%,0.03%
CROISSANT HI BUTTER CHEESE,CS Bakery,FOOD,13,39,0,0.00%,39,0.12%,0.03%
JOHNSONS COTTON BUDS 100PCS,CS Others,NON FOOD,3,39,0,0.00%,39,0.03%,0.03%
UAE BADGE MAGNET,CS Festival Non Food,NON FOOD,6,39,0,0.00%,39,0.05%,0.03%
VOCHELLE BLOCK DAIRY MILK 180G,CS Chocolate ,FOOD,4,39,0,0.00%,39,0.04%,0.03%
MENTOS BOTTLE 20% WHITE TUTTI FR,CS Mint & Gum,FOOD,5,38.75,0,0.00%,38.75,0.05%,0.03%
CROISSANT HI BUTTER PLAIN,CS Bakery,FOOD,11,38.5,0,0.00%,38.5,0.10%,0.03%
SNAPPLE FRUIT PUNCH JUICE,CS Packet Juice,BEVERAGE,7,38.5,0,0.00%,38.5,0.06%,0.03%
GALAXY THICK SHAKE CARAMEL 300ML,Convenience Beverages,BEVERAGE,4,38,0,0.00%,38,0.04%,0.03%
16 OZ ICED VANILLA LATTE,Starbucks,FOOD,2,37,0,0.00%,37,0.02%,0.03%
NESCAFE RED MUG COFFEE 200GM,CS Coffee,FOOD,1,36.5,0,0.00%,36.5,0.01%,0.03%
AL AIN FRESH MILK 1L LOW FAT,CS Dairy ,FOOD,6,36,0,0.00%,36,0.05%,0.03%
BAYARA SALTED CASHEWS 300GM,CS Nuts & Seeds,FOOD,2,36,0,0.00%,36,0.02%,0.03%
CORN FLAKES KELLOGS 500GM,CS Cereal,FOOD,2,36,0,0.00%,36,0.02%,0.03%
EXTRA PELLET PEPPERMINT GUM,CS Mint & Gum,FOOD,18,36,0,0.00%,36,0.16%,0.03%
EXTRA TABS SPEARMINT GUM,CS Mint & Gum,FOOD,9,36,0,0.00%,36,0.08%,0.03%
Glazed Veg,Sandwiches,FOOD,2,36,0,0.00%,36,0.02%,0.03%
MCVITIES DIGESTIVE 250GM LIGHT,Biscuit & Cookies,FOOD,3,36,0,0.00%,36,0.03%,0.03%
MOUNTAIN DEW,Softdrinks,BEVERAGE,9,36,0,0.00%,36,0.08%,0.03%
PERRIER WATER 330ML,Water,BEVERAGE,6,36,0,0.00%,36,0.05%,0.03%
SMINT CANDY GUM MINT 14.2G,CS Mint & Gum,FOOD,9,36,0,0.00%,36,0.08%,0.03%
Strwberry Muffins,Dessert,FOOD,3,36,0,0.00%,36,0.03%,0.03%
HONEY MOON SQUEEZY HONEY 500G,CS Can & Jar Food,FOOD,1,35.75,0,0.00%,35.75,0.01%,0.03%
1 Scoop Protein Powder,TOPPINGS,FOOD,7,35,0,0.00%,35,0.06%,0.03%
A/G POP CORN MICROWAVE BUTTER 29,CS Can & Jar Food,FOOD,4,35,0,0.00%,35,0.04%,0.03%
AXE DEO EXCITE 150ML,CS Deodrants,NON FOOD,2,35,0,0.00%,35,0.02%,0.03%
CARTE D'OR PINT CHOCOLATE,CS Ice Cream,FOOD,2,35,0,0.00%,35,0.02%,0.03%
CROISSANT CHOCOLATE,CS Bakery,FOOD,14,35,0,0.00%,35,0.13%,0.03%
Full Breakfast,Breakfast,FOOD,1,35,0,0.00%,35,0.01%,0.03%
GATORADE PINK LEMONDAE PET 500ML,CS Sports & Energy Drinks,BEVERAGE,7,35,0,0.00%,35,0.06%,0.03%
Tamago Nigiri,Sushi,FOOD,7,35,0,0.00%,35,0.06%,0.03%
CstaniaMixSuperNuts350G,CS Nuts & Seeds,FOOD,1,34.5,0,0.00%,34.5,0.01%,0.03%
Lemon,CS Fresh Vegatables,FOOD,17,34,0,0.00%,34,0.15%,0.03%
NIVEA DEO FEMALE BLACK & WHITE 2,CS Deodrants,NON FOOD,2,34,0,0.00%,34,0.02%,0.03%
ALPRO SOYAMilkVanilaFlvr1L,CS Packet Juice,BEVERAGE,2,33.5,0,0.00%,33.5,0.02%,0.03%
BOUNTY BAR 57GM,CS Chocolate ,FOOD,9,33,0,0.00%,33,0.08%,0.03%
MODERN BAKE MANGO PISTA ENERGY B,CS Cereal,FOOD,6,33,0,0.00%,33,0.05%,0.03%
VOCHELLE DARK CHOC ALMOND 90G,CS Chocolate ,FOOD,6,33,0,0.00%,33,0.05%,0.03%
Lunch Box Token,CS Others,NON FOOD,1,32.5,0,0.00%,32.5,0.01%,0.03%
AL SHIFA HOINEY 750GM,CS Can & Jar Food,FOOD,1,32.25,0,0.00%,32.25,0.01%,0.03%
C&C FACE SCRUB MORNING ENERGY 15,CS Facial Care,NON FOOD,1,32.25,0,0.00%,32.25,0.01%,0.03%
12 OZ SOYA CAFFE LATTE,Coffee,FOOD,2,32,0,0.00%,32,0.02%,0.03%
COCA COLA DIET CAN,Softdrinks,BEVERAGE,8,32,0,0.00%,32,0.07%,0.03%
CROISSANT HI BUTTER ALMOND,CS Bakery,FOOD,8,32,0,0.00%,32,0.07%,0.03%
G S Frid Noodls W Tofu,Noodles,FOOD,1,32,0,0.00%,32,0.01%,0.03%
INDOMIE PILLOW 5 PCS HOT & SPICY,CS Pasta & Noodles,FOOD,4,32,0,0.00%,32,0.04%,0.03%
Peanut Butter & Jelly(V),Sandwiches,FOOD,2,32,0,0.00%,32,0.02%,0.03%
VITA COCO PINEAPPLE 330ML,Convenience Beverages,BEVERAGE,3,31.5,0,0.00%,31.5,0.03%,0.03%
FAMILIA C.M PLUS ORIGINAL 600GM,CS Cereal,FOOD,1,31.25,0,0.00%,31.25,0.01%,0.03%
SELPAK FACIAL TISSUE 100 SHEET,CS Tissue & Toilet Rolls,NON FOOD,5,31.25,0,0.00%,31.25,0.05%,0.03%
BBQ or CurrySouce,Pizza,FOOD,1,30,0,0.00%,30,0.01%,0.03%
CHICKEN MAIN,Main course,FOOD,2,30,0,0.00%,30,0.02%,0.03%
M&M CHOCOLATE 45GM,CS Chocolate ,FOOD,10,30,0,0.00%,30,0.09%,0.03%
MENTOS BOTTLE PURE FRESH MINT,CS Mint & Gum,FOOD,3,30,0,0.00%,30,0.03%,0.03%
Mushrooms,Pizza,FOOD,5,30,0,0.00%,30,0.05%,0.03%
NATURE VALLEY CANADIAN MAPLE SYR,CS Cereal,FOOD,10,30,0,0.00%,30,0.09%,0.03%
NIVEA REFRESHING FACE WASH 150ML,CS Facial Care,NON FOOD,1,30,0,0.00%,30,0.01%,0.03%
PERRIER WATER 750ML,Water,BEVERAGE,3,30,0,0.00%,30,0.03%,0.03%
Pesto,Pizza,FOOD,1,30,0,0.00%,30,0.01%,0.03%
SNICKERS SINGLE BAR,CS Chocolate ,FOOD,10,30,0,0.00%,30,0.09%,0.03%
Stud Grill Meal,Main course,FOOD,1,30,0,0.00%,30,0.01%,0.03%
VIVANI BAR CREAMY CARAMEL 40G,CS Organic Food,FOOD,5,30,0,0.00%,30,0.05%,0.03%
VOCHELLE BLOCK HAZELNUT 180G,CS Chocolate ,FOOD,3,29.25,0,0.00%,29.25,0.03%,0.03%
OAT KING BAR TASTY CHOCOLATE 95G,CS Cereal,FOOD,2,29,0,0.00%,29,0.02%,0.03%
CastaniaExtMixNuts350G,CS Nuts & Seeds,FOOD,1,28.5,0,0.00%,28.5,0.01%,0.02%
DOVE HAND CREAM ESSENTIAL NOURIS,CS Shampoo & Conditioner,NON FOOD,2,28.5,0,0.00%,28.5,0.02%,0.02%
ALO ENRICH POMEGRANATE JUICE,Fresh Juices,FOOD,2,28,0,0.00%,28,0.02%,0.02%
AL SHIFA 400GM SQUEEZE HONEY,CS Can & Jar Food,FOOD,1,28,0,0.00%,28,0.01%,0.02%
Espresso Doppio,Nespresso,FOOD,2,28,0,0.00%,28,0.02%,0.02%
FANTA STRAWBERRY CAN,Softdrinks,BEVERAGE,7,28,0,0.00%,28,0.06%,0.02%
FIRE FLY GRAPE FRUIT,Packet Juice,BEVERAGE,2,28,0,0.00%,28,0.02%,0.02%
MARKOS TOP BANANA,Smoothies,BEVERAGE,1,28,0,0.00%,28,0.01%,0.02%
MIRINDA ORANGE CAN,Softdrinks,BEVERAGE,7,28,0,0.00%,28,0.06%,0.02%
VASELINE BODY LOTION ALOESOOTHE ,CS Body Care,NON FOOD,2,28,0,0.00%,28,0.02%,0.02%
GROWERS PACKET ORIENTAL PEANUTS,CS Nuts & Seeds,FOOD,5,27.5,0,0.00%,27.5,0.05%,0.02%
LINDT EXCELLENCE MINT INTENSE 10,CS Chocolate ,FOOD,2,27.5,0,0.00%,27.5,0.02%,0.02%
BEST 13GM ALMOND,CS Nuts & Seeds,FOOD,15,27,0,0.00%,27,0.14%,0.02%
Best Salted Peanut30g,Peannuts,FOOD,9,27,0,0.00%,27,0.08%,0.02%
DgstiveBiscuits400g,Biscuit & Cookies,FOOD,2,27,0,0.00%,27,0.02%,0.02%
PEPSI CAN 355ML ,CS Soft Drinks,BEVERAGE,18,27,0,0.00%,27,0.16%,0.02%
SCHWEPPES GINGER ALE 300M,CS Soft Drinks,BEVERAGE,18,27,0,0.00%,27,0.16%,0.02%
TAMRAH CHOCO DARK ZIPPER BAG 100,CS Dry Fruits,FOOD,3,27,0,0.00%,27,0.03%,0.02%
AL AIN KIWI APPLE YOGHURT 125GM,CS Dairy ,FOOD,13,26,0,0.00%,26,0.12%,0.02%
Asst. Rolls Two,Breakfast,FOOD,13,26,0,0.00%,26,0.12%,0.02%
ClearHerbFusionWmen,CS Shampoo & Conditioner,NON FOOD,2,26,0,0.00%,26,0.02%,0.02%
GALAXY SMOOTH MILK 40GM,CS Chocolate ,FOOD,8,26,0,0.00%,26,0.07%,0.02%
CLEARLY SCRUMPTIOUS APPLE WEDGES,CS Dry Fruits,FOOD,3,25.5,0,0.00%,25.5,0.03%,0.02%
CLEARLY SCRUMPTIOUS CRANBERRY 30,CS Dry Fruits,FOOD,2,25.5,0,0.00%,25.5,0.02%,0.02%
TRESEMME CD PLATINUM STRENGTH 50,CS Shampoo & Conditioner,NON FOOD,1,25.5,0,0.00%,25.5,0.01%,0.02%
TRESEMME SH KERATIN SMOOTH 500ML,CS Shampoo & Conditioner,NON FOOD,1,25.5,0,0.00%,25.5,0.01%,0.02%
TRESEMME SH VIBRANT NATURALS 500,CS Shampoo & Conditioner,NON FOOD,1,25.5,0,0.00%,25.5,0.01%,0.02%
Delivery Charges,Delivery charge,LABOR CHARGE,5,25,0,0.00%,25,0.05%,0.02%
Extra Topping,Pizza,FOOD,5,25,0,0.00%,25,0.05%,0.02%
GALLON WATER DEPOSIT,CS Others,BEVERAGE,1,25,0,0.00%,25,0.01%,0.02%
GATORADE LEMON PET 500ML,CS Sports & Energy Drinks,BEVERAGE,5,25,0,0.00%,25,0.05%,0.02%
GATORADE TOPICL FRUIT PET 500ML,CS Sports & Energy Drinks,BEVERAGE,5,25,0,0.00%,25,0.05%,0.02%
Kit Kat,Chocolate,FOOD,5,25,0,0.00%,25,0.05%,0.02%
NIVEA EYE MAKEUP REMOVER 125ML,CS Facial Care,NON FOOD,1,25,0,0.00%,25,0.01%,0.02%
PAMPERS DIAPERS 1-21,CS Baby Care,NON FOOD,1,25,0,0.00%,25,0.01%,0.02%
BAYARA SALTED PISTACHIOS 300GM,CS Nuts & Seeds,FOOD,1,24.75,0,0.00%,24.75,0.01%,0.02%
VASELINE BODY LOTION ALOE FRESH ,CS Body Care,NON FOOD,1,24.75,0,0.00%,24.75,0.01%,0.02%
NUTELLA 400GM,CS Can & Jar Food,FOOD,1,24.5,0,0.00%,24.5,0.01%,0.02%
ADD FLAVOURED SYRUP,Starbucks,FOOD,6,24,0,0.00%,24,0.05%,0.02%
D Coke,Softdrinks,BEVERAGE,6,24,0,0.00%,24,0.05%,0.02%
DOVE HAIR CONDITIONER HAIR FALL ,CS Shampoo & Conditioner,NON FOOD,2,24,0,0.00%,24,0.02%,0.02%
FOUNTAIN SODA LARGE,Softdrinks,BEVERAGE,8,24,0,0.00%,24,0.07%,0.02%
FUNHDPSFORKPLM,CS Disposable,NON FOOD,3,24,0,0.00%,24,0.03%,0.02%
GLAD GARBAGE BAG MEDIUM 35L X 30,CS Tissue & Toilet Rolls,NON FOOD,2,24,0,0.00%,24,0.02%,0.02%
Granola,Dessert,FOOD,3,24,0,0.00%,24,0.03%,0.02%
Grilled Veg Olives,Pizza,FOOD,4,24,0,0.00%,24,0.04%,0.02%
HEINZ TUNA LIGHT SOLID OIL TIN 1,CS Can & Jar Food,FOOD,3,24,0,0.00%,24,0.03%,0.02%
Lacnor Low Fat Milk 1L,CS Dairy ,BEVERAGE,6,24,0,0.00%,24,0.05%,0.02%
LACNOR MILK CHOCOLATE 180ML,CS Packet Juice,BEVERAGE,16,24,0,0.00%,24,0.15%,0.02%
MY THAI,Milk Shake,BEVERAGE,1,24,0,0.00%,24,0.01%,0.02%
Portion Starch,Main course,FOOD,3,24,0,0.00%,24,0.03%,0.02%
REDBULL SUGAR FREE,Energy Drinks,BEVERAGE,3,24,0,0.00%,24,0.03%,0.02%
SLICED BREAD MULTI GRAIN MEDIUM,CS Bakery,FOOD,4,24,0,0.00%,24,0.04%,0.02%
SMINT POCKET LEMON ,CS Mint & Gum,FOOD,4,24,0,0.00%,24,0.04%,0.02%
Steamed Rice,Main course,FOOD,3,24,0,0.00%,24,0.03%,0.02%
Veg Fried Rice,Main course,FOOD,3,24,0,0.00%,24,0.03%,0.02%
FAMILIA CRUNCH 500GM,CS Cereal,FOOD,1,23.75,0,0.00%,23.75,0.01%,0.02%
GILLETTE GEL FUSION COOLING,CS Mens Care,NON FOOD,1,23.75,0,0.00%,23.75,0.01%,0.02%
CADBURY DM FRUIT & NUT 230GM,CS Chocolate ,FOOD,2,23.5,0,0.00%,23.5,0.02%,0.02%
DOVE HAIR CONDITIONER MOISTURIZI,CS Shampoo & Conditioner,NON FOOD,2,23.5,0,0.00%,23.5,0.02%,0.02%
WELL SH MOISTURE 500ML,CS Shampoo & Conditioner,NON FOOD,1,23.5,0,0.00%,23.5,0.01%,0.02%
SELPAK TOILET ROLL 7+2,CS Tissue & Toilet Rolls,NON FOOD,1,23.25,0,0.00%,23.25,0.01%,0.02%
PRO BAR MEAL WHOLEBERRY BLAST 85,CS Cereal,FOOD,1,23,0,0.00%,23,0.01%,0.02%
SELPAK KITCHEN ROLL 2 PCS,CS Tissue & Toilet Rolls,NON FOOD,2,23,0,0.00%,23,0.02%,0.02%
DveAntiDandrfSHAMP400ML,CS Shampoo & Conditioner,NON FOOD,1,22.5,0,0.00%,22.5,0.01%,0.02%
LINDT CHOCOLETTI KOKOS NUSS 100G,CS Organic Food,FOOD,2,22.5,0,0.00%,22.5,0.02%,0.02%
AL AIN MANGO YOGHURT 125GM,CS Dairy ,FOOD,11,22,0,0.00%,22,0.10%,0.02%
AL AIN WATER 1.5 LITER,Water,BEVERAGE,11,22,0,0.00%,22,0.10%,0.02%
Banana Shake,Milk Shake,BEVERAGE,1,22,0,0.00%,22,0.01%,0.02%
C&C GEL CLEANSER DEEP ACTION 150,CS Facial Care,NON FOOD,1,22,0,0.00%,22,0.01%,0.02%
DOCTOR'S ORDERS,Fresh Juices,BEVERAGE,1,22,0,0.00%,22,0.01%,0.02%
JOHNSONS COTTON PADS 80 PCS,CS Facial Care,NON FOOD,2,22,0,0.00%,22,0.02%,0.02%
LIFEBUOY HW TOTAL 10 200ML,CS Soap & Handwash,NON FOOD,2,22,0,0.00%,22,0.02%,0.02%
Masafi Water1.5Ltr,Water,BEVERAGE,11,22,0,0.00%,22,0.10%,0.02%
MEAN GREEN,Fresh Juices,BEVERAGE,1,22,0,0.00%,22,0.01%,0.02%
PPPPLEASE ME,Fresh Juices,BEVERAGE,1,22,0,0.00%,22,0.01%,0.02%
SPICED APPLE,BOTANICAL SODAS,BEVERAGE,1,22,0,0.00%,22,0.01%,0.02%
Sugar Granul2Kg ,CS Coocking & Baking,FOOD,2,22,0,0.00%,22,0.02%,0.02%
TAMPAX SUPER,CS Sanitary Care,NON FOOD,2,22,0,0.00%,22,0.02%,0.02%
12 OZ SOYA HAZELNUT LATTE,Coffee,FOOD,1,21,0,0.00%,21,0.01%,0.02%
12 OZ SOYA VANILLA LATTE,Coffee,FOOD,1,21,0,0.00%,21,0.01%,0.02%
AL AIN FRESH MILK 1L SKIMMED,CS Dairy ,FOOD,3,21,0,0.00%,21,0.03%,0.02%
AL MARAI FRESH MILK FULL FAT 1L,CS Dairy ,FOOD,3,21,0,0.00%,21,0.03%,0.02%
AL MARAI FRESH MILK LOW FAT 1L,CS Dairy ,FOOD,3,21,0,0.00%,21,0.03%,0.02%
Bagels w/Cr.Cheese,Breakfast,FOOD,3,21,0,0.00%,21,0.03%,0.02%
BISCUITSDIGES250 ,Biscuit & Cookies,FOOD,2,21,0,0.00%,21,0.02%,0.02%
GALAXY HAZELNUT 40GM,CS Chocolate ,FOOD,7,21,0,0.00%,21,0.06%,0.02%
KAGI SWISS WAFERS SINGLE MINI 25,CS Mint & Gum,FOOD,7,21,0,0.00%,21,0.06%,0.02%
MUFFIN APPLE,CS Bakery,FOOD,6,21,0,0.00%,21,0.05%,0.02%
MUFFIN BLUEBERRY,CS Bakery,FOOD,6,21,0,0.00%,21,0.05%,0.02%
RED BULL 250ML,CS Sports & Energy Drinks,BEVERAGE,3,21,0,0.00%,21,0.03%,0.02%
WALKERS SB CHOCO CHIPS 40G,Biscuit & Cookies,FOOD,6,21,0,0.00%,21,0.05%,0.02%
BORGES EXRA VIRGIN OLIVE OIL 500,CS Coocking & Baking,FOOD,1,20.5,0,0.00%,20.5,0.01%,0.02%
karimOilCorn1.8L,CS Coocking & Baking,FOOD,1,20.5,0,0.00%,20.5,0.01%,0.02%
ORAL B MOUTH WASH MULTI PROTECT ,CS Oral Care,NON FOOD,1,20.5,0,0.00%,20.5,0.01%,0.02%
CAREFREE COTTON EXTRACT 34PCS,CS Sanitary Care,NON FOOD,1,20.25,0,0.00%,20.25,0.01%,0.02%
ADD ESPRESSO SHOT,Starbucks,FOOD,5,20,0,0.00%,20,0.05%,0.02%
ADD FLAVOURED SYRUP,Starbucks,FOOD,5,20,0,0.00%,20,0.05%,0.02%
BEEF MAIN,Main course,FOOD,1,20,0,0.00%,20,0.01%,0.02%
CARTE DOR BANANA 1 SCOOP,Ice cream,FOOD,4,20,0,0.00%,20,0.04%,0.02%
CARTE DOR CARAMEL 1 SCOOP,Ice cream,FOOD,4,20,0,0.00%,20,0.04%,0.02%
EARL GREY LOOSE TEA,Tea,FOOD,2,20,0,0.00%,20,0.02%,0.02%
EXTRA PROFESSIONAL WHITE GUM,CS Mint & Gum,FOOD,5,20,0,0.00%,20,0.05%,0.02%
FOUNTAIN SODA SMALL,Softdrinks,BEVERAGE,10,20,0,0.00%,20,0.09%,0.02%
Fresh Pineapple Juice,Fresh Juices,BEVERAGE,2,20,0,0.00%,20,0.02%,0.02%
KOKA BOWL BEEF,CS Pasta & Noodles,FOOD,4,20,0,0.00%,20,0.04%,0.02%
LIPTON PEACH ICED TEA,Tea,BEVERAGE,5,20,0,0.00%,20,0.05%,0.02%
PERRIER WATER LEMON 330ML,CS Water,BEVERAGE,4,20,0,0.00%,20,0.04%,0.02%
SENCHA GREEN LOOSE TEA,Tea,FOOD,2,20,0,0.00%,20,0.02%,0.02%
SUBSTITUTE SOYA ALMOND,Soya Milk,FOOD,5,20,0,0.00%,20,0.05%,0.02%
Veg Sushi 6 pcs,Sushi,FOOD,1,20,0,0.00%,20,0.01%,0.02%
ALWAYS LARGE WINGS 10 PCS,CS Sanitary Care,NON FOOD,3,19.5,0,0.00%,19.5,0.03%,0.02%
BOURSIN CHEESE GARLIC & HERBS 15,CS Dairy ,FOOD,1,19.5,0,0.00%,19.5,0.01%,0.02%
COKE CAN 300ML,CS Soft Drinks,BEVERAGE,13,19.5,0,0.00%,19.5,0.12%,0.02%
M&M PEANUT 45GM,CS Chocolate ,FOOD,6,19.5,0,0.00%,19.5,0.05%,0.02%
16 OZ HAZEL NUT LATTE,Starbucks,FOOD,1,19,0,0.00%,19,0.01%,0.02%
LAYS CHILI 185GM,CS Chips & Snacks,FOOD,3,18.75,0,0.00%,18.75,0.03%,0.02%
LAYS FRENCH CHEESE 185GM,CS Chips & Snacks,FOOD,3,18.75,0,0.00%,18.75,0.03%,0.02%
NECTAFLOR PREMIUM FIGS 200GM,CS Dry Fruits,FOOD,1,18.75,0,0.00%,18.75,0.01%,0.02%
ALWAYS LARGE 30PCS,CS Sanitary Care,NON FOOD,1,18.5,0,0.00%,18.5,0.01%,0.02%
PRINGLES KETCHUP 165GM,CS Chips & Snacks,FOOD,2,18.5,0,0.00%,18.5,0.02%,0.02%
OREO MILK & CHOCOLATE 16 PACK 44,Biscuit & Cookies,FOOD,1,18.25,0,0.00%,18.25,0.01%,0.02%
OREO ORIGINAL 16 PACK 44GM,Biscuit & Cookies,FOOD,1,18.25,0,0.00%,18.25,0.01%,0.02%
16 OZ SOYA AMERICANO,Coffee,FOOD,1,18,0,0.00%,18,0.01%,0.02%
AL AIN MORNING PEACH MUSELI 250G,CS Dairy ,FOOD,6,18,0,0.00%,18,0.05%,0.02%
AL MARAI LABAN FULL FAT 360ML,CS Dairy ,FOOD,6,18,0,0.00%,18,0.05%,0.02%
BAHLSEN LEIBNIZ MINIS CHOCO 100G,Biscuit & Cookies,FOOD,3,18,0,0.00%,18,0.03%,0.02%
CERES APPLE JUICE 1L,CS Packet Juice,BEVERAGE,2,18,0,0.00%,18,0.02%,0.02%
Chicken Tikka,Pizza,FOOD,3,18,0,0.00%,18,0.03%,0.02%
CHOCOLATE CHIP COOKIE,Dessert,FOOD,3,18,0,0.00%,18,0.03%,0.02%
DOVE SHOWER POMEGRANTE & LEMON 2,CS Bath & Shower,NON FOOD,1,18,0,0.00%,18,0.01%,0.02%
Espresso,Nespresso,FOOD,2,18,0,0.00%,18,0.02%,0.02%
Fruit&NCadbry40g,CS Chocolate ,FOOD,6,18,0,0.00%,18,0.05%,0.02%
Jalapenos,Pizza,FOOD,3,18,0,0.00%,18,0.03%,0.02%
Mash and Gravy,Extras,FOOD,2,18,0,0.00%,18,0.02%,0.02%
POKKA ICED TEA PEACH 500ML,CS Packet Juice,BEVERAGE,6,18,0,0.00%,18,0.05%,0.02%
QUAKER WHITE OATS TIN 500GM,CS Cereal,FOOD,2,18,0,0.00%,18,0.02%,0.02%
SCHOGETTEN MILK CHOCOLATE 100GM,CS Chocolate ,FOOD,3,18,0,0.00%,18,0.03%,0.02%
SCHOGETTEN TROLOGIA 100GM,CS Chocolate ,FOOD,3,18,0,0.00%,18,0.03%,0.02%
SCHWEPPES SODA CAN 300M,CS Soft Drinks,BEVERAGE,12,18,0,0.00%,18,0.11%,0.02%
DEEP HEAT SPRAY PACKET,CS Others,NON FOOD,1,17.75,0,0.00%,17.75,0.01%,0.02%
A/G POP CORN MICROWAVE NATURAL 2,CS Can & Jar Food,FOOD,2,17.5,0,0.00%,17.5,0.02%,0.02%
AL AIN WATER 5 LTR,CS Water,BEVERAGE,7,17.5,0,0.00%,17.5,0.06%,0.02%
AL MARAI POMPEGRANATE 300ML,CS Packet Juice,BEVERAGE,7,17.5,0,0.00%,17.5,0.06%,0.02%
AL RABIE ORANGE PEACH 330ML,Fresh Juices,BEVERAGE,7,17.5,0,0.00%,17.5,0.06%,0.02%
AL RABIE PINEAPPLE 330ML,CS Packet Juice,BEVERAGE,7,17.5,0,0.00%,17.5,0.06%,0.02%
AXE DEO ANARCHY 4 HIM 150ML,CS Deodrants,NON FOOD,1,17.5,0,0.00%,17.5,0.01%,0.02%
MUFFIN DOUBLE CHOCOLATE,CS Bakery,FOOD,5,17.5,0,0.00%,17.5,0.05%,0.02%
FRUIT & FIBRE KELLOGS 375GM,CS Cereal,FOOD,1,17.25,0,0.00%,17.25,0.01%,0.02%
KAGI SWISS WAFERS ORIGINAL MINI ,CS Mint & Gum,FOOD,1,17.25,0,0.00%,17.25,0.01%,0.02%
SMINT POCKET WILDBERRY,CS Mint & Gum,FOOD,3,17.25,0,0.00%,17.25,0.03%,0.02%
12 OZ ICED CARAMEL MACHIATO,Coffee,FOOD,1,17,0,0.00%,17,0.01%,0.01%
DAWAT TRADITIONAL BASMATI RICE 1,CS Coocking & Baking,FOOD,1,17,0,0.00%,17,0.01%,0.01%
ALPROSoyaMilkUnswtnd1L,CS Packet Juice,BEVERAGE,1,16.75,0,0.00%,16.75,0.01%,0.01%
ALPEN MUESLI ORIGINAL 375GM,CS Cereal,FOOD,1,16.5,0,0.00%,16.5,0.01%,0.01%
BEST CAN SUPER MIX NUTS 110GM,CS Nuts & Seeds,FOOD,1,16.5,0,0.00%,16.5,0.01%,0.01%
FUN PLASTIC PLATE WHITE 25PCS 26,CS Disposable,NON FOOD,1,16.5,0,0.00%,16.5,0.01%,0.01%
MODERN BAKE PEANUT PEACAN ENERGY,CS Cereal,FOOD,3,16.5,0,0.00%,16.5,0.03%,0.01%
PERRIER WATER SLIM CAN 250ML,Convenience Beverages,BEVERAGE,6,16.5,0,0.00%,16.5,0.05%,0.01%
JUNGLE OAT APPLE & CINAMON 500G,CS Cereal,FOOD,1,16.25,0,0.00%,16.25,0.01%,0.01%
PRINGLES 40GM BBQ,CS Chips & Snacks,FOOD,5,16.25,0,0.00%,16.25,0.05%,0.01%
PRINGLES 40GM SOUR CREAM,CS Chips & Snacks,FOOD,5,16.25,0,0.00%,16.25,0.05%,0.01%
ALPEN BAR FRUIT NUT 28GM,CS Cereal,FOOD,4,16,0,0.00%,16,0.04%,0.01%
ALPEN BAR FRUIT NUT MILK CHOCOLA,CS Cereal,FOOD,4,16,0,0.00%,16,0.04%,0.01%
CHAMOMILE TEA BAG,Tea,FOOD,2,16,0,0.00%,16,0.02%,0.01%
CLOROX WIPES DISINFECTING CITRUS,CS Cleaning Supplies,NON FOOD,1,16,0,0.00%,16,0.01%,0.01%
CLOROX WIPES DISINFECTING FRESH ,CS Cleaning Supplies,NON FOOD,1,16,0,0.00%,16,0.01%,0.01%
DOVE STICK WOMEN INVISIBLE DRY 4,CS Deodrants,NON FOOD,1,16,0,0.00%,16,0.01%,0.01%
EXTRA PROFESSIONAL STRONG MINT G,CS Mint & Gum,FOOD,4,16,0,0.00%,16,0.04%,0.01%
FAMILIA 50GM MUESLI ORIGINAL,CS Cereal,FOOD,4,16,0,0.00%,16,0.04%,0.01%
LEMON DRIZZLE CAKE,Dessert,FOOD,2,16,0,0.00%,16,0.02%,0.01%
THE BERRY CO RED SUPEBERRY JUICE,Packet Juice,BEVERAGE,2,16,0,0.00%,16,0.02%,0.01%
TIDE 110GM ORIGINAL SCENT,CS Laundry Care,NON FOOD,8,16,0,0.00%,16,0.07%,0.01%
JOHNSONS BABY BATH 200ML,CS Baby Care,NON FOOD,1,15.75,0,0.00%,15.75,0.01%,0.01%
ALPRO SOYA ORIGINAL1L,CS Dairy ,BEVERAGE,1,15.5,0,0.00%,15.5,0.01%,0.01%
AXE ROLLON DARK TEMPTATION 40ML,CS Deodrants,NON FOOD,1,15.5,0,0.00%,15.5,0.01%,0.01%
COMFORT BABY CONCENTRATE 750ML,CS Laundry Care,NON FOOD,1,15.5,0,0.00%,15.5,0.01%,0.01%
DOVECCMBER&GTSPRAY,CS Deodrants,NON FOOD,1,15.5,0,0.00%,15.5,0.01%,0.01%
JDS ALMOND THINS,Biscuit & Cookies,FOOD,1,15.5,0,0.00%,15.5,0.01%,0.01%
AL AIN MORNING BLACKBERRY MUSELI,CS Dairy ,FOOD,5,15,0,0.00%,15,0.05%,0.01%
AL MARAI LABAN FULL FAT 360ML,CS Dairy ,FOOD,5,15,0,0.00%,15,0.05%,0.01%
CADBURY DM CHOCOLATE 37GM,CS Chocolate ,FOOD,5,15,0,0.00%,15,0.05%,0.01%
CARTE DOR VANILLA 1 SCOOP,Ice cream,FOOD,3,15,0,0.00%,15,0.03%,0.01%
CocoPopsCMB20g,CS Cereal,FOOD,5,15,0,0.00%,15,0.05%,0.01%
DOUGHNUT CHOCOLATE,CS Bakery,FOOD,6,15,0,0.00%,15,0.05%,0.01%
DOVE BODY CREAM GO FRESH NOURISH,CS Body Care,NON FOOD,1,15,0,0.00%,15,0.01%,0.01%
DOVE SHOWER CUCUMBER & GREEN TEA,CS Bath & Shower,NON FOOD,1,15,0,0.00%,15,0.01%,0.01%
KOKA BOWL TOM YUM,CS Pasta & Noodles,FOOD,3,15,0,0.00%,15,0.03%,0.01%
KOKA PILLOW 5 PCS BEEF,CS Pasta & Noodles,FOOD,2,15,0,0.00%,15,0.02%,0.01%
KOKA PILLOW 5 PCS TOM YUM,CS Pasta & Noodles,FOOD,2,15,0,0.00%,15,0.02%,0.01%
NIVEA SHOWER CR�ME CARE 250ML,CS Bath & Shower,NON FOOD,1,15,0,0.00%,15,0.01%,0.01%
Panadol96 ,CS Others,NON FOOD,15,15,0,0.00%,15,0.14%,0.01%
SCHOGETTEN KIDS 100GM,CS Chocolate ,FOOD,3,15,0,0.00%,15,0.03%,0.01%
VEGGIE MAIN,Main course,FOOD,1,15,0,0.00%,15,0.01%,0.01%
REXONA ROLLON MEN ACTIVE 50ML,CS Deodrants,NON FOOD,1,14.75,0,0.00%,14.75,0.01%,0.01%
OAT KING BAR CHOCOLATE CHIP 95GM,CS Cereal,FOOD,1,14.5,0,0.00%,14.5,0.01%,0.01%
AL AIN FRUIT FOREST YOGHURT 125G,CS Dairy ,FOOD,7,14,0,0.00%,14,0.06%,0.01%
AXE SHOWER GEL DARK TEMPTATION 2,CS Bath & Shower,NON FOOD,1,14,0,0.00%,14,0.01%,0.01%
COKE LIGHT PET 500ML,CS Soft Drinks,BEVERAGE,7,14,0,0.00%,14,0.06%,0.01%
EXTRA PELLET STRAWBERRY GUM,Biscuit & Cookies,FOOD,7,14,0,0.00%,14,0.06%,0.01%
FIREFLY DETOX LEMON ,Tea,BEVERAGE,1,14,0,0.00%,14,0.01%,0.01%
Fresh Pomegranate,Fresh Juices,BEVERAGE,1,14,0,0.00%,14,0.01%,0.01%
GALLO RISOTTO PRONTO SAFFRON 175,CS Coocking & Baking,FOOD,1,14,0,0.00%,14,0.01%,0.01%
IcedHazlnutmachiato,Nespresso,FOOD,1,14,0,0.00%,14,0.01%,0.01%
JIF CREAM LEMON 250ML,CS Dishwashing,NON FOOD,2,14,0,0.00%,14,0.02%,0.01%
KOKA CUP MUSHROOM,CS Pasta & Noodles,FOOD,4,14,0,0.00%,14,0.04%,0.01%
KOKA CUP SPICY SHRIMP,CS Pasta & Noodles,FOOD,4,14,0,0.00%,14,0.04%,0.01%
LADY CHOICE CREAMY PEANUT BUTTER,CS Can & Jar Food,FOOD,1,14,0,0.00%,14,0.01%,0.01%
BEST CAN PISTACHIOS SALTED 110GM,CS Nuts & Seeds,FOOD,1,13.75,0,0.00%,13.75,0.01%,0.01%
ALMARAI SANDWICH SLICE CHEESE 20,CS Dairy ,FOOD,2,13.5,0,0.00%,13.5,0.02%,0.01%
BERRY CO GOJI BERRY JUICE 1L,CS Packet Juice,BEVERAGE,1,13.5,0,0.00%,13.5,0.01%,0.01%
BERRY CO POMEGRANTE JUICE 1L,CS Packet Juice,BEVERAGE,1,13.5,0,0.00%,13.5,0.01%,0.01%
FANTA APPLE CAN,Softdrinks,BEVERAGE,4,13.5,0,0.00%,13.5,0.04%,0.01%
VOLVIC WATER 500ML,CS Water,BEVERAGE,3,13.5,0,0.00%,13.5,0.03%,0.01%
BISQUINI TIN CRANBERRY COOKIES 1,Biscuit & Cookies,FOOD,1,13,0,0.00%,13,0.01%,0.01%
CLOSEUP TP ICY WHITE WINTER BLAS,CS Oral Care,NON FOOD,1,13,0,0.00%,13,0.01%,0.01%
CORNETTO I/C LOVE TOFFEE,CS Ice Cream,FOOD,2,13,0,0.00%,13,0.02%,0.01%
H&S SH REFRESHING MENTHOL 200ML,CS Shampoo & Conditioner,NON FOOD,1,13,0,0.00%,13,0.01%,0.01%
JOHNSONS BODY WASH PAPAYA 250ML,CS Bath & Shower,NON FOOD,1,13,0,0.00%,13,0.01%,0.01%
JOHNSONS BODY WASH RASPBERRY 250,CS Bath & Shower,NON FOOD,1,13,0,0.00%,13,0.01%,0.01%
DR OETEKER PARTY CANDLE,CS Disposable,NON FOOD,1,12.75,0,0.00%,12.75,0.01%,0.01%
LIPTON PYRAMID FOREST FRUIT TEA,CS Tea,FOOD,1,12.75,0,0.00%,12.75,0.01%,0.01%
CROISSANT ZATAR,CS Bakery,FOOD,5,12.5,0,0.00%,12.5,0.05%,0.01%
JOHNSONS BABY SHAMPOO 200ML,CS Baby Care,NON FOOD,1,12.5,0,0.00%,12.5,0.01%,0.01%
JOHNSONS COTTON BALLS 50 PCS,CS Facial Care,NON FOOD,1,12.5,0,0.00%,12.5,0.01%,0.01%
PURELL ALOE HAND SANITIZER,CS Soap & Handwash,NON FOOD,1,12.25,0,0.00%,12.25,0.01%,0.01%
ADD WHIPPED CREAM,Starbucks,FOOD,3,12,0,0.00%,12,0.03%,0.01%
AL AIN MORNING CRANBERRY MUSELI ,CS Dairy ,FOOD,4,12,0,0.00%,12,0.04%,0.01%
AL MARAI KIWI LIME JUICE 300ML ,CS Packet Juice,BEVERAGE,4,12,0,0.00%,12,0.04%,0.01%
B.BAG CHEDDAR150g,CS Chips & Snacks,FOOD,1,12,0,0.00%,12,0.01%,0.01%
B.BAG SEA SALT150g,CS Chips & Snacks,FOOD,1,12,0,0.00%,12,0.01%,0.01%
BARILA CANELONI 250g,CS Pasta & Noodles,FOOD,1,12,0,0.00%,12,0.01%,0.01%
Beef Noodle Soup,Soup ,FOOD,1,12,0,0.00%,12,0.01%,0.01%
CADBURY DM HAZELNUT 37GM,CS Chocolate ,FOOD,4,12,0,0.00%,12,0.04%,0.01%
CHOCOLATE BROWNIE ,Dessert,FOOD,1,12,0,0.00%,12,0.01%,0.01%
COKE ZERO CAN 300M,CS Soft Drinks,BEVERAGE,8,12,0,0.00%,12,0.07%,0.01%
CROISSANT CHEESE,CS Bakery,FOOD,6,12,0,0.00%,12,0.05%,0.01%
CROISSANT HI BUTTER ZATAR,CS Bakery,FOOD,3,12,0,0.00%,12,0.03%,0.01%
DOVE SH DAMAGE COLOUR CARE 200ML,CS Shampoo & Conditioner,NON FOOD,1,12,0,0.00%,12,0.01%,0.01%
ESPRESSO MACCHIATO DOUBLE,Coffee,FOOD,1,12,0,0.00%,12,0.01%,0.01%
Extra Cheese,Cheese,FOOD,3,12,0,0.00%,12,0.03%,0.01%
Fanta,Softdrinks,BEVERAGE,3,12,0,0.00%,12,0.03%,0.01%
Gatorade,Softdrinks,BEVERAGE,1,12,0,0.00%,12,0.01%,0.01%
GATORADE TROPICAL,Energy Drinks,BEVERAGE,1,12,0,0.00%,12,0.01%,0.01%
KIT KAT 2 FINGERS,CS Chocolate ,FOOD,12,12,0,0.00%,12,0.11%,0.01%
LABELLO FRUITY SHINE 4.8GM,CS Facial Care,NON FOOD,1,12,0,0.00%,12,0.01%,0.01%
LABELLO ORIGINAL CLASSIC CARE 4.,CS Facial Care,NON FOOD,1,12,0,0.00%,12,0.01%,0.01%
LAYS 40GM TOMATO KETCHUP,CS Chips & Snacks,FOOD,6,12,0,0.00%,12,0.05%,0.01%
LAYS CHEESE & ONION 40G,CHIPS,FOOD,3,12,0,0.00%,12,0.03%,0.01%
LAYS CHILLI 40G,CHIPS,FOOD,3,12,0,0.00%,12,0.03%,0.01%
LIP CITRUS15 PYRAMID TB,CS Tea,FOOD,1,12,0,0.00%,12,0.01%,0.01%
LIPTON LEMON ICED TEA,Tea,BEVERAGE,3,12,0,0.00%,12,0.03%,0.01%
LUX BW SWEET EMBRACE 250ML,CS Bath & Shower,NON FOOD,1,12,0,0.00%,12,0.01%,0.01%
MINI CARROT CAKE,Dessert,FOOD,1,12,0,0.00%,12,0.01%,0.01%
NECTAFLOR PREMIUM RAISINS 200GM,CS Dry Fruits,FOOD,1,12,0,0.00%,12,0.01%,0.01%
Peppers,Pizza,FOOD,2,12,0,0.00%,12,0.02%,0.01%
Pineapple,Pizza,FOOD,2,12,0,0.00%,12,0.02%,0.01%
SPRITE CAN,Softdrinks,BEVERAGE,3,12,0,0.00%,12,0.03%,0.01%
Veg Noodle Soup,Soup ,FOOD,1,12,0,0.00%,12,0.01%,0.01%
BAYARA MIXED NUTS 300GM,CS Nuts & Seeds,FOOD,1,11.75,0,0.00%,11.75,0.01%,0.01%
BEST CAN ALMONDS SALTED 110GM,CS Nuts & Seeds,FOOD,1,11.75,0,0.00%,11.75,0.01%,0.01%
DOLMIO BOLOGNESE CHUNKY MUSHROOM,CS Sauce,FOOD,1,11.5,0,0.00%,11.5,0.01%,0.01%
DOMESTOS BLEACH LEMON FRESH 750M,CS Cleaning Supplies,NON FOOD,1,11.5,0,0.00%,11.5,0.01%,0.01%
ORAL B TP COMPLETE EXTREME MINT ,CS Oral Care,NON FOOD,1,11.5,0,0.00%,11.5,0.01%,0.01%
LINDT CHOCOLETTI MANGO MARACUJA ,CS Organic Food,FOOD,1,11.25,0,0.00%,11.25,0.01%,0.01%
W.FOODS THAI YELLOW CURRY SAUCE ,CS Sauce,FOOD,1,11.25,0,0.00%,11.25,0.01%,0.01%
COLGATE TP 125ML,CS Oral Care,NON FOOD,2,11,0,0.00%,11,0.02%,0.01%
GROWERS PACKET SAVOURY PEANUTS,CS Nuts & Seeds,FOOD,2,11,0,0.00%,11,0.02%,0.01%
LUX HW VELVET TOUCH 250ML,CS Soap & Handwash,NON FOOD,1,11,0,0.00%,11,0.01%,0.01%
PANTENE SH DAILY CARE 200ML,CS Shampoo & Conditioner,NON FOOD,1,11,0,0.00%,11,0.01%,0.01%
BAYARA EXTRA MIXED NUTS 150GM,CS Nuts & Seeds,FOOD,1,10.75,0,0.00%,10.75,0.01%,0.01%
AL MARAI YOGHURT FULL CREAM 170G,CS Dairy ,FOOD,7,10.5,0,0.00%,10.5,0.06%,0.01%
BEST 30GM SALTED PEANUTS,CS Nuts & Seeds,FOOD,7,10.5,0,0.00%,10.5,0.06%,0.01%
LUX BAR MAGICAL BEAUTY 120GM,CS Oral Care,NON FOOD,3,10.5,0,0.00%,10.5,0.03%,0.01%
SCHOGETTEN PRALINE NOISETTES 100,CS Chocolate ,FOOD,2,10.5,0,0.00%,10.5,0.02%,0.01%
Tide HS MB260g ,CS Laundry Care,NON FOOD,3,10.5,0,0.00%,10.5,0.03%,0.01%
VITA COCO PURE COCONUT WATER 330,CS Packet Juice,BEVERAGE,1,10.5,0,0.00%,10.5,0.01%,0.01%
BARILA FARFALE500g,CS Pasta & Noodles,FOOD,1,10,0,0.00%,10,0.01%,0.01%
BAYARA SALTED CASHEWS 150G,CS Nuts & Seeds,FOOD,1,10,0,0.00%,10,0.01%,0.01%
CARTE DOR S.BERRY 1 SCOOP,Ice cream,FOOD,2,10,0,0.00%,10,0.02%,0.01%
COKE LARGE 2.25L,CS Soft Drinks,BEVERAGE,2,10,0,0.00%,10,0.02%,0.01%
COKE PET 500ML,CS Soft Drinks,BEVERAGE,5,10,0,0.00%,10,0.05%,0.01%
DARJEELING LOOSE TEA,Tea,FOOD,1,10,0,0.00%,10,0.01%,0.01%
GATORADE ORANGE PET 500ML,CS Sports & Energy Drinks,BEVERAGE,2,10,0,0.00%,10,0.02%,0.01%
GREEN TEA LOOSE ,Tea,FOOD,1,10,0,0.00%,10,0.01%,0.01%
Khubus Bread,Breakfast,FOOD,5,10,0,0.00%,10,0.05%,0.01%
LAYS 40GM CHILLI,CS Chips & Snacks,FOOD,5,10,0,0.00%,10,0.05%,0.01%
MentoGmBerryLime,CS Mint & Gum,FOOD,2,10,0,0.00%,10,0.02%,0.01%
SCHOGETTEN STARCIA 100GM,CS Chocolate ,FOOD,2,10,0,0.00%,10,0.02%,0.01%
SILVER SWAN JASMINE RICE 1KG,CS Coocking & Baking,FOOD,1,10,0,0.00%,10,0.01%,0.01%
Sweet Potato Wedges,Extras,FOOD,1,10,0,0.00%,10,0.01%,0.01%
THREE CHEESE,Sandwiches,FOOD,1,10,0,0.00%,10,0.01%,0.01%
WALK IN BREAKFAST,WALK IN BREAKFAST,FOOD,1,10,0,0.00%,10,0.01%,0.01%
WHOLE FRUIT,Dessert,FOOD,2,10,0,0.00%,10,0.02%,0.01%
ALMARAI JAR CREAM SPREAD CHEESE ,CS Dairy ,FOOD,1,9.75,0,0.00%,9.75,0.01%,0.01%
SUNSILK SH ANTI DANDRUFF SOLUTIO,CS Shampoo & Conditioner,NON FOOD,1,9.75,0,0.00%,9.75,0.01%,0.01%
TOBLERONE WHITE 35GM,CS Chocolate ,FOOD,3,9.75,0,0.00%,9.75,0.03%,0.01%
BEST CAN MIXED NUTS 110GM,CS Nuts & Seeds,FOOD,1,9.5,0,0.00%,9.5,0.01%,0.01%
GLAD GARBAGE BAG SMALL 20L X 30,CS Bags/Foil/Wraps,NON FOOD,1,9.25,0,0.00%,9.25,0.01%,0.01%
PRINGLES CHEESE 165GM,CS Chips & Snacks,FOOD,1,9.25,0,0.00%,9.25,0.01%,0.01%
BAHLSEN LEIBNIZ,Biscuit & Cookies,FOOD,2,9,0,0.00%,9,0.02%,0.01%
CARTE DOR LEMON SORBET 2 SCOOP,Ice cream,FOOD,1,9,0,0.00%,9,0.01%,0.01%
CERES PINE APPLE JUICE 1L,CS Packet Juice,BEVERAGE,1,9,0,0.00%,9,0.01%,0.01%
DOUGHNUT JAM,CS Bakery,FOOD,6,9,0,0.00%,9,0.05%,0.01%
GLADZprSandwichBg,CS Bags/Foil/Wraps,NON FOOD,1,9,0,0.00%,9,0.01%,0.01%
HANSAPLAST 20 STRIPS ELASTIC 2 S,CS Others,NON FOOD,1,9,0,0.00%,9,0.01%,0.01%
SAN PELLEGRINO WATER 1000ML,CS Water,BEVERAGE,1,9,0,0.00%,9,0.01%,0.01%
SLICED BREAD BROWN JUMBO,CS Bakery,FOOD,2,9,0,0.00%,9,0.02%,0.01%
TOBLETOBLERONE MILK 35GM,CS Chocolate ,FOOD,3,9,0,0.00%,9,0.03%,0.01%
CLOSEUP DEEP ACTON COOL BREEZE 1,CS Oral Care,NON FOOD,1,8.75,0,0.00%,8.75,0.01%,0.01%
CLOSE UP DEEP ACTION120ml,CS Oral Care,NON FOOD,1,8.5,0,0.00%,8.5,0.01%,0.01%
ADD WHIPPED CREAM,Starbucks,FOOD,2,8,0,0.00%,8,0.02%,0.01%
AL AIN FRESH MANGO JUICE 330ML,CS Packet Juice,BEVERAGE,1,8,0,0.00%,8,0.01%,0.01%
AlwaysUltrThin,CS Sanitary Care,NON FOOD,1,8,0,0.00%,8,0.01%,0.01%
BOGUTTI CHOCOFIT CHOCO HAZELNUT,Biscuit & Cookies,FOOD,1,8,0,0.00%,8,0.01%,0.01%
BREAKFAST TEA BAG,Tea,FOOD,1,8,0,0.00%,8,0.01%,0.01%
CLOROX SPONGE SCOURER 1PCS,CS Cleaning Supplies,NON FOOD,2,8,0,0.00%,8,0.02%,0.01%
D Sprite,Softdrinks,BEVERAGE,2,8,0,0.00%,8,0.02%,0.01%
FERRARELLE WATER 500ML,Water,BEVERAGE,1,8,0,0.00%,8,0.01%,0.01%
HIBISCUS ICED TEA,Tea,FOOD,1,8,0,0.00%,8,0.01%,0.01%
INDOMIE PILLOW 5 PCS CHICKEN CUR,CS Pasta & Noodles,FOOD,1,8,0,0.00%,8,0.01%,0.01%
INDOMIE PILLOW 5 PCS VEGETABLE,CS Pasta & Noodles,FOOD,1,8,0,0.00%,8,0.01%,0.01%
LAYS KETCHUP 40G,CHIPS,FOOD,2,8,0,0.00%,8,0.02%,0.01%
LifebyHndSnitzrHul55m,CS Soap & Handwash,NON FOOD,1,8,0,0.00%,8,0.01%,0.01%
MANGO ICED TEA,Tea,FOOD,1,8,0,0.00%,8,0.01%,0.01%
Moroccan Green Tea,Tea,FOOD,1,8,0,0.00%,8,0.01%,0.01%
PEPPERMINT TEA BAG,Tea,FOOD,1,8,0,0.00%,8,0.01%,0.01%
PEPSI DIET PET 500M,CS Soft Drinks,BEVERAGE,4,8,0,0.00%,8,0.04%,0.01%
PERRIER WATER 330ML,CS Water,BEVERAGE,2,8,0,0.00%,8,0.02%,0.01%
RASPBERRY ICED TEA,Tea,FOOD,1,8,0,0.00%,8,0.01%,0.01%
Sprite,Softdrinks,BEVERAGE,2,8,0,0.00%,8,0.02%,0.01%
SPRITE LIGHT CAN,Softdrinks,BEVERAGE,2,8,0,0.00%,8,0.02%,0.01%
TEA BAG MOROCCAN,Tea,FOOD,1,8,0,0.00%,8,0.01%,0.01%
THE BERRY CO BLUEBERRY JUICE,Packet Juice,BEVERAGE,1,8,0,0.00%,8,0.01%,0.01%
THE BERRY CO GOJI BERRY JUICE,Packet Juice,BEVERAGE,1,8,0,0.00%,8,0.01%,0.01%
THE BERRY CO GREEN TEA ,Packet Juice,BEVERAGE,1,8,0,0.00%,8,0.01%,0.01%
UAE Flag Baner20X30,CS Festival Non Food,NON FOOD,1,8,0,0.00%,8,0.01%,0.01%
VOLVIC WATER 500ML,Water,BEVERAGE,1,8,0,0.00%,8,0.01%,0.01%
ALWAYS NIGHT WINGS 8 PCS,CS Sanitary Care,NON FOOD,1,7.75,0,0.00%,7.75,0.01%,0.01%
TABASCO PEPPER SAUCE BOTTLE,CS Sauce,FOOD,1,7.75,0,0.00%,7.75,0.01%,0.01%
AL MARAI APPLE JUICE 300ML,CS Packet Juice,BEVERAGE,3,7.5,0,0.00%,7.5,0.03%,0.01%
AL MARAI MIXED FRUIT 300ML,CS Packet Juice,BEVERAGE,3,7.5,0,0.00%,7.5,0.03%,0.01%
AL RABIE MANGO 330ML,CS Packet Juice,BEVERAGE,3,7.5,0,0.00%,7.5,0.03%,0.01%
AlwaysUltraFreshExLong7,CS Sanitary Care,NON FOOD,1,7.5,0,0.00%,7.5,0.01%,0.01%
AlwaysUltraNightFresh6,CS Sanitary Care,NON FOOD,1,7.5,0,0.00%,7.5,0.01%,0.01%
AM KIWI & LIME 300ml,CS Packet Juice,BEVERAGE,3,7.5,0,0.00%,7.5,0.03%,0.01%
CastaniaPnutRostd,CS Nuts & Seeds,FOOD,1,7.5,0,0.00%,7.5,0.01%,0.01%
KOKA PILLOW 5 PCS MASALA,CS Pasta & Noodles,FOOD,1,7.5,0,0.00%,7.5,0.01%,0.01%
KOKA PILLOW 5 PCS PRAWNS,CS Pasta & Noodles,FOOD,1,7.5,0,0.00%,7.5,0.01%,0.01%
KOKA PILLOW 5 PCS SPICY STIR FRY,CS Pasta & Noodles,FOOD,1,7.5,0,0.00%,7.5,0.01%,0.01%
NESCAFE SACHET RED MUG 1 PCS,CS Coffee,FOOD,10,7.5,0,0.00%,7.5,0.09%,0.01%
SIGNAL TP HERBAL MESWAK 120ML,CS Oral Care,NON FOOD,1,7.25,0,0.00%,7.25,0.01%,0.01%
"BUN BREAD SEASAME 4"" 6 PCS",CS Bakery,FOOD,2,7,0,0.00%,7,0.02%,0.01%
SMALL GREEN SALAD ,Salads,FOOD,1,7,0,0.00%,7,0.01%,0.01%
VOLVIC WATER 330ML,CS Water,BEVERAGE,2,7,0,0.00%,7,0.02%,0.01%
NESCAFE CAPPUCINO SACHET 1PCS,CS Coffee,FOOD,3,6.75,0,0.00%,6.75,0.03%,0.01%
BOGUTTI AMERICAN COOKIES RAISINS,Biscuit & Cookies,FOOD,1,6.5,0,0.00%,6.5,0.01%,0.01%
CLOROX SPONGE SCOURER 4PCS,CS Cleaning Supplies,NON FOOD,1,6.5,0,0.00%,6.5,0.01%,0.01%
INDOMIE CUP TOMATO NOODLES,CS Pasta & Noodles,FOOD,2,6.5,0,0.00%,6.5,0.02%,0.01%
REMIA ITALIAN DRESSING 250ML,CS Sauce,FOOD,1,6.5,0,0.00%,6.5,0.01%,0.01%
LAYS TOMATO KETCHUP 185GM,CS Chips & Snacks,FOOD,1,6.25,0,0.00%,6.25,0.01%,0.01%
7 UP PET 500ML,Softdrinks,BEVERAGE,1,6,0,0.00%,6,0.01%,0.01%
BEST 30GM SALTED PISTACHIO,CS Nuts & Seeds,FOOD,2,6,0,0.00%,6,0.02%,0.01%
Best SaltedCashew30g,Peannuts,FOOD,2,6,0,0.00%,6,0.02%,0.01%
COCA COLA PET 500ML,Softdrinks,BEVERAGE,1,6,0,0.00%,6,0.01%,0.01%
CROISSANT PLAIN,CS Bakery,FOOD,4,6,0,0.00%,6,0.04%,0.01%
DOUGHNUT ICING WHITE,CS Bakery,FOOD,4,6,0,0.00%,6,0.04%,0.01%
Ferrarelle 500Ml ,CS Water,BEVERAGE,1,6,0,0.00%,6,0.01%,0.01%
GLASS OF SOYA MILK,Soya Milk,FOOD,1,6,0,0.00%,6,0.01%,0.01%
Grilled Chicken,Pizza,FOOD,1,6,0,0.00%,6,0.01%,0.01%
GYMA BLACK PEPPER 28G,CS Spices & Herbs,FOOD,1,6,0,0.00%,6,0.01%,0.01%
LACNOR MILK STRAWBERRY 180ML,CS Packet Juice,BEVERAGE,4,6,0,0.00%,6,0.04%,0.01%
LAYS 40GM SALT,CS Chips & Snacks,FOOD,3,6,0,0.00%,6,0.03%,0.01%
Lays Chips,Extras,FOOD,3,6,0,0.00%,6,0.03%,0.01%
Liption Green Mint X50,CS Tea,FOOD,1,6,0,0.00%,6,0.01%,0.01%
NATURE VALLEY APPLE CRIS,CS Cereal,FOOD,2,6,0,0.00%,6,0.02%,0.01%
NATURE VALLEY ROASTED ALMOND,CS Cereal,FOOD,2,6,0,0.00%,6,0.02%,0.01%
OAT & RAISIN COOKIE,Dessert,FOOD,1,6,0,0.00%,6,0.01%,0.01%
POKKA PEACH ICED TEA 330ML,CS Soft Drinks,BEVERAGE,2,6,0,0.00%,6,0.02%,0.01%
Salted Pistachios30g,Peannuts,FOOD,2,6,0,0.00%,6,0.02%,0.01%
SCHOGETTEN CAPPUCCINO 100G,CS Chocolate ,FOOD,1,6,0,0.00%,6,0.01%,0.01%
SCHWEPPES TONIC WATER CAN 300M,CS Soft Drinks,BEVERAGE,4,6,0,0.00%,6,0.04%,0.01%
SgnlToothpaste120ML,CS Oral Care,NON FOOD,1,6,0,0.00%,6,0.01%,0.01%
SPRITE CAN 330M,CS Soft Drinks,BEVERAGE,4,6,0,0.00%,6,0.04%,0.01%
BAHLSEN LEIBNIZ MINIS BUTTER 100,Biscuit & Cookies,FOOD,1,5.5,0,0.00%,5.5,0.01%,0.00%
BAHLSEN LEIBNIZ ZOO 100GM,Biscuit & Cookies,FOOD,1,5.5,0,0.00%,5.5,0.01%,0.00%
FUN16OZMLTI,CS Disposable,NON FOOD,1,5.5,0,0.00%,5.5,0.01%,0.00%
GROWERS PACKET GARLIC PEANUTS,CS Nuts & Seeds,FOOD,1,5.5,0,0.00%,5.5,0.01%,0.00%
GYMA DIJON MUSTARD 200G,CS Sauce,FOOD,1,5.5,0,0.00%,5.5,0.01%,0.00%
MANI 20G ALMONDS SMOKED BBQ,CS Dry Fruits,FOOD,2,5.5,0,0.00%,5.5,0.02%,0.00%
VOCHELLE DARK CHOC PLAIN 90G,CS Chocolate ,FOOD,1,5.5,0,0.00%,5.5,0.01%,0.00%
BAYARA BLACK PEPPER POWDER BOTTL,CS Spices & Herbs,FOOD,1,5.25,0,0.00%,5.25,0.01%,0.00%
Add Mini PastryCombo,Dessert,FOOD,5,5,0,0.00%,5,0.05%,0.00%
Cadburry,Chocolate,FOOD,1,5,0,0.00%,5,0.01%,0.00%
CAPRISUN STRAWBERY ,CS Packet Juice,BEVERAGE,5,5,0,0.00%,5,0.05%,0.00%
COKE LIGHT LARGE 2.25L,CS Soft Drinks,BEVERAGE,1,5,0,0.00%,5,0.01%,0.00%
CORNETTO I/C CLASSICO BERRY,CS Ice Cream,FOOD,1,5,0,0.00%,5,0.01%,0.00%
Galaxy,Chocolate,FOOD,1,5,0,0.00%,5,0.01%,0.00%
KOKA BOWL MUSHROOM,CS Pasta & Noodles,FOOD,1,5,0,0.00%,5,0.01%,0.00%
LAYS FORNO BLACK PEPPER 43G,CHIPS,FOOD,1,5,0,0.00%,5,0.01%,0.00%
LAYS FORNO CHEESE 43G,CHIPS,FOOD,1,5,0,0.00%,5,0.01%,0.00%
Mars,Chocolate,FOOD,1,5,0,0.00%,5,0.01%,0.00%
MENTOS CHEWY MINT 30GM,CS Mint & Gum,FOOD,4,5,0,0.00%,5,0.04%,0.00%
Nail Cutter ,CS Others,NON FOOD,2,5,0,0.00%,5,0.02%,0.00%
PEPSI LARGE 2.25L,CS Soft Drinks,BEVERAGE,1,5,0,0.00%,5,0.01%,0.00%
SCHOGETTEN HAZELNUT100G,CS Chocolate ,FOOD,1,5,0,0.00%,5,0.01%,0.00%
TOBLERONE 50GM,CS Chocolate ,FOOD,1,5,0,0.00%,5,0.01%,0.00%
SCRUMMIES RASPBERRY CRANBERRIES ,CS Dry Fruits,FOOD,1,4.75,0,0.00%,4.75,0.01%,0.00%
SCRUMMIES STRAWBERRY CRANBERRIES,CS Dry Fruits,FOOD,1,4.75,0,0.00%,4.75,0.01%,0.00%
AL AIN YOGHURT FULL CREAM 170GM,CS Dairy ,FOOD,3,4.5,0,0.00%,4.5,0.03%,0.00%
ARIEL 260GM BLUE,CS Laundry Care,NON FOOD,1,4.5,0,0.00%,4.5,0.01%,0.00%
COKE CAN 330ML ,CS Soft Drinks,BEVERAGE,3,4.5,0,0.00%,4.5,0.03%,0.00%
DETTOL ORIGINAL SOAP110g,CS Soap & Handwash,NON FOOD,1,4.5,0,0.00%,4.5,0.01%,0.00%
LIFEBUOYLEMONFRESHSOAP125G,CS Soap & Handwash,NON FOOD,1,4.5,0,0.00%,4.5,0.01%,0.00%
MANI 20G PEANUTS SPICY PAPRIKA,CS Dry Fruits,FOOD,3,4.5,0,0.00%,4.5,0.03%,0.00%
MOUNTAIN DEW CAN 335ML ,CS Soft Drinks,BEVERAGE,3,4.5,0,0.00%,4.5,0.03%,0.00%
7 Up,Softdrinks,BEVERAGE,1,4,0,0.00%,4,0.01%,0.00%
ADD CARAMEL DRIZZLE,Starbucks,FOOD,1,4,0,0.00%,4,0.01%,0.00%
AL AIN PEACH APRICOT YOGHURT 125,CS Dairy ,FOOD,2,4,0,0.00%,4,0.02%,0.00%
BAYARA CHICK PEAS 400GM,CS Coocking & Baking,FOOD,1,4,0,0.00%,4,0.01%,0.00%
BAYARA CINNAMON POWDER BOTTLE 10,CS Spices & Herbs,FOOD,1,4,0,0.00%,4,0.01%,0.00%
Coke Zero,Softdrinks,BEVERAGE,1,4,0,0.00%,4,0.01%,0.00%
FANTA PET 500ML,CS Soft Drinks,BEVERAGE,2,4,0,0.00%,4,0.02%,0.00%
GLASS OF MILK,Milk,FOOD,1,4,0,0.00%,4,0.01%,0.00%
HONEY & MUSTARD SAUCE,Extras,FOOD,2,4,0,0.00%,4,0.02%,0.00%
KNORR PACKET CREAM OF CHICKEN SO,CS Packet Food,FOOD,1,4,0,0.00%,4,0.01%,0.00%
LACNOR GUVAVA 180ML,Fresh Juices,BEVERAGE,1,4,0,0.00%,4,0.01%,0.00%
LAYS SALT 40G,CHIPS,FOOD,1,4,0,0.00%,4,0.01%,0.00%
MENTOS CHEWY STRAWBERRY 30GM,CS Mint & Gum,FOOD,2,4,0,0.00%,4,0.02%,0.00%
Pepsi Light,Softdrinks,BEVERAGE,5,4,0,0.00%,4,0.05%,0.00%
Plum Red,CS Fresh Fruit,FOOD,2,4,0,0.00%,4,0.02%,0.00%
SMINT CANDY GUM PEPPERMINT 14.2G,CS Mint & Gum,FOOD,1,4,0,0.00%,4,0.01%,0.00%
SMINT CANDY GUM STRAWBERRY 14.2G,CS Mint & Gum,FOOD,1,4,0,0.00%,4,0.01%,0.00%
SPRITE PET 500ML,CS Soft Drinks,BEVERAGE,2,4,0,0.00%,4,0.02%,0.00%
SUBSTITUTE SOYA,Soya Milk,FOOD,1,4,0,0.00%,4,0.01%,0.00%
BAYARA SALTED PISTACHIOS 50GM,CS Dry Fruits,FOOD,1,3.75,0,0.00%,3.75,0.01%,0.00%
MUDHISH CHIPS CHILLI RIPPLES 15G,CS Chips & Snacks,FOOD,5,3.75,0,0.00%,3.75,0.05%,0.00%
PerrierWaterSmall,Water,BEVERAGE,1,3.75,0,0.00%,3.75,0.01%,0.00%
BREAD ROLL ENGLISH BROWN,CS Bakery,FOOD,1,3.5,0,0.00%,3.5,0.01%,0.00%
"BUN BREAD PLAIN 4"" 6 PCS",CS Bakery,FOOD,1,3.5,0,0.00%,3.5,0.01%,0.00%
FAMILIA 50GM MUESLI CRUNCH,CS Cereal,FOOD,1,3.5,0,0.00%,3.5,0.01%,0.00%
KOKA CUP BEEF,CS Pasta & Noodles,FOOD,1,3.5,0,0.00%,3.5,0.01%,0.00%
KOKA CUP CHICKEN CORN,CS Pasta & Noodles,FOOD,1,3.5,0,0.00%,3.5,0.01%,0.00%
ORAL B BRUSH CLASSIC,CS Oral Care,NON FOOD,1,3.5,0,0.00%,3.5,0.01%,0.00%
WalkersChocolate Chips40g,Biscuits,FOOD,1,3.5,0,0.00%,3.5,0.01%,0.00%
PRINGLES 40GM HOT & SPICY,CS Chips & Snacks,FOOD,1,3.25,0,0.00%,3.25,0.01%,0.00%
7 UP CAN 355 ML,CS Soft Drinks,BEVERAGE,2,3,0,0.00%,3,0.02%,0.00%
AXE OIL SMALL,CS Others,NON FOOD,1,3,0,0.00%,3,0.01%,0.00%
BAYARA CASHEW 20G,CS Nuts & Seeds,FOOD,2,3,0,0.00%,3,0.02%,0.00%
Canadian Maple Syrup,Cereal Bar,FOOD,1,3,0,0.00%,3,0.01%,0.00%
CAPRISUN MIXED FRUIT,CS Packet Juice,BEVERAGE,3,3,0,0.00%,3,0.03%,0.00%
Extra Cheese,Cheese,FOOD,1,3,0,0.00%,3,0.01%,0.00%
Fountain Drink,Softdrinks,BEVERAGE,1,3,0,0.00%,3,0.01%,0.00%
LACNOR APPLE 180ML,CS Packet Juice,BEVERAGE,2,3,0,0.00%,3,0.02%,0.00%
LACNOR MILK BANANA 180ML,CS Packet Juice,BEVERAGE,2,3,0,0.00%,3,0.02%,0.00%
MUDHISH CHIPS CHEESE RIPPLES 15G,CS Chips & Snacks,FOOD,4,3,0,0.00%,3,0.04%,0.00%
POKKA LEMON ICED TEA 330ML,CS Soft Drinks,BEVERAGE,1,3,0,0.00%,3,0.01%,0.00%
Roasted Almond ,Cereal Bar,FOOD,1,3,0,0.00%,3,0.01%,0.00%
SCHWEPPES BITTER LEMON 300M,CS Soft Drinks,BEVERAGE,2,3,0,0.00%,3,0.02%,0.00%
SPRITE CAN 355ML,CS Soft Drinks,BEVERAGE,2,3,0,0.00%,3,0.02%,0.00%
ALMARAI CUSTARD VANILLA 100G,CS Dairy ,FOOD,2,2.5,0,0.00%,2.5,0.02%,0.00%
AL RABIE ORANGE 330ML,CS Packet Juice,BEVERAGE,1,2.5,0,0.00%,2.5,0.01%,0.00%
TWIX TWIN BAR 50GM,CS Chocolate ,FOOD,1,2.5,0,0.00%,2.5,0.01%,0.00%
AlmaFrshLabLwFat,CS Dairy ,FOOD,1,2,0,0.00%,2,0.01%,0.00%
DOUGHNUT PLAIN,CS Bakery,FOOD,1,2,0,0.00%,2,0.01%,0.00%
Comb Large ,CS Others,NON FOOD,1,1.75,0,0.00%,1.75,0.01%,0.00%
FRUIT TELLA STRAWBERRY 39G,CS Mint & Gum,FOOD,1,1.75,0,0.00%,1.75,0.01%,0.00%
FANTA ORANGE CAN,Softdrinks,BEVERAGE,1,1.5,0,0.00%,1.5,0.01%,0.00%
Lacnor Cocktail180ML,Fresh Juices,FOOD,1,1.5,0,0.00%,1.5,0.01%,0.00%
PEPSI DIET CAN 335ML ,CS Soft Drinks,BEVERAGE,1,1.5,0,0.00%,1.5,0.01%,0.00%
MENTOS CHEWY RAINBOW 30GM,CS Mint & Gum,FOOD,1,1.25,0,0.00%,1.25,0.01%,0.00%
Al Ain 1.5 L,Water,BEVERAGE,60,0,0,0.00%,0,0.55%,0.00%
Coca Cola,Softdrinks,BEVERAGE,5,0,0,0.00%,0,0.05%,0.00%
Coffee Filter,Tea,BEVERAGE,78,0,0,0.00%,0,0.71%,0.00%
Diet Coke,Softdrinks,BEVERAGE,8,0,0,0.00%,0,0.07%,0.00%
Fanta,Softdrinks,BEVERAGE,5,0,0,0.00%,0,0.05%,0.00%
FRUIT JUICE,Fresh Juices,BEVERAGE,26,0,0,0.00%,0,0.24%,0.00%
LARGE SPARKLING WATER PREMIUM,Water,BEVERAGE,1,0,0,0.00%,0,0.01%,0.00%
LARGE STILL WATER PREMIUM,Water,BEVERAGE,4,0,0,0.00%,0,0.04%,0.00%
Lungo,Coffee,BEVERAGE,4,0,0,0.00%,0,0.04%,0.00%
Orange,Fresh Juices,BEVERAGE,44,0,0,0.00%,0,0.40%,0.00%
Orange & Carrot,Fresh Juices,BEVERAGE,33,0,0,0.00%,0,0.30%,0.00%
Pepsi,Softdrinks,BEVERAGE,8,0,0,0.00%,0,0.07%,0.00%
Sprite,Softdrinks,BEVERAGE,8,0,0,0.00%,0,0.07%,0.00%
Tea Regular,Tea,BEVERAGE,62,0,0,0.00%,0,0.56%,0.00%
TOTAL*,,,"9,329","114,170.45",0,0.00%,"114,170.45",84.82%,100.00%
,,,,,,,,,
