Menu Engineering Items Summary,,,,,,,,,
,,,,,,,,,
Business Dates,11/25/2015,,,,,,,,
Locations,"DEMO,UAE",,,,,,,,
Revenue Centers,All,,,,,,,,
Menu Items,All,,,,,,,,
,,,,,,,,,
Menu Item Name,Family Group,Major Group,Qty Sold,Net Sales,Prep Cost,Cost %,Margin Less Item Disc,% Qty,% Margin
Stud Meal Combo,Main course,FOOD,283,"8,460.00",0,0.00%,"8,460.00",2.49%,9.22%
GLOBAL STREET MAIN,Main course,FOOD,148,"3,770.00",0,0.00%,"3,770.00",1.30%,4.11%
Student Breakfast,Breakfast,FOOD,84,"2,520.00",0,0.00%,"2,520.00",0.74%,2.75%
Buffet Lunch,Main course,FOOD,27,"2,430.00",0,0.00%,"2,430.00",0.24%,2.65%
Buffet Meal,Main course,FOOD,107,"2,310.00",0,0.00%,"2,310.00",0.94%,2.52%
MARINATED SALMON STEAK,Grill,FOOD,51,"1,530.00",0,0.00%,"1,530.00",0.45%,1.67%
Chicken Steak,Grill,FOOD,57,"1,368.00",0,0.00%,"1,368.00",0.50%,1.49%
SERCO LUNCH,SERCO LUNCH,FOOD,84,"1,260.00",0,0.00%,"1,260.00",0.74%,1.37%
Thai Red Chkn Curry,Main course,FOOD,38,"1,036.00",0,0.00%,"1,036.00",0.33%,1.13%
MEAT PLATTER,Main course,FOOD,34,"1,020.00",0,0.00%,"1,020.00",0.30%,1.11%
Slice of the Day,Pizza,FOOD,197,985,0,0.00%,985,1.73%,1.07%
Classic Angus Burger,Burgers,FOOD,30,900,0,0.00%,900,0.26%,0.98%
FG LARGE BOWL,FEEL GOOD,FOOD,34,884,0,0.00%,884,0.30%,0.96%
BBQ Glazed Chicken,Sandwiches,FOOD,41,861,0,0.00%,861,0.36%,0.94%
FG MEDIUM BOWL,FEEL GOOD,FOOD,42,756,0,0.00%,756,0.37%,0.82%
Take Away Box,Take Away Boxes,NON FOOD,252,756,0,0.00%,756,2.22%,0.82%
Margherita(V),Pizza,FOOD,30,750,0,0.00%,750,0.26%,0.82%
16 OZ CAFFE LATTE,Starbucks,FOOD,52,728,0,0.00%,728,0.46%,0.79%
Tenderloin Steak,Burgers,FOOD,23,690,0,0.00%,690,0.20%,0.75%
Two Eggs ,Breakfast,FOOD,134,665,0,0.00%,665,1.18%,0.72%
7 OZ DOUBLE SHOT ICED SHAKEN,Starbucks,FOOD,47,658,0,0.00%,658,0.41%,0.72%
12 OZ CAPPUCHINO,Starbucks,FOOD,53,636,0,0.00%,636,0.47%,0.69%
Chicken Caesar,Salads,FOOD,25,625,0,0.00%,625,0.22%,0.68%
Extra Portion Grill,Main course,FOOD,51,600,0,0.00%,600,0.45%,0.65%
Five a Day,Fresh Juices,BEVERAGE,25,600,0,0.00%,600,0.22%,0.65%
Green Thai Veg Curry,Main course,FOOD,21,588,0,0.00%,588,0.18%,0.64%
12 OZ CAFFE LATTE,Starbucks,FOOD,48,576,0,0.00%,576,0.42%,0.63%
SERCO DINNER,SERCO DINNER,FOOD,37,555,0,0.00%,555,0.33%,0.60%
Fresh Fruit Pcs,Extras,FOOD,182,546,0,0.00%,546,1.60%,0.59%
12 OZ CAFFE AMERICANO,Starbucks,FOOD,53,530,0,0.00%,530,0.47%,0.58%
Grilled Chicken Burger,Burgers,FOOD,22,528,0,0.00%,528,0.19%,0.58%
Smoked Salmon,Sandwiches,FOOD,21,525,0,0.00%,525,0.18%,0.57%
Chocolate Bar,Extras,FOOD,101,505,0,0.00%,505,0.89%,0.55%
Open Food,Open Food,FOOD,16,500.98,0,0.00%,500.98,0.14%,0.55%
Side Salad,Salads,FOOD,125,500,0,0.00%,500,1.10%,0.54%
CHICKEN CEASAR SALAD,Salads,FOOD,15,480,0,0.00%,480,0.13%,0.52%
Masafi Water500ml,Water,BEVERAGE,474,473,0,0.00%,473,4.17%,0.52%
Chicken Tikka,Sandwiches,FOOD,19,456,0,0.00%,456,0.17%,0.50%
16 OZ CAPPUCHINO,Starbucks,FOOD,31,434,0,0.00%,434,0.27%,0.47%
Falafel Tomato & Hummus(V),Sandwiches,FOOD,24,432,0,0.00%,432,0.21%,0.47%
16 OZ CAFFE AMERICANO,Starbucks,FOOD,35,420,0,0.00%,420,0.31%,0.46%
Buffet Fruit Salad,Salads,FOOD,84,420,0,0.00%,420,0.74%,0.46%
SERCO BREAKFAST,SERCO BREAKFAST,FOOD,28,420,0,0.00%,420,0.25%,0.46%
Mongolian Beef,Main course,FOOD,17,374,0,0.00%,374,0.15%,0.41%
Smoked Turkey Ham Pasta,Salads,FOOD,17,374,0,0.00%,374,0.15%,0.41%
SMOKED TURKEY S/W,Sandwiches,FOOD,11,374,0,0.00%,374,0.10%,0.41%
CHICKEN ROCQUET CHEESE S/W,Sandwiches,FOOD,12,360,0,0.00%,360,0.11%,0.39%
FRESH JUICE SMALL,Breakfast,FOOD,87,336,0,0.00%,336,0.77%,0.37%
SIMPLE SHAWARMA,Main course,FOOD,41,328,0,0.00%,328,0.36%,0.36%
16 OZ ICED CARAMEL MACCHIATO,Starbucks,FOOD,18,326,0,0.00%,326,0.16%,0.36%
Yoghurt,Yogurt,FOOD,81,324,0,0.00%,324,0.71%,0.35%
BLACK ANGUS CLUB 6 OZ,Burgers,FOOD,10,320,0,0.00%,320,0.09%,0.35%
GRILLED CHICKEN & BACON S/W,Sandwiches,FOOD,9,315,0,0.00%,315,0.08%,0.34%
Super Food Salad (V),Salads,FOOD,13,312,0,0.00%,312,0.11%,0.34%
SWEET CHILLI SALMON SALAD,Sandwiches,FOOD,8,304,0,0.00%,304,0.07%,0.33%
REUBENS S/W,Sandwiches,FOOD,10,300,0,0.00%,300,0.09%,0.33%
WALK IN LUNCH,WALK IN LUNCH,FOOD,30,300,0,0.00%,300,0.26%,0.33%
CROISSANT MINI,Dessert,FOOD,98,291,0,0.00%,291,0.86%,0.32%
BUTTERNUT & GOAT CHEESE SALAD ,Sandwiches,FOOD,8,288,0,0.00%,288,0.07%,0.31%
Mie Goreng,Main course,FOOD,12,288,0,0.00%,288,0.11%,0.31%
12OZ WHITE CHOCOLATE MOCHA,Starbucks,FOOD,19,285,0,0.00%,285,0.17%,0.31%
FYO SHAWARMA,Main course,FOOD,19,285,0,0.00%,285,0.17%,0.31%
Homemade Beef Burger,Burgers,FOOD,14,280,0,0.00%,280,0.12%,0.31%
16 OZ ICED CAFFE LATTE,Starbucks,FOOD,19,276,0,0.00%,276,0.17%,0.30%
CEASAR CHICKEN WRAP,Wraps,FOOD,8,272,0,0.00%,272,0.07%,0.30%
Dessert,Dessert,FOOD,68,272,0,0.00%,272,0.60%,0.30%
Go Large,Pizza,FOOD,34,272,0,0.00%,272,0.30%,0.30%
4 OZ BURGER COMBO,Burgers,FOOD,7,266,0,0.00%,266,0.06%,0.29%
CROISSANT MEDIUM,PASTRIES,FOOD,38,266,0,0.00%,266,0.33%,0.29%
16 OZ WHITE CHOCOLATE MOCHA,Starbucks,FOOD,15,255,0,0.00%,255,0.13%,0.28%
Beef sausage,Breakfast,FOOD,52,255,0,0.00%,255,0.46%,0.28%
Bagel S. Salmon,Sandwiches,FOOD,10,250,0,0.00%,250,0.09%,0.27%
BEEF MEAL,Main course,FOOD,10,250,0,0.00%,250,0.09%,0.27%
CHICKEN STACK,Burgers,FOOD,8,240,0,0.00%,240,0.07%,0.26%
FG SMALL BOWL,FEEL GOOD,FOOD,20,240,0,0.00%,240,0.18%,0.26%
COCA COLA CAN,Softdrinks,BEVERAGE,58,232,0,0.00%,232,0.51%,0.25%
LACNOR MILK CHOCOLATE,Flavoured Milk,BEVERAGE,58,232,0,0.00%,232,0.51%,0.25%
Hash Browns,Breakfast,FOOD,58,228,0,0.00%,228,0.51%,0.25%
ANCHOR BUTTER UNSALTED 454G,CS Dairy ,FOOD,11,225.5,0,0.00%,225.5,0.10%,0.25%
CHICKEN MEAL ,Main course,FOOD,9,225,0,0.00%,225,0.08%,0.25%
VEGGIE MEAL,Veggie,FOOD,10,220,0,0.00%,220,0.09%,0.24%
BUTTER FLY CHICKEN BREAST ,Grill,FOOD,9,216,0,0.00%,216,0.08%,0.24%
TAMRAH CHOCO DARK ZIPPER BAG 100,CS Dry Fruits,FOOD,24,216,0,0.00%,216,0.21%,0.24%
Filter Tea,Tea,FOOD,43,215,0,0.00%,215,0.38%,0.23%
Buffalo Chicken,Grill,FOOD,13,208,0,0.00%,208,0.11%,0.23%
12 OZ VANILLA LATTE,Starbucks,FOOD,12,204,0,0.00%,204,0.11%,0.22%
BLUEBERRY MUFFINS,Dessert,FOOD,17,204,0,0.00%,204,0.15%,0.22%
16 OZ ICED WHITE CHOCOLATE MOCHA,Starbucks,FOOD,11,201,0,0.00%,201,0.10%,0.22%
100 Dhs Rech,CS Others,NON FOOD,2,200,0,0.00%,200,0.02%,0.22%
16 OZ FRAPPUCINO CARAMEL,Starbucks,FOOD,10,200,0,0.00%,200,0.09%,0.22%
Salmon Salad,Salads,FOOD,8,200,0,0.00%,200,0.07%,0.22%
Cereal Portion,Breakfast,FOOD,28,196,0,0.00%,196,0.25%,0.21%
FRIED CHICKEN WRAP,Burgers,FOOD,6,192,0,0.00%,192,0.05%,0.21%
Meat Feast,Pizza,FOOD,5,190,0,0.00%,190,0.04%,0.21%
12 OZ HOT CHOCOLATE,Starbucks,FOOD,11,189,0,0.00%,189,0.10%,0.21%
LACNOR COCKTAIL 180ML,Fresh Juices,BEVERAGE,46,184,0,0.00%,184,0.41%,0.20%
Soup,Extras,FOOD,30,180,0,0.00%,180,0.26%,0.20%
Tandoori Chicken,Pizza,FOOD,5,180,0,0.00%,180,0.04%,0.20%
California Rolls(6Pcs),Sushi,FOOD,8,176,0,0.00%,176,0.07%,0.19%
GRAPE RED SEEDLESS PACKET,CS Fresh Fruit,FOOD,16,176,0,0.00%,176,0.14%,0.19%
Isabella(V),Pizza,FOOD,5,175,0,0.00%,175,0.04%,0.19%
BAYARA 1KG ALMOND,CS Nuts & Seeds,FOOD,3,173.25,0,0.00%,173.25,0.03%,0.19%
16 OZ CARAMEL MACCHIATO,Starbucks,FOOD,10,170,0,0.00%,170,0.09%,0.19%
AMERICAN 4 OZ,Burgers,FOOD,6,168,0,0.00%,168,0.05%,0.18%
Croissant,Breakfast,FOOD,24,168,0,0.00%,168,0.21%,0.18%
Yoghurt,Yogurt,FOOD,14,168,0,0.00%,168,0.12%,0.18%
Filter Coffee,Tea,FOOD,33,165,0,0.00%,165,0.29%,0.18%
BBQ CHICKEN,Wraps,FOOD,5,160,0,0.00%,160,0.04%,0.17%
Grilled Halloumi(V),Sandwiches,FOOD,8,160,0,0.00%,160,0.07%,0.17%
LACNOR APPLE 180ML,Fresh Juices,BEVERAGE,40,160,0,0.00%,160,0.35%,0.17%
DOUBLE ESSPRESSO,Starbucks,FOOD,13,156,0,0.00%,156,0.11%,0.17%
FETA & ROAST VEG PANINI,Sandwiches,FOOD,6,156,0,0.00%,156,0.05%,0.17%
Banana Pcs,CS Fresh Fruit,FOOD,153,153,0,0.00%,153,1.35%,0.17%
16 OZ VANILLA LATTE,Starbucks,FOOD,8,152,0,0.00%,152,0.07%,0.17%
CHICKEN WRAP COMBO,Burgers,FOOD,4,152,0,0.00%,152,0.04%,0.17%
12 OZ CAFFE MOCHA,Starbucks,FOOD,10,150,0,0.00%,150,0.09%,0.16%
50 Dhs Rech,CS Others,NON FOOD,3,150,0,0.00%,150,0.03%,0.16%
BRIE & BACON S/W,Sandwiches,FOOD,4,144,0,0.00%,144,0.04%,0.16%
Tuna Sweetcorn,Pre Packed Sandwiches,FOOD,10,144,0,0.00%,144,0.09%,0.16%
FRESH JUICE LARGE,Fresh Juices,FOOD,21,140,0,0.00%,140,0.18%,0.15%
Portion Protein,Main course,FOOD,14,140,0,0.00%,140,0.12%,0.15%
Pesto Roasted Chicken,Sandwiches,FOOD,6,138,0,0.00%,138,0.05%,0.15%
BRIE & TOMATO S/W,Sandwiches,FOOD,4,136,0,0.00%,136,0.04%,0.15%
French Fries,Extras,FOOD,22,132,0,0.00%,132,0.19%,0.14%
Small Salad,Salads,FOOD,11,132,0,0.00%,132,0.10%,0.14%
Baked beans,Breakfast,FOOD,26,130,0,0.00%,130,0.23%,0.14%
Cold Cuts,Breakfast,FOOD,26,130,0,0.00%,130,0.23%,0.14%
ANNIES STRAWBERRY APPLE BAR 30GM,CS Chips & Snacks,FOOD,19,128.25,0,0.00%,128.25,0.17%,0.14%
FRESH GREEN SALAD,Salads,FOOD,8,128,0,0.00%,128,0.07%,0.14%
Yogurt Muesli Honey,Yoghurt Pots,FOOD,8,128,0,0.00%,128,0.07%,0.14%
SUPASHAPE DIET SNACK BAR CHOCOLA,CS Chips & Snacks,FOOD,14,126,0,0.00%,126,0.12%,0.14%
SUPASHAPE DIET SNACK BAR DOUBLE ,CS Chips & Snacks,FOOD,14,126,0,0.00%,126,0.12%,0.14%
16 OZ ICED CAFE AMERICANO,Starbucks,FOOD,10,124,0,0.00%,124,0.09%,0.14%
16 OZ ICED CHOCOLATE,Starbucks,FOOD,7,123,0,0.00%,123,0.06%,0.13%
JACK LINKS STEAK BAR BBQ 25GM,CS Chips & Snacks,FOOD,18,121.5,0,0.00%,121.5,0.16%,0.13%
AL AIN WATER 500ml,CS Water,BEVERAGE,121,121,0,0.00%,121,1.07%,0.13%
12 OZ CARAMEL MACCHIATO,Starbucks,FOOD,8,120,0,0.00%,120,0.07%,0.13%
Chicken Sweetcorn,Pre Packed Sandwiches,FOOD,12,120,0,0.00%,120,0.11%,0.13%
STRAIGHT DUTCH,Smoothies,BEVERAGE,10,120,0,0.00%,120,0.09%,0.13%
SUPASHAPE PROTEIN LITE DOUBLE CH,CS Chips & Snacks,FOOD,12,120,0,0.00%,120,0.11%,0.13%
16 OZ CAFFE MOCHA,Starbucks,FOOD,7,119,0,0.00%,119,0.06%,0.13%
OAT KING BAR CHOCOLATE CHIP 95GM,CS Cereal,FOOD,8,116,0,0.00%,116,0.07%,0.13%
CLEARLY SCRUMPTIOUS STRAWBERRY 3,CS Dry Fruits,FOOD,9,114.75,0,0.00%,114.75,0.08%,0.13%
16 OZ HOT CHOCOLATE,Starbucks,FOOD,6,114,0,0.00%,114,0.05%,0.12%
Angus Beef Burger,Burgers,FOOD,3,114,0,0.00%,114,0.03%,0.12%
Mexican Melt,Pizza,FOOD,3,114,0,0.00%,114,0.03%,0.12%
SALMON NICOISE,Salads,FOOD,3,114,0,0.00%,114,0.03%,0.12%
CHUCKS MAN OH MANGO,Smoothies,BEVERAGE,4,112,0,0.00%,112,0.04%,0.12%
FALAFEL COMBO,Burgers,FOOD,4,112,0,0.00%,112,0.04%,0.12%
JAYS POM PUNCH,Smoothies,BEVERAGE,4,112,0,0.00%,112,0.04%,0.12%
Pure VitaminC,Fresh Juices,BEVERAGE,4,112,0,0.00%,112,0.04%,0.12%
16 OZ ICED VANILLA LATTE,Starbucks,FOOD,6,110,0,0.00%,110,0.05%,0.12%
Chicken Tandoori,Pre Packed Sandwiches,FOOD,12,110,0,0.00%,110,0.11%,0.12%
MOROCCAN LAMB BURGER,Burgers,FOOD,3,108,0,0.00%,108,0.03%,0.12%
ROASTED BUTTERNUT,Salads,FOOD,3,108,0,0.00%,108,0.03%,0.12%
Guest Meal Combo,Main course,FOOD,10,105,0,0.00%,105,0.09%,0.11%
MAGNUM I/C ALMOND,CS Ice Cream,FOOD,14,105,0,0.00%,105,0.12%,0.11%
Rocco,Pizza,FOOD,3,105,0,0.00%,105,0.03%,0.11%
Walkers Short Bread40g,Biscuits,FOOD,30,105,0,0.00%,105,0.26%,0.11%
Salmon Temaki (3 Pcs),Sushi,FOOD,4,104,0,0.00%,104,0.04%,0.11%
TUNA NICOISE SALAD,Salads,FOOD,4,104,0,0.00%,104,0.04%,0.11%
12 OZ CARAMEL LATTE,Starbucks,FOOD,6,102,0,0.00%,102,0.05%,0.11%
Pancakes,Breakfast,FOOD,34,102,0,0.00%,102,0.30%,0.11%
16 OZ FRAPPUCINO WHITE MOCHA,Starbucks,FOOD,5,100,0,0.00%,100,0.04%,0.11%
AL AIN FRESH MILK FULL FAT 2L,CS Dairy ,FOOD,10,100,0,0.00%,100,0.09%,0.11%
BLUE BERRY MUFFIN,Dessert,FOOD,10,100,0,0.00%,100,0.09%,0.11%
CLASSIC FRIES,Main course,FOOD,20,100,0,0.00%,100,0.18%,0.11%
EXTRA BIG BOTTLE PEPPERMINT,CS Mint & Gum,FOOD,8,100,0,0.00%,100,0.07%,0.11%
KIT KAT 4 FINGERS,CS Chocolate ,FOOD,28,100,0,0.00%,100,0.25%,0.11%
POKKA LEMON ICED TEA CAN,Packet Juice,BEVERAGE,25,100,0,0.00%,100,0.22%,0.11%
Portion Vegetable,Main course,FOOD,20,100,0,0.00%,100,0.18%,0.11%
Three Cheese Spring Onion,Pre Packed Sandwiches,FOOD,10,100,0,0.00%,100,0.09%,0.11%
Toast,Breakfast,FOOD,99,99,0,0.00%,99,0.87%,0.11%
Alain Small Wtr500ml,Water,BEVERAGE,148,98,0,0.00%,98,1.30%,0.11%
Cappuccino,Nespresso,FOOD,8,96,0,0.00%,96,0.07%,0.10%
Carrot Cake,Dessert,FOOD,8,96,0,0.00%,96,0.07%,0.10%
Double Trouble,Milk Shake,BEVERAGE,4,96,0,0.00%,96,0.04%,0.10%
FALAFEL & HUMUS,Wraps,FOOD,6,96,0,0.00%,96,0.05%,0.10%
FG Juice Bottled,FEEL GOOD,FOOD,12,96,0,0.00%,96,0.11%,0.10%
French Toast,Breakfast,FOOD,24,96,0,0.00%,96,0.21%,0.10%
TUNA & MAYO WRAP,Sandwiches,FOOD,3,96,0,0.00%,96,0.03%,0.10%
Digest dark200,Biscuit & Cookies,FOOD,7,94.5,0,0.00%,94.5,0.06%,0.10%
JACK LINKS STEAK BAR PEPPERED 25,CS Chips & Snacks,FOOD,14,94.5,0,0.00%,94.5,0.12%,0.10%
PRO BAR MEAL PEANUT BUTTER CHOCO,CS Cereal,FOOD,4,91,0,0.00%,91,0.04%,0.10%
CHIABIA MILLED CHIA SEED 150GM,CS Cereal,FOOD,2,90.5,0,0.00%,90.5,0.02%,0.10%
Add Cheese,Extras,FOOD,30,90,0,0.00%,90,0.26%,0.10%
CEYLON GINGER LOOSE TEA,Tea,FOOD,9,90,0,0.00%,90,0.08%,0.10%
Lungo,Nespresso,FOOD,9,90,0,0.00%,90,0.08%,0.10%
MOROCCAN LOOSE TEA,Tea,FOOD,9,90,0,0.00%,90,0.08%,0.10%
Tropical Maki (6 Pcs),Sushi,FOOD,5,90,0,0.00%,90,0.04%,0.10%
VOCHELLE TIN I LOVE DUBAI 205GM,CS Chocolate ,FOOD,3,90,0,0.00%,90,0.03%,0.10%
Banana Shake,Milk Shake,BEVERAGE,4,88,0,0.00%,88,0.04%,0.10%
COCA COLA DIET CAN,Softdrinks,BEVERAGE,22,88,0,0.00%,88,0.19%,0.10%
Egg Cress Mayonnaise,Pre Packed Sandwiches,FOOD,11,88,0,0.00%,88,0.10%,0.10%
PAPER BAG,BAGS,NON FOOD,88,88,0,0.00%,88,0.77%,0.10%
TEA BAG JASMINE GREEN,Tea,FOOD,11,88,0,0.00%,88,0.10%,0.10%
Tuna Cheese Melt,Sandwiches,FOOD,4,88,0,0.00%,88,0.04%,0.10%
AL AIN WATER 1.5L,CS Water,BEVERAGE,58,87,0,0.00%,87,0.51%,0.09%
OAT KING BAR APPLE STRUDEL 95GM,CS Cereal,FOOD,6,87,0,0.00%,87,0.05%,0.09%
Extra Topping,Pizza,FOOD,17,85,0,0.00%,85,0.15%,0.09%
KIT KAT CHUNKY 46GM,CS Chocolate ,FOOD,28,84,0,0.00%,84,0.25%,0.09%
LACNOR MILK STRAWBERRY,Flavoured Milk,BEVERAGE,21,84,0,0.00%,84,0.18%,0.09%
LACNOR ORANGE 180ML,Fresh Juices,BEVERAGE,21,84,0,0.00%,84,0.18%,0.09%
PEPSI CAN,Softdrinks,BEVERAGE,21,84,0,0.00%,84,0.18%,0.09%
RED BULL 250ML,CS Sports & Energy Drinks,BEVERAGE,12,84,0,0.00%,84,0.11%,0.09%
AL SHIFA 400GM SQUEEZE HONEY,CS Can & Jar Food,FOOD,3,83.25,0,0.00%,83.25,0.03%,0.09%
JACK LINKS STEAK BAR TRRIYAKI 25,CS Chips & Snacks,FOOD,12,81,0,0.00%,81,0.11%,0.09%
NECTAFLOR SOFT FIGS 200GM,CS Dry Fruits,FOOD,4,81,0,0.00%,81,0.04%,0.09%
TAMRAH COCO DATES ZIPPER BAG 100,CS Dry Fruits,FOOD,9,81,0,0.00%,81,0.08%,0.09%
7 UP CAN,Softdrinks,BEVERAGE,21,80,0,0.00%,80,0.18%,0.09%
AL AIN FRESH MILK LOW FAT 2L,CS Dairy ,FOOD,8,80,0,0.00%,80,0.07%,0.09%
BRILLIANT BREAKFAST LOOSE TEA,Tea,FOOD,8,80,0,0.00%,80,0.07%,0.09%
CheseTurkeyHamCrossiant,Sandwiches,FOOD,4,80,0,0.00%,80,0.04%,0.09%
DAN'S TOPICAL BLAST,Smoothies,BEVERAGE,4,80,0,0.00%,80,0.04%,0.09%
LARGE STILL WATER PREMIUM,Water,BEVERAGE,4,80,0,0.00%,80,0.04%,0.09%
Mixed Green Salad(V),Salads,FOOD,4,80,0,0.00%,80,0.04%,0.09%
POKKA PEACH ICED TEA CAN,Packet Juice,BEVERAGE,20,80,0,0.00%,80,0.18%,0.09%
SWEET POTATO WEDGES,Main course,FOOD,8,80,0,0.00%,80,0.07%,0.09%
Veg Sushi 6 pcs,Sushi,FOOD,4,80,0,0.00%,80,0.04%,0.09%
COCA COLA ZERO CAN,Softdrinks,BEVERAGE,19,76,0,0.00%,76,0.17%,0.08%
COCONUT WATER CAN,Packet Juice,BEVERAGE,19,76,0,0.00%,76,0.17%,0.08%
MALTESERS THICK SHAKE 300ML,Convenience Beverages,BEVERAGE,8,76,0,0.00%,76,0.07%,0.08%
APRICOT PACKET,CS Fresh Fruit,FOOD,5,75,0,0.00%,75,0.04%,0.08%
MAGNUM I/C WHITE,CS Ice Cream,FOOD,10,75,0,0.00%,75,0.09%,0.08%
OAT KING BAR PEANUT BUTTER 95GM,CS Cereal,FOOD,5,72.5,0,0.00%,72.5,0.04%,0.08%
ADD ESPRESSO SHOT,Starbucks,FOOD,18,72,0,0.00%,72,0.16%,0.08%
B.BAG SEA SALT150g,CS Chips & Snacks,FOOD,6,72,0,0.00%,72,0.05%,0.08%
CHICKEN CAESAR,Salads,FOOD,2,72,0,0.00%,72,0.02%,0.08%
Latte Macchiato,Nespresso,FOOD,6,72,0,0.00%,72,0.05%,0.08%
THE 3RD DATE,Milk Shake,BEVERAGE,3,72,0,0.00%,72,0.03%,0.08%
Valley Crunchy,Cereal Bar,FOOD,24,72,0,0.00%,72,0.21%,0.08%
AL AIN WATER 500ML,Water,BEVERAGE,70,70,0,0.00%,70,0.62%,0.08%
Brownie,Dessert,FOOD,5,70,0,0.00%,70,0.04%,0.08%
Chicken Noodle Suop,Soup ,FOOD,5,70,0,0.00%,70,0.04%,0.08%
Full Breakfast,Breakfast,FOOD,2,70,0,0.00%,70,0.02%,0.08%
SELPAK TOILET ROLL 7+2,CS Tissue & Toilet Rolls,NON FOOD,3,69.75,0,0.00%,69.75,0.03%,0.08%
JDS BUTTER CRISPS,Biscuit & Cookies,FOOD,4,69,0,0.00%,69,0.04%,0.08%
KAGI SWISS WAFERS ORIGINAL MINI ,CS Mint & Gum,FOOD,4,69,0,0.00%,69,0.04%,0.08%
SELPAK KITCHEN ROLL 2 PCS,CS Tissue & Toilet Rolls,NON FOOD,6,69,0,0.00%,69,0.05%,0.08%
LINDT EXCELLENCE 70% CACOA 100GM,CS Chocolate ,FOOD,5,68.75,0,0.00%,68.75,0.04%,0.07%
12 OZ SIGNATURE HOT CHOCOLATE,Starbucks,FOOD,4,68,0,0.00%,68,0.04%,0.07%
MARS BAR 51GM,CS Chocolate ,FOOD,18,68,0,0.00%,68,0.16%,0.07%
PEPSI DIET CAN,Softdrinks,BEVERAGE,17,68,0,0.00%,68,0.15%,0.07%
JACK LINKS ORIGINAL BEEF JERKY 2,CS Chips & Snacks,FOOD,9,67.5,0,0.00%,67.5,0.08%,0.07%
TIDE ORIGINAL SCENT 1.5KG,CS Laundry Care,NON FOOD,3,67.5,0,0.00%,67.5,0.03%,0.07%
PPPPLEASE ME,Fresh Juices,BEVERAGE,3,66,0,0.00%,66,0.03%,0.07%
Roast Beef,Sandwiches,FOOD,3,66,0,0.00%,66,0.03%,0.07%
Beef Bacon,Breakfast,FOOD,13,65,0,0.00%,65,0.11%,0.07%
CHEFS WORLD HOKKIEN NOODLES 200G,CS Pasta & Noodles,FOOD,7,64.75,0,0.00%,64.75,0.06%,0.07%
BUNALUN ORGANIC PORRIDGE OATS 50,CS Organic Food,FOOD,3,64.5,0,0.00%,64.5,0.03%,0.07%
ADD ESPRESSO SHOT,Starbucks,FOOD,16,64,0,0.00%,64,0.14%,0.07%
Granola,Dessert,FOOD,8,64,0,0.00%,64,0.07%,0.07%
Hawaiian,Pizza,FOOD,2,64,0,0.00%,64,0.02%,0.07%
Pain an Raisin,Dessert,FOOD,8,64,0,0.00%,64,0.07%,0.07%
REDBULL SUGAR FREE,Energy Drinks,BEVERAGE,8,64,0,0.00%,64,0.07%,0.07%
GALLON WATER COUPON,CS Water,BEVERAGE,9,63,0,0.00%,63,0.08%,0.07%
Mash and Gravy,Extras,FOOD,7,63,0,0.00%,63,0.06%,0.07%
PERRIER WATER 750ML,Water,BEVERAGE,7,63,0,0.00%,63,0.06%,0.07%
SUPASHAPE DIET SNACK BAR CARAMEL,CS Chips & Snacks,FOOD,7,63,0,0.00%,63,0.06%,0.07%
SELPAK TOILET PAPER 4 ROLLS,CS Tissue & Toilet Rolls,NON FOOD,5,62.5,0,0.00%,62.5,0.04%,0.07%
VOCHELLE DARK CHOC ALMOND 90G,CS Chocolate ,FOOD,11,60.5,0,0.00%,60.5,0.10%,0.07%
Chicken Maki(6pcs),Sushi,FOOD,3,60,0,0.00%,60,0.03%,0.07%
EBI NIGIRI,Sushi,FOOD,12,60,0,0.00%,60,0.11%,0.07%
LARGE SPARKLING WATER PREMIUM,Water,BEVERAGE,3,60,0,0.00%,60,0.03%,0.07%
MilkHalfCrem1Ltr ,CS Dairy ,FOOD,15,60,0,0.00%,60,0.13%,0.07%
PEAR DRAGON LOOSE TEA,Tea,FOOD,6,60,0,0.00%,60,0.05%,0.07%
Pepperoni,Pizza,FOOD,10,60,0,0.00%,60,0.09%,0.07%
Short Bread,Dessert,FOOD,5,60,0,0.00%,60,0.04%,0.07%
SINGLE ESSPRESSO,Starbucks,FOOD,6,60,0,0.00%,60,0.05%,0.07%
BAYARA 1KG APRICOT DRIED,CS Dry Fruits,FOOD,1,59.5,0,0.00%,59.5,0.01%,0.06%
CHEETOS 205GM CRUNCHY FLAMING HO,CS Chips & Snacks,FOOD,7,59.5,0,0.00%,59.5,0.06%,0.06%
FINE TOILET ROLLS 2PLY X 10 PCS ,CS Tissue & Toilet Rolls,NON FOOD,4,59,0,0.00%,59,0.04%,0.06%
DOVE SHOWER NOURISHING 250ML,CS Bath & Shower,NON FOOD,3,57.75,0,0.00%,57.75,0.03%,0.06%
EGG Mayo & Spring Onion,Sandwiches,FOOD,3,57,0,0.00%,57,0.03%,0.06%
OREO MINI CUP 115GM,CS Food,FOOD,6,57,0,0.00%,57,0.05%,0.06%
Apple Green,CS Fresh Fruit,FOOD,28,56,0,0.00%,56,0.25%,0.06%
Apple Red,CS Fresh Fruit,FOOD,28,56,0,0.00%,56,0.25%,0.06%
Espresso Doppio,Nespresso,FOOD,4,56,0,0.00%,56,0.04%,0.06%
JAMIES BERRY BURST,Smoothies,BEVERAGE,2,56,0,0.00%,56,0.02%,0.06%
PEPPERMINT TEA BAG,Tea,FOOD,7,56,0,0.00%,56,0.06%,0.06%
Portion Starch,Main course,FOOD,7,56,0,0.00%,56,0.06%,0.06%
ROASTED TOMATO,Wraps,FOOD,2,56,0,0.00%,56,0.02%,0.06%
SLICED BREAD WHITE JUMBO,CS Bakery,FOOD,14,56,0,0.00%,56,0.12%,0.06%
SPRITE CAN,Softdrinks,BEVERAGE,14,56,0,0.00%,56,0.12%,0.06%
WALKERS SB FINGERS 40G,Biscuit & Cookies,FOOD,16,56,0,0.00%,56,0.14%,0.06%
Delivery Charges,Delivery charge,LABOR CHARGE,11,55,0,0.00%,55,0.10%,0.06%
FARM FRESH EGGS WHITE 15PCS,CS Eggs,FOOD,5,55,0,0.00%,55,0.04%,0.06%
LINDT EXCELLENCE CARAMEL 100G,CS Chocolate ,FOOD,4,55,0,0.00%,55,0.04%,0.06%
LINDT EXCELLENCE SESAME ROASTED ,CS Organic Food,FOOD,4,55,0,0.00%,55,0.04%,0.06%
MODERN BAKE CRANBERRY ENERGY BAR,CS Cereal,FOOD,10,55,0,0.00%,55,0.09%,0.06%
BAYARA 1KG CASHEW NUT,CS Nuts & Seeds,FOOD,1,54,0,0.00%,54,0.01%,0.06%
CheseTomatoCrossiant,Sandwiches,FOOD,3,54,0,0.00%,54,0.03%,0.06%
Espresso,Nespresso,FOOD,6,54,0,0.00%,54,0.05%,0.06%
KRAFT CHEESE ORIGINAL 12 SLICES,CS Dairy ,FOOD,4,54,0,0.00%,54,0.04%,0.06%
Large Salad,Salads,FOOD,3,54,0,0.00%,54,0.03%,0.06%
MAGNUM I/C DOUBLE CHOCOLATE,CS Ice Cream,FOOD,6,54,0,0.00%,54,0.05%,0.06%
SLICED BREAD MULTI GRAIN MEDIUM,CS Bakery,FOOD,9,54,0,0.00%,54,0.08%,0.06%
JACK LINKS 50GM BBQ BEEF JERKY,CS Chips & Snacks,FOOD,4,53,0,0.00%,53,0.04%,0.06%
FOOD DOCTOR BAR APPLE WALNUT 35G,CS Organic Food,FOOD,6,52.5,0,0.00%,52.5,0.05%,0.06%
NIVEA DOUBLE EFFECT MAKEUP REMOV,CS Deodrants,NON FOOD,2,52.5,0,0.00%,52.5,0.02%,0.06%
CROISSANT HI BUTTER ALMOND,CS Bakery,FOOD,13,52,0,0.00%,52,0.11%,0.06%
BJORG ORGANIC OAT FLAKES 500GM,CS Organic Food,FOOD,2,51,0,0.00%,51,0.02%,0.06%
AIR TO EARTH,BOTANICAL SODAS,BEVERAGE,2,50,0,0.00%,50,0.02%,0.05%
CARTE DOR CHOCOLATE 1 SCOOP,Ice cream,FOOD,10,50,0,0.00%,50,0.09%,0.05%
GATORADE LEMON PET 500ML,CS Sports & Energy Drinks,BEVERAGE,10,50,0,0.00%,50,0.09%,0.05%
SCONES,Dessert,FOOD,5,50,0,0.00%,50,0.04%,0.05%
TURKEY HAM,Wraps,FOOD,2,50,0,0.00%,50,0.02%,0.05%
FARM FRESH EGGS WHITE 6PCS,CS Eggs,FOOD,11,49.5,0,0.00%,49.5,0.10%,0.05%
Bagels w/Cr.Cheese,Breakfast,FOOD,7,49,0,0.00%,49,0.06%,0.05%
NUTELLA 400GM,CS Can & Jar Food,FOOD,2,49,0,0.00%,49,0.02%,0.05%
JACK LINKS STICK PEPPERED BEEF J,CS Chips & Snacks,FOOD,15,48.75,0,0.00%,48.75,0.13%,0.05%
PERSIL LIQUID GREEN POWER GEL 3L,CS Laundry Care,NON FOOD,1,48.75,0,0.00%,48.75,0.01%,0.05%
7 Up,Softdrinks,BEVERAGE,22,48,0,0.00%,48,0.19%,0.05%
7 UP DIET CAN,Softdrinks,BEVERAGE,12,48,0,0.00%,48,0.11%,0.05%
AlpenMuslie625g,CS Cereal,FOOD,2,48,0,0.00%,48,0.02%,0.05%
CHOCOLATE BROWNIE ,Dessert,FOOD,4,48,0,0.00%,48,0.04%,0.05%
CHUNKY MONKEY,Milk Shake,BEVERAGE,2,48,0,0.00%,48,0.02%,0.05%
Fanta,Softdrinks,BEVERAGE,22,48,0,0.00%,48,0.19%,0.05%
HIT THE ROOF,Milk Shake,BEVERAGE,2,48,0,0.00%,48,0.02%,0.05%
LACNOR MANGO 180ML,Fresh Juices,BEVERAGE,12,48,0,0.00%,48,0.11%,0.05%
Lemon Drizzle,Dessert,FOOD,4,48,0,0.00%,48,0.04%,0.05%
MOUNTAIN DEW,Softdrinks,BEVERAGE,12,48,0,0.00%,48,0.11%,0.05%
MY THAI,Milk Shake,BEVERAGE,2,48,0,0.00%,48,0.02%,0.05%
PEACH & BASIL SMOOTHIE,Smoothies,BEVERAGE,2,48,0,0.00%,48,0.02%,0.05%
REDBULL REGULAR,Energy Drinks,BEVERAGE,6,48,0,0.00%,48,0.05%,0.05%
The Big Apple,Milk Shake,BEVERAGE,2,48,0,0.00%,48,0.02%,0.05%
Tuna maki(6Pcs) W/Sundried Tomat,Sushi,FOOD,2,48,0,0.00%,48,0.02%,0.05%
Veg Noodle Soup,Soup ,FOOD,4,48,0,0.00%,48,0.04%,0.05%
CROISSANT CHOCOLATE,CS Bakery,FOOD,19,47.5,0,0.00%,47.5,0.17%,0.05%
ALWAYS NIGHT WINGS 8 PCS,CS Sanitary Care,NON FOOD,6,46.5,0,0.00%,46.5,0.05%,0.05%
CAREFREE PLUS FRESH LARGE 20PCS,CS Sanitary Care,NON FOOD,3,46.5,0,0.00%,46.5,0.03%,0.05%
EXTRA PELLET PEPPERMINT GUM,CS Mint & Gum,FOOD,23,46,0,0.00%,46,0.20%,0.05%
PRO BAR FUEL BLUEBERRY CHIA 48GM,CS Cereal,FOOD,4,46,0,0.00%,46,0.04%,0.05%
AL AIN FRESH MILK 1L LOW FAT,CS Dairy ,FOOD,7,45.5,0,0.00%,45.5,0.06%,0.05%
CARTE DOR PISTACIO 1 SCOOP,Ice cream,FOOD,7,45.5,0,0.00%,45.5,0.06%,0.05%
PRO BAR MEAL WHOLEBERRY BLAST 85,CS Cereal,FOOD,2,45.5,0,0.00%,45.5,0.02%,0.05%
FrostiesCMB25g,CS Cereal,FOOD,15,45,0,0.00%,45,0.13%,0.05%
MAGNUM I/C CLASSIC,CS Ice Cream,FOOD,6,45,0,0.00%,45,0.05%,0.05%
MOMA CUP POREIDGE CRANBERRY RAIS,CS Cereal,FOOD,3,45,0,0.00%,45,0.03%,0.05%
NIVEA SHOWER POWERFRUIT 250ML,CS Bath & Shower,NON FOOD,3,45,0,0.00%,45,0.03%,0.05%
Oatmeal Porridge,Breakfast,FOOD,15,45,0,0.00%,45,0.13%,0.05%
SNICKERS SINGLE BAR,CS Chocolate ,FOOD,15,45,0,0.00%,45,0.13%,0.05%
TORCH CLUB STEAK S/W,Sandwiches,FOOD,1,45,0,0.00%,45,0.01%,0.05%
DOCTOR'S ORDERS,Fresh Juices,BEVERAGE,2,44,0,0.00%,44,0.02%,0.05%
FANTA STRAWBERRY CAN,Softdrinks,BEVERAGE,11,44,0,0.00%,44,0.10%,0.05%
LACNOR MILK BANANA,Flavoured Milk,BEVERAGE,11,44,0,0.00%,44,0.10%,0.05%
Mountain Dew,Softdrinks,BEVERAGE,21,44,0,0.00%,44,0.18%,0.05%
TAMPAX REGULAR,CS Sanitary Care,NON FOOD,4,44,0,0.00%,44,0.04%,0.05%
SCHIK RAZOR WOMEN TRIM STYLE QUA,CS Womens Care,NON FOOD,1,43.25,0,0.00%,43.25,0.01%,0.05%
16 OZ SOYA CAFFE LATTE,Coffee,FOOD,2,42,0,0.00%,42,0.02%,0.05%
ALMARAI MILK FAT FREE1L,CS Dairy ,FOOD,6,42,0,0.00%,42,0.05%,0.05%
BAYARA EXTRA MIXED NUTS 300GM,CS Dry Fruits,FOOD,2,42,0,0.00%,42,0.02%,0.05%
Berry Tart,Dessert,FOOD,3,42,0,0.00%,42,0.03%,0.05%
Cheto Ches 210,CS Chips & Snacks,FOOD,6,42,0,0.00%,42,0.05%,0.05%
EMMENTHAL CHEESE GRATED 150G,CS Dairy ,FOOD,4,42,0,0.00%,42,0.04%,0.05%
NECTARINE PACKET,CS Fresh Fruit,FOOD,3,42,0,0.00%,42,0.03%,0.05%
PEACH PACKET,CS Fresh Fruit,FOOD,3,42,0,0.00%,42,0.03%,0.05%
Salmon Chirashi,Sushi,FOOD,2,42,0,0.00%,42,0.02%,0.05%
Open Miscellaneous,Open Miscellaneous,MISCELLANEOUS,1,41.6,0,0.00%,41.6,0.01%,0.05%
LIND CHERRY INTENSE100G,CS Chocolate ,FOOD,3,41.25,0,0.00%,41.25,0.03%,0.04%
LINDT EXCELLENCE BLACK CURRANT 1,CS Chocolate ,FOOD,3,41.25,0,0.00%,41.25,0.03%,0.04%
LINDT EXCELLENCE SEA SALT 100GM,CS Chocolate ,FOOD,3,41.25,0,0.00%,41.25,0.03%,0.04%
BOUNTY BAR 57GM,CS Chocolate ,FOOD,13,41,0,0.00%,41,0.11%,0.04%
ORAL B MOUTH WASH MULTI PROTECT ,CS Oral Care,NON FOOD,2,41,0,0.00%,41,0.02%,0.04%
DgstiveBiscuits400g,Biscuit & Cookies,FOOD,3,40.5,0,0.00%,40.5,0.03%,0.04%
CHAMOMILE TEA BAG,Tea,FOOD,5,40,0,0.00%,40,0.04%,0.04%
Cookie,Dessert,FOOD,8,40,0,0.00%,40,0.07%,0.04%
D Coke,Softdrinks,BEVERAGE,10,40,0,0.00%,40,0.09%,0.04%
ESPRESSO MACCHIATO SINGLE,Starbucks,FOOD,4,40,0,0.00%,40,0.04%,0.04%
GATORADE PINK LEMONDAE PET 500ML,CS Sports & Energy Drinks,BEVERAGE,8,40,0,0.00%,40,0.07%,0.04%
Pepsi,Softdrinks,BEVERAGE,20,40,0,0.00%,40,0.18%,0.04%
Pepsi Light,Softdrinks,BEVERAGE,20,40,0,0.00%,40,0.18%,0.04%
Tamago Nigiri,Sushi,FOOD,8,40,0,0.00%,40,0.07%,0.04%
TEA BAG EARL GREY,Tea,FOOD,5,40,0,0.00%,40,0.04%,0.04%
Tuna Maki(6pcs),Sushi,FOOD,2,40,0,0.00%,40,0.02%,0.04%
VEG BURGER,Burgers,FOOD,2,40,0,0.00%,40,0.02%,0.04%
AL MARAI LABAN STRAWBERRY 360ML,CS Dairy ,FOOD,13,39,0,0.00%,39,0.11%,0.04%
AL MARAI STRAWBERRY JUICE 300ML,CS Packet Juice,BEVERAGE,13,39,0,0.00%,39,0.11%,0.04%
Best Salted Peanut30g,Peannuts,FOOD,13,39,0,0.00%,39,0.11%,0.04%
BOURSIN CHEESE GARLIC & HERBS 15,CS Dairy ,FOOD,2,39,0,0.00%,39,0.02%,0.04%
JOHNSONS COTTON BUDS 100PCS,CS Others,NON FOOD,3,39,0,0.00%,39,0.03%,0.04%
GALAXY THICK SHAKE CARAMEL 300ML,Convenience Beverages,BEVERAGE,4,38,0,0.00%,38,0.04%,0.04%
CHIABIA CHIA BLUEBERRY MIX 100GM,CS Cereal,FOOD,1,37.75,0,0.00%,37.75,0.01%,0.04%
AL AIN YOGHURT LOW FAT 170GM,CS Dairy ,FOOD,30,37.5,0,0.00%,37.5,0.26%,0.04%
DORITOS CHILLI 185G,CS Chips & Snacks,FOOD,6,37.5,0,0.00%,37.5,0.05%,0.04%
16 OZ ICED CARAMEL LATTE,Starbucks,FOOD,2,37,0,0.00%,37,0.02%,0.04%
A/G POP CORN MICROWAV EXTRA BUTT,CS Can & Jar Food,FOOD,4,37,0,0.00%,37,0.04%,0.04%
PURELL REFRESHING HAND SANITIZER,CS Soap & Handwash,NON FOOD,3,36.75,0,0.00%,36.75,0.03%,0.04%
OREO GOLDEN 16 PACK 44GM,Biscuit & Cookies,FOOD,2,36.5,0,0.00%,36.5,0.02%,0.04%
Asst. Rolls Two,Breakfast,FOOD,18,36,0,0.00%,36,0.16%,0.04%
CROISSANT BUTTER CHEESE,CS Bakery,FOOD,9,36,0,0.00%,36,0.08%,0.04%
CROISSANT HI BUTTER CHOCOLATE,CS Bakery,FOOD,9,36,0,0.00%,36,0.08%,0.04%
ESPRESSO MACCHIATO DOUBLE,Coffee,FOOD,3,36,0,0.00%,36,0.03%,0.04%
Glazed Veg,Sandwiches,FOOD,2,36,0,0.00%,36,0.02%,0.04%
GRAPE RED PACKED,CS Fresh Fruit,FOOD,4,36,0,0.00%,36,0.04%,0.04%
JOHNSONS SHOWER GEL ENERGISE 250,CS Bath & Shower,NON FOOD,3,36,0,0.00%,36,0.03%,0.04%
MCVITIES DIGESTIVE 250GM LIGHT,Biscuit & Cookies,FOOD,3,36,0,0.00%,36,0.03%,0.04%
MIRINDA ORANGE CAN,Softdrinks,BEVERAGE,9,36,0,0.00%,36,0.08%,0.04%
Mushrooms,Pizza,FOOD,6,36,0,0.00%,36,0.05%,0.04%
PLUM RED PACKET,CS Fresh Fruit,FOOD,4,36,0,0.00%,36,0.04%,0.04%
QUAKER WHITE OATS TIN 500GM,CS Cereal,FOOD,4,36,0,0.00%,36,0.04%,0.04%
TAMRAH CHOCO MILK ZIPPER BAG 100,CS Dry Fruits,FOOD,4,36,0,0.00%,36,0.04%,0.04%
Yogurt Blueberry,Yoghurt Pots,FOOD,2,36,0,0.00%,36,0.02%,0.04%
AL MARAI FRESH MILK FULL FAT 1L,CS Dairy ,FOOD,5,35,0,0.00%,35,0.04%,0.04%
AL MARAI ORANGE PULP JUICE 300ML,CS Packet Juice,BEVERAGE,14,35,0,0.00%,35,0.12%,0.04%
CORNETTO I/C CLASSICO CREAM,CS Ice Cream,FOOD,7,35,0,0.00%,35,0.06%,0.04%
LAYS FORNO BLACK PEPPER 43GM,CS Chips & Snacks,FOOD,14,35,0,0.00%,35,0.12%,0.04%
PERRIER WATER LEMON 330ML,CS Water,BEVERAGE,7,35,0,0.00%,35,0.06%,0.04%
POCARI SWEAT PET 500ML,CS Sports & Energy Drinks,BEVERAGE,7,35,0,0.00%,35,0.06%,0.04%
SMALL GREEN SALAD ,Salads,FOOD,5,35,0,0.00%,35,0.04%,0.04%
ALWAYS PANTYR LINER 40 NORMAL,CS Sanitary Care,NON FOOD,2,34.5,0,0.00%,34.5,0.02%,0.04%
BEST CAN SUPER CASHEW 110GM,CS Nuts & Seeds,FOOD,2,34.5,0,0.00%,34.5,0.02%,0.04%
FRUIT & FIBRE KELLOGS 375GM,CS Cereal,FOOD,2,34.5,0,0.00%,34.5,0.02%,0.04%
BrilaArabiata400g,CS Sauce,FOOD,2,34,0,0.00%,34,0.02%,0.04%
BrilNapolitana400g,CS Sauce,FOOD,2,34,0,0.00%,34,0.02%,0.04%
LAYS FORNO CHEESE 43GM,CS Chips & Snacks,FOOD,15,33.75,0,0.00%,33.75,0.13%,0.04%
ALPROMilkFlvrChoc 1L,CS Dairy ,BEVERAGE,2,33.5,0,0.00%,33.5,0.02%,0.04%
ALPROSoyaMilkUnswtnd1L,CS Packet Juice,BEVERAGE,2,33.5,0,0.00%,33.5,0.02%,0.04%
BUNALUN ORGANIC PESTO DAIRY FREE,CS Organic Food,FOOD,1,33.25,0,0.00%,33.25,0.01%,0.04%
BEST CAN SUPER MIX NUTS 110GM,CS Nuts & Seeds,FOOD,2,33,0,0.00%,33,0.02%,0.04%
CROISSANT HI BUTTER CHEESE,CS Bakery,FOOD,11,33,0,0.00%,33,0.10%,0.04%
M&M CHOCOLATE 45GM,CS Chocolate ,FOOD,11,33,0,0.00%,33,0.10%,0.04%
AL AIN FRESH MILK 1L FULL CREAM,CS Dairy ,FOOD,5,32.5,0,0.00%,32.5,0.04%,0.04%
Lunch Box Token,CS Others,NON FOOD,1,32.5,0,0.00%,32.5,0.01%,0.04%
C&C FW MORNING SHINE CONTROL 150,CS Facial Care,NON FOOD,1,32.25,0,0.00%,32.25,0.01%,0.04%
CLOROX WIPES DISINFECTING CITRUS,CS Cleaning Supplies,NON FOOD,2,32,0,0.00%,32,0.02%,0.03%
Crab Sushi,Sushi,FOOD,1,32,0,0.00%,32,0.01%,0.03%
Espresso Doppio,Coffee,BEVERAGE,2,32,0,0.00%,32,0.02%,0.03%
G S Frid Noodls W Tofu,Noodles,FOOD,1,32,0,0.00%,32,0.01%,0.03%
KIT KAT MINI BAG 250GM,CS Chocolate ,FOOD,2,32,0,0.00%,32,0.02%,0.03%
LAYS 40GM TOMATO KETCHUP,CS Chips & Snacks,FOOD,16,32,0,0.00%,32,0.14%,0.03%
LIME PACKET,CS Fresh Vegatables,FOOD,4,32,0,0.00%,32,0.04%,0.03%
LIPTON LEMON ICED TEA,Tea,BEVERAGE,8,32,0,0.00%,32,0.07%,0.03%
MANDARINE PACKET,CS Fresh Fruit,FOOD,4,32,0,0.00%,32,0.04%,0.03%
MANGO ICED TEA,Tea,FOOD,4,32,0,0.00%,32,0.04%,0.03%
Vegetable Noodles,Main course,FOOD,4,32,0,0.00%,32,0.04%,0.03%
BEST 30GM SALTED CASHEWS,CS Nuts & Seeds,FOOD,8,31.5,0,0.00%,31.5,0.07%,0.03%
VITA COCO LEMONADE COCONUT 330ML,CS Packet Juice,BEVERAGE,3,31.5,0,0.00%,31.5,0.03%,0.03%
LAYS CHILI 185GM,CS Chips & Snacks,FOOD,5,31.25,0,0.00%,31.25,0.04%,0.03%
SELPAK FACIAL TISSUE 100 SHEET,CS Tissue & Toilet Rolls,NON FOOD,5,31.25,0,0.00%,31.25,0.04%,0.03%
VASELINE BW MEN 2 IN 1 220ML,CS Bath & Shower,NON FOOD,2,31,0,0.00%,31,0.02%,0.03%
COMFORT IRIS JASMINE CONCENTRATE,CS Laundry Care,NON FOOD,2,30.5,0,0.00%,30.5,0.02%,0.03%
COMFORT LAVENDER MAGNOLIA CONCEN,CS Laundry Care,NON FOOD,2,30.5,0,0.00%,30.5,0.02%,0.03%
AL AIN WATER 1.5 LITER,Water,BEVERAGE,15,30,0,0.00%,30,0.13%,0.03%
CADBURY DM CHOCOLATE 37GM,CS Chocolate ,FOOD,6,30,0,0.00%,30,0.05%,0.03%
ENERGIZER AA 4 PCS,CS Others,NON FOOD,2,30,0,0.00%,30,0.02%,0.03%
GLASS OF SOYA MILK,Soya Milk,FOOD,5,30,0,0.00%,30,0.04%,0.03%
KAGI SWISS WAFERS CHOCOLATE 50G,CS Mint & Gum,FOOD,6,30,0,0.00%,30,0.05%,0.03%
Lays Chips,Extras,FOOD,15,30,0,0.00%,30,0.13%,0.03%
PEPPERMEIN LOOSE TEA,Tea,FOOD,3,30,0,0.00%,30,0.03%,0.03%
POKKA ICED TEA PEACH 500ML,CS Packet Juice,BEVERAGE,10,30,0,0.00%,30,0.09%,0.03%
SUPASHAPE PROTEIN LITE CHOCOLATE,CS Chips & Snacks,FOOD,3,30,0,0.00%,30,0.03%,0.03%
UAE Bunting Flag,CS Festival Non Food,NON FOOD,2,30,0,0.00%,30,0.02%,0.03%
VOCHELLE TIN DUBAI MARINA 205GM,CS Chocolate ,FOOD,1,30,0,0.00%,30,0.01%,0.03%
WALK IN BREAKFAST,WALK IN BREAKFAST,FOOD,3,30,0,0.00%,30,0.03%,0.03%
PRINGLES 40GM SOUR CREAM,CS Chips & Snacks,FOOD,9,29.25,0,0.00%,29.25,0.08%,0.03%
DOVE ROLLON EXTRA FRESH 50ML,CS Deodrants,NON FOOD,2,28.75,0,0.00%,28.75,0.02%,0.03%
REXONA DEO INVISIBLE 150ML,CS Deodrants,NON FOOD,2,28.5,0,0.00%,28.5,0.02%,0.03%
VASELINE LOTION COCOA RADIANT 20,CS Body Care,NON FOOD,2,28.5,0,0.00%,28.5,0.02%,0.03%
HONEY MOON MOUNTAIN HONEY 250GM,CS Can & Jar Food,FOOD,1,28.25,0,0.00%,28.25,0.01%,0.03%
ADD FLAVOURED SYRUP,Starbucks,FOOD,7,28,0,0.00%,28,0.06%,0.03%
AL AIN MANGO YOGHURT 125GM,CS Dairy ,FOOD,16,28,0,0.00%,28,0.14%,0.03%
ALO ENRICH POMEGRANATE JUICE,Fresh Juices,FOOD,2,28,0,0.00%,28,0.02%,0.03%
AXE SHOWER GEL DARK TEMPTATION 2,CS Bath & Shower,NON FOOD,2,28,0,0.00%,28,0.02%,0.03%
Coke,Softdrinks,BEVERAGE,7,28,0,0.00%,28,0.06%,0.03%
Earl Grey,Tea,BEVERAGE,2,28,0,0.00%,28,0.02%,0.03%
FIREFLY DETOX LEMON ,Tea,BEVERAGE,2,28,0,0.00%,28,0.02%,0.03%
FIREFLY WAKE UP PEACH,Tea,BEVERAGE,2,28,0,0.00%,28,0.02%,0.03%
Lemon & Mint,Fresh Juices,BEVERAGE,2,28,0,0.00%,28,0.02%,0.03%
MARKOS TOP BANANA,Smoothies,BEVERAGE,1,28,0,0.00%,28,0.01%,0.03%
MUFFIN CHOCOLATE,CS Bakery,FOOD,8,28,0,0.00%,28,0.07%,0.03%
Orange & Carrot,Fresh Juices,BEVERAGE,2,28,0,0.00%,28,0.02%,0.03%
PEPSODENT TP GERMICHECK+BRUSH 15,CS Oral Care,NON FOOD,4,28,0,0.00%,28,0.04%,0.03%
SMINT CANDY GUM PEPPERMINT 14.2G,CS Mint & Gum,FOOD,7,28,0,0.00%,28,0.06%,0.03%
VOLVIC WATER 330ML,CS Water,BEVERAGE,8,28,0,0.00%,28,0.07%,0.03%
PRINGLES CHEESE 165GM,CS Chips & Snacks,FOOD,3,27.75,0,0.00%,27.75,0.03%,0.03%
PRINGLES SALT VINEGAR 165GM,CS Chips & Snacks,FOOD,3,27.75,0,0.00%,27.75,0.03%,0.03%
GROWERS PACKET ORIENTAL PEANUTS,CS Nuts & Seeds,FOOD,5,27.5,0,0.00%,27.5,0.04%,0.03%
LINDT EXCELLENCE MINT INTENSE 10,CS Chocolate ,FOOD,2,27.5,0,0.00%,27.5,0.02%,0.03%
MODERN BAKE PEANUT PEACAN ENERGY,CS Cereal,FOOD,5,27.5,0,0.00%,27.5,0.04%,0.03%
NECTAFLOR PREMIUM GINGER 200GM,CS Dry Fruits,FOOD,2,27.5,0,0.00%,27.5,0.02%,0.03%
AL AIN MORNING CRANBERRY MUSELI ,CS Dairy ,FOOD,9,27,0,0.00%,27,0.08%,0.03%
AL MARAI STRAWBERRY MILK 360ML,CS Dairy ,FOOD,9,27,0,0.00%,27,0.08%,0.03%
EMMENTHAL CHEESE PORTION 150G,CS Dairy ,FOOD,2,27,0,0.00%,27,0.02%,0.03%
FANTA APPLE CAN,Softdrinks,BEVERAGE,8,27,0,0.00%,27,0.07%,0.03%
GRAPE WHITE SEEDLESS PACKED,CS Fresh Fruit,FOOD,3,27,0,0.00%,27,0.03%,0.03%
PLUM BLACK PACKET,CS Fresh Fruit,FOOD,3,27,0,0.00%,27,0.03%,0.03%
JACK LINKS 50GM ORIGINAL BEEF JE,CS Chips & Snacks,FOOD,2,26.5,0,0.00%,26.5,0.02%,0.03%
DDR OETKER PEPPRONI PIZZA,CS Frozen Food,FOOD,1,26.25,0,0.00%,26.25,0.01%,0.03%
DR OETKER MOZZRELLA PIZZA,CS Frozen Food,FOOD,1,26.25,0,0.00%,26.25,0.01%,0.03%
BOGUTTI AMERICAN COOKIES RAISINS,Biscuit & Cookies,FOOD,4,26,0,0.00%,26,0.04%,0.03%
Crab Cakes,Main course,FOOD,1,26,0,0.00%,26,0.01%,0.03%
MELONS GALORE,Smoothies,BEVERAGE,1,26,0,0.00%,26,0.01%,0.03%
SAN PELLEGRINO WATER 500ML,CS Water,BEVERAGE,4,26,0,0.00%,26,0.04%,0.03%
BEST CAN PECAN SALTED 110GM,CS Nuts & Seeds,FOOD,1,25.5,0,0.00%,25.5,0.01%,0.03%
CLEARLY SCRUMPTIOUS GOLDEN BERRI,CS Dry Fruits,FOOD,2,25.5,0,0.00%,25.5,0.02%,0.03%
LifebuoyAbWetWipes,CS Tissue & Toilet Rolls,NON FOOD,3,25.5,0,0.00%,25.5,0.03%,0.03%
TRESEMME CD PLATINUM STRENGTH 50,CS Shampoo & Conditioner,NON FOOD,1,25.5,0,0.00%,25.5,0.01%,0.03%
TRESEMME CD SPLIT REMEDY 500ML,CS Shampoo & Conditioner,NON FOOD,1,25.5,0,0.00%,25.5,0.01%,0.03%
TRESEMME SH PLATINUM STRENGTH 50,CS Shampoo & Conditioner,NON FOOD,1,25.5,0,0.00%,25.5,0.01%,0.03%
TRESEMME SH SPLIT REMEDY 500ML,CS Shampoo & Conditioner,NON FOOD,1,25.5,0,0.00%,25.5,0.01%,0.03%
25 Dhs Rech,CS Others,NON FOOD,1,25,0,0.00%,25,0.01%,0.03%
ASPARAGUS 500M PACKET,CS Fresh Vegatables,FOOD,1,25,0,0.00%,25,0.01%,0.03%
CARTE DOR S.BERRY 1 SCOOP,Ice cream,FOOD,5,25,0,0.00%,25,0.04%,0.03%
JOHNSONS COTTON BALLS 50 PCS,CS Facial Care,NON FOOD,2,25,0,0.00%,25,0.02%,0.03%
MentoGmWatrMelon,CS Mint & Gum,FOOD,5,25,0,0.00%,25,0.04%,0.03%
ORAL B TP PRO EXPERT FRESH MINT ,CS Oral Care,NON FOOD,1,25,0,0.00%,25,0.01%,0.03%
SNICKERS BAR,Chocolate,FOOD,5,25,0,0.00%,25,0.04%,0.03%
VOLVIC WATER 500ML,Water,BEVERAGE,5,25,0,0.00%,25,0.04%,0.03%
VOCHELLE TIN FRUIT NUTS 205GM,CS Chocolate ,FOOD,1,24.75,0,0.00%,24.75,0.01%,0.03%
AL MARAI FRESH MILK FULL FAT 500,CS Dairy ,FOOD,7,24.5,0,0.00%,24.5,0.06%,0.03%
CROISSANT HI BUTTER PLAIN,CS Bakery,FOOD,7,24.5,0,0.00%,24.5,0.06%,0.03%
KOKA CUP CURRY,CS Pasta & Noodles,FOOD,7,24.5,0,0.00%,24.5,0.06%,0.03%
RACHELS APPLE & CINNAMON YOGHURT,CS Organic Food,FOOD,1,24.5,0,0.00%,24.5,0.01%,0.03%
RACHELS GREEK GINGER YOGHURT 450,CS Organic Food,FOOD,1,24.5,0,0.00%,24.5,0.01%,0.03%
A/G TOPPING FILLING CHERRY 21OZ,CS Can & Jar Food,FOOD,2,24,0,0.00%,24,0.02%,0.03%
Cappuccino,Coffee,BEVERAGE,2,24,0,0.00%,24,0.02%,0.03%
CARTE DOR PISTACIO 2 SCOOP,Ice cream,FOOD,2,24,0,0.00%,24,0.02%,0.03%
COKE LIGHT CAN 300ML,CS Soft Drinks,BEVERAGE,16,24,0,0.00%,24,0.14%,0.03%
EXTRA PROTEIN,TOPPINGS,FOOD,6,24,0,0.00%,24,0.05%,0.03%
Gatorade ,Softdrinks,BEVERAGE,2,24,0,0.00%,24,0.02%,0.03%
HIBISCUS ICED TEA,Tea,FOOD,3,24,0,0.00%,24,0.03%,0.03%
JOCCA KRAFT COTTAGE CHEESE 200GM,CS Dairy ,FOOD,2,24,0,0.00%,24,0.02%,0.03%
KAGI SWISS WAFERS SINGLE MINI 25,CS Mint & Gum,FOOD,8,24,0,0.00%,24,0.07%,0.03%
KPS COOL COCONUT,Smoothies,BEVERAGE,1,24,0,0.00%,24,0.01%,0.03%
PEPSI DIET 500ML,Softdrinks,BEVERAGE,4,24,0,0.00%,24,0.04%,0.03%
SMINT CANDY GUM STRAWBERRY 14.2G,CS Mint & Gum,FOOD,6,24,0,0.00%,24,0.05%,0.03%
SNAPPLES FRUIT PUNCH,Fresh Juices,BEVERAGE,2,24,0,0.00%,24,0.02%,0.03%
Steamed Rice,Main course,FOOD,3,24,0,0.00%,24,0.03%,0.03%
SUBSTITUTE SOYA,Soya Milk,FOOD,6,24,0,0.00%,24,0.05%,0.03%
SUBSTITUTE SOYA ALMOND,Soya Milk,FOOD,6,24,0,0.00%,24,0.05%,0.03%
Veg Fried Rice,Main course,FOOD,3,24,0,0.00%,24,0.03%,0.03%
ALMARAI CUSTARD VANILLA 100G,CS Dairy ,FOOD,19,23.75,0,0.00%,23.75,0.17%,0.03%
GILLETTE GEL FUSION COOLING,CS Mens Care,NON FOOD,1,23.75,0,0.00%,23.75,0.01%,0.03%
CADBURY DM FRUIT & NUT 230GM,CS Chocolate ,FOOD,2,23.5,0,0.00%,23.5,0.02%,0.03%
WELLA SH REPAIR 500ML,CS Shampoo & Conditioner,NON FOOD,1,23.5,0,0.00%,23.5,0.01%,0.03%
16 OZ SOYA CAPPUCCINO,Coffee,FOOD,1,23,0,0.00%,23,0.01%,0.03%
BARILLA RICOTTA400G,CS Sauce,FOOD,1,23,0,0.00%,23,0.01%,0.03%
ORAL B TP COMPLETE EXTRA FRESH M,CS Oral Care,NON FOOD,2,23,0,0.00%,23,0.02%,0.03%
SAINT AGUR CHEESE 125G,CS Dairy ,FOOD,1,23,0,0.00%,23,0.01%,0.03%
COCO TREE JUICE 330ML,CS Packet Juice,BEVERAGE,7,22.75,0,0.00%,22.75,0.06%,0.02%
TideReg Original1.5Kg ,CS Laundry Care,NON FOOD,1,22.75,0,0.00%,22.75,0.01%,0.02%
AlwaysUltraNightFresh6,CS Sanitary Care,NON FOOD,3,22.5,0,0.00%,22.5,0.03%,0.02%
DOMESTOS BLEACH LEMON FRESH 750M,CS Cleaning Supplies,NON FOOD,2,22.5,0,0.00%,22.5,0.02%,0.02%
JACK LINKS SWEET HOT BEEF JERKY ,CS Chips & Snacks,FOOD,3,22.5,0,0.00%,22.5,0.03%,0.02%
PHILADELPHIA CHEESE SPREAD 200GM,CS Dairy ,FOOD,2,22.5,0,0.00%,22.5,0.02%,0.02%
RICE KRISPIES KELLOGS 510GM,CS Cereal,FOOD,1,22.5,0,0.00%,22.5,0.01%,0.02%
ANTIDOTE,Fresh Juices,BEVERAGE,1,22,0,0.00%,22,0.01%,0.02%
CADBURY DM CHOCOLATE 230GM,CS Chocolate ,FOOD,2,22,0,0.00%,22,0.02%,0.02%
FALAFEL BURGER,Burgers,FOOD,1,22,0,0.00%,22,0.01%,0.02%
FOUNTAIN SODA SMALL,Softdrinks,BEVERAGE,11,22,0,0.00%,22,0.10%,0.02%
Greek Salad,Salads,FOOD,1,22,0,0.00%,22,0.01%,0.02%
H&S SH LIVELY SILKY 2 IN 1 200ML,CS Shampoo & Conditioner,NON FOOD,2,22,0,0.00%,22,0.02%,0.02%
LUX HW SECRET BLISS 250ML,CS Soap & Handwash,NON FOOD,2,22,0,0.00%,22,0.02%,0.02%
LUX HW SILK SENSATION 250ML,CS Shampoo & Conditioner,NON FOOD,2,22,0,0.00%,22,0.02%,0.02%
MEAN GREEN,Fresh Juices,BEVERAGE,1,22,0,0.00%,22,0.01%,0.02%
POPEYE,Fresh Juices,BEVERAGE,1,22,0,0.00%,22,0.01%,0.02%
SIS SugarCubeWhite 454g,CS Coocking & Baking,FOOD,2,22,0,0.00%,22,0.02%,0.02%
SNAPPLE FRUIT PUNCH JUICE,CS Packet Juice,BEVERAGE,4,22,0,0.00%,22,0.04%,0.02%
SPICED APPLE,BOTANICAL SODAS,BEVERAGE,1,22,0,0.00%,22,0.01%,0.02%
BAYARA EXTRA MIXED NUTS 150GM,CS Nuts & Seeds,FOOD,2,21.5,0,0.00%,21.5,0.02%,0.02%
YUM YUM NO SUGAR PEANUT BUTTER 4,CS Can & Jar Food,FOOD,2,21.5,0,0.00%,21.5,0.02%,0.02%
12 OZ SOYA VANILLA LATTE,Coffee,FOOD,1,21,0,0.00%,21,0.01%,0.02%
BRESSE BLEU CHEESE 150G ,CS Dairy ,FOOD,1,21,0,0.00%,21,0.01%,0.02%
CAREFREE WASH ALOE 200ML ,CS Sanitary Care,NON FOOD,1,21,0,0.00%,21,0.01%,0.02%
COKE CAN 300ML,CS Soft Drinks,BEVERAGE,14,21,0,0.00%,21,0.12%,0.02%
ICED SOYA HAZELNUT LATTE 12 OZ,Coffee,FOOD,1,21,0,0.00%,21,0.01%,0.02%
LISTERINE MW FRESH BURST 250ML,CS Oral Care,NON FOOD,1,21,0,0.00%,21,0.01%,0.02%
MANI CASHEWS ROSTED SEA SALT 40G,CS Dry Fruits,FOOD,4,21,0,0.00%,21,0.04%,0.02%
RED BULL SUGAR FREE 250ML,CS Sports & Energy Drinks,BEVERAGE,3,21,0,0.00%,21,0.03%,0.02%
VITA COCO PEACH & MANGO 330ML,Convenience Beverages,BEVERAGE,2,21,0,0.00%,21,0.02%,0.02%
ALPRO ALMOND MILK 1L,CS Dairy ,FOOD,1,20.5,0,0.00%,20.5,0.01%,0.02%
BONNE MANAM APRICOT PRESERVE 370,CS Can & Jar Food,FOOD,1,20.5,0,0.00%,20.5,0.01%,0.02%
COCO POPS KELLOGS 375GM,CS Cereal,FOOD,1,20.5,0,0.00%,20.5,0.01%,0.02%
CAREFREE ALOE 32PCS,CS Sanitary Care,NON FOOD,1,20.25,0,0.00%,20.25,0.01%,0.02%
16 OZ FRAPPUCINO VANILA,Starbucks,FOOD,1,20,0,0.00%,20,0.01%,0.02%
ADD FLAVOURED SYRUP,Starbucks,FOOD,5,20,0,0.00%,20,0.04%,0.02%
AL MARAI APPLE JUICE 300ML,CS Packet Juice,BEVERAGE,8,20,0,0.00%,20,0.07%,0.02%
BARILA FARFALE500g,CS Pasta & Noodles,FOOD,2,20,0,0.00%,20,0.02%,0.02%
BEEF MAIN,Main course,FOOD,1,20,0,0.00%,20,0.01%,0.02%
CARTE DOR VANILLA 1 SCOOP,Ice cream,FOOD,4,20,0,0.00%,20,0.04%,0.02%
EARL GREY LOOSE TEA,Tea,FOOD,2,20,0,0.00%,20,0.02%,0.02%
MINUTE STEAK,Grill,FOOD,1,20,0,0.00%,20,0.01%,0.02%
RAMBUTAAN PACKET,CS Fresh Fruit,FOOD,1,20,0,0.00%,20,0.01%,0.02%
SMINT CANDY GUM MINT 14.2G,CS Mint & Gum,FOOD,5,20,0,0.00%,20,0.04%,0.02%
UAE Flag 60x35,CS Festival Non Food,NON FOOD,1,20,0,0.00%,20,0.01%,0.02%
WALK IN DINNER,WALK IN DINNER,FOOD,2,20,0,0.00%,20,0.02%,0.02%
WHOLE FRUIT,Dessert,FOOD,4,20,0,0.00%,20,0.04%,0.02%
Yogurt Mango,Yoghurt Pots,FOOD,2,20,0,0.00%,20,0.02%,0.02%
CORNETTO I/C LOVE TOFFEE,CS Ice Cream,FOOD,3,19.5,0,0.00%,19.5,0.03%,0.02%
CORNETTO I/C LOVE VANILLA RASPBE,CS Ice Cream,FOOD,3,19.5,0,0.00%,19.5,0.03%,0.02%
EXTRA PROFESSIONAL WHITE GUM,CS Mint & Gum,FOOD,6,19.5,0,0.00%,19.5,0.05%,0.02%
DOVE SHOWER CUCUMBER & GREEN TEA,CS Bath & Shower,NON FOOD,1,19.25,0,0.00%,19.25,0.01%,0.02%
16 OZ CARAMEL LATTE,Starbucks,FOOD,1,19,0,0.00%,19,0.01%,0.02%
16 OZ HAZEL NUT LATTE,Starbucks,FOOD,1,19,0,0.00%,19,0.01%,0.02%
16 OZ ICED CAFFE MOCHA,Starbucks,FOOD,1,19,0,0.00%,19,0.01%,0.02%
16 OZ SIGNATURE HOT CHOCOLATE,Starbucks,FOOD,1,19,0,0.00%,19,0.01%,0.02%
SCRUMMIES STRAWBERRY CRANBERRIES,CS Dry Fruits,FOOD,4,19,0,0.00%,19,0.04%,0.02%
STREPSILS LEMON SUGAR FREE PACKE,CS Chocolate ,FOOD,1,19,0,0.00%,19,0.01%,0.02%
STREPSILS ORANGE PACKET,CS Chocolate ,FOOD,1,19,0,0.00%,19,0.01%,0.02%
GLAD GARBAGE BAG SMALL 20L X 30,CS Bags/Foil/Wraps,NON FOOD,2,18.5,0,0.00%,18.5,0.02%,0.02%
PRINGLES KETCHUP 165GM,CS Chips & Snacks,FOOD,2,18.5,0,0.00%,18.5,0.02%,0.02%
AXE DEO ANARCHY 4 HIM 150ML,CS Deodrants,NON FOOD,1,18.25,0,0.00%,18.25,0.01%,0.02%
AXE DEO APOLLO 150ML,CS Deodrants,NON FOOD,1,18.25,0,0.00%,18.25,0.01%,0.02%
AXE DEO EXCITE 150ML,CS Deodrants,NON FOOD,1,18.25,0,0.00%,18.25,0.01%,0.02%
AXE DEO GOLD TEMPTATION 150ML,CS Deodrants,NON FOOD,1,18.25,0,0.00%,18.25,0.01%,0.02%
NECTAFLOR SOFT APRICOTS 200GM,CS Dry Fruits,FOOD,1,18.25,0,0.00%,18.25,0.01%,0.02%
NECTAFLOR SOFT CRANBERRIES 200GM,CS Dry Fruits,FOOD,1,18.25,0,0.00%,18.25,0.01%,0.02%
NECTAFLOR SOFT PRUNES 200GM,CS Dry Fruits,FOOD,1,18.25,0,0.00%,18.25,0.01%,0.02%
OREO MILK & CHOCOLATE 16 PACK 44,Biscuit & Cookies,FOOD,1,18.25,0,0.00%,18.25,0.01%,0.02%
OREO ORIGINAL 16 PACK 44GM,Biscuit & Cookies,FOOD,1,18.25,0,0.00%,18.25,0.01%,0.02%
Chai Masala,Tea,BEVERAGE,1,18,0,0.00%,18,0.01%,0.02%
Chicken Chirashi,Sushi,FOOD,1,18,0,0.00%,18,0.01%,0.02%
DOVE HW MOISTURISING 500ML ,CS Soap & Handwash,NON FOOD,1,18,0,0.00%,18,0.01%,0.02%
Eggplant Maki(6pcs),Sushi,FOOD,1,18,0,0.00%,18,0.01%,0.02%
FLAT WHITE,Coffee,BEVERAGE,1,18,0,0.00%,18,0.01%,0.02%
FOUNTAIN SODA LARGE,Softdrinks,BEVERAGE,6,18,0,0.00%,18,0.05%,0.02%
Go Green,Milk Shake,BEVERAGE,1,18,0,0.00%,18,0.01%,0.02%
Jalapenos,Pizza,FOOD,3,18,0,0.00%,18,0.03%,0.02%
LAYS 40GM SALT,CS Chips & Snacks,FOOD,9,18,0,0.00%,18,0.08%,0.02%
Manakeesh(V),Pizza,FOOD,1,18,0,0.00%,18,0.01%,0.02%
Masafi Water1.5Ltr,Water,BEVERAGE,9,18,0,0.00%,18,0.08%,0.02%
Mock Rose,Mocktails,BEVERAGE,1,18,0,0.00%,18,0.01%,0.02%
Muture Cheddar(V),Sandwiches,FOOD,1,18,0,0.00%,18,0.01%,0.02%
NATURE VALLEY ROASTED ALMOND,CS Cereal,FOOD,6,18,0,0.00%,18,0.05%,0.02%
Peppers,Pizza,FOOD,3,18,0,0.00%,18,0.03%,0.02%
SCHOGETTEN CAPPUCCINO 100G,CS Chocolate ,FOOD,3,18,0,0.00%,18,0.03%,0.02%
SCHOGETTEN DARK CHOCOLATE 100GM,CS Chocolate ,FOOD,3,18,0,0.00%,18,0.03%,0.02%
A/G MARASCHINO RED CHERRIES 10OZ,CS Can & Jar Food,FOOD,2,17.5,0,0.00%,17.5,0.02%,0.02%
AL MARAI MIXED FRUIT 300ML,CS Packet Juice,BEVERAGE,7,17.5,0,0.00%,17.5,0.06%,0.02%
CARTE D'OR PINT CHOCOLATE,CS Ice Cream,FOOD,1,17.5,0,0.00%,17.5,0.01%,0.02%
CARTE D'OR PINT COOKIES,CS Ice Cream,FOOD,1,17.5,0,0.00%,17.5,0.01%,0.02%
CARTE D'OR PINT VANILLA,CS Ice Cream,FOOD,1,17.5,0,0.00%,17.5,0.01%,0.02%
MUFFIN BLUEBERRY,CS Bakery,FOOD,5,17.5,0,0.00%,17.5,0.04%,0.02%
WalkersChocolate Chips40g,Biscuits,FOOD,5,17.5,0,0.00%,17.5,0.04%,0.02%
WALKERS SB HIGHLANDERS 40G,Biscuit & Cookies,FOOD,5,17.5,0,0.00%,17.5,0.04%,0.02%
COEUR DE LION PETIT CAMEMBERT 15,CS Dairy ,FOOD,1,17.25,0,0.00%,17.25,0.01%,0.02%
12 OZ Hazel Nut Latte,Starbucks,FOOD,1,17,0,0.00%,17,0.01%,0.02%
ALPEN MUESLI ORIGINAL 375GM,CS Cereal,FOOD,1,16.5,0,0.00%,16.5,0.01%,0.02%
LIFEBUOY BODYWASH COOL FRESH 300,CS Bath & Shower,NON FOOD,1,16.5,0,0.00%,16.5,0.01%,0.02%
DOVE DEO BEAUTY FINISH 150ML,CS Deodrants,NON FOOD,1,16.25,0,0.00%,16.25,0.01%,0.02%
ILE DE FRANCE CHEESE PETIT BRIE ,CS Dairy ,FOOD,1,16.25,0,0.00%,16.25,0.01%,0.02%
JUNGLE OAT BANANA & TOFFEE 500G,CS Cereal,FOOD,1,16.25,0,0.00%,16.25,0.01%,0.02%
JUNGLE OAT CHOCOLATE 500G,CS Cereal,FOOD,1,16.25,0,0.00%,16.25,0.01%,0.02%
PRINGLES 40GM HOT & SPICY,CS Chips & Snacks,FOOD,5,16.25,0,0.00%,16.25,0.04%,0.02%
12 OZ SOYA CAFFE LATTE,Coffee,FOOD,1,16,0,0.00%,16,0.01%,0.02%
12 OZ SOYA CAPPUCCINO,Coffee,FOOD,1,16,0,0.00%,16,0.01%,0.02%
AYESHAS CITRUS SUNRISE,Smoothies,BEVERAGE,1,16,0,0.00%,16,0.01%,0.02%
BOGUTTI CHOCOFIT CHOCO HAZELNUT,Biscuit & Cookies,FOOD,2,16,0,0.00%,16,0.02%,0.02%
CLOROX WIPES DISINFECTING FRESH ,CS Cleaning Supplies,NON FOOD,1,16,0,0.00%,16,0.01%,0.02%
Fresh Orange Juice,Fresh Juices,BEVERAGE,2,16,0,0.00%,16,0.02%,0.02%
FUNHDPSFORKPLM,CS Disposable,NON FOOD,2,16,0,0.00%,16,0.02%,0.02%
INDOMIE PILLOW 5 PCS SPECIAL CHI,CS Pasta & Noodles,FOOD,2,16,0,0.00%,16,0.02%,0.02%
LAYS SALT & VINEGAR 40G,CHIPS,FOOD,4,16,0,0.00%,16,0.04%,0.02%
LEMON DRIZZLE CAKE,Dessert,FOOD,2,16,0,0.00%,16,0.02%,0.02%
Mixed Juice,Fresh Juices,BEVERAGE,1,16,0,0.00%,16,0.01%,0.02%
Moroccan Green Tea,Tea,FOOD,2,16,0,0.00%,16,0.02%,0.02%
POMEGRANATE PACKET,CS Fresh Fruit,FOOD,2,16,0,0.00%,16,0.02%,0.02%
RASPBERRY ICED TEA,Tea,FOOD,2,16,0,0.00%,16,0.02%,0.02%
STILL WATER REG,Water,BEVERAGE,8,16,0,0.00%,16,0.07%,0.02%
THE BERRY CO ACAI BERRY JUICE,Packet Juice,BEVERAGE,2,16,0,0.00%,16,0.02%,0.02%
THE BERRY CO CRANBERRY JUICE,Packet Juice,BEVERAGE,2,16,0,0.00%,16,0.02%,0.02%
TUNA & SWEET CORN,Sandwiches,FOOD,1,16,0,0.00%,16,0.01%,0.02%
UAE Flag Baner20X30,CS Festival Non Food,NON FOOD,2,16,0,0.00%,16,0.02%,0.02%
Ferrarelle 330Ml ,CS Water,BEVERAGE,3,15.75,0,0.00%,15.75,0.03%,0.02%
KELLOGS BARS MILK CHOCO 04PCX1PK,CS Cereal,FOOD,1,15.75,0,0.00%,15.75,0.01%,0.02%
ALPRO SOYA ORIGINAL1L,CS Dairy ,BEVERAGE,1,15.5,0,0.00%,15.5,0.01%,0.02%
DOVE+MCCCDS150ML,CS Shampoo & Conditioner,NON FOOD,1,15.5,0,0.00%,15.5,0.01%,0.02%
OB TAMPONS MINI 16PCS,CS Sanitary Care,NON FOOD,1,15.5,0,0.00%,15.5,0.01%,0.02%
1 Scoop Protein Powder,TOPPINGS,FOOD,3,15,0,0.00%,15,0.03%,0.02%
AL MARAI FRESH MILK LOW FAT 500M,CS Dairy ,FOOD,5,15,0,0.00%,15,0.04%,0.02%
CADBURY DM HAZELNUT 37GM,CS Chocolate ,FOOD,5,15,0,0.00%,15,0.04%,0.02%
CARTE DOR BANANA 1 SCOOP,Ice cream,FOOD,3,15,0,0.00%,15,0.03%,0.02%
CocoPopsCMB20g,CS Cereal,FOOD,5,15,0,0.00%,15,0.04%,0.02%
Extra Fruit,TOPPINGS,FOOD,3,15,0,0.00%,15,0.03%,0.02%
LAYS FORNO BLACK PEPPER 43G,CHIPS,FOOD,3,15,0,0.00%,15,0.03%,0.02%
MentoFruitLime,CS Mint & Gum,FOOD,3,15,0,0.00%,15,0.03%,0.02%
NIVEA MEN SHOWER ENERGY 250ML,CS Bath & Shower,NON FOOD,1,15,0,0.00%,15,0.01%,0.02%
NIVEA MEN SHOWER ORIGINAL CARE 2,CS Bath & Shower,NON FOOD,1,15,0,0.00%,15,0.01%,0.02%
NIVEA SHOWER LEMON GRASS OIL 250,CS Bath & Shower,NON FOOD,1,15,0,0.00%,15,0.01%,0.02%
RiceKrispiesCMB20g,CS Cereal,FOOD,5,15,0,0.00%,15,0.04%,0.02%
SCHOGETTEN KIDS 100GM,CS Chocolate ,FOOD,3,15,0,0.00%,15,0.03%,0.02%
SCHWEPPES GINGER ALE 300M,CS Soft Drinks,BEVERAGE,10,15,0,0.00%,15,0.09%,0.02%
TOBLERONE 50GM,CS Chocolate ,FOOD,3,15,0,0.00%,15,0.03%,0.02%
VEGGIE MAIN,Main course,FOOD,1,15,0,0.00%,15,0.01%,0.02%
LIP GREN GUNPWDR 15 PYRAMID TB,CS Tea,FOOD,1,14.5,0,0.00%,14.5,0.01%,0.02%
NIVEA STICK WOMEN INVISIBLE 40ML,CS Deodrants,NON FOOD,1,14.5,0,0.00%,14.5,0.01%,0.02%
OAT KING BAR PURE 95GM,CS Cereal,FOOD,1,14.5,0,0.00%,14.5,0.01%,0.02%
JIF EASY CLEAN FLOWER BREEZE 1LI,CS Cleaning Supplies,NON FOOD,1,14.25,0,0.00%,14.25,0.01%,0.02%
SCRUMMIES RASPBERRY CRANBERRIES ,CS Dry Fruits,FOOD,3,14.25,0,0.00%,14.25,0.03%,0.02%
AL AIN PINEAPPLE YOGHURT 125GM,CS Dairy ,FOOD,8,14,0,0.00%,14,0.07%,0.02%
AL MARAI FRESH MILK LOW FAT 1L,CS Dairy ,FOOD,2,14,0,0.00%,14,0.02%,0.02%
COKE LIGHT PET 500ML,CS Soft Drinks,BEVERAGE,7,14,0,0.00%,14,0.06%,0.02%
FIRE FLY GRAPE FRUIT,Packet Juice,BEVERAGE,1,14,0,0.00%,14,0.01%,0.02%
FIREFLY RECHARGE POMEGRANATE,Tea,BEVERAGE,1,14,0,0.00%,14,0.01%,0.02%
GALLO RISOTTO ARBORIO 500GM,CS Coocking & Baking,FOOD,1,14,0,0.00%,14,0.01%,0.02%
Green Jasmine Flowers,Tea,BEVERAGE,1,14,0,0.00%,14,0.01%,0.02%
IcedChoclateMachiato,Nespresso,FOOD,1,14,0,0.00%,14,0.01%,0.02%
LAYS 40GM FRENCH CHEESE,CS Chips & Snacks,FOOD,7,14,0,0.00%,14,0.06%,0.02%
Orange,Fresh Juices,BEVERAGE,1,14,0,0.00%,14,0.01%,0.02%
ORGANIC MARROW PACKET,CS Fresh Fruit,FOOD,1,14,0,0.00%,14,0.01%,0.02%
Tea Sachet,Tea,FOOD,1,14,0,0.00%,14,0.01%,0.02%
LINDT EXCELLENCE 85% CACOA 100GM,CS Chocolate ,FOOD,1,13.75,0,0.00%,13.75,0.01%,0.01%
LINDT EXCELLENCE 90% CACOA 100GM,CS Chocolate ,FOOD,1,13.75,0,0.00%,13.75,0.01%,0.01%
OREO DOUBLE STUFF 8 PACK 56GM,Biscuit & Cookies,FOOD,1,13.75,0,0.00%,13.75,0.01%,0.01%
BERRY CO CRANBERRY 1L,CS Packet Juice,BEVERAGE,1,13.5,0,0.00%,13.5,0.01%,0.01%
LACNOR MILK CHOCOLATE 180ML,CS Packet Juice,BEVERAGE,9,13.5,0,0.00%,13.5,0.08%,0.01%
JOHNSONS BODY WASH RASPBERRY 250,CS Bath & Shower,NON FOOD,1,13,0,0.00%,13,0.01%,0.01%
LADY CHOICE CHUNKY PEANUT BUTTER,CS Can & Jar Food,FOOD,1,13,0,0.00%,13,0.01%,0.01%
LADY CHOICE CREAMY PEANUT BUTTER,CS Can & Jar Food,FOOD,1,13,0,0.00%,13,0.01%,0.01%
REXONA ROLLON WOMEN BAMBOO 50ML,CS Deodrants,NON FOOD,1,13,0,0.00%,13,0.01%,0.01%
TOBLERONE WHITE 35GM,CS Chocolate ,FOOD,4,13,0,0.00%,13,0.04%,0.01%
UAE GLOW STICK FLAG 1PCS,CS Festival Non Food,NON FOOD,1,13,0,0.00%,13,0.01%,0.01%
CLEARLY SCRUMPTIOUS CRANBERRY 30,CS Dry Fruits,FOOD,1,12.75,0,0.00%,12.75,0.01%,0.01%
FA SHOWER GEL MEN BLACK SUN 250M,CS Hair Styling & Spray,NON FOOD,1,12.75,0,0.00%,12.75,0.01%,0.01%
JOHN WEST LIGHT TUNA CHUNKS BRIN,CS Coocking & Baking,FOOD,2,12.5,0,0.00%,12.5,0.02%,0.01%
LAYS FRENCH CHEESE 185GM,CS Chips & Snacks,FOOD,2,12.5,0,0.00%,12.5,0.02%,0.01%
LAYS SALT VINEGAR 185GM,CS Chips & Snacks,FOOD,2,12.5,0,0.00%,12.5,0.02%,0.01%
ADD CARAMEL DRIZZLE,Starbucks,FOOD,3,12,0,0.00%,12,0.03%,0.01%
AL MARAI YOGHURT FULL CREAM 170G,CS Dairy ,FOOD,8,12,0,0.00%,12,0.07%,0.01%
BAYARA SALTED PISTACHIOS 150G,CS Nuts & Seeds,FOOD,1,12,0,0.00%,12,0.01%,0.01%
Beef Noodle Soup,Soup ,FOOD,1,12,0,0.00%,12,0.01%,0.01%
CAPRISUN MANGO,CS Packet Juice,BEVERAGE,12,12,0,0.00%,12,0.11%,0.01%
CHOCOLATE CHIP COOKIE,Dessert,FOOD,2,12,0,0.00%,12,0.02%,0.01%
CROISSANT CHEESE,CS Bakery,FOOD,6,12,0,0.00%,12,0.05%,0.01%
CROISSANT PLAIN,CS Bakery,FOOD,8,12,0,0.00%,12,0.07%,0.01%
Diet Coke,Softdrinks,BEVERAGE,2,12,0,0.00%,12,0.02%,0.01%
DOUGHNUT PLAIN,CS Bakery,FOOD,6,12,0,0.00%,12,0.05%,0.01%
DOVE SH NUTRITIVE MOISTURIZING 2,CS Shampoo & Conditioner,NON FOOD,1,12,0,0.00%,12,0.01%,0.01%
EGGPLANT BABY PACKET,CS Fresh Vegatables,FOOD,2,12,0,0.00%,12,0.02%,0.01%
Espresso Macchiato,Nespresso,FOOD,1,12,0,0.00%,12,0.01%,0.01%
ESPRESSO MACCHIATO,Starbucks,FOOD,1,12,0,0.00%,12,0.01%,0.01%
Fruit Salad,Yoghurt Pots,FOOD,1,12,0,0.00%,12,0.01%,0.01%
GALAXY HAZELNUT 40GM,CS Chocolate ,FOOD,4,12,0,0.00%,12,0.04%,0.01%
GYMA BLACK PEPPER 28G,CS Spices & Herbs,FOOD,2,12,0,0.00%,12,0.02%,0.01%
LABELLO FRUITY SHINE 4.8GM,CS Facial Care,NON FOOD,1,12,0,0.00%,12,0.01%,0.01%
LABELLO ORIGINAL CLASSIC CARE 4.,CS Facial Care,NON FOOD,1,12,0,0.00%,12,0.01%,0.01%
LACNOR PEACH 180ML,CS Packet Juice,BEVERAGE,8,12,0,0.00%,12,0.07%,0.01%
Latte Macchiato,Coffee,BEVERAGE,1,12,0,0.00%,12,0.01%,0.01%
LAYS CHILLI 40G,CHIPS,FOOD,3,12,0,0.00%,12,0.03%,0.01%
LUX BW SWEET EMBRACE 250ML,CS Bath & Shower,NON FOOD,1,12,0,0.00%,12,0.01%,0.01%
NATURE VALLEY CANADIAN MAPLE SYR,CS Cereal,FOOD,4,12,0,0.00%,12,0.04%,0.01%
PERRIER WATER 330ML,CS Water,BEVERAGE,3,12,0,0.00%,12,0.03%,0.01%
PERRIER WATER 330ML,Water,BEVERAGE,2,12,0,0.00%,12,0.02%,0.01%
Pineapple,Pizza,FOOD,2,12,0,0.00%,12,0.02%,0.01%
Plum Red,CS Fresh Fruit,FOOD,6,12,0,0.00%,12,0.05%,0.01%
Roasted Almond ,Cereal Bar,FOOD,4,12,0,0.00%,12,0.04%,0.01%
BAYARA MIXED NUTS 300GM,CS Nuts & Seeds,FOOD,1,11.75,0,0.00%,11.75,0.01%,0.01%
BEST CAN ALMONDS SALTED 110GM,CS Nuts & Seeds,FOOD,1,11.75,0,0.00%,11.75,0.01%,0.01%
PHILADELPHIA LIGHT CHEESE SPREAD,CS Dairy ,FOOD,1,11.5,0,0.00%,11.5,0.01%,0.01%
SMINT POCKET WILDBERRY,CS Mint & Gum,FOOD,2,11.5,0,0.00%,11.5,0.02%,0.01%
BEST 30GM SALTED PISTACHIO,CS Nuts & Seeds,FOOD,4,11.25,0,0.00%,11.25,0.04%,0.01%
BAHLSEN LEIBNIZ MINIS BUTTER 100,Biscuit & Cookies,FOOD,2,11,0,0.00%,11,0.02%,0.01%
CDMFrt&NutCdbry230g,CS Chocolate ,FOOD,1,11,0,0.00%,11,0.01%,0.01%
LIFEBUOY HW TOTAL 10 200ML,CS Soap & Handwash,NON FOOD,1,11,0,0.00%,11,0.01%,0.01%
PANTENE SH DAILY CARE 200ML,CS Shampoo & Conditioner,NON FOOD,1,11,0,0.00%,11,0.01%,0.01%
Sugar Granul2Kg ,CS Coocking & Baking,FOOD,1,11,0,0.00%,11,0.01%,0.01%
TAMPAX SUPER,CS Sanitary Care,NON FOOD,1,11,0,0.00%,11,0.01%,0.01%
YUM YUM CRUNCHY PEANUT BUTTER 40,CS Dairy ,FOOD,1,10.75,0,0.00%,10.75,0.01%,0.01%
BEST 13GM ALMOND,CS Nuts & Seeds,FOOD,5,10.5,0,0.00%,10.5,0.04%,0.01%
BEST 30GM SALTED PEANUTS,CS Nuts & Seeds,FOOD,7,10.5,0,0.00%,10.5,0.06%,0.01%
BISCUITSDIGES250 ,Biscuit & Cookies,FOOD,1,10.5,0,0.00%,10.5,0.01%,0.01%
BRIE PORT CHEESE COEUR DE LION 1,CS Dairy ,FOOD,1,10.5,0,0.00%,10.5,0.01%,0.01%
FAMILIA 50GM MUESLI CHOCO,CS Cereal,FOOD,3,10.5,0,0.00%,10.5,0.03%,0.01%
GYMA 5PEPPER MIX25G,CS Spices & Herbs,FOOD,1,10.5,0,0.00%,10.5,0.01%,0.01%
KOKA CUP CHICKEN,CS Pasta & Noodles,FOOD,3,10.5,0,0.00%,10.5,0.03%,0.01%
MUFFIN APPLE,CS Bakery,FOOD,3,10.5,0,0.00%,10.5,0.03%,0.01%
SPRITE CAN 355ML,CS Soft Drinks,BEVERAGE,7,10.5,0,0.00%,10.5,0.06%,0.01%
LABELLO MEN ACTIVE CARE 4.8G,CS Facial Care,NON FOOD,1,10.25,0,0.00%,10.25,0.01%,0.01%
AL AIN WATER 5 LTR,CS Water,BEVERAGE,4,10,0,0.00%,10,0.04%,0.01%
AL RABIE MANGO PASSION 330ML,CS Fresh Juice,BEVERAGE,4,10,0,0.00%,10,0.04%,0.01%
AL RABIE ORANGE 330ML,CS Packet Juice,BEVERAGE,4,10,0,0.00%,10,0.04%,0.01%
Alrabi PineApple/Coconut330M,Fresh Juices,FOOD,4,10,0,0.00%,10,0.04%,0.01%
Castania Peanut 60g,CS Nuts & Seeds,FOOD,2,10,0,0.00%,10,0.02%,0.01%
CERES CRANBERRY KIWI JUICE 1L,CS Packet Juice,BEVERAGE,1,10,0,0.00%,10,0.01%,0.01%
COKE PET 500ML,CS Soft Drinks,BEVERAGE,5,10,0,0.00%,10,0.04%,0.01%
DARJEELING LOOSE TEA,Tea,FOOD,1,10,0,0.00%,10,0.01%,0.01%
Fresh Pineapple Juice,Fresh Juices,BEVERAGE,1,10,0,0.00%,10,0.01%,0.01%
GATORADE TOPICL FRUIT PET 500ML,CS Sports & Energy Drinks,BEVERAGE,2,10,0,0.00%,10,0.02%,0.01%
JASMINE GREEN LOOSE TEA,Tea,FOOD,1,10,0,0.00%,10,0.01%,0.01%
Mars,Chocolate,FOOD,2,10,0,0.00%,10,0.02%,0.01%
MIXED NUT & CEREAL 8 OZ,Peannuts,FOOD,1,10,0,0.00%,10,0.01%,0.01%
Orange Pcs,CS Fresh Fruit,FOOD,5,10,0,0.00%,10,0.04%,0.01%
SENCHA GREEN LOOSE TEA,Tea,FOOD,1,10,0,0.00%,10,0.01%,0.01%
Sweet Potato Wedges,Extras,FOOD,1,10,0,0.00%,10,0.01%,0.01%
UAE Flag Clear Soft,CS Festival Non Food,NON FOOD,1,10,0,0.00%,10,0.01%,0.01%
ALMARAI JAR CREAM SPREAD CHEESE ,CS Dairy ,FOOD,1,9.75,0,0.00%,9.75,0.01%,0.01%
CLOSEUP FIRE FREEZE INTENSE 100M,CS Oral Care,NON FOOD,1,9.75,0,0.00%,9.75,0.01%,0.01%
GILLETTE FOAM MENTHOL,CS Mens Care,NON FOOD,1,9.75,0,0.00%,9.75,0.01%,0.01%
JIF WINDOW CLEANER SPRAY 500ML,CS Cleaning Supplies,NON FOOD,1,9.75,0,0.00%,9.75,0.01%,0.01%
PRINGLES 40GM ORIGINAL,CS Chips & Snacks,FOOD,3,9.75,0,0.00%,9.75,0.03%,0.01%
SUNSILK SH ANTI DANDRUFF SOLUTIO,CS Shampoo & Conditioner,NON FOOD,1,9.75,0,0.00%,9.75,0.01%,0.01%
VOCHELLE BLOCK FRUIT&NUTS 180G,CS Chocolate ,FOOD,1,9.75,0,0.00%,9.75,0.01%,0.01%
BEST CAN MIXED NUTS 110GM,CS Nuts & Seeds,FOOD,1,9.5,0,0.00%,9.5,0.01%,0.01%
JWLIGHTMEATOIL170G,CS Can & Jar Food,FOOD,1,9.5,0,0.00%,9.5,0.01%,0.01%
LIPTON EARL GREY 25 TB,CS Tea,FOOD,1,9.5,0,0.00%,9.5,0.01%,0.01%
AL MARAI LABAN FULL FAT 360ML,CS Dairy ,FOOD,3,9,0,0.00%,9,0.03%,0.01%
Apple Crunch,Cereal Bar,FOOD,3,9,0,0.00%,9,0.03%,0.01%
ARIEL 260GM BLUE,CS Laundry Care,NON FOOD,2,9,0,0.00%,9,0.02%,0.01%
CARTE DOR LEMON SORBET 2 SCOOP,Ice cream,FOOD,1,9,0,0.00%,9,0.01%,0.01%
CERES PINE APPLE JUICE 1L,CS Packet Juice,BEVERAGE,1,9,0,0.00%,9,0.01%,0.01%
ENOKI MUSHROOM PACKET,CS Fresh Vegatables,FOOD,1,9,0,0.00%,9,0.01%,0.01%
EXT BAR PEANUT,CS Cereal,FOOD,1,9,0,0.00%,9,0.01%,0.01%
GLADZprSandwichBg,CS Bags/Foil/Wraps,NON FOOD,1,9,0,0.00%,9,0.01%,0.01%
HeinzBaked Beans415g ,CS Can & Jar Food,FOOD,2,9,0,0.00%,9,0.02%,0.01%
Lacnor Cocktail180ML,Fresh Juices,FOOD,6,9,0,0.00%,9,0.05%,0.01%
Potato Wedges,Extras,FOOD,1,9,0,0.00%,9,0.01%,0.01%
SIGNALC8AGold120M,CS Oral Care,NON FOOD,1,9,0,0.00%,9,0.01%,0.01%
SLICED BREAD BROWN JUMBO,CS Bakery,FOOD,2,9,0,0.00%,9,0.02%,0.01%
AL AIN YOGHURT FULL CREAM 170GM,CS Dairy ,FOOD,7,8.75,0,0.00%,8.75,0.06%,0.01%
FRUIT TELLA STRAWBERRY 39G,CS Mint & Gum,FOOD,5,8.75,0,0.00%,8.75,0.04%,0.01%
A/G GREEN BEANS CUT 14.5OZ,CS Can & Jar Food,FOOD,2,8.5,0,0.00%,8.5,0.02%,0.01%
NESCAFE SACHET RED MUG 1 PCS,CS Coffee,FOOD,11,8.25,0,0.00%,8.25,0.10%,0.01%
PERRIER WATER SLIM CAN 250ML,Convenience Beverages,BEVERAGE,3,8.25,0,0.00%,8.25,0.03%,0.01%
ADD CARAMEL DRIZZLE,Starbucks,FOOD,2,8,0,0.00%,8,0.02%,0.01%
AL AIN LABAN 250ML,CS Dairy ,FOOD,4,8,0,0.00%,8,0.04%,0.01%
ALPEN BAR FRUIT NUT MILK CHOCOLA,CS Cereal,FOOD,2,8,0,0.00%,8,0.02%,0.01%
BOGUTTI CHOCOFIT CHOCO CRANBERRY,Biscuit & Cookies,FOOD,1,8,0,0.00%,8,0.01%,0.01%
BREAKFAST TEA BAG,Tea,FOOD,1,8,0,0.00%,8,0.01%,0.01%
CAPRISUN MIXED FRUIT,CS Packet Juice,BEVERAGE,8,8,0,0.00%,8,0.07%,0.01%
Extra Cheese,Cheese,FOOD,2,8,0,0.00%,8,0.02%,0.01%
EXTRA PELLET STRAWBERRY GUM,Biscuit & Cookies,FOOD,4,8,0,0.00%,8,0.04%,0.01%
FUN PLASTIC PLATE FUCHSIA 10PCS ,CS Disposable,NON FOOD,1,8,0,0.00%,8,0.01%,0.01%
FUN WOODEN SPOON 25PCS,CS Disposable,NON FOOD,2,8,0,0.00%,8,0.02%,0.01%
GINGER PACKET,CS Fresh Vegatables,FOOD,1,8,0,0.00%,8,0.01%,0.01%
GLASS OF MILK,Milk,FOOD,2,8,0,0.00%,8,0.02%,0.01%
JASMINE ICED TEA,Tea,FOOD,1,8,0,0.00%,8,0.01%,0.01%
Khubus Bread,Breakfast,FOOD,4,8,0,0.00%,8,0.04%,0.01%
Lacnor Low Fat Milk 1L,CS Dairy ,BEVERAGE,2,8,0,0.00%,8,0.02%,0.01%
LAYS 40GM CHILLI,CS Chips & Snacks,FOOD,4,8,0,0.00%,8,0.04%,0.01%
LAYS CHEESE & ONION 40G,CHIPS,FOOD,2,8,0,0.00%,8,0.02%,0.01%
LEMON PACKET,CS Fresh Fruit,FOOD,1,8,0,0.00%,8,0.01%,0.01%
LIFEBUOY HAND SANITIZER,CS Soap & Handwash,NON FOOD,1,8,0,0.00%,8,0.01%,0.01%
Peach Iced Tea,Tea,BEVERAGE,1,8,0,0.00%,8,0.01%,0.01%
PORTION FRIES,Condiments,FOOD,1,8,0,0.00%,8,0.01%,0.01%
Sprite,Softdrinks,BEVERAGE,2,8,0,0.00%,8,0.02%,0.01%
SUNSILK SH VIRANT COLOR PROTECTI,CS Shampoo & Conditioner,NON FOOD,1,8,0,0.00%,8,0.01%,0.01%
SUPREME CEYLON TEA BAG,Tea,FOOD,1,8,0,0.00%,8,0.01%,0.01%
TEA BAG GREEN,Tea,FOOD,1,8,0,0.00%,8,0.01%,0.01%
THE BERRY CO BLUEBERRY JUICE,Packet Juice,BEVERAGE,1,8,0,0.00%,8,0.01%,0.01%
THE BERRY CO GOJI BERRY JUICE,Packet Juice,BEVERAGE,1,8,0,0.00%,8,0.01%,0.01%
THE BERRY CO PURPLE SUPERBERRY J,Packet Juice,BEVERAGE,1,8,0,0.00%,8,0.01%,0.01%
UAE Flag Blowout,CS Festival Non Food,NON FOOD,1,8,0,0.00%,8,0.01%,0.01%
FUN PLASTIC SPOON PLUM 18PCS,CS Disposable,NON FOOD,1,7.75,0,0.00%,7.75,0.01%,0.01%
7 UP CAN 355 ML,CS Soft Drinks,BEVERAGE,5,7.5,0,0.00%,7.5,0.04%,0.01%
AL RABIE LIME KIWI 330ML,CS Packet Juice,BEVERAGE,3,7.5,0,0.00%,7.5,0.03%,0.01%
DOUGHNUT JAM,CS Bakery,FOOD,5,7.5,0,0.00%,7.5,0.04%,0.01%
JACK LINKS TERIYAKI BEEF JERKY 2,CS Chips & Snacks,FOOD,1,7.5,0,0.00%,7.5,0.01%,0.01%
MENTOS CHEWY MINT 30GM,CS Mint & Gum,FOOD,6,7.5,0,0.00%,7.5,0.05%,0.01%
MENTOS ICE CHERRY MINT 10G,CS Mint & Gum,FOOD,6,7.5,0,0.00%,7.5,0.05%,0.01%
MENTOS BOTTLE PURE WINTER GREEN,CS Mint & Gum,FOOD,1,7.25,0,0.00%,7.25,0.01%,0.01%
SIGNAL TP HERBAL MESWAK 120ML,CS Oral Care,NON FOOD,1,7.25,0,0.00%,7.25,0.01%,0.01%
AL AIN FRESH MILK 1L SKIMMED,CS Dairy ,FOOD,1,7,0,0.00%,7,0.01%,0.01%
AL AIN KIWI APPLE YOGHURT 125GM,CS Dairy ,FOOD,4,7,0,0.00%,7,0.04%,0.01%
AMLacto Free Milk 1L,CS Dairy ,FOOD,1,7,0,0.00%,7,0.01%,0.01%
Castania Peanuts60g,Peannuts,FOOD,1,7,0,0.00%,7,0.01%,0.01%
CRANBERRY WITH SODA,Fresh Juices,FOOD,1,7,0,0.00%,7,0.01%,0.01%
GLADClingWrap100sqft,CS Bags/Foil/Wraps,NON FOOD,1,7,0,0.00%,7,0.01%,0.01%
LUX BAR CREAMY PERFECTION 120GM,CS Soap & Handwash,NON FOOD,2,7,0,0.00%,7,0.02%,0.01%
PLAIN AU CHOCOLATE,PASTRIES,FOOD,1,7,0,0.00%,7,0.01%,0.01%
Tide HS MB260g ,CS Laundry Care,NON FOOD,2,7,0,0.00%,7,0.02%,0.01%
ALMARAI SANDWICH SLICE CHEESE 20,CS Dairy ,FOOD,1,6.75,0,0.00%,6.75,0.01%,0.01%
LIPTON GREEN TEA CLASSIC TEA BAG,CS Tea,FOOD,1,6.75,0,0.00%,6.75,0.01%,0.01%
CORNETTO I/C LOVE COOKIE,CS Ice Cream,FOOD,1,6.5,0,0.00%,6.5,0.01%,0.01%
UAE BADGE MAGNET,CS Festival Non Food,NON FOOD,1,6.5,0,0.00%,6.5,0.01%,0.01%
CREST TP MILD MINT 125ML,CS Oral Care,NON FOOD,1,6.25,0,0.00%,6.25,0.01%,0.01%
Chicken Tikka,Pizza,FOOD,1,6,0,0.00%,6,0.01%,0.01%
COCA COAL LIGHT PET 500ML,Softdrinks,BEVERAGE,1,6,0,0.00%,6,0.01%,0.01%
COCA COLA PET 500ML,Softdrinks,BEVERAGE,1,6,0,0.00%,6,0.01%,0.01%
COKE ZERO CAN 300M,CS Soft Drinks,BEVERAGE,4,6,0,0.00%,6,0.04%,0.01%
Fountain Drink,Softdrinks,BEVERAGE,2,6,0,0.00%,6,0.02%,0.01%
Fruit&NCadbry40g,CS Chocolate ,FOOD,2,6,0,0.00%,6,0.02%,0.01%
GranAppleCunch,CS Cereal,FOOD,2,6,0,0.00%,6,0.02%,0.01%
Grilled Veg Olives,Pizza,FOOD,1,6,0,0.00%,6,0.01%,0.01%
LAYS 40GM SALT VINEGAR,CS Chips & Snacks,FOOD,3,6,0,0.00%,6,0.03%,0.01%
Lemon,CS Fresh Vegatables,FOOD,3,6,0,0.00%,6,0.03%,0.01%
LIP MAGIC AROMA 25TB,CS Tea,FOOD,1,6,0,0.00%,6,0.01%,0.01%
LIPTON YELLOW LABEL TEA BAG 25PC,CS Tea,FOOD,1,6,0,0.00%,6,0.01%,0.01%
Mini Muffins,Extras,FOOD,2,6,0,0.00%,6,0.02%,0.01%
NATURE VALLEY OATS & HONEY,CS Cereal,FOOD,2,6,0,0.00%,6,0.02%,0.01%
Pear,CS Fresh Fruit,FOOD,3,6,0,0.00%,6,0.03%,0.01%
PEPSI PET 500ML,Softdrinks,BEVERAGE,1,6,0,0.00%,6,0.01%,0.01%
Perrier Water,Water,BEVERAGE,1,6,0,0.00%,6,0.01%,0.01%
PREMIUM DESSERT,Dessert,FOOD,1,6,0,0.00%,6,0.01%,0.01%
TEA,Tea,FOOD,3,6,0,0.00%,6,0.03%,0.01%
Teriyaki Chicken,Pizza,FOOD,1,6,0,0.00%,6,0.01%,0.01%
FANTA ORANGE CAN,Softdrinks,BEVERAGE,2,5.5,0,0.00%,5.5,0.02%,0.01%
KIWI CROWN BROWN LIQUID,CS Others,NON FOOD,1,5.5,0,0.00%,5.5,0.01%,0.01%
MANI 20G ALMONDS SMOKED BBQ,CS Dry Fruits,FOOD,2,5.5,0,0.00%,5.5,0.02%,0.01%
MODERN BAKE MANGO PISTA ENERGY B,CS Cereal,FOOD,1,5.5,0,0.00%,5.5,0.01%,0.01%
VOCHELLE DARK CHOC FRUIT & NUTS ,CS Chocolate ,FOOD,1,5.5,0,0.00%,5.5,0.01%,0.01%
MANI PISTACHIOS SALT PEPPER 40G,CS Dry Fruits,FOOD,1,5.25,0,0.00%,5.25,0.01%,0.01%
Add Mini PastryCombo,Dessert,FOOD,5,5,0,0.00%,5,0.04%,0.01%
AL RABIE ORANGE PEACH 330ML,Fresh Juices,BEVERAGE,2,5,0,0.00%,5,0.02%,0.01%
BEETROOT PACKET,CS Fresh Vegatables,FOOD,1,5,0,0.00%,5,0.01%,0.01%
Cadburry,Chocolate,FOOD,1,5,0,0.00%,5,0.01%,0.01%
CARTE DOR CARAMEL 1 SCOOP,Ice cream,FOOD,1,5,0,0.00%,5,0.01%,0.01%
CARTE DOR LEMON SORBET 1 SCOOP,Ice cream,FOOD,1,5,0,0.00%,5,0.01%,0.01%
CROISSANT ZATAR,CS Bakery,FOOD,2,5,0,0.00%,5,0.02%,0.01%
DORITOS 180GM SWEET CHILI PEPPER,CS Chips & Snacks,FOOD,2,5,0,0.00%,5,0.02%,0.01%
DOUGHNUT CHOCOLATE,CS Bakery,FOOD,2,5,0,0.00%,5,0.02%,0.01%
FANTA LARGE 2.25L,CS Soft Drinks,BEVERAGE,1,5,0,0.00%,5,0.01%,0.01%
Galaxy,Chocolate,FOOD,1,5,0,0.00%,5,0.01%,0.01%
Kit Kat,Chocolate,FOOD,1,5,0,0.00%,5,0.01%,0.01%
KNOR FRENCH ONION SOUP60G,CS Packet Food,FOOD,1,5,0,0.00%,5,0.01%,0.01%
LAYS FORNO CHEESE 43G,CHIPS,FOOD,1,5,0,0.00%,5,0.01%,0.01%
MixedNuts50g,CS Nuts & Seeds,FOOD,2,5,0,0.00%,5,0.02%,0.01%
ORAL B BRUSH KIDS,CS Oral Care,NON FOOD,1,5,0,0.00%,5,0.01%,0.01%
SCHOGETTEN HAZELNUT100G,CS Chocolate ,FOOD,1,5,0,0.00%,5,0.01%,0.01%
VASELINE PETROLEUM JELLY 60ML,CS Body Care,NON FOOD,1,5,0,0.00%,5,0.01%,0.01%
CASTANIA KRI KRI 60G,CS Nuts & Seeds,FOOD,1,4.75,0,0.00%,4.75,0.01%,0.01%
DOUGHNUT ICING WHITE,CS Bakery,FOOD,3,4.5,0,0.00%,4.5,0.03%,0.00%
KNORR PACKET GOURMET WHITE GREEN,CS Packet Food,FOOD,1,4.5,0,0.00%,4.5,0.01%,0.00%
LACNOR MILK STRAWBERRY 180ML,CS Packet Juice,BEVERAGE,3,4.5,0,0.00%,4.5,0.03%,0.00%
MOUNTAIN DEW CAN 335ML ,CS Soft Drinks,BEVERAGE,3,4.5,0,0.00%,4.5,0.03%,0.00%
ALPEN BAR FRUIT NUT 28GM,CS Cereal,FOOD,1,4,0,0.00%,4,0.01%,0.00%
BAYARA FGINGER POWDER BOTTLE 100,CS Spices & Herbs,FOOD,1,4,0,0.00%,4,0.01%,0.00%
BAYARA POWDER BOTTLE 100ML,CS Spices & Herbs,FOOD,1,4,0,0.00%,4,0.01%,0.00%
CLOROX SPONGE SCOURER 1PCS,CS Cleaning Supplies,NON FOOD,1,4,0,0.00%,4,0.01%,0.00%
Coke Zero,Softdrinks,BEVERAGE,1,4,0,0.00%,4,0.01%,0.00%
CROISSANT HI BUTTER ZATAR,CS Bakery,FOOD,1,4,0,0.00%,4,0.01%,0.00%
D Sprite,Softdrinks,BEVERAGE,1,4,0,0.00%,4,0.01%,0.00%
LAYS KETCHUP 40G,CHIPS,FOOD,1,4,0,0.00%,4,0.01%,0.00%
NutroChoco90g,Biscuit & Cookies,FOOD,2,4,0,0.00%,4,0.02%,0.00%
Nutro Straw90gm,Biscuit & Cookies,FOOD,2,4,0,0.00%,4,0.02%,0.00%
PEPSI PET 500M,CS Soft Drinks,BEVERAGE,2,4,0,0.00%,4,0.02%,0.00%
SPRITE LIGHT CAN,Softdrinks,BEVERAGE,1,4,0,0.00%,4,0.01%,0.00%
SPRITE PET 500ML,CS Soft Drinks,BEVERAGE,2,4,0,0.00%,4,0.02%,0.00%
BAYARA SALTED PISTACHIOS 50GM,CS Dry Fruits,FOOD,1,3.75,0,0.00%,3.75,0.01%,0.00%
"BUN BREAD SEASAME 4"" 6 PCS",CS Bakery,FOOD,1,3.5,0,0.00%,3.5,0.01%,0.00%
KOKA CUP SEAFOOD,CS Pasta & Noodles,FOOD,1,3.5,0,0.00%,3.5,0.01%,0.00%
KOKA CUP SPICY SHRIMP,CS Pasta & Noodles,FOOD,1,3.5,0,0.00%,3.5,0.01%,0.00%
LUX BAR DREAM DELIGHT 120GM,CS Soap & Handwash,NON FOOD,1,3.5,0,0.00%,3.5,0.01%,0.00%
WALKERS SB CHOCO CHIPS 40G,Biscuit & Cookies,FOOD,1,3.5,0,0.00%,3.5,0.01%,0.00%
GALAXY SMOOTH MILK 40GM,CS Chocolate ,FOOD,1,3.25,0,0.00%,3.25,0.01%,0.00%
JACK LINKS STICK ORIGINAL BEEF J,CS Chips & Snacks,FOOD,1,3.25,0,0.00%,3.25,0.01%,0.00%
AL AIN MORNING MANGO MUSELI 250G,CS Dairy ,FOOD,1,3,0,0.00%,3,0.01%,0.00%
AL MARAI LABAN FULL FAT 360ML,CS Dairy ,FOOD,1,3,0,0.00%,3,0.01%,0.00%
AXE OIL SMALL,CS Others,NON FOOD,1,3,0,0.00%,3,0.01%,0.00%
Best SaltedCashew30g,Peannuts,FOOD,1,3,0,0.00%,3,0.01%,0.00%
CAPRISUN PINEAPPLE,CS Packet Juice,BEVERAGE,3,3,0,0.00%,3,0.03%,0.00%
Laban 500ML,CS Dairy ,FOOD,1,3,0,0.00%,3,0.01%,0.00%
NATURE VALLEY APPLE CRIS,CS Cereal,FOOD,1,3,0,0.00%,3,0.01%,0.00%
PEPSI CAN 355ML ,CS Soft Drinks,BEVERAGE,2,3,0,0.00%,3,0.02%,0.00%
POKKA PEACH ICED TEA 330ML,CS Soft Drinks,BEVERAGE,1,3,0,0.00%,3,0.01%,0.00%
SCHWEPPES BITTER LEMON 300M,CS Soft Drinks,BEVERAGE,2,3,0,0.00%,3,0.02%,0.00%
SCHWEPPES SODA CAN 300M,CS Soft Drinks,BEVERAGE,2,3,0,0.00%,3,0.02%,0.00%
SCHWEPPES TONIC WATER CAN 300M,CS Soft Drinks,BEVERAGE,2,3,0,0.00%,3,0.02%,0.00%
SPRITE LIGHT CAN 330ML ,CS Soft Drinks,BEVERAGE,2,3,0,0.00%,3,0.02%,0.00%
TOBLETOBLERONE MILK 35GM,CS Chocolate ,FOOD,1,3,0,0.00%,3,0.01%,0.00%
BAYARA SALT BOTTLE 100ML,CS Coocking & Baking,FOOD,1,2.75,0,0.00%,2.75,0.01%,0.00%
Nail Cutter ,CS Others,NON FOOD,1,2.5,0,0.00%,2.5,0.01%,0.00%
ADD SOYA MILK,Starbucks,FOOD,1,2,0,0.00%,2,0.01%,0.00%
Alain Large 1.5ml,Water,BEVERAGE,1,2,0,0.00%,2,0.01%,0.00%
CAPRISUN STRAWBERY ,CS Packet Juice,BEVERAGE,2,2,0,0.00%,2,0.02%,0.00%
EXTRA PELLET WHITE GUM,CS Mint & Gum,FOOD,1,2,0,0.00%,2,0.01%,0.00%
HONEY & MUSTARD SAUCE,Extras,FOOD,1,2,0,0.00%,2,0.01%,0.00%
MAGGI STOCK CUBE BEEF,CS Sauce,FOOD,2,2,0,0.00%,2,0.02%,0.00%
MAGGI STOCK CUBE CHICKEN,CS Sauce,FOOD,2,2,0,0.00%,2,0.02%,0.00%
SAFETY MATCH STICK BOX,CS Non Food,NON FOOD,1,1.75,0,0.00%,1.75,0.01%,0.00%
SUPER GLUE 3G,CS Others,NON FOOD,1,1.75,0,0.00%,1.75,0.01%,0.00%
AlAinYogLFat170g,CS Dairy ,FOOD,1,1.5,0,0.00%,1.5,0.01%,0.00%
LACNOR APPLE 180ML,CS Packet Juice,BEVERAGE,1,1.5,0,0.00%,1.5,0.01%,0.00%
LacnorGuava180ML ,CS Packet Juice,BEVERAGE,1,1.5,0,0.00%,1.5,0.01%,0.00%
LACNOR PINEAPPLE180ml,CS Packet Juice,BEVERAGE,1,1.5,0,0.00%,1.5,0.01%,0.00%
MANI 20G PEANUTS SPICY PAPRIKA,CS Dry Fruits,FOOD,1,1.5,0,0.00%,1.5,0.01%,0.00%
Mirinda Orange355M,Softdrinks,FOOD,1,1.5,0,0.00%,1.5,0.01%,0.00%
MUDHISH CHIPS CHILLI RIPPLES 15G,CS Chips & Snacks,FOOD,2,1.5,0,0.00%,1.5,0.02%,0.00%
Al Ain 1.5 L,Water,BEVERAGE,3,0,0,0.00%,0,0.03%,0.00%
Coffee Filter,Tea,BEVERAGE,5,0,0,0.00%,0,0.04%,0.00%
Pepsi,Softdrinks,BEVERAGE,1,0,0,0.00%,0,0.01%,0.00%
SPRITE LIGHT CAN,Softdrinks,BEVERAGE,2,0,0,0.00%,0,0.02%,0.00%
Tea Regular,Tea,BEVERAGE,1,0,0,0.00%,0,0.01%,0.00%
TOTAL*,,,"9,429","91,796.83",0,0.00%,"91,796.83",83.02%,100.00%
,,,,,,,,,
