Menu Engineering Items Summary,,,,,,,,,
,,,,,,,,,
Business Dates,12/11/2015,,,,,,,,
Locations,"DEMO,UAE",,,,,,,,
Revenue Centers,All,,,,,,,,
Menu Items,All,,,,,,,,
,,,,,,,,,
Menu Item Name,Family Group,Major Group,Qty Sold,Net Sales,Prep Cost,Cost %,Margin Less Item Disc,% Qty,% Margin
Stud Meal Combo,Main course,FOOD,286,"8,580.00",0,0.00%,"8,580.00",3.05%,12.35%
Classic Angus Burger,Burgers,FOOD,77,"2,310.00",0,0.00%,"2,310.00",0.82%,3.33%
MARINATED SALMON STEAK,Grill,FOOD,68,"2,040.00",0,0.00%,"2,040.00",0.73%,2.94%
Student Breakfast,Breakfast,FOOD,63,"1,890.00",0,0.00%,"1,890.00",0.67%,2.72%
CHICKEN MEAL ,Main course,FOOD,74,"1,850.00",0,0.00%,"1,850.00",0.79%,2.66%
Margherita(V),Pizza,FOOD,60,"1,500.00",0,0.00%,"1,500.00",0.64%,2.16%
Tenderloin Steak,Burgers,FOOD,44,"1,320.00",0,0.00%,"1,320.00",0.47%,1.90%
Chicken Steak,Grill,FOOD,45,"1,080.00",0,0.00%,"1,080.00",0.48%,1.55%
BEEF MEAL,Main course,FOOD,42,"1,050.00",0,0.00%,"1,050.00",0.45%,1.51%
BBQ Glazed Chicken,Sandwiches,FOOD,46,966,0,0.00%,966,0.49%,1.39%
Slice of the Day,Pizza,FOOD,193,965,0,0.00%,965,2.06%,1.39%
Grilled Chicken Burger,Burgers,FOOD,36,864,0,0.00%,864,0.38%,1.24%
Buffet Meal,Main course,FOOD,34,726,0,0.00%,726,0.36%,1.05%
Chicken Caesar,Salads,FOOD,27,675,0,0.00%,675,0.29%,0.97%
Falafel Tomato & Hummus(V),Sandwiches,FOOD,34,612,0,0.00%,612,0.36%,0.88%
SERCO LUNCH,SERCO LUNCH,FOOD,40,600,0,0.00%,600,0.43%,0.86%
FG MEDIUM BOWL,FEEL GOOD,FOOD,33,594,0,0.00%,594,0.35%,0.86%
Take Away Box,Take Away Boxes,NON FOOD,197,591,0,0.00%,591,2.10%,0.85%
Smoked Salmon,Sandwiches,FOOD,22,550,0,0.00%,550,0.23%,0.79%
Masafi Water500ml,Water,BEVERAGE,531,531,0,0.00%,531,5.67%,0.76%
Two Eggs ,Breakfast,FOOD,102,510,0,0.00%,510,1.09%,0.73%
Chicken Tikka,Sandwiches,FOOD,21,504,0,0.00%,504,0.22%,0.73%
Tandoori Chicken,Pizza,FOOD,13,468,0,0.00%,468,0.14%,0.67%
Go Large,Pizza,FOOD,58,464,0,0.00%,464,0.62%,0.67%
7 OZ DOUBLE SHOT ICED SHAKEN,Starbucks,FOOD,32,448,0,0.00%,448,0.34%,0.64%
FRESH JUICE SMALL,Breakfast,FOOD,111,444,0,0.00%,444,1.18%,0.64%
Homemade Beef Burger,Burgers,FOOD,22,440,0,0.00%,440,0.23%,0.63%
16 OZ CAFFE LATTE,Starbucks,FOOD,31,434,0,0.00%,434,0.33%,0.62%
Fresh Fruit Pcs,Extras,FOOD,141,423,0,0.00%,423,1.50%,0.61%
Buffet Fruit Salad,Salads,FOOD,85,420,0,0.00%,420,0.91%,0.60%
FG LARGE BOWL,FEEL GOOD,FOOD,16,416,0,0.00%,416,0.17%,0.60%
FRESH JUICE LARGE,Fresh Juices,FOOD,58,406,0,0.00%,406,0.62%,0.58%
SERCO BREAKFAST,SERCO BREAKFAST,FOOD,25,375,0,0.00%,375,0.27%,0.54%
SERCO DINNER,SERCO DINNER,FOOD,25,375,0,0.00%,375,0.27%,0.54%
TAMRAH COCO DATES ZIPPER BAG 100,CS Dry Fruits,FOOD,39,370.5,0,0.00%,370.5,0.42%,0.53%
12 OZ CAFFE LATTE,Starbucks,FOOD,30,360,0,0.00%,360,0.32%,0.52%
Super Food Salad (V),Salads,FOOD,15,360,0,0.00%,360,0.16%,0.52%
16 OZ ICED CARAMEL MACCHIATO,Starbucks,FOOD,21,357,0,0.00%,357,0.22%,0.51%
Pesto Roasted Chicken,Sandwiches,FOOD,15,345,0,0.00%,345,0.16%,0.50%
Side Salad,Salads,FOOD,84,336,0,0.00%,336,0.90%,0.48%
12 OZ CAPPUCHINO,Starbucks,FOOD,27,324,0,0.00%,324,0.29%,0.47%
16 OZ ICED CAFFE LATTE,Starbucks,FOOD,23,322,0,0.00%,322,0.25%,0.46%
Dessert,Dessert,FOOD,77,308,0,0.00%,308,0.82%,0.44%
12 OZ CAFFE AMERICANO,Starbucks,FOOD,30,300,0,0.00%,300,0.32%,0.43%
COCA COLA CAN,Softdrinks,BEVERAGE,74,296,0,0.00%,296,0.79%,0.43%
Smoked Turkey Ham Pasta,Salads,FOOD,13,286,0,0.00%,286,0.14%,0.41%
Bagel S. Salmon,Sandwiches,FOOD,11,275,0,0.00%,275,0.12%,0.40%
Grilled Halloumi(V),Sandwiches,FOOD,13,260,0,0.00%,260,0.14%,0.37%
BJORG ORGANIC GAUFRES AU MIEL 17,CS Organic Food,FOOD,11,255.75,0,0.00%,255.75,0.12%,0.37%
Salmon Salad,Salads,FOOD,10,250,0,0.00%,250,0.11%,0.36%
SMOKED TURKEY S/W,Sandwiches,FOOD,7,238,0,0.00%,238,0.07%,0.34%
Extra Topping,Pizza,FOOD,46,230,0,0.00%,230,0.49%,0.33%
16 OZ CAFFE AMERICANO,Starbucks,FOOD,19,228,0,0.00%,228,0.20%,0.33%
LINDT EXCELLENCE 90% CACOA 100GM,CS Chocolate ,FOOD,16,220,0,0.00%,220,0.17%,0.32%
Cereal Portion,Breakfast,FOOD,30,210,0,0.00%,210,0.32%,0.30%
Isabella(V),Pizza,FOOD,6,210,0,0.00%,210,0.06%,0.30%
LACNOR APPLE 180ML,Fresh Juices,BEVERAGE,52,208,0,0.00%,208,0.55%,0.30%
16 OZ WHITE CHOCOLATE MOCHA,Starbucks,FOOD,12,204,0,0.00%,204,0.13%,0.29%
CEASAR CHICKEN WRAP,Wraps,FOOD,6,204,0,0.00%,204,0.06%,0.29%
16 OZ ICED WHITE CHOCOLATE MOCHA,Starbucks,FOOD,11,198,0,0.00%,198,0.12%,0.29%
BJORG ORGANIC FOURRES CHOCOLAT L,CS Organic Food,FOOD,5,193.75,0,0.00%,193.75,0.05%,0.28%
LACNOR COCKTAIL 180ML,Fresh Juices,BEVERAGE,48,192,0,0.00%,192,0.51%,0.28%
REDBULL SUGAR FREE,Energy Drinks,BEVERAGE,24,192,0,0.00%,192,0.26%,0.28%
Mexican Melt,Pizza,FOOD,5,190,0,0.00%,190,0.05%,0.27%
Hash Browns,Breakfast,FOOD,46,184,0,0.00%,184,0.49%,0.26%
CHICKEN ROCQUET CHEESE S/W,Sandwiches,FOOD,6,180,0,0.00%,180,0.06%,0.26%
Pesto,Pizza,FOOD,6,180,0,0.00%,180,0.06%,0.26%
LACNOR MILK CHOCOLATE,Flavoured Milk,BEVERAGE,44,176,0,0.00%,176,0.47%,0.25%
Digest dark200,Biscuit & Cookies,FOOD,13,175.5,0,0.00%,175.5,0.14%,0.25%
Beef sausage,Breakfast,FOOD,35,175,0,0.00%,175,0.37%,0.25%
SWISS DELICE CHOCARRE BISCUITS 1,CS Chocolate ,FOOD,10,175,0,0.00%,175,0.11%,0.25%
BAYARA 1KG ALMOND,CS Nuts & Seeds,FOOD,3,173.25,0,0.00%,173.25,0.03%,0.25%
NIVEA FACE CLEAR STRIP 75ML,CS Facial Care,NON FOOD,7,169.75,0,0.00%,169.75,0.07%,0.24%
French Fries,Extras,FOOD,28,168,0,0.00%,168,0.30%,0.24%
MOUNTAIN DEW,Softdrinks,BEVERAGE,41,164,0,0.00%,164,0.44%,0.24%
Fruit Salad,Yoghurt Pots,FOOD,13,156,0,0.00%,156,0.14%,0.22%
LACNOR MILK BANANA,Flavoured Milk,BEVERAGE,39,156,0,0.00%,156,0.42%,0.22%
Filter Tea,Tea,FOOD,31,155,0,0.00%,155,0.33%,0.22%
BJORG ORGANIC FOURRES MYRTILLES ,CS Organic Food,FOOD,4,151,0,0.00%,151,0.04%,0.22%
REUBENS S/W,Sandwiches,FOOD,5,150,0,0.00%,150,0.05%,0.22%
Filter Coffee,Tea,FOOD,29,145,0,0.00%,145,0.31%,0.21%
BUTTER FLY CHICKEN BREAST ,Grill,FOOD,6,144,0,0.00%,144,0.06%,0.21%
Cappuccino,Nespresso,FOOD,12,144,0,0.00%,144,0.13%,0.21%
FG Juice Bottled,FEEL GOOD,FOOD,18,144,0,0.00%,144,0.19%,0.21%
Glazed Veg,Sandwiches,FOOD,8,144,0,0.00%,144,0.09%,0.21%
Croissant,Breakfast,FOOD,20,140,0,0.00%,140,0.21%,0.20%
FOOD DOCTOR BAR APPLE WALNUT 35G,CS Organic Food,FOOD,16,140,0,0.00%,140,0.17%,0.20%
MINUTE STEAK,Grill,FOOD,7,140,0,0.00%,140,0.07%,0.20%
Mixed Green Salad(V),Salads,FOOD,7,140,0,0.00%,140,0.07%,0.20%
Rocco,Pizza,FOOD,4,140,0,0.00%,140,0.04%,0.20%
LINDT EXCELLENCE 70% CACOA 100GM,CS Chocolate ,FOOD,10,137.5,0,0.00%,137.5,0.11%,0.20%
POKKA LEMON ICED TEA CAN,Packet Juice,BEVERAGE,34,136,0,0.00%,136,0.36%,0.20%
12OZ WHITE CHOCOLATE MOCHA,Starbucks,FOOD,9,135,0,0.00%,135,0.10%,0.19%
BJORG ORGANIC FOURRES FRAMBOISES,CS Organic Food,FOOD,4,133,0,0.00%,133,0.04%,0.19%
16 OZ ICED CAFE AMERICANO,Starbucks,FOOD,11,132,0,0.00%,132,0.12%,0.19%
Extra Portion Grill,Main course,FOOD,11,132,0,0.00%,132,0.12%,0.19%
Tuna Cheese Melt,Sandwiches,FOOD,6,132,0,0.00%,132,0.06%,0.19%
VEGGIE MEAL,Veggie,FOOD,6,132,0,0.00%,132,0.06%,0.19%
GILLETTE BLADE FUSION 4PCS,CS Mens Care,NON FOOD,2,130.5,0,0.00%,130.5,0.02%,0.19%
Hawaiian,Pizza,FOOD,4,128,0,0.00%,128,0.04%,0.18%
LACNOR ORANGE 180ML,Fresh Juices,BEVERAGE,32,128,0,0.00%,128,0.34%,0.18%
16 OZ CAPPUCHINO,Starbucks,FOOD,9,126,0,0.00%,126,0.10%,0.18%
Banana Pcs,CS Fresh Fruit,FOOD,126,126,0,0.00%,126,1.34%,0.18%
INSTANT COFFEE,CS Coffee,FOOD,25,125,0,0.00%,125,0.27%,0.18%
COCONUT WATER CAN,Packet Juice,BEVERAGE,31,124,0,0.00%,124,0.33%,0.18%
Chicken Nuggets,Extras,FOOD,12,120,0,0.00%,120,0.13%,0.17%
MAGNUM I/C CLASSIC,CS Ice Cream,FOOD,16,120,0,0.00%,120,0.17%,0.17%
VEG BURGER,Burgers,FOOD,6,120,0,0.00%,120,0.06%,0.17%
Meat Feast,Pizza,FOOD,3,114,0,0.00%,114,0.03%,0.16%
16 OZ ICED CAFFE MOCHA,Starbucks,FOOD,8,112,0,0.00%,112,0.09%,0.16%
MOTHER E OAT SLICE KIWI AFGHAN 6,CS Dry Fruits,FOOD,7,112,0,0.00%,112,0.07%,0.16%
KAGI SWISS WAFERS MINI GIFT BOX ,CS Mint & Gum,FOOD,3,111.75,0,0.00%,111.75,0.03%,0.16%
CROISSANT MINI,Dessert,FOOD,37,111,0,0.00%,111,0.39%,0.16%
PRINGLES HOT & SPICY 165GM,CS Chips & Snacks,FOOD,12,111,0,0.00%,111,0.13%,0.16%
Beef Bacon,Breakfast,FOOD,22,110,0,0.00%,110,0.23%,0.16%
Roast Beef,Sandwiches,FOOD,5,110,0,0.00%,110,0.05%,0.16%
BRIE & BACON S/W,Sandwiches,FOOD,3,108,0,0.00%,108,0.03%,0.16%
LACNOR MILK STRAWBERRY,Flavoured Milk,BEVERAGE,27,108,0,0.00%,108,0.29%,0.16%
Large Salad,Salads,FOOD,6,108,0,0.00%,108,0.06%,0.16%
Soup,Extras,FOOD,18,108,0,0.00%,108,0.19%,0.16%
Baked beans,Breakfast,FOOD,21,105,0,0.00%,105,0.22%,0.15%
GRILLED CHICKEN & BACON S/W,Sandwiches,FOOD,3,105,0,0.00%,105,0.03%,0.15%
Guest Meal Combo,Main course,FOOD,4,105,0,0.00%,105,0.04%,0.15%
Pancakes,Breakfast,FOOD,35,105,0,0.00%,105,0.37%,0.15%
RED BULL SUGAR FREE 250ML,CS Sports & Energy Drinks,BEVERAGE,15,105,0,0.00%,105,0.16%,0.15%
MALTESERS THICK SHAKE 300ML,Convenience Beverages,BEVERAGE,11,104.5,0,0.00%,104.5,0.12%,0.15%
FETA & ROAST VEG PANINI,Sandwiches,FOOD,4,104,0,0.00%,104,0.04%,0.15%
KAGI SWISS WAFERS ORIGINAL MINI ,CS Mint & Gum,FOOD,6,103.5,0,0.00%,103.5,0.06%,0.15%
12 OZ VANILLA LATTE,Starbucks,FOOD,6,102,0,0.00%,102,0.06%,0.15%
16 OZ CARAMEL MACCHIATO,Starbucks,FOOD,6,102,0,0.00%,102,0.06%,0.15%
PAPER BAG,BAGS,NON FOOD,102,102,0,0.00%,102,1.09%,0.15%
M&M PEANUT 45GM,CS Chocolate ,FOOD,31,100.75,0,0.00%,100.75,0.33%,0.15%
FARM FRESH EGGS WHITE 15PCS,CS Eggs,FOOD,9,99,0,0.00%,99,0.10%,0.14%
LINDT EXCELLENCE CARAMEL 100G,CS Chocolate ,FOOD,7,96.25,0,0.00%,96.25,0.07%,0.14%
B.BAG CHEDDAR150g,CS Chips & Snacks,FOOD,8,96,0,0.00%,96,0.09%,0.14%
Double Trouble,Milk Shake,BEVERAGE,4,96,0,0.00%,96,0.04%,0.14%
Yogurt Muesli Honey,Yoghurt Pots,FOOD,6,96,0,0.00%,96,0.06%,0.14%
12 OZ HOT CHOCOLATE,Starbucks,FOOD,5,95,0,0.00%,95,0.05%,0.14%
KRAFT CHEESE ORIGINAL 12 SLICES,CS Dairy ,FOOD,7,94.5,0,0.00%,94.5,0.07%,0.14%
CHEETOS 205GM CRUNCHY FLAMING HO,CS Chips & Snacks,FOOD,11,93.5,0,0.00%,93.5,0.12%,0.13%
SELPAK TOILET ROLL 7+2,CS Tissue & Toilet Rolls,NON FOOD,4,93,0,0.00%,93,0.04%,0.13%
PEPSI CAN,Softdrinks,BEVERAGE,23,92,0,0.00%,92,0.25%,0.13%
Yoghurt,Yogurt,FOOD,23,92,0,0.00%,92,0.25%,0.13%
12 OZ CARAMEL MACCHIATO,Starbucks,FOOD,6,90,0,0.00%,90,0.06%,0.13%
AL AIN FRESH MILK LOW FAT 2L,CS Dairy ,FOOD,9,90,0,0.00%,90,0.10%,0.13%
Muture Cheddar(V),Sandwiches,FOOD,5,90,0,0.00%,90,0.05%,0.13%
Yogurt Blueberry,Yoghurt Pots,FOOD,5,90,0,0.00%,90,0.05%,0.13%
COCA COLA ZERO CAN,Softdrinks,BEVERAGE,22,88,0,0.00%,88,0.23%,0.13%
MOTHER E FRUIT STICK APPLE STRAW,CS Dry Fruits,FOOD,6,85.5,0,0.00%,85.5,0.06%,0.12%
MAGNUM I/C TIRAMISU,CS Chocolate ,FOOD,11,85.25,0,0.00%,85.25,0.12%,0.12%
TWIX TWIN BAR 50GM,CS Chocolate ,FOOD,31,85.25,0,0.00%,85.25,0.33%,0.12%
GATORADE PINK LEMONDAE PET 500ML,CS Sports & Energy Drinks,BEVERAGE,17,85,0,0.00%,85,0.18%,0.12%
B.BAG OAK SMOK150g,CS Chips & Snacks,FOOD,7,84,0,0.00%,84,0.07%,0.12%
FG SMALL BOWL,FEEL GOOD,FOOD,7,84,0,0.00%,84,0.07%,0.12%
Small Salad,Salads,FOOD,7,84,0,0.00%,84,0.07%,0.12%
PRINGLES CHEESE 165GM,CS Chips & Snacks,FOOD,9,83.25,0,0.00%,83.25,0.10%,0.12%
SYOSS HAIR SPRAY MAX HOLD 400ML,CS Soap & Handwash,NON FOOD,3,83.25,0,0.00%,83.25,0.03%,0.12%
MAGNUM I/C DOUBLE CHOCOLATE,CS Ice Cream,FOOD,9,81,0,0.00%,81,0.10%,0.12%
Cold Cuts,Breakfast,FOOD,16,80,0,0.00%,80,0.17%,0.12%
Portion Protein,Main course,FOOD,8,80,0,0.00%,80,0.09%,0.12%
DR OETKER MOZZRELLA PIZZA,CS Frozen Food,FOOD,3,78.75,0,0.00%,78.75,0.03%,0.11%
Toast,Breakfast,FOOD,78,78,0,0.00%,78,0.83%,0.11%
16 OZ SIGNATURE HOT CHOCOLATE,Starbucks,FOOD,4,76,0,0.00%,76,0.04%,0.11%
16 OZ VANILLA LATTE,Starbucks,FOOD,4,76,0,0.00%,76,0.04%,0.11%
AL AIN WATER 500ml,CS Water,BEVERAGE,76,76,0,0.00%,76,0.81%,0.11%
Apple Red,CS Fresh Fruit,FOOD,38,76,0,0.00%,76,0.41%,0.11%
BJORG ORGANIC CARROT JUICE 75CL,CS ORGANIC BEVERAGE,BEVERAGE,2,75.5,0,0.00%,75.5,0.02%,0.11%
GATORADE LEMON PET 500ML,CS Sports & Energy Drinks,BEVERAGE,15,75,0,0.00%,75,0.16%,0.11%
MAGNUM I/C ALMOND,CS Ice Cream,FOOD,10,75,0,0.00%,75,0.11%,0.11%
BAYARA SALTED PISTACHIOS 300GM,CS Nuts & Seeds,FOOD,3,74.25,0,0.00%,74.25,0.03%,0.11%
VITA COCO PEACH & MANGO 330ML,Convenience Beverages,BEVERAGE,7,73.5,0,0.00%,73.5,0.07%,0.11%
ALPEN BAR STRAWBERRY YOGURT 29GM,CS Cereal,FOOD,17,72.25,0,0.00%,72.25,0.18%,0.10%
CHUNKY MONKEY,Milk Shake,BEVERAGE,3,72,0,0.00%,72,0.03%,0.10%
Five a Day,Fresh Juices,BEVERAGE,3,72,0,0.00%,72,0.03%,0.10%
AL AIN FRESH MILK 1L SKIMMED,CS Dairy ,FOOD,10,70,0,0.00%,70,0.11%,0.10%
SWISS DELICE CHOCOBISC BISCUITS ,CS Chocolate ,FOOD,4,70,0,0.00%,70,0.04%,0.10%
NATURE VALLEY SWEET NUTTY ALMOND,CS Cereal,FOOD,3,69.75,0,0.00%,69.75,0.03%,0.10%
12 OZ SIGNATURE HOT CHOCOLATE,Starbucks,FOOD,4,68,0,0.00%,68,0.04%,0.10%
BRIE & TOMATO S/W,Sandwiches,FOOD,2,68,0,0.00%,68,0.02%,0.10%
G S Frid Noodls W chicken,Noodles,FOOD,2,68,0,0.00%,68,0.02%,0.10%
White Bean(V),Pizza,FOOD,2,68,0,0.00%,68,0.02%,0.10%
MAGNUM I/C WHITE,CS Ice Cream,FOOD,9,67.5,0,0.00%,67.5,0.10%,0.10%
GALAXY THICK SHAKE CARAMEL 300ML,Convenience Beverages,BEVERAGE,7,66.5,0,0.00%,66.5,0.07%,0.10%
Pepperoni,Pizza,FOOD,11,66,0,0.00%,66,0.12%,0.10%
GATORADE BLUE BOLT PET 500ML,CS Sports & Energy Drinks,BEVERAGE,13,65,0,0.00%,65,0.14%,0.09%
KAGI SWISS WAFERS CHOCOLATE 50G,CS Mint & Gum,FOOD,13,65,0,0.00%,65,0.14%,0.09%
M&M CHOCOLATE 45GM,CS Chocolate ,FOOD,20,65,0,0.00%,65,0.21%,0.09%
AL SHIFA HOINEY 750GM,CS Can & Jar Food,FOOD,2,64.5,0,0.00%,64.5,0.02%,0.09%
Frid Rice W Chicken,Fried Rice,FOOD,2,64,0,0.00%,64,0.02%,0.09%
Tuna Sweetcorn,Pre Packed Sandwiches,FOOD,4,64,0,0.00%,64,0.04%,0.09%
Add Cheese,Extras,FOOD,21,63,0,0.00%,63,0.22%,0.09%
AL AIN WATER 1.5L,CS Water,BEVERAGE,42,63,0,0.00%,63,0.45%,0.09%
COCO POPS KELLOGS 375GM,CS Cereal,FOOD,3,61.5,0,0.00%,61.5,0.03%,0.09%
12 OZ CAFFE MOCHA,Starbucks,FOOD,4,60,0,0.00%,60,0.04%,0.09%
BBQ or CurrySouce,Pizza,FOOD,2,60,0,0.00%,60,0.02%,0.09%
MIRINDA ORANGE CAN,Softdrinks,BEVERAGE,15,60,0,0.00%,60,0.16%,0.09%
NIVEA WIPES PURE CLEANSING 25PCS,CS Tissue & Toilet Rolls,NON FOOD,2,60,0,0.00%,60,0.02%,0.09%
Portion Vegetable,Main course,FOOD,12,60,0,0.00%,60,0.13%,0.09%
WALK IN LUNCH,WALK IN LUNCH,FOOD,6,60,0,0.00%,60,0.06%,0.09%
FINE TOILET ROLLS 2PLY X 10 PCS ,CS Tissue & Toilet Rolls,NON FOOD,4,59,0,0.00%,59,0.04%,0.08%
NESCAFE PACKET SACHET RED MUG 50,CS Coffee,FOOD,2,59,0,0.00%,59,0.02%,0.08%
CADBURY DM FRUIT & NUT 230GM,CS Chocolate ,FOOD,5,58.75,0,0.00%,58.75,0.05%,0.08%
Plum Red,CS Fresh Fruit,FOOD,29,58,0,0.00%,58,0.31%,0.08%
CastaniaExtMixNuts350G,CS Nuts & Seeds,FOOD,2,57,0,0.00%,57,0.02%,0.08%
DOVE BODY LOTION ALMOND CREAM 25,CS Body Care,NON FOOD,3,57,0,0.00%,57,0.03%,0.08%
STREPSILS HONEY & LEMON PACKET,CS Chocolate ,FOOD,3,57,0,0.00%,57,0.03%,0.08%
TAMRAH CHOCO MILK ZIPPER BAG 100,CS Dry Fruits,FOOD,6,57,0,0.00%,57,0.06%,0.08%
Iced Macchiato,Nespresso,FOOD,4,56,0,0.00%,56,0.04%,0.08%
SPRITE LIGHT CAN,Softdrinks,BEVERAGE,14,56,0,0.00%,56,0.15%,0.08%
VASELINE BODY LOTION ALOESOOTHE ,CS Body Care,NON FOOD,4,56,0,0.00%,56,0.04%,0.08%
BOGUTTI WHITE CHOCO PCS 37%,Biscuit & Cookies,FOOD,6,55.5,0,0.00%,55.5,0.06%,0.08%
GATORADE GRAPE PET 500ML,CS Sports & Energy Drinks,BEVERAGE,11,55,0,0.00%,55,0.12%,0.08%
MentoGmWatrMelon,CS Mint & Gum,FOOD,11,55,0,0.00%,55,0.12%,0.08%
Manakeesh(V),Pizza,FOOD,3,54,0,0.00%,54,0.03%,0.08%
PERRIER WATER 750ML,Water,BEVERAGE,6,54,0,0.00%,54,0.06%,0.08%
NIVEA EYE MAKEUP REMOVER 125ML,CS Facial Care,NON FOOD,2,52.5,0,0.00%,52.5,0.02%,0.08%
SWISS DELICE BRASILIA BISCUITS 1,CS Chocolate ,FOOD,3,52.5,0,0.00%,52.5,0.03%,0.08%
SWISS DELICE TRUFFINO BISCUITS 1,CS Chocolate ,FOOD,3,52.5,0,0.00%,52.5,0.03%,0.08%
VITA COCO LEMONADE COCONUT 330ML,CS Packet Juice,BEVERAGE,5,52.5,0,0.00%,52.5,0.05%,0.08%
AL AIN FRESH MILK 1L FULL CREAM,CS Dairy ,FOOD,8,52,0,0.00%,52,0.09%,0.07%
CORNETTO I/C LOVE TOFFEE,CS Ice Cream,FOOD,8,52,0,0.00%,52,0.09%,0.07%
Orange Pcs,CS Fresh Fruit,FOOD,26,52,0,0.00%,52,0.28%,0.07%
SWISS DELICE JAPONAIS BISCUITS 1,CS Chocolate ,FOOD,3,51.75,0,0.00%,51.75,0.03%,0.07%
16 OZ ICED CHOCOLATE,Starbucks,FOOD,3,51,0,0.00%,51,0.03%,0.07%
CocoPopsCMB20g,CS Cereal,FOOD,17,51,0,0.00%,51,0.18%,0.07%
Chicken Tandoori,Pre Packed Sandwiches,FOOD,5,50,0,0.00%,50,0.05%,0.07%
Three Cheese Spring Onion,Pre Packed Sandwiches,FOOD,5,50,0,0.00%,50,0.05%,0.07%
WALK IN BREAKFAST,WALK IN BREAKFAST,FOOD,5,50,0,0.00%,50,0.05%,0.07%
Yogurt Mango,Yoghurt Pots,FOOD,5,50,0,0.00%,50,0.05%,0.07%
BJORG ORGANIC LE P'TIT NATURE 20,CS Organic Food,FOOD,2,49.5,0,0.00%,49.5,0.02%,0.07%
NIVEASunInvProtSPF20,CS Body Care,NON FOOD,1,49.5,0,0.00%,49.5,0.01%,0.07%
NUTELLA 400GM,CS Can & Jar Food,FOOD,2,49,0,0.00%,49,0.02%,0.07%
ORAL B BRUSH CLASSIC,CS Oral Care,NON FOOD,14,49,0,0.00%,49,0.15%,0.07%
COCO TREE JUICE 330ML,CS Packet Juice,BEVERAGE,15,48.75,0,0.00%,48.75,0.16%,0.07%
VOCHELLE BLOCK HAZELNUT 180G,CS Chocolate ,FOOD,5,48.75,0,0.00%,48.75,0.05%,0.07%
ADD ESPRESSO SHOT,Starbucks,FOOD,12,48,0,0.00%,48,0.13%,0.07%
BOUNTY BAR 57GM,CS Chocolate ,FOOD,16,48,0,0.00%,48,0.17%,0.07%
CLOROX WIPES DISINFECTING FRESH ,CS Cleaning Supplies,NON FOOD,3,48,0,0.00%,48,0.03%,0.07%
DOUBLE ESSPRESSO,Starbucks,FOOD,4,48,0,0.00%,48,0.04%,0.07%
DOVE SH NUTRITIVE DAILY CARE 200,CS Shampoo & Conditioner,NON FOOD,4,48,0,0.00%,48,0.04%,0.07%
ESPRESSO MACCHIATO,Starbucks,FOOD,4,48,0,0.00%,48,0.04%,0.07%
Grilled Chicken,Pizza,FOOD,8,48,0,0.00%,48,0.09%,0.07%
Grilled Veg Olives,Pizza,FOOD,8,48,0,0.00%,48,0.09%,0.07%
Latte Macchiato,Nespresso,FOOD,4,48,0,0.00%,48,0.04%,0.07%
MilkHalfCrem1Ltr ,CS Dairy ,FOOD,12,48,0,0.00%,48,0.13%,0.07%
SCHOGETTEN DARK CHOCOLATE 100GM,CS Chocolate ,FOOD,8,48,0,0.00%,48,0.09%,0.07%
SUBSTITUTE SOYA,Soya Milk,FOOD,12,48,0,0.00%,48,0.13%,0.07%
Vegetable Noodles,Main course,FOOD,6,48,0,0.00%,48,0.06%,0.07%
KELLOGS BARS MILK CHOCO 04PCX1PK,CS Cereal,FOOD,3,47.25,0,0.00%,47.25,0.03%,0.07%
BEST CAN ALMONDS SALTED 110GM,CS Nuts & Seeds,FOOD,4,47,0,0.00%,47,0.04%,0.07%
MARS BAR 51GM,CS Chocolate ,FOOD,17,46.75,0,0.00%,46.75,0.18%,0.07%
ALPRO SOYA ORIGINAL1L,CS Dairy ,BEVERAGE,3,46.5,0,0.00%,46.5,0.03%,0.07%
GILLETTE RAZOR MACH 3 2UP,CS Mens Care,NON FOOD,2,46.5,0,0.00%,46.5,0.02%,0.07%
PRINGLES KETCHUP 165GM,CS Chips & Snacks,FOOD,5,46.25,0,0.00%,46.25,0.05%,0.07%
BJORG ORGANIC CROUSTILLANTS CHOC,CS Organic Food,FOOD,1,45.25,0,0.00%,45.25,0.01%,0.07%
CHIABIA MILLED CHIA SEED 150GM,CS Cereal,FOOD,1,45.25,0,0.00%,45.25,0.01%,0.07%
CARTE DOR CHOCOLATE 1 SCOOP,Ice cream,FOOD,9,45,0,0.00%,45,0.10%,0.06%
PERRIER WATER LEMON 330ML,CS Water,BEVERAGE,9,45,0,0.00%,45,0.10%,0.06%
COCA COLA DIET CAN,Softdrinks,BEVERAGE,11,44,0,0.00%,44,0.12%,0.06%
French Toast,Breakfast,FOOD,11,44,0,0.00%,44,0.12%,0.06%
SPICED APPLE,BOTANICAL SODAS,BEVERAGE,2,44,0,0.00%,44,0.02%,0.06%
SCHIK RAZOR WOMEN TRIM STYLE QUA,CS Womens Care,NON FOOD,1,43.25,0,0.00%,43.25,0.01%,0.06%
MOTHER E FRUIT STICK APPLE RASPB,CS Dry Fruits,FOOD,3,42.75,0,0.00%,42.75,0.03%,0.06%
LISTERINE MW COOL MINT 250ML,CS Oral Care,NON FOOD,2,42,0,0.00%,42,0.02%,0.06%
Mushrooms,Pizza,FOOD,7,42,0,0.00%,42,0.07%,0.06%
Oatmeal Porridge,Breakfast,FOOD,14,42,0,0.00%,42,0.15%,0.06%
LINDT EXCELLENCE 85% CACOA 100GM,CS Chocolate ,FOOD,3,41.25,0,0.00%,41.25,0.03%,0.06%
LINDT EXCELLENCE LIME INTENSE 10,CS Chocolate ,FOOD,3,41.25,0,0.00%,41.25,0.03%,0.06%
LINDT EXCELLENCE MINT INTENSE 10,CS Chocolate ,FOOD,3,41.25,0,0.00%,41.25,0.03%,0.06%
ANCHOR BUTTER UNSALTED 454G,CS Dairy ,FOOD,2,41,0,0.00%,41,0.02%,0.06%
7 UP CAN,Softdrinks,BEVERAGE,10,40,0,0.00%,40,0.11%,0.06%
BLUE BERRY MUFFIN,Dessert,FOOD,4,40,0,0.00%,40,0.04%,0.06%
GATORADE ORANGE PET 500ML,CS Sports & Energy Drinks,BEVERAGE,8,40,0,0.00%,40,0.09%,0.06%
Masafi Water1.5Ltr,Water,BEVERAGE,20,40,0,0.00%,40,0.21%,0.06%
NYU RE-USABLE BAG,BAGS,NON FOOD,2,40,0,0.00%,40,0.02%,0.06%
PEPSI DIET CAN,Softdrinks,BEVERAGE,10,40,0,0.00%,40,0.11%,0.06%
OB TAMPONS SUPER 16PCS,CS Sanitary Care,NON FOOD,2,39.5,0,0.00%,39.5,0.02%,0.06%
Alain Small Wtr500ml,Water,BEVERAGE,39,39,0,0.00%,39,0.42%,0.06%
CAPRICE DE DIEUX CHEESE 200G,CS Dairy ,FOOD,1,39,0,0.00%,39,0.01%,0.06%
MODERN BAKE CRANBERRY ENERGY BAR,CS Cereal,FOOD,7,38.5,0,0.00%,38.5,0.07%,0.06%
DR OETKER CELEBRATION CANDLE,CS Disposable,NON FOOD,3,38.25,0,0.00%,38.25,0.03%,0.06%
EGG Mayo & Spring Onion,Sandwiches,FOOD,2,38,0,0.00%,38,0.02%,0.05%
STREPSILS PLUS PACKET,CS Chocolate ,FOOD,2,38,0,0.00%,38,0.02%,0.05%
SWEET CHILLI SALMON SALAD,Sandwiches,FOOD,1,38,0,0.00%,38,0.01%,0.05%
CHIABIA CHIA CRANBERRY MIX 100GM,CS Cereal,FOOD,1,37.75,0,0.00%,37.75,0.01%,0.05%
EXTRA BIG BOTTLE PEPPERMINT,CS Mint & Gum,FOOD,3,37.5,0,0.00%,37.5,0.03%,0.05%
EXTRA BIG BOTTLE WATERMELON,CS Mint & Gum,FOOD,3,37.5,0,0.00%,37.5,0.03%,0.05%
NECTAFLOR PREMIUM FIGS 200GM,CS Dry Fruits,FOOD,2,37.5,0,0.00%,37.5,0.02%,0.05%
A/G POP CORN MICROWAV EXTRA BUTT,CS Can & Jar Food,FOOD,4,37,0,0.00%,37,0.04%,0.05%
ALWAYS LARGE 30PCS,CS Sanitary Care,NON FOOD,2,37,0,0.00%,37,0.02%,0.05%
CERES ORANGE JUICE 1L,CS Packet Juice,BEVERAGE,4,37,0,0.00%,37,0.04%,0.05%
PRINGLES SALT VINEGAR 165GM,CS Chips & Snacks,FOOD,4,37,0,0.00%,37,0.04%,0.05%
NECTAFLOR SOFT CRANBERRIES 200GM,CS Dry Fruits,FOOD,2,36.5,0,0.00%,36.5,0.02%,0.05%
Chicken Shawarma,Pizza,FOOD,1,36,0,0.00%,36,0.01%,0.05%
CHOCOLATE BROWNIE ,Dessert,FOOD,3,36,0,0.00%,36,0.03%,0.05%
LABELLO ORIGINAL CLASSIC CARE 4.,CS Facial Care,NON FOOD,3,36,0,0.00%,36,0.03%,0.05%
MINI CARROT CAKE,Dessert,FOOD,3,36,0,0.00%,36,0.03%,0.05%
Pear,CS Fresh Fruit,FOOD,18,36,0,0.00%,36,0.19%,0.05%
PLUM RED PACKET,CS Fresh Fruit,FOOD,4,36,0,0.00%,36,0.04%,0.05%
POKKA PEACH ICED TEA 330ML,CS Soft Drinks,BEVERAGE,12,36,0,0.00%,36,0.13%,0.05%
QUAKER WHITE OATS TIN 500GM,CS Cereal,FOOD,4,36,0,0.00%,36,0.04%,0.05%
EXTRA PROFESSIONAL FRESH MINT GU,CS Mint & Gum,FOOD,11,35.75,0,0.00%,35.75,0.12%,0.05%
NIVEA DEO FEMALE BLACK & WHITE 2,CS Deodrants,NON FOOD,2,35.5,0,0.00%,35.5,0.02%,0.05%
Bagels w/Cr.Cheese,Breakfast,FOOD,5,35,0,0.00%,35,0.05%,0.05%
GATORADE TOPICL FRUIT PET 500ML,CS Sports & Energy Drinks,BEVERAGE,7,35,0,0.00%,35,0.07%,0.05%
POCARI SWEAT PET 500ML,CS Sports & Energy Drinks,BEVERAGE,7,35,0,0.00%,35,0.07%,0.05%
CstaniaMixSuperNuts350G,CS Nuts & Seeds,FOOD,1,34.5,0,0.00%,34.5,0.01%,0.05%
INA PAARMAN BBQ MARINADE 500ML,CS Sauce,FOOD,1,34.5,0,0.00%,34.5,0.01%,0.05%
LACNOR MILK CHOCOLATE 180ML,CS Packet Juice,BEVERAGE,23,34.5,0,0.00%,34.5,0.25%,0.05%
PHILADELPHIA LIGHT CHEESE SPREAD,CS Dairy ,FOOD,3,34.5,0,0.00%,34.5,0.03%,0.05%
12 OZ CARAMEL LATTE,Starbucks,FOOD,2,34,0,0.00%,34,0.02%,0.05%
Asst. Rolls Two,Breakfast,FOOD,17,34,0,0.00%,34,0.18%,0.05%
BrilaArabiata400g,CS Sauce,FOOD,2,34,0,0.00%,34,0.02%,0.05%
NECTAFLOR PREMIUM FRUIT MIX 200G,CS Dry Fruits,FOOD,2,34,0,0.00%,34,0.02%,0.05%
ALPROSoyaMilkUnswtnd1L,CS Packet Juice,BEVERAGE,2,33.5,0,0.00%,33.5,0.02%,0.05%
BAHLSEN LEIBNIZ ZOO 100GM,Biscuit & Cookies,FOOD,6,33,0,0.00%,33,0.06%,0.05%
BEST CAN SUPER MIX NUTS 110GM,CS Nuts & Seeds,FOOD,2,33,0,0.00%,33,0.02%,0.05%
PANTENE SH COLORED HAIR REPAIR 2,CS Shampoo & Conditioner,NON FOOD,3,33,0,0.00%,33,0.03%,0.05%
FUN PLASTIC PLATE WHITE 25PCS 26,CS Disposable,NON FOOD,2,32.5,0,0.00%,32.5,0.02%,0.05%
C&C DEEP CLEANSING LOTION 200ML,CS Facial Care,NON FOOD,1,32.25,0,0.00%,32.25,0.01%,0.05%
ALL BRAN ORIGINAL 500GM,CS Cereal,FOOD,2,32,0,0.00%,32,0.02%,0.05%
Buffalo Chicken,Grill,FOOD,2,32,0,0.00%,32,0.02%,0.05%
CHICKEN CEASAR SALAD,Salads,FOOD,1,32,0,0.00%,32,0.01%,0.05%
Egg Cress Mayonnaise,Pre Packed Sandwiches,FOOD,4,32,0,0.00%,32,0.04%,0.05%
LAYS 40GM TOMATO KETCHUP,CS Chips & Snacks,FOOD,16,32,0,0.00%,32,0.17%,0.05%
MOTHER E OAT SLICE ANZAC KIWI 6 ,CS Dry Fruits,FOOD,2,32,0,0.00%,32,0.02%,0.05%
MOTHER E OAT SLICE APPLE CRUMBLE,CS Dry Fruits,FOOD,2,32,0,0.00%,32,0.02%,0.05%
MOTHER E OAT SLICE RASPBERRY WHI,CS Dry Fruits,FOOD,2,32,0,0.00%,32,0.02%,0.05%
CROISSANT HI BUTTER PLAIN,CS Bakery,FOOD,9,31.5,0,0.00%,31.5,0.10%,0.05%
THAI CHOICE TOMYUM,CS Pasta & Noodles,FOOD,7,31.5,0,0.00%,31.5,0.07%,0.05%
WEETABIX ORIGINAL 430GM,CS Cereal,FOOD,2,31.5,0,0.00%,31.5,0.02%,0.05%
KIT KAT 2 FINGERS,CS Chocolate ,FOOD,25,31.25,0,0.00%,31.25,0.27%,0.04%
DOVE BODY CREAM SHEA BUTTER VANI,CS Body Care,NON FOOD,2,31,0,0.00%,31,0.02%,0.04%
COMFORT IRIS JASMINE CONCENTRATE,CS Laundry Care,NON FOOD,2,30.5,0,0.00%,30.5,0.02%,0.04%
AL AIN FRESH MILK FULL FAT 2L,CS Dairy ,FOOD,3,30,0,0.00%,30,0.03%,0.04%
CERES CRANBERRY KIWI JUICE 1L,CS Packet Juice,BEVERAGE,3,30,0,0.00%,30,0.03%,0.04%
Chicken Sweetcorn,Pre Packed Sandwiches,FOOD,3,30,0,0.00%,30,0.03%,0.04%
COKE LIGHT PET 500ML,CS Soft Drinks,BEVERAGE,15,30,0,0.00%,30,0.16%,0.04%
Delivery Charges,Delivery charge,LABOR CHARGE,6,30,0,0.00%,30,0.06%,0.04%
Frid Rice W Tofu,Fried Rice,FOOD,1,30,0,0.00%,30,0.01%,0.04%
Lungo,Nespresso,FOOD,3,30,0,0.00%,30,0.03%,0.04%
NIVEA REFRESHING FACE WASH 150ML,CS Facial Care,NON FOOD,1,30,0,0.00%,30,0.01%,0.04%
NIVEA SHOWER WATERLILY 250ML,CS Bath & Shower,NON FOOD,2,30,0,0.00%,30,0.02%,0.04%
NIVEA WIPES GENTLE CLEANSING 25P,CS Tissue & Toilet Rolls,NON FOOD,1,30,0,0.00%,30,0.01%,0.04%
NIVEA WIPES REFRESHING CLEANSING,CS Tissue & Toilet Rolls,NON FOOD,1,30,0,0.00%,30,0.01%,0.04%
SLICED BREAD MULTI GRAIN MEDIUM,CS Bakery,FOOD,5,30,0,0.00%,30,0.05%,0.04%
VEGGIE MAIN,Main course,FOOD,2,30,0,0.00%,30,0.02%,0.04%
FANTA ORANGE CAN,Softdrinks,BEVERAGE,13,29.5,0,0.00%,29.5,0.14%,0.04%
GALAXY HAZELNUT 40GM,CS Chocolate ,FOOD,9,29.25,0,0.00%,29.25,0.10%,0.04%
INDOMIE CUP CHICKEN,CS Pasta & Noodles,FOOD,9,29.25,0,0.00%,29.25,0.10%,0.04%
KIT KAT 4 FINGERS,CS Chocolate ,FOOD,13,29.25,0,0.00%,29.25,0.14%,0.04%
PRINGLES 40GM HOT & SPICY,CS Chips & Snacks,FOOD,9,29.25,0,0.00%,29.25,0.10%,0.04%
NIVEA STICK WOMEN STRESS PROTECT,CS Deodrants,NON FOOD,2,29,0,0.00%,29,0.02%,0.04%
DOVE HAND CREAM SHEA BUTTER VANI,CS Body Care,NON FOOD,2,28.5,0,0.00%,28.5,0.02%,0.04%
7 UP DIET CAN,Softdrinks,BEVERAGE,7,28,0,0.00%,28,0.07%,0.04%
ADD CARAMEL DRIZZLE,Starbucks,FOOD,7,28,0,0.00%,28,0.07%,0.04%
ADD FLAVOURED SYRUP,Starbucks,FOOD,7,28,0,0.00%,28,0.07%,0.04%
CROISSANT HI BUTTER ALMOND,CS Bakery,FOOD,7,28,0,0.00%,28,0.07%,0.04%
WALKERS SB FINGERS 40G,Biscuit & Cookies,FOOD,8,28,0,0.00%,28,0.09%,0.04%
BJORG ORGANIC SUGAR FREE ALMOND ,CS Organic Food,FOOD,1,27.75,0,0.00%,27.75,0.01%,0.04%
MODERN BAKE PEANUT PEACAN ENERGY,CS Cereal,FOOD,5,27.5,0,0.00%,27.5,0.05%,0.04%
NECTAFLOR PREMIUM GINGER 200GM,CS Dry Fruits,FOOD,2,27.5,0,0.00%,27.5,0.02%,0.04%
NIVEA FACE GENTLE TONER 200ML,CS Facial Care,NON FOOD,1,27.5,0,0.00%,27.5,0.01%,0.04%
COKE CAN 300ML,CS Soft Drinks,BEVERAGE,18,27,0,0.00%,27,0.19%,0.04%
FrostiesCMB25g,CS Cereal,FOOD,9,27,0,0.00%,27,0.10%,0.04%
C&C MAKEUP REMOVER DEEP CLEAN 15,CS Facial Care,NON FOOD,1,26.75,0,0.00%,26.75,0.01%,0.04%
A/G POP CORN MICROWAVE BUTTER 29,CS Can & Jar Food,FOOD,3,26.25,0,0.00%,26.25,0.03%,0.04%
AL AIN YOGHURT LOW FAT 170GM,CS Dairy ,FOOD,21,26.25,0,0.00%,26.25,0.22%,0.04%
ALWAYS LARGE 10 PCS,CS Sanitary Care,NON FOOD,4,26,0,0.00%,26,0.04%,0.04%
BERRY CO BLUEBERRY JUICE 1L,CS Packet Juice,BEVERAGE,2,26,0,0.00%,26,0.02%,0.04%
BRIGHT BREAKFAST,Smoothies,BEVERAGE,1,26,0,0.00%,26,0.01%,0.04%
CARTE D'OR SMALL CUP CHOCOLATE,CS Chocolate ,FOOD,4,26,0,0.00%,26,0.04%,0.04%
CLEAR SH WOMEN SOFT SHINY 200ML,CS Shampoo & Conditioner,NON FOOD,2,26,0,0.00%,26,0.02%,0.04%
EXTRA PELLET WHITE GUM,CS Mint & Gum,FOOD,13,26,0,0.00%,26,0.14%,0.04%
G S Frid Noodls W Veg,Noodles,FOOD,1,26,0,0.00%,26,0.01%,0.04%
ILE DE FRANCE CHEESE PETIT CAMEM,CS Dairy ,FOOD,1,26,0,0.00%,26,0.01%,0.04%
CLEARLY SCRUMPTIOUS CRANBERRY 30,CS Dry Fruits,FOOD,2,25.5,0,0.00%,25.5,0.02%,0.04%
ENERGIZER AA 2 PCS,CS Others,NON FOOD,3,25.5,0,0.00%,25.5,0.03%,0.04%
JDS ALMOND FLORENTINES,Biscuit & Cookies,FOOD,1,25.5,0,0.00%,25.5,0.01%,0.04%
PEPSODENT TP CENTER FRESH 150G,CS Oral Care,NON FOOD,3,25.5,0,0.00%,25.5,0.03%,0.04%
TRESEMME CD 24 HOUR BODY 500ML,CS Shampoo & Conditioner,NON FOOD,1,25.5,0,0.00%,25.5,0.01%,0.04%
TRESEMME CD VIBRANT NATURALS 500,CS Shampoo & Conditioner,NON FOOD,1,25.5,0,0.00%,25.5,0.01%,0.04%
TRESEMME SH KERATIN SMOOTH 500ML,CS Shampoo & Conditioner,NON FOOD,1,25.5,0,0.00%,25.5,0.01%,0.04%
TRESEMME SH PLATINUM STRENGTH 50,CS Shampoo & Conditioner,NON FOOD,1,25.5,0,0.00%,25.5,0.01%,0.04%
TRESEMME SH VIBRANT NATURALS 500,CS Shampoo & Conditioner,NON FOOD,1,25.5,0,0.00%,25.5,0.01%,0.04%
CARTE DOR VANILLA 1 SCOOP,Ice cream,FOOD,5,25,0,0.00%,25,0.05%,0.04%
EXTRA BIG BOTTLE STRAWBERRY,CS Mint & Gum,FOOD,2,25,0,0.00%,25,0.02%,0.04%
LUX BAR CREAMY PERFECTION 120GM,CS Soap & Handwash,NON FOOD,7,24.5,0,0.00%,24.5,0.07%,0.04%
Walkers Short Bread40g,Biscuits,FOOD,7,24.5,0,0.00%,24.5,0.07%,0.04%
SYOSS HAIR GEL MEN POWER HOLD 25,CS Soap & Handwash,NON FOOD,1,24.25,0,0.00%,24.25,0.01%,0.03%
ADD WHIPPED CREAM,Starbucks,FOOD,6,24,0,0.00%,24,0.06%,0.03%
AlpenMuslie625g,CS Cereal,FOOD,1,24,0,0.00%,24,0.01%,0.03%
CHAMOMILE TEA BAG,Tea,FOOD,3,24,0,0.00%,24,0.03%,0.03%
Earl Grey Tea,Tea,FOOD,3,24,0,0.00%,24,0.03%,0.03%
GLAD GARBAGE BAG MEDIUM 35L X 30,CS Tissue & Toilet Rolls,NON FOOD,2,24,0,0.00%,24,0.02%,0.03%
KPS COOL COCONUT,Smoothies,BEVERAGE,1,24,0,0.00%,24,0.01%,0.03%
LAYS 40GM FRENCH CHEESE,CS Chips & Snacks,FOOD,12,24,0,0.00%,24,0.13%,0.03%
Minced Beef & Mushroom,Pizza,FOOD,1,24,0,0.00%,24,0.01%,0.03%
MY THAI,Milk Shake,BEVERAGE,1,24,0,0.00%,24,0.01%,0.03%
Panadol96 ,CS Others,NON FOOD,24,24,0,0.00%,24,0.26%,0.03%
Peppers,Pizza,FOOD,4,24,0,0.00%,24,0.04%,0.03%
POKKA PEACH ICED TEA CAN,Packet Juice,BEVERAGE,6,24,0,0.00%,24,0.06%,0.03%
SUBSTITUTE SOYA ALMOND,Soya Milk,FOOD,6,24,0,0.00%,24,0.06%,0.03%
THE 3RD DATE,Milk Shake,BEVERAGE,1,24,0,0.00%,24,0.01%,0.03%
NATURE VALLEY SWEET NUTTY PEANUT,CS Cereal,FOOD,1,23.25,0,0.00%,23.25,0.01%,0.03%
FANTA APPLE CAN,Softdrinks,BEVERAGE,7,23,0,0.00%,23,0.07%,0.03%
GILLETTE BLADE 2 PCS MACH 3,CS Mens Care,NON FOOD,1,23,0,0.00%,23,0.01%,0.03%
SAINT AGUR CHEESE 125G,CS Dairy ,FOOD,1,23,0,0.00%,23,0.01%,0.03%
SCHIK RAZOR WOMEN QUATTRO,CS Womens Care,NON FOOD,1,23,0,0.00%,23,0.01%,0.03%
GALAXY CARAMEL 40GM,CS Chocolate ,FOOD,7,22.75,0,0.00%,22.75,0.07%,0.03%
MENTOS 38GM CHEWY COLA,CS Mint & Gum,FOOD,13,22.75,0,0.00%,22.75,0.14%,0.03%
PRO BAR MEAL WHOLEBERRY BLAST 85,CS Cereal,FOOD,1,22.75,0,0.00%,22.75,0.01%,0.03%
TideReg Original1.5Kg ,CS Laundry Care,NON FOOD,1,22.75,0,0.00%,22.75,0.01%,0.03%
CastaniaPnutRostd,CS Nuts & Seeds,FOOD,3,22.5,0,0.00%,22.5,0.03%,0.03%
COKE ZERO CAN 300M,CS Soft Drinks,BEVERAGE,15,22.5,0,0.00%,22.5,0.16%,0.03%
MENTOS MINIS ASSORTED PACKET 250,CS Mint & Gum,FOOD,3,22.5,0,0.00%,22.5,0.03%,0.03%
NESCAFE CAPPUCINO PACKET 10PCS,CS Coffee,FOOD,1,22.5,0,0.00%,22.5,0.01%,0.03%
SYOSS HAIR MASK REPAIR THERAPY 2,CS Soap & Handwash,NON FOOD,1,22.5,0,0.00%,22.5,0.01%,0.03%
VOLVIC WATER 500ML,CS Water,BEVERAGE,5,22.5,0,0.00%,22.5,0.05%,0.03%
Greek Salad,Salads,FOOD,1,22,0,0.00%,22,0.01%,0.03%
MODERN BAKE MANGO PISTA ENERGY B,CS Cereal,FOOD,4,22,0,0.00%,22,0.04%,0.03%
POPEYE,Fresh Juices,BEVERAGE,1,22,0,0.00%,22,0.01%,0.03%
PPPPLEASE ME,Fresh Juices,BEVERAGE,1,22,0,0.00%,22,0.01%,0.03%
Sugar Granul2Kg ,CS Coocking & Baking,FOOD,2,22,0,0.00%,22,0.02%,0.03%
ALPEN BAR FRUIT NUT 28GM,CS Cereal,FOOD,5,21.25,0,0.00%,21.25,0.05%,0.03%
BEST CAN MACADEMIA 110G,CS Dry Fruits,FOOD,1,21.25,0,0.00%,21.25,0.01%,0.03%
BISCUITSDIGES250 ,Biscuit & Cookies,FOOD,2,21,0,0.00%,21,0.02%,0.03%
CROISSANT HI BUTTER CHEESE,CS Bakery,FOOD,7,21,0,0.00%,21,0.07%,0.03%
LARGE GLASS FRESH MILK,Coffee,FOOD,3,21,0,0.00%,21,0.03%,0.03%
NATURE VALLEY CANADIAN MAPLE SYR,CS Cereal,FOOD,7,21,0,0.00%,21,0.07%,0.03%
RiceKrispiesCMB20g,CS Cereal,FOOD,7,21,0,0.00%,21,0.07%,0.03%
SCHWEPPES GINGER ALE 300M,CS Soft Drinks,BEVERAGE,14,21,0,0.00%,21,0.15%,0.03%
VITA COCO PURE COCONUT WATER 330,CS Packet Juice,BEVERAGE,2,21,0,0.00%,21,0.02%,0.03%
INA PAARMAN HERB DRESSING 300ML,CS Sauce,FOOD,1,20.75,0,0.00%,20.75,0.01%,0.03%
INA PAARMAN HONEY MUSTARD DRESSI,CS Sauce,FOOD,1,20.75,0,0.00%,20.75,0.01%,0.03%
ALPRO ALMOND MILK 1L,CS Dairy ,FOOD,1,20.5,0,0.00%,20.5,0.01%,0.03%
BONNE MANAM BLACK CURRANT JELLY ,CS Can & Jar Food,FOOD,1,20.5,0,0.00%,20.5,0.01%,0.03%
FITA 600G,Biscuit & Cookies,FOOD,1,20.5,0,0.00%,20.5,0.01%,0.03%
ORAL B MOUTH WASH MULTI PROTECT ,CS Oral Care,NON FOOD,1,20.5,0,0.00%,20.5,0.01%,0.03%
CAREFREE ALOE 30PCS,CS Sanitary Care,NON FOOD,1,20.25,0,0.00%,20.25,0.01%,0.03%
NECTAFLOR SOFT FIGS 200GM,CS Dry Fruits,FOOD,1,20.25,0,0.00%,20.25,0.01%,0.03%
NESCAFE CAPPUCINO SACHET 1PCS,CS Coffee,FOOD,9,20.25,0,0.00%,20.25,0.10%,0.03%
AL AIN FRUIT FOREST YOGHURT 125G,CS Dairy ,FOOD,10,20,0,0.00%,20,0.11%,0.03%
BEEF MAIN,Main course,FOOD,1,20,0,0.00%,20,0.01%,0.03%
CARTE DOR BANANA 1 SCOOP,Ice cream,FOOD,4,20,0,0.00%,20,0.04%,0.03%
CARTE DOR CARAMEL 1 SCOOP,Ice cream,FOOD,4,20,0,0.00%,20,0.04%,0.03%
CARTE DOR LEMON SORBET 1 SCOOP,Ice cream,FOOD,4,20,0,0.00%,20,0.04%,0.03%
CARTE DOR S.BERRY 1 SCOOP,Ice cream,FOOD,4,20,0,0.00%,20,0.04%,0.03%
Chocolate Bar,Extras,FOOD,4,20,0,0.00%,20,0.04%,0.03%
CORNETTO I/C CLASSICO CREAM,CS Ice Cream,FOOD,4,20,0,0.00%,20,0.04%,0.03%
LIPTON LEMON ICED TEA,Tea,BEVERAGE,5,20,0,0.00%,20,0.05%,0.03%
PERRIER WATER 330ML,CS Water,BEVERAGE,5,20,0,0.00%,20,0.05%,0.03%
POM-SPRITZ,BOTANICAL SODAS,BEVERAGE,1,20,0,0.00%,20,0.01%,0.03%
ROSE MIX,BOTANICAL SODAS,BEVERAGE,1,20,0,0.00%,20,0.01%,0.03%
SILVER SWAN JASMINE RICE 1KG,CS Coocking & Baking,FOOD,2,20,0,0.00%,20,0.02%,0.03%
SMINT CANDY GUM STRAWBERRY 14.2G,CS Mint & Gum,FOOD,5,20,0,0.00%,20,0.05%,0.03%
SPRITE CAN,Softdrinks,BEVERAGE,5,20,0,0.00%,20,0.05%,0.03%
Sweet Potato Wedges,Extras,FOOD,2,20,0,0.00%,20,0.02%,0.03%
TANG,BOTANICAL SODAS,BEVERAGE,1,20,0,0.00%,20,0.01%,0.03%
CLOSEUP FIRE FREEZE INTENSE 100M,CS Oral Care,NON FOOD,2,19.5,0,0.00%,19.5,0.02%,0.03%
GALAXY SMOOTH MILK 40GM,CS Chocolate ,FOOD,6,19.5,0,0.00%,19.5,0.06%,0.03%
INDOMIE CUP BEEF,CS Pasta & Noodles,FOOD,6,19.5,0,0.00%,19.5,0.06%,0.03%
SMACKS HONEY KELLOGS 375GM,CS Cereal,FOOD,1,19.5,0,0.00%,19.5,0.01%,0.03%
SIBLOU BEACH NUGGETS 250G,CS Frozen Food,FOOD,1,19.25,0,0.00%,19.25,0.01%,0.03%
Barilla Zucchini400g,CS Sauce,FOOD,1,19,0,0.00%,19,0.01%,0.03%
LIPTON EARL GREY 25 TB,CS Tea,FOOD,2,19,0,0.00%,19,0.02%,0.03%
TAMRAH CHOCO DARK ZIPPER BAG 100,CS Dry Fruits,FOOD,2,19,0,0.00%,19,0.02%,0.03%
ALL BRAN FLAKES KELLOGS 500GM,CS Cereal,FOOD,1,18.75,0,0.00%,18.75,0.01%,0.03%
BAYARA SALTED PISTACHIOS 50GM,CS Dry Fruits,FOOD,5,18.75,0,0.00%,18.75,0.05%,0.03%
LAYS FRENCH CHEESE 185GM,CS Chips & Snacks,FOOD,3,18.75,0,0.00%,18.75,0.03%,0.03%
SELPAK FACIAL TISSUE 100 SHEET,CS Tissue & Toilet Rolls,NON FOOD,3,18.75,0,0.00%,18.75,0.03%,0.03%
CERES PEAR JUICE 1L,CS Packet Juice,BEVERAGE,2,18.5,0,0.00%,18.5,0.02%,0.03%
PAPILLON ROQUEFORT RED LABEL 100,CS Dairy ,FOOD,1,18.5,0,0.00%,18.5,0.01%,0.03%
AXE DEO ANARCHY 4 HIM 150ML,CS Deodrants,NON FOOD,1,18.25,0,0.00%,18.25,0.01%,0.03%
AXE DEO APOLLO 150ML,CS Deodrants,NON FOOD,1,18.25,0,0.00%,18.25,0.01%,0.03%
NECTAFLOR SOFT APRICOTS 200GM,CS Dry Fruits,FOOD,1,18.25,0,0.00%,18.25,0.01%,0.03%
NECTAFLOR SOFT PRUNES 200GM,CS Dry Fruits,FOOD,1,18.25,0,0.00%,18.25,0.01%,0.03%
16 OZ ICED CARAMEL LATTE,Starbucks,FOOD,1,18,0,0.00%,18,0.01%,0.03%
CORN FLAKES KELLOGS 500GM,CS Cereal,FOOD,1,18,0,0.00%,18,0.01%,0.03%
GLADZprSandwichBg,CS Bags/Foil/Wraps,NON FOOD,2,18,0,0.00%,18,0.02%,0.03%
LACNOR MILK STRAWBERRY 180ML,CS Packet Juice,BEVERAGE,12,18,0,0.00%,18,0.13%,0.03%
Lays Chips,Extras,FOOD,9,18,0,0.00%,18,0.10%,0.03%
LIFEBUOY 40 WET WIPES,CS Tissue & Toilet Rolls,NON FOOD,1,18,0,0.00%,18,0.01%,0.03%
SAN PELLEGRINO WATER 1000ML,CS Water,BEVERAGE,2,18,0,0.00%,18,0.02%,0.03%
DEEP HEAT SPRAY PACKET,CS Others,NON FOOD,1,17.75,0,0.00%,17.75,0.01%,0.03%
NIVEA DEO POWDER TOUCH 200ML,CS Deodrants,NON FOOD,1,17.75,0,0.00%,17.75,0.01%,0.03%
CROISSANT CHOCOLATE,CS Bakery,FOOD,7,17.5,0,0.00%,17.5,0.07%,0.03%
ALWAYS PANTYR LINER 40 NORMAL,CS Sanitary Care,NON FOOD,1,17.25,0,0.00%,17.25,0.01%,0.02%
BEST CAN SUPER CASHEW 110GM,CS Nuts & Seeds,FOOD,1,17.25,0,0.00%,17.25,0.01%,0.02%
COEUR DE LION PETIT CAMEMBERT 15,CS Dairy ,FOOD,1,17.25,0,0.00%,17.25,0.01%,0.02%
SIBLOU 10 FISH FINGERS 250GM,CS Frozen Food,FOOD,1,17.25,0,0.00%,17.25,0.01%,0.02%
16 OZ CAFFE MOCHA,Starbucks,FOOD,1,17,0,0.00%,17,0.01%,0.02%
16 OZ HOT CHOCOLATE,Starbucks,FOOD,1,17,0,0.00%,17,0.01%,0.02%
JDS ALMOND THINS,Biscuit & Cookies,FOOD,1,17,0,0.00%,17,0.01%,0.02%
LifebuoyAbWetWipes,CS Tissue & Toilet Rolls,NON FOOD,2,17,0,0.00%,17,0.02%,0.02%
VASELINE PETROLEUM JELLY 120M,CS Body Care,NON FOOD,2,17,0,0.00%,17,0.02%,0.02%
ALPROMilkFlvrChoc 1L,CS Dairy ,BEVERAGE,1,16.75,0,0.00%,16.75,0.01%,0.02%
BEST CAN PEANUTS SALTED 110GM,CS Nuts & Seeds,FOOD,2,16.5,0,0.00%,16.5,0.02%,0.02%
DESIAM THAI SAUCE YELLOW CURRY 2,CS Sauce,FOOD,2,16.5,0,0.00%,16.5,0.02%,0.02%
MamanWildBlubryPrsrv,CS Can & Jar Food,FOOD,1,16.5,0,0.00%,16.5,0.01%,0.02%
VOCHELLE DARK CHOC FRUIT & NUTS ,CS Chocolate ,FOOD,3,16.5,0,0.00%,16.5,0.03%,0.02%
MOTHER E OAT SLICE APRICOT CHOCO,CS Dry Fruits,FOOD,1,16.25,0,0.00%,16.25,0.01%,0.02%
CLOROX WIPES DISINFECTING CITRUS,CS Cleaning Supplies,NON FOOD,1,16,0,0.00%,16,0.01%,0.02%
CROISSANT HI BUTTER CHOCOLATE,CS Bakery,FOOD,4,16,0,0.00%,16,0.04%,0.02%
EXTRA PELLET SPEARMINT GUM,CS Mint & Gum,FOOD,8,16,0,0.00%,16,0.09%,0.02%
FANTA STRAWBERRY CAN,Softdrinks,BEVERAGE,4,16,0,0.00%,16,0.04%,0.02%
Fresh Orange Juice,Fresh Juices,BEVERAGE,2,16,0,0.00%,16,0.02%,0.02%
LAYS 40GM SALT VINEGAR,CS Chips & Snacks,FOOD,8,16,0,0.00%,16,0.09%,0.02%
LEMON DRIZZLE CAKE,Dessert,FOOD,2,16,0,0.00%,16,0.02%,0.02%
MOTHER E OAT SLICE SULTANA HONEY,CS Dry Fruits,FOOD,1,16,0,0.00%,16,0.01%,0.02%
Peanut Butter & Jelly(V),Sandwiches,FOOD,1,16,0,0.00%,16,0.01%,0.02%
Portion Starch,Main course,FOOD,2,16,0,0.00%,16,0.02%,0.02%
SLICED BREAD WHITE JUMBO,CS Bakery,FOOD,4,16,0,0.00%,16,0.04%,0.02%
Steamed Rice,Main course,FOOD,2,16,0,0.00%,16,0.02%,0.02%
MANI PISTACHIOS SALT PEPPER 40G,CS Dry Fruits,FOOD,3,15.75,0,0.00%,15.75,0.03%,0.02%
AXE ROLLON DARK TEMPTATION 40ML,CS Deodrants,NON FOOD,1,15.5,0,0.00%,15.5,0.01%,0.02%
CAREFREE PLUS FRESH LARGE 20PCS,CS Sanitary Care,NON FOOD,1,15.5,0,0.00%,15.5,0.01%,0.02%
DOVE+MCCCDS150ML,CS Shampoo & Conditioner,NON FOOD,1,15.5,0,0.00%,15.5,0.01%,0.02%
COMFORT BABY CONCENTRATE 750ML,CS Laundry Care,NON FOOD,1,15.25,0,0.00%,15.25,0.01%,0.02%
COMFORT LAVENDER MAGNOLIA CONCEN,CS Laundry Care,NON FOOD,1,15.25,0,0.00%,15.25,0.01%,0.02%
LIPTON PYRAMID LEMON MINT TEA BA,CS Tea,FOOD,1,15.25,0,0.00%,15.25,0.01%,0.02%
ARIEL 260GM BLUE,CS Laundry Care,NON FOOD,3,15,0,0.00%,15,0.03%,0.02%
CAREFREE COTTON EXTRACT SINGLE 2,CS Sanitary Care,NON FOOD,1,15,0,0.00%,15,0.01%,0.02%
CastaniaMixedNuts125G,CS Nuts & Seeds,FOOD,2,15,0,0.00%,15,0.02%,0.02%
CHICKEN MAIN,Main course,FOOD,1,15,0,0.00%,15,0.01%,0.02%
COKE LIGHT LARGE 2.25L,CS Soft Drinks,BEVERAGE,3,15,0,0.00%,15,0.03%,0.02%
ENERGIZER AAA 6 PCS,CS Tissue & Toilet Rolls,NON FOOD,1,15,0,0.00%,15,0.01%,0.02%
GranAppleCunch,CS Cereal,FOOD,5,15,0,0.00%,15,0.05%,0.02%
MOMA CUP POREIDGE PLAIN 70GM,CS Cereal,FOOD,1,15,0,0.00%,15,0.01%,0.02%
NIVEA MEN SHOWER VITALITY FRESH ,CS Bath & Shower,NON FOOD,1,15,0,0.00%,15,0.01%,0.02%
REXONA DEO WOMEN SHOWER CLEAN,CS Deodrants,NON FOOD,1,15,0,0.00%,15,0.01%,0.02%
SPRITE CAN 355ML,CS Soft Drinks,BEVERAGE,10,15,0,0.00%,15,0.11%,0.02%
LIP ENG BREKFAST 15 PYRAMID TB,CS Tea,FOOD,1,14.5,0,0.00%,14.5,0.01%,0.02%
LIP GREN GUNPWDR 15 PYRAMID TB,CS Tea,FOOD,1,14.5,0,0.00%,14.5,0.01%,0.02%
NIVEA STICK MEN INVISIBLE 40ML,CS Deodrants,NON FOOD,1,14.5,0,0.00%,14.5,0.01%,0.02%
NIVEA STICK WOMEN INVISIBLE 40ML,CS Deodrants,NON FOOD,1,14.5,0,0.00%,14.5,0.01%,0.02%
NIVEA STICK WOMEN PEARL & BEAUTY,CS Deodrants,NON FOOD,1,14.5,0,0.00%,14.5,0.01%,0.02%
NIVEA STICK WOMEN POWDER TOUCH 4,CS Deodrants,NON FOOD,1,14.5,0,0.00%,14.5,0.01%,0.02%
MOTHER E FRUIT STICK APPLE 8 BAR,CS Dry Fruits,FOOD,1,14.25,0,0.00%,14.25,0.01%,0.02%
MOTHER E FRUIT STICK APPLE PEACH,CS Dry Fruits,FOOD,1,14.25,0,0.00%,14.25,0.01%,0.02%
MOTHER E FRUIT STICK APRICOT 8 B,CS Dry Fruits,FOOD,1,14.25,0,0.00%,14.25,0.01%,0.02%
REXONA STICK WOMEN COTTON 40GM,CS Deodrants,NON FOOD,1,14.25,0,0.00%,14.25,0.01%,0.02%
SCRUMMIES STRAWBERRY CRANBERRIES,CS Dry Fruits,FOOD,3,14.25,0,0.00%,14.25,0.03%,0.02%
COKE PET 500ML,CS Soft Drinks,BEVERAGE,7,14,0,0.00%,14,0.07%,0.02%
EXTRA PELLET PEPPERMINT GUM,CS Mint & Gum,FOOD,7,14,0,0.00%,14,0.07%,0.02%
GALLON WATER COUPON,CS Water,BEVERAGE,2,14,0,0.00%,14,0.02%,0.02%
Open Food,Open Food,FOOD,1,14,0,0.00%,14,0.01%,0.02%
REXONA ROLL ON SPORT DEFENCE 50M,CS Deodrants,NON FOOD,1,14,0,0.00%,14,0.01%,0.02%
AL AIN YOGHURT FULL CREAM 170GM,CS Dairy ,FOOD,11,13.75,0,0.00%,13.75,0.12%,0.02%
LINDT EXCELLENCE SEA SALT 100GM,CS Chocolate ,FOOD,1,13.75,0,0.00%,13.75,0.01%,0.02%
LINDT EXCELLENCE SESAME ROASTED ,CS Organic Food,FOOD,1,13.75,0,0.00%,13.75,0.01%,0.02%
SELPAK KITCHEN ROLL 3PCS 20% OFF,CS Tissue & Toilet Rolls,NON FOOD,1,13.75,0,0.00%,13.75,0.01%,0.02%
SLICED BREAD BROWN JUMBO,CS Bakery,FOOD,3,13.5,0,0.00%,13.5,0.03%,0.02%
DOVE SH MEN CARE ANTI HAIRFALL 2,CS Shampoo & Conditioner,NON FOOD,1,13.25,0,0.00%,13.25,0.01%,0.02%
Add Mini PastryCombo,Dessert,FOOD,13,13,0,0.00%,13,0.14%,0.02%
BAYARA CASHEW SALTED 50GM,CS Nuts & Seeds,FOOD,4,13,0,0.00%,13,0.04%,0.02%
BERRY CO GOJI BERRY JUICE 1L,CS Packet Juice,BEVERAGE,1,13,0,0.00%,13,0.01%,0.02%
BERRY CO POMEGRANTE JUICE 1L,CS Packet Juice,BEVERAGE,1,13,0,0.00%,13,0.01%,0.02%
CARTE D'OR SMALL CUP VANILLA,CS Chocolate ,FOOD,2,13,0,0.00%,13,0.02%,0.02%
CLEAR SH MEN 2 IN 1 STYLE EXPRES,CS Shampoo & Conditioner,NON FOOD,1,13,0,0.00%,13,0.01%,0.02%
DESIAM THAI SOUP TOM KHA PASTE 7,CS Sauce,FOOD,2,13,0,0.00%,13,0.02%,0.02%
DR OETKER NO.0 CANDLE,CS Disposable,NON FOOD,2,13,0,0.00%,13,0.02%,0.02%
DR OETKER NO.1 CANDLE,CS Disposable,NON FOOD,2,13,0,0.00%,13,0.02%,0.02%
JOHNSONS COTTON BUDS 100PCS,CS Others,NON FOOD,1,13,0,0.00%,13,0.01%,0.02%
NIVEA HAND WASH LEMONGRASS & OIL,CS Soap & Handwash,NON FOOD,1,13,0,0.00%,13,0.01%,0.02%
REXONA ROLLON MEN QUANTUM 50ML,CS Deodrants,NON FOOD,1,13,0,0.00%,13,0.01%,0.02%
FA SHOWER CREAM CACAO BUTTER OIL,CS Hair Styling & Spray,NON FOOD,1,12.75,0,0.00%,12.75,0.01%,0.02%
CAREFREE FLEXIFORM 18PCS,CS Sanitary Care,NON FOOD,1,12.5,0,0.00%,12.5,0.01%,0.02%
JOHN WEST LIGHT TUNA CHUNK OIL 1,CS Can & Jar Food,FOOD,2,12.5,0,0.00%,12.5,0.02%,0.02%
LAYS SALT VINEGAR 185GM,CS Chips & Snacks,FOOD,2,12.5,0,0.00%,12.5,0.02%,0.02%
LAYS TOMATO KETCHUP 185GM,CS Chips & Snacks,FOOD,2,12.5,0,0.00%,12.5,0.02%,0.02%
SELPAK TOILET PAPER 4 ROLLS,CS Tissue & Toilet Rolls,NON FOOD,1,12.5,0,0.00%,12.5,0.01%,0.02%
DOVE HAIR CONDITIONER DAILY CARE,CS Shampoo & Conditioner,NON FOOD,1,12.25,0,0.00%,12.25,0.01%,0.02%
PURELL ALOE HAND SANITIZER,CS Soap & Handwash,NON FOOD,1,12.25,0,0.00%,12.25,0.01%,0.02%
BAYARA SALTED PISTACHIOS 150G,CS Nuts & Seeds,FOOD,1,12,0,0.00%,12,0.01%,0.02%
DOVE SH DAMAGE INTENSIVE REPAIR ,CS Shampoo & Conditioner,NON FOOD,1,12,0,0.00%,12,0.01%,0.02%
GLAD ALUMINIUM FOIL 25 SQ FEET,CS Bags/Foil/Wraps,NON FOOD,2,12,0,0.00%,12,0.02%,0.02%
GLASS OF SOYA MILK,Soya Milk,FOOD,2,12,0,0.00%,12,0.02%,0.02%
Jalapenos,Pizza,FOOD,2,12,0,0.00%,12,0.02%,0.02%
Lacnor Full Fat Milk 1L ,CS Dairy ,BEVERAGE,3,12,0,0.00%,12,0.03%,0.02%
Lacnor Low Fat Milk 1L,CS Dairy ,BEVERAGE,3,12,0,0.00%,12,0.03%,0.02%
LIPTON PEACH ICED TEA,Tea,BEVERAGE,3,12,0,0.00%,12,0.03%,0.02%
MENTOS 38GM CHEWY FRUIT,CS Mint & Gum,FOOD,6,12,0,0.00%,12,0.06%,0.02%
NATURE VALLEY ROASTED ALMOND,CS Cereal,FOOD,4,12,0,0.00%,12,0.04%,0.02%
OAT & RAISIN COOKIE,Dessert,FOOD,2,12,0,0.00%,12,0.02%,0.02%
Perrier Water,Water,BEVERAGE,2,12,0,0.00%,12,0.02%,0.02%
Pineapple,Pizza,FOOD,2,12,0,0.00%,12,0.02%,0.02%
RAINBOWEvpMilk160ML ,CS Dairy ,FOOD,4,12,0,0.00%,12,0.04%,0.02%
STRAIGHT DUTCH,Smoothies,BEVERAGE,1,12,0,0.00%,12,0.01%,0.02%
Yardly Jasmine200ml,CS Deodrants,NON FOOD,1,12,0,0.00%,12,0.01%,0.02%
Dol Ex Onion&Garlic Sauce 500g,CS Sauce,FOOD,1,11.5,0,0.00%,11.5,0.01%,0.02%
DOLMIO BOLOGNESE CHUNKY MUSHROOM,CS Sauce,FOOD,1,11.5,0,0.00%,11.5,0.01%,0.02%
DOLMIO BOLOGNESE SPICY SAUCE 500,CS Sauce,FOOD,1,11.5,0,0.00%,11.5,0.01%,0.02%
CLOROX FLORAL 1.89L 1/2 GALLON,CS Laundry Care,NON FOOD,1,11.25,0,0.00%,11.25,0.01%,0.02%
DOVE BEAUTY CREAM 150ML,CS Body Care,NON FOOD,1,11,0,0.00%,11,0.01%,0.02%
GROWERS PACKET SAVOURY PEANUTS,CS Nuts & Seeds,FOOD,2,11,0,0.00%,11,0.02%,0.02%
JOHNSONS COTTON PADS 80 PCS,CS Facial Care,NON FOOD,1,11,0,0.00%,11,0.01%,0.02%
LIFEBUOY HW MILD CARE 200ML,CS Soap & Handwash,NON FOOD,1,11,0,0.00%,11,0.01%,0.02%
LUX HW SWEET EMBRACE 250ML,CS Shampoo & Conditioner,NON FOOD,1,11,0,0.00%,11,0.01%,0.02%
PANTENE SH MOISTURE RENEWAL 200M,CS Shampoo & Conditioner,NON FOOD,1,11,0,0.00%,11,0.01%,0.02%
PERRIER WATER SLIM CAN 250ML,Convenience Beverages,BEVERAGE,4,11,0,0.00%,11,0.04%,0.02%
BAYARA EXTRA MIXED NUTS 150GM,CS Nuts & Seeds,FOOD,1,10.75,0,0.00%,10.75,0.01%,0.02%
AL AIN PINEAPPLE YOGHURT 125GM,CS Dairy ,FOOD,6,10.5,0,0.00%,10.5,0.06%,0.02%
"BUN BREAD SEASAME 4"" 6 PCS",CS Bakery,FOOD,3,10.5,0,0.00%,10.5,0.03%,0.02%
KOKA CUP BEEF,CS Pasta & Noodles,FOOD,3,10.5,0,0.00%,10.5,0.03%,0.02%
KOKA CUP SPICY SHRIMP,CS Pasta & Noodles,FOOD,3,10.5,0,0.00%,10.5,0.03%,0.02%
MANI CASHEWS ROSTED SEA SALT 40G,CS Dry Fruits,FOOD,2,10.5,0,0.00%,10.5,0.02%,0.02%
MOUNTAIN DEW CAN 335ML ,CS Soft Drinks,BEVERAGE,7,10.5,0,0.00%,10.5,0.07%,0.02%
MUFFIN APPLE,CS Bakery,FOOD,3,10.5,0,0.00%,10.5,0.03%,0.02%
SCHWEPPES BITTER LEMON 300M,CS Soft Drinks,BEVERAGE,7,10.5,0,0.00%,10.5,0.07%,0.02%
SCHWEPPES SODA CAN 300M,CS Soft Drinks,BEVERAGE,7,10.5,0,0.00%,10.5,0.07%,0.02%
VITA COCO PINEAPPLE 330ML,Convenience Beverages,BEVERAGE,1,10.5,0,0.00%,10.5,0.01%,0.02%
A/G CORNED BEEF HALAL 340GM,CS Can & Jar Food,FOOD,1,10.25,0,0.00%,10.25,0.01%,0.01%
SLIM NOODLES READY TO WOK 270GM,CS Pasta & Noodles,FOOD,1,10.25,0,0.00%,10.25,0.01%,0.01%
SLIM RICE READY TO EAT 270GM,CS Pasta & Noodles,FOOD,1,10.25,0,0.00%,10.25,0.01%,0.01%
DOUGHNUT PLAIN,CS Bakery,FOOD,5,10,0,0.00%,10,0.05%,0.01%
FANTA LARGE 2.25L,CS Soft Drinks,BEVERAGE,2,10,0,0.00%,10,0.02%,0.01%
Fresh Pineapple Juice,Fresh Juices,BEVERAGE,1,10,0,0.00%,10,0.01%,0.01%
Fresh Water Melon,Fresh Juices,BEVERAGE,1,10,0,0.00%,10,0.01%,0.01%
Lemon,CS Fresh Vegatables,FOOD,5,10,0,0.00%,10,0.05%,0.01%
SINGLE ESSPRESSO,Starbucks,FOOD,1,10,0,0.00%,10,0.01%,0.01%
WALK IN DINNER,WALK IN DINNER,FOOD,1,10,0,0.00%,10,0.01%,0.01%
CLOSEUP FIRE FREEZE EXTREME COOL,CS Oral Care,NON FOOD,1,9.75,0,0.00%,9.75,0.01%,0.01%
GALAXY FRUIT & NUT 40GM,CS Chocolate ,FOOD,3,9.75,0,0.00%,9.75,0.03%,0.01%
SUNSILK SH PROGRESSIVE DAMAGE 20,CS Shampoo & Conditioner,NON FOOD,1,9.75,0,0.00%,9.75,0.01%,0.01%
VOCHELLE BLOCK FRUIT&NUTS 180G,CS Chocolate ,FOOD,1,9.75,0,0.00%,9.75,0.01%,0.01%
WORCESTERSHIRE SAUCE BOTTLE,CS Sauce,FOOD,1,9.75,0,0.00%,9.75,0.01%,0.01%
BEST CAN MIXED NUTS 110GM,CS Nuts & Seeds,FOOD,1,9.5,0,0.00%,9.5,0.01%,0.01%
DESIAM THAI SAUCE GREEN CURRY 20,CS Sauce,FOOD,1,9.5,0,0.00%,9.5,0.01%,0.01%
JWLIGHTMEATOIL170G,CS Can & Jar Food,FOOD,1,9.5,0,0.00%,9.5,0.01%,0.01%
SCRUMMIES BLACKCURRANT CRANBERRI,CS Dry Fruits,FOOD,2,9.5,0,0.00%,9.5,0.02%,0.01%
SCRUMMIES BLUEBERRY CRANBERRIES ,CS Dry Fruits,FOOD,2,9.5,0,0.00%,9.5,0.02%,0.01%
CERES APPLE JUICE 1L,CS Packet Juice,BEVERAGE,1,9.25,0,0.00%,9.25,0.01%,0.01%
BAHLSEN LEIBNIZ,Biscuit & Cookies,FOOD,2,9,0,0.00%,9,0.02%,0.01%
BEST 30GM SALTED PEANUTS,CS Nuts & Seeds,FOOD,6,9,0,0.00%,9,0.06%,0.01%
CARTE DOR CHOCOLATE 2 SCOOP,Ice cream,FOOD,1,9,0,0.00%,9,0.01%,0.01%
CARTE DOR S.BERRY 2 SCOOP,Ice cream,FOOD,1,9,0,0.00%,9,0.01%,0.01%
CARTE DOR VANILLA 2 SCOOP,Ice cream,FOOD,1,9,0,0.00%,9,0.01%,0.01%
CERES RUBY GRAPE FRUIT JUICE 1L,CS Packet Juice,BEVERAGE,1,9,0,0.00%,9,0.01%,0.01%
EXT BAR CHOCO,CS Cereal,FOOD,1,9,0,0.00%,9,0.01%,0.01%
HANSAPLAST 20 STRIPS ELASTIC 2 S,CS Others,NON FOOD,1,9,0,0.00%,9,0.01%,0.01%
HeinzBaked Beans415g ,CS Can & Jar Food,FOOD,2,9,0,0.00%,9,0.02%,0.01%
POKKA ICED TEA PEACH 500ML,CS Packet Juice,BEVERAGE,3,9,0,0.00%,9,0.03%,0.01%
POKKA LEMON ICED TEA 330ML,CS Soft Drinks,BEVERAGE,3,9,0,0.00%,9,0.03%,0.01%
Potato Wedges,Extras,FOOD,1,9,0,0.00%,9,0.01%,0.01%
AL AIN KIWI APPLE YOGHURT 125GM,CS Dairy ,FOOD,5,8.75,0,0.00%,8.75,0.05%,0.01%
FRUIT TELLA STRAWBERRY 39G,CS Mint & Gum,FOOD,5,8.75,0,0.00%,8.75,0.05%,0.01%
BAYARA SALTED PEANUTS 300GM,CS Dry Fruits,FOOD,2,8.5,0,0.00%,8.5,0.02%,0.01%
CLOSE UP DEEP ACTION120ml,CS Oral Care,NON FOOD,1,8.5,0,0.00%,8.5,0.01%,0.01%
A/G U.S MAYONNAISE 8OZ,CS Sauce,FOOD,1,8,0,0.00%,8,0.01%,0.01%
BAYARA FINE HERBS BOTTLE 100ML,CS Spices & Herbs,FOOD,2,8,0,0.00%,8,0.02%,0.01%
BAYARA HERBS FOR COOKING 100ML,CS Spices & Herbs,FOOD,2,8,0,0.00%,8,0.02%,0.01%
BAYARA POWDER BOTTLE 100ML,CS Spices & Herbs,FOOD,2,8,0,0.00%,8,0.02%,0.01%
FANTA PET 500ML,CS Soft Drinks,BEVERAGE,4,8,0,0.00%,8,0.04%,0.01%
HEINZ TUNA CHUNKS OIL TIN 185GM,CS Can & Jar Food,FOOD,1,8,0,0.00%,8,0.01%,0.01%
HEINZ TUNA LIGHT SOLID OIL TIN 1,CS Can & Jar Food,FOOD,1,8,0,0.00%,8,0.01%,0.01%
KNORR CREAM OF CORN80G,CS Packet Food,FOOD,1,8,0,0.00%,8,0.01%,0.01%
KNORR PACKET CREAM OF CHICKEN SO,CS Packet Food,FOOD,2,8,0,0.00%,8,0.02%,0.01%
LIME PACKET,CS Fresh Vegatables,FOOD,1,8,0,0.00%,8,0.01%,0.01%
MAGGI STOCK CUBE BEEF,CS Sauce,FOOD,8,8,0,0.00%,8,0.09%,0.01%
MENTOS CHEWY STRAWBERRY 30GM,CS Mint & Gum,FOOD,4,8,0,0.00%,8,0.04%,0.01%
Moroccan Green Tea,Tea,FOOD,1,8,0,0.00%,8,0.01%,0.01%
PEPSI DIET PET 500M,CS Soft Drinks,BEVERAGE,4,8,0,0.00%,8,0.04%,0.01%
RED BULL 250ML,CS Sports & Energy Drinks,BEVERAGE,1,8,0,0.00%,8,0.01%,0.01%
SPRITE PET 500ML,CS Soft Drinks,BEVERAGE,4,8,0,0.00%,8,0.04%,0.01%
SUNSILK SH NOURISHING SOFT & SMO,CS Shampoo & Conditioner,NON FOOD,1,8,0,0.00%,8,0.01%,0.01%
FUN PLASTIC SPOON PLUM 18PCS,CS Disposable,NON FOOD,1,7.75,0,0.00%,7.75,0.01%,0.01%
CLOROX HEAVY DUTY SCOURER 1PCS,CS Cleaning Supplies,NON FOOD,3,7.5,0,0.00%,7.5,0.03%,0.01%
KOKA PILLOW 5 PCS CHICKEN,CS Pasta & Noodles,FOOD,1,7.5,0,0.00%,7.5,0.01%,0.01%
BARILLA PASTA SPAGHETTI NO.3 500,CS Pasta & Noodles,FOOD,1,7.25,0,0.00%,7.25,0.01%,0.01%
DESIAM RED CHILLI SAUCE 250ML,CS Sauce,FOOD,1,7.25,0,0.00%,7.25,0.01%,0.01%
AL MARAI FRESH MILK LOW FAT 1L,CS Dairy ,FOOD,1,7,0,0.00%,7,0.01%,0.01%
ALMARAI MILK FAT FREE1L,CS Dairy ,FOOD,1,7,0,0.00%,7,0.01%,0.01%
Castania Peanuts60g,Peannuts,FOOD,1,7,0,0.00%,7,0.01%,0.01%
KOKA CUP CURRY,CS Pasta & Noodles,FOOD,2,7,0,0.00%,7,0.02%,0.01%
PEPSODENT TP GERMICHECK+BRUSH 15,CS Oral Care,NON FOOD,1,7,0,0.00%,7,0.01%,0.01%
VOLVIC WATER 330ML,CS Water,BEVERAGE,2,7,0,0.00%,7,0.02%,0.01%
LIPTON GREEN TEA CLASSIC TEA BAG,CS Tea,FOOD,1,6.75,0,0.00%,6.75,0.01%,0.01%
ALWAYS NORMAL WINGS 10 PCS,CS Sanitary Care,NON FOOD,1,6.5,0,0.00%,6.5,0.01%,0.01%
CARTE DOR PISTACIO 1 SCOOP,Ice cream,FOOD,1,6.5,0,0.00%,6.5,0.01%,0.01%
CORNETTO I/C LOVE VANILLA RASPBE,CS Ice Cream,FOOD,1,6.5,0,0.00%,6.5,0.01%,0.01%
FUN24OZMLTI,CS Disposable,NON FOOD,1,6.5,0,0.00%,6.5,0.01%,0.01%
SAN PELLEGRINO WATER 500ML,CS Water,BEVERAGE,1,6.5,0,0.00%,6.5,0.01%,0.01%
REMIA 1000 ISLAND DRESSING 250ML,CS Sauce,FOOD,1,6.25,0,0.00%,6.25,0.01%,0.01%
BEST 13GM ALMOND,CS Nuts & Seeds,FOOD,4,6,0,0.00%,6,0.04%,0.01%
Chicken Tikka,Pizza,FOOD,1,6,0,0.00%,6,0.01%,0.01%
DOUGHNUT JAM,CS Bakery,FOOD,4,6,0,0.00%,6,0.04%,0.01%
GYMA BLACK PEPPER 28G,CS Spices & Herbs,FOOD,1,6,0,0.00%,6,0.01%,0.01%
LACNOR MILK BANANA 180ML,CS Packet Juice,BEVERAGE,4,6,0,0.00%,6,0.04%,0.01%
Liption Green Mint X50,CS Tea,FOOD,1,6,0,0.00%,6,0.01%,0.01%
Mash and Gravy,Extras,FOOD,1,6,0,0.00%,6,0.01%,0.01%
MENTOS 38GM CHEWY MINT,CS Mint & Gum,FOOD,3,6,0,0.00%,6,0.03%,0.01%
SCHWEPPES TONIC WATER CAN 300M,CS Soft Drinks,BEVERAGE,4,6,0,0.00%,6,0.04%,0.01%
SLICED BREAD WHITE MEDIUM,CS Bakery,FOOD,2,6,0,0.00%,6,0.02%,0.01%
SMINT POCKET LEMON ,CS Mint & Gum,FOOD,1,6,0,0.00%,6,0.01%,0.01%
KIWI TIN BLACK,CS Others,NON FOOD,1,5.5,0,0.00%,5.5,0.01%,0.01%
MANI 20G ALMONDS SMOKED BBQ,CS Dry Fruits,FOOD,2,5.5,0,0.00%,5.5,0.02%,0.01%
VOCHELLE DARK CHOC PLAIN 90G,CS Chocolate ,FOOD,1,5.5,0,0.00%,5.5,0.01%,0.01%
AL AIN MANGO YOGHURT 125GM,CS Dairy ,FOOD,3,5.25,0,0.00%,5.25,0.03%,0.01%
CLOROX SUPER WIPES 3PCS,CS Tissue & Toilet Rolls,NON FOOD,1,5.25,0,0.00%,5.25,0.01%,0.01%
7UP LARGE 2.25L,CS Soft Drinks,BEVERAGE,1,5,0,0.00%,5,0.01%,0.01%
A/G BLACKEYE PEAS CLASSIC 425GM,CS Can & Jar Food,FOOD,1,5,0,0.00%,5,0.01%,0.01%
AL AIN WATER 5 LTR,CS Water,BEVERAGE,2,5,0,0.00%,5,0.02%,0.01%
COKE LARGE 2.25L,CS Soft Drinks,BEVERAGE,1,5,0,0.00%,5,0.01%,0.01%
FUN WHISTLE BALOON 6PCS,CS Disposable,NON FOOD,1,5,0,0.00%,5,0.01%,0.01%
Kit Kat,Chocolate,FOOD,1,5,0,0.00%,5,0.01%,0.01%
MENTOS CHEWY RAINBOW 30GM,CS Mint & Gum,FOOD,4,5,0,0.00%,5,0.04%,0.01%
MENTOS ICE SPEARMINT 10G,CS Mint & Gum,FOOD,4,5,0,0.00%,5,0.04%,0.01%
SNICKERS BAR,Chocolate,FOOD,1,5,0,0.00%,5,0.01%,0.01%
SPRITE LARGE 2.25L,CS Soft Drinks,BEVERAGE,1,5,0,0.00%,5,0.01%,0.01%
WRIGLEYS JUICY FRUIT STICK BANAN,CS Mint & Gum,FOOD,5,5,0,0.00%,5,0.05%,0.01%
SCRUMMIES RASPBERRY CRANBERRIES ,CS Dry Fruits,FOOD,1,4.75,0,0.00%,4.75,0.01%,0.01%
COKE LIGHT CAN 300ML,CS Soft Drinks,BEVERAGE,3,4.5,0,0.00%,4.5,0.03%,0.01%
THAI CHOICE BEEF ,CS Pasta & Noodles,FOOD,1,4.5,0,0.00%,4.5,0.01%,0.01%
A/G TOMATOES STEWED 15OZ,CS Can & Jar Food,FOOD,1,4.25,0,0.00%,4.25,0.01%,0.01%
BAYARA PAPRIKA BOTTLE 100ML,CS Spices & Herbs,FOOD,1,4.25,0,0.00%,4.25,0.01%,0.01%
BAYARA PASTA MIX BOTTLE 100ML,CS Spices & Herbs,FOOD,1,4.25,0,0.00%,4.25,0.01%,0.01%
BAYARA SALAD MIX BOTTLE 100ML,CS Spices & Herbs,FOOD,1,4.25,0,0.00%,4.25,0.01%,0.01%
ADD SOYA MILK,Starbucks,FOOD,2,4,0,0.00%,4,0.02%,0.01%
Apple Green,CS Fresh Fruit,FOOD,2,4,0,0.00%,4,0.02%,0.01%
BAYARA EXTRA NUTS 50GM,CS Nuts & Seeds,FOOD,1,4,0,0.00%,4,0.01%,0.01%
BAYARA FGINGER POWDER BOTTLE 100,CS Spices & Herbs,FOOD,1,4,0,0.00%,4,0.01%,0.01%
BEACON MARSHMALLOWS PINK & WHITE,CS Packet Food,FOOD,1,4,0,0.00%,4,0.01%,0.01%
Coke,Softdrinks,BEVERAGE,1,4,0,0.00%,4,0.01%,0.01%
CROISSANT CHEESE,CS Bakery,FOOD,2,4,0,0.00%,4,0.02%,0.01%
D Coke,Softdrinks,BEVERAGE,1,4,0,0.00%,4,0.01%,0.01%
LACNOR MANGO 180ML,Fresh Juices,BEVERAGE,1,4,0,0.00%,4,0.01%,0.01%
Soda Water,Softdrinks,BEVERAGE,1,4,0,0.00%,4,0.01%,0.01%
SPRITE LIGHT CAN,Softdrinks,BEVERAGE,1,4,0,0.00%,4,0.01%,0.01%
TEA,Tea,FOOD,2,4,0,0.00%,4,0.02%,0.01%
BREAD ROLL ENGLISH BROWN,CS Bakery,FOOD,1,3.5,0,0.00%,3.5,0.01%,0.01%
FAMILIA 50GM MUESLI CHOCO,CS Cereal,FOOD,1,3.5,0,0.00%,3.5,0.01%,0.01%
FAMILIA 50GM MUESLI CRUNCH,CS Cereal,FOOD,1,3.5,0,0.00%,3.5,0.01%,0.01%
FRUIT TELLA ORANGE 36G,CS Mint & Gum,FOOD,2,3.5,0,0.00%,3.5,0.02%,0.01%
KOKA CUP CHICKEN,CS Pasta & Noodles,FOOD,1,3.5,0,0.00%,3.5,0.01%,0.01%
KOKA CUP SEAFOOD,CS Pasta & Noodles,FOOD,1,3.5,0,0.00%,3.5,0.01%,0.01%
BEST 30GM SALTED CASHEWS,CS Nuts & Seeds,FOOD,1,3.25,0,0.00%,3.25,0.01%,0.00%
CROISSANT PLAIN,CS Bakery,FOOD,2,3,0,0.00%,3,0.02%,0.00%
DOUGHNUT ICING WHITE,CS Bakery,FOOD,2,3,0,0.00%,3,0.02%,0.00%
Extra Cheese,Cheese,FOOD,1,3,0,0.00%,3,0.01%,0.00%
FANTA STRAWBERRY 355M,CS Soft Drinks,BEVERAGE,2,3,0,0.00%,3,0.02%,0.00%
Fountain Drink,Softdrinks,BEVERAGE,1,3,0,0.00%,3,0.01%,0.00%
LiptnTLemon320ml ,CS Soft Drinks,BEVERAGE,1,3,0,0.00%,3,0.01%,0.00%
NESCAFE SACHET RED MUG 1 PCS,CS Coffee,FOOD,4,3,0,0.00%,3,0.04%,0.00%
PEPSI CAN 355ML ,CS Soft Drinks,BEVERAGE,2,3,0,0.00%,3,0.02%,0.00%
KIT KAT CHUNKY 46GM,CS Chocolate ,FOOD,1,2.75,0,0.00%,2.75,0.01%,0.00%
A/G IODIZED SALT 26OZ,CS Can & Jar Food,FOOD,1,2.5,0,0.00%,2.5,0.01%,0.00%
Alrabi PineApple/Coconut330M,Fresh Juices,FOOD,1,2.5,0,0.00%,2.5,0.01%,0.00%
CROISSANT ZATAR,CS Bakery,FOOD,1,2.5,0,0.00%,2.5,0.01%,0.00%
DOUGHNUT CHOCOLATE,CS Bakery,FOOD,1,2.5,0,0.00%,2.5,0.01%,0.00%
Nail Cutter ,CS Others,NON FOOD,1,2.5,0,0.00%,2.5,0.01%,0.00%
FOUNTAIN SODA SMALL,Softdrinks,BEVERAGE,1,2,0,0.00%,2,0.01%,0.00%
LAYS 40GM CHILLI,CS Chips & Snacks,FOOD,1,2,0,0.00%,2,0.01%,0.00%
MAGGI STOCK CUBE CHICKEN,CS Sauce,FOOD,2,2,0,0.00%,2,0.02%,0.00%
PEPSI PET 500M,CS Soft Drinks,BEVERAGE,1,2,0,0.00%,2,0.01%,0.00%
WRIGLEYS DOUBLEMINT STICK GUM,CS Mint & Gum,FOOD,2,2,0,0.00%,2,0.02%,0.00%
SUPER GLUE 3G,CS Others,NON FOOD,1,1.75,0,0.00%,1.75,0.01%,0.00%
7 UP CAN 355 ML,CS Soft Drinks,BEVERAGE,1,1.5,0,0.00%,1.5,0.01%,0.00%
PEPSI DIET CAN 335ML ,CS Soft Drinks,BEVERAGE,1,1.5,0,0.00%,1.5,0.01%,0.00%
SAFETY MATCH STICK BOX 2PCS,CS Others,NON FOOD,3,1.5,0,0.00%,1.5,0.03%,0.00%
SPRITE CAN 330ML ,CS Soft Drinks,BEVERAGE,1,1.5,0,0.00%,1.5,0.01%,0.00%
SPRITE LIGHT CAN 330ML ,CS Soft Drinks,BEVERAGE,1,1.5,0,0.00%,1.5,0.01%,0.00%
MENTOS CHEWY MINT 30GM,CS Mint & Gum,FOOD,1,1.25,0,0.00%,1.25,0.01%,0.00%
TOTAL*,,,"7,423","69,462.50",0,0.00%,"69,462.50",79.22%,100.00%
,,,,,,,,,
