Menu Engineering Items Summary,,,,,,,,,
,,,,,,,,,
Business Dates,12/15/2015,,,,,,,,
Locations,"DEMO,UAE",,,,,,,,
Revenue Centers,All,,,,,,,,
Menu Items,All,,,,,,,,
,,,,,,,,,
Menu Item Name,Family Group,Major Group,Qty Sold,Net Sales,Prep Cost,Cost %,Margin Less Item Disc,% Qty,% Margin
Stud Meal Combo,Main course,FOOD,199,"5,880.00",0,0.00%,"5,880.00",1.97%,6.65%
GLOBAL STREET MAIN,Main course,FOOD,187,"4,836.00",0,0.00%,"4,836.00",1.85%,5.47%
Buffet Lunch,Main course,FOOD,40,"3,600.00",0,0.00%,"3,600.00",0.40%,4.07%
MARINATED SALMON STEAK,Grill,FOOD,65,"1,950.00",0,0.00%,"1,950.00",0.64%,2.21%
CHICKEN MEAL ,Main course,FOOD,78,"1,900.00",0,0.00%,"1,900.00",0.77%,2.15%
Student Breakfast,Breakfast,FOOD,52,"1,560.00",0,0.00%,"1,560.00",0.51%,1.76%
SERCO LUNCH,SERCO LUNCH,FOOD,88,"1,320.00",0,0.00%,"1,320.00",0.87%,1.49%
Classic Angus Burger,Burgers,FOOD,40,"1,200.00",0,0.00%,"1,200.00",0.40%,1.36%
Buffet Meal,Main course,FOOD,51,"1,056.00",0,0.00%,"1,056.00",0.50%,1.19%
Slice of the Day,Pizza,FOOD,209,"1,045.00",0,0.00%,"1,045.00",2.07%,1.18%
SERCO DINNER,SERCO DINNER,FOOD,64,960,0,0.00%,960,0.63%,1.09%
MEAT PLATTER,Main course,FOOD,30,900,0,0.00%,900,0.30%,1.02%
Chicken Steak,Grill,FOOD,37,888,0,0.00%,888,0.37%,1.00%
BBQ Glazed Chicken,Sandwiches,FOOD,42,882,0,0.00%,882,0.42%,1.00%
LINDT XMAS TEDDY FREUNDE 100GM,CS Chocolate ,FOOD,29,877.25,0,0.00%,877.25,0.29%,0.99%
BEEF MEAL,Main course,FOOD,35,875,0,0.00%,875,0.35%,0.99%
Teriyaki Salmon,Main course,FOOD,19,855,0,0.00%,855,0.19%,0.97%
7 OZ DOUBLE SHOT ICED SHAKEN,Starbucks,FOOD,60,840,0,0.00%,840,0.59%,0.95%
Margherita(V),Pizza,FOOD,31,775,0,0.00%,775,0.31%,0.88%
16 OZ CAFFE LATTE,Starbucks,FOOD,52,728,0,0.00%,728,0.51%,0.82%
Take Away Box,Take Away Boxes,NON FOOD,239,717,0,0.00%,717,2.36%,0.81%
FG MEDIUM BOWL,FEEL GOOD,FOOD,39,702,0,0.00%,702,0.39%,0.79%
Chocolate Bar,Extras,FOOD,136,680,0,0.00%,680,1.35%,0.77%
Falafel Tomato & Hummus(V),Sandwiches,FOOD,37,666,0,0.00%,666,0.37%,0.75%
12 OZ CAFFE AMERICANO,Starbucks,FOOD,65,650,0,0.00%,650,0.64%,0.74%
12 OZ CAFFE LATTE,Starbucks,FOOD,52,624,0,0.00%,624,0.51%,0.71%
Two Eggs ,Breakfast,FOOD,107,530,0,0.00%,530,1.06%,0.60%
Chicken Caesar,Salads,FOOD,21,525,0,0.00%,525,0.21%,0.59%
FG LARGE BOWL,FEEL GOOD,FOOD,20,520,0,0.00%,520,0.20%,0.59%
12 OZ CAPPUCHINO,Starbucks,FOOD,43,516,0,0.00%,516,0.43%,0.58%
Fresh Fruit Pcs,Extras,FOOD,171,510,0,0.00%,510,1.69%,0.58%
16 OZ CAFFE AMERICANO,Starbucks,FOOD,42,504,0,0.00%,504,0.42%,0.57%
Chicken Tikka,Sandwiches,FOOD,21,504,0,0.00%,504,0.21%,0.57%
Smoked Salmon,Sandwiches,FOOD,20,500,0,0.00%,500,0.20%,0.57%
Grilled Chicken Burger,Burgers,FOOD,20,480,0,0.00%,480,0.20%,0.54%
SMOKED TURKEY S/W,Sandwiches,FOOD,14,476,0,0.00%,476,0.14%,0.54%
Buffet Fruit Salad,Salads,FOOD,95,470,0,0.00%,470,0.94%,0.53%
Masafi Water500ml,Water,BEVERAGE,461,458,0,0.00%,458,4.56%,0.52%
TAMRAH CHOCO CARAMEL ZIPPER BAG ,CS Dry Fruits,FOOD,48,456,0,0.00%,456,0.47%,0.52%
Bulgogi,Main course,FOOD,15,450,0,0.00%,450,0.15%,0.51%
CHICKEN ROCQUET CHEESE S/W,Sandwiches,FOOD,15,450,0,0.00%,450,0.15%,0.51%
Five a Day,Fresh Juices,BEVERAGE,18,432,0,0.00%,432,0.18%,0.49%
Side Salad,Salads,FOOD,103,412,0,0.00%,412,1.02%,0.47%
CHICKEN CEASAR SALAD,Salads,FOOD,12,384,0,0.00%,384,0.12%,0.43%
BUTTER FLY CHICKEN BREAST ,Grill,FOOD,15,360,0,0.00%,360,0.15%,0.41%
SERCO BREAKFAST,SERCO BREAKFAST,FOOD,24,360,0,0.00%,360,0.24%,0.41%
Dessert,Dessert,FOOD,90,352,0,0.00%,352,0.89%,0.40%
GRILLED CHICKEN & BACON S/W,Sandwiches,FOOD,10,350,0,0.00%,350,0.10%,0.40%
12 OZ VANILLA LATTE,Starbucks,FOOD,20,340,0,0.00%,340,0.20%,0.38%
CEASAR CHICKEN WRAP,Wraps,FOOD,10,340,0,0.00%,340,0.10%,0.38%
Tenderloin Steak,Burgers,FOOD,11,330,0,0.00%,330,0.11%,0.37%
Tandoori Chicken,Pizza,FOOD,9,324,0,0.00%,324,0.09%,0.37%
FYO SHAWARMA,Main course,FOOD,21,315,0,0.00%,315,0.21%,0.36%
LINDT XMAS MINI BEAR MILK 5PCS,CS Chocolate ,FOOD,22,313.5,0,0.00%,313.5,0.22%,0.35%
TAMRAH CHOCO MILK ZIPPER BAG 100,CS Dry Fruits,FOOD,32,304,0,0.00%,304,0.32%,0.34%
Pad Vegetables,Main course,FOOD,10,300,0,0.00%,300,0.10%,0.34%
WALK IN LUNCH,WALK IN LUNCH,FOOD,30,300,0,0.00%,300,0.30%,0.34%
TAMRAH COCO DATES ZIPPER BAG 100,CS Dry Fruits,FOOD,31,294.5,0,0.00%,294.5,0.31%,0.33%
16 OZ CAPPUCHINO,Starbucks,FOOD,21,294,0,0.00%,294,0.21%,0.33%
California Rolls(6Pcs),Sushi,FOOD,13,286,0,0.00%,286,0.13%,0.32%
Go Large,Pizza,FOOD,35,280,0,0.00%,280,0.35%,0.32%
LACNOR APPLE 180ML,Fresh Juices,BEVERAGE,68,272,0,0.00%,272,0.67%,0.31%
REUBENS S/W,Sandwiches,FOOD,9,270,0,0.00%,270,0.09%,0.31%
SELPAK TOILET PAPER 4 ROLLS,CS Tissue & Toilet Rolls,NON FOOD,21,262.5,0,0.00%,262.5,0.21%,0.30%
BLACK ANGUS CLUB 6 OZ,Burgers,FOOD,8,256,0,0.00%,256,0.08%,0.29%
Pesto Roasted Chicken,Sandwiches,FOOD,11,253,0,0.00%,253,0.11%,0.29%
Salmon Salad,Salads,FOOD,10,250,0,0.00%,250,0.10%,0.28%
FRESH JUICE SMALL,Breakfast,FOOD,62,248,0,0.00%,248,0.61%,0.28%
Beef sausage,Breakfast,FOOD,49,245,0,0.00%,245,0.48%,0.28%
RED BULL 250ML,CS Sports & Energy Drinks,BEVERAGE,34,244,0,0.00%,244,0.34%,0.28%
COCA COLA CAN,Softdrinks,BEVERAGE,60,240,0,0.00%,240,0.59%,0.27%
CROISSANT MINI,Dessert,FOOD,82,240,0,0.00%,240,0.81%,0.27%
Yoghurt,Yogurt,FOOD,60,236,0,0.00%,236,0.59%,0.27%
FRESH JUICE LARGE,Fresh Juices,FOOD,34,231,0,0.00%,231,0.34%,0.26%
Banana Pcs,CS Fresh Fruit,FOOD,224,224,0,0.00%,224,2.22%,0.25%
16 OZ CARAMEL MACCHIATO,Starbucks,FOOD,13,221,0,0.00%,221,0.13%,0.25%
16 OZ WHITE CHOCOLATE MOCHA,Starbucks,FOOD,13,221,0,0.00%,221,0.13%,0.25%
LINDT XMAS TEDDY LENDOR HEART 47,CS Chocolate ,FOOD,14,220.5,0,0.00%,220.5,0.14%,0.25%
Smoked Turkey Ham Pasta,Salads,FOOD,10,220,0,0.00%,220,0.10%,0.25%
VEGGIE MEAL,Veggie,FOOD,10,220,0,0.00%,220,0.10%,0.25%
CROISSANT MEDIUM,PASTRIES,FOOD,31,217,0,0.00%,217,0.31%,0.25%
Fruit Salad,Yoghurt Pots,FOOD,18,216,0,0.00%,216,0.18%,0.24%
Soup,Extras,FOOD,36,210,0,0.00%,210,0.36%,0.24%
Yogurt Muesli Honey,Yoghurt Pots,FOOD,13,208,0,0.00%,208,0.13%,0.24%
BRIE & TOMATO S/W,Sandwiches,FOOD,6,204,0,0.00%,204,0.06%,0.23%
DOUBLE ESSPRESSO,Starbucks,FOOD,17,204,0,0.00%,204,0.17%,0.23%
Extra Portion Grill,Main course,FOOD,17,204,0,0.00%,204,0.17%,0.23%
LACNOR ORANGE 180ML,Fresh Juices,BEVERAGE,52,202.5,0,0.00%,202.5,0.51%,0.23%
LINDT XMAS MINI SANTA SLEIGH 5PC,CS Chocolate ,FOOD,14,199.5,0,0.00%,199.5,0.14%,0.23%
Yakisoba,Main course,FOOD,11,198,0,0.00%,198,0.11%,0.22%
4 OZ BURGER COMBO,Burgers,FOOD,5,190,0,0.00%,190,0.05%,0.21%
16 OZ ICED WHITE CHOCOLATE MOCHA,Starbucks,FOOD,10,185,0,0.00%,185,0.10%,0.21%
16 OZ ICED CARAMEL MACCHIATO,Starbucks,FOOD,10,180,0,0.00%,180,0.10%,0.20%
Homemade Beef Burger,Burgers,FOOD,9,180,0,0.00%,180,0.09%,0.20%
16 OZ ICED CAFFE LATTE,Starbucks,FOOD,12,178,0,0.00%,178,0.12%,0.20%
FRESH GREEN SALAD,Salads,FOOD,11,176,0,0.00%,176,0.11%,0.20%
LACNOR MILK CHOCOLATE,Flavoured Milk,BEVERAGE,44,176,0,0.00%,176,0.44%,0.20%
POKKA LEMON ICED TEA CAN,Packet Juice,BEVERAGE,44,176,0,0.00%,176,0.44%,0.20%
Bagel S. Salmon,Sandwiches,FOOD,7,175,0,0.00%,175,0.07%,0.20%
BAYARA 1KG ALMOND,CS Nuts & Seeds,FOOD,3,173.25,0,0.00%,173.25,0.03%,0.20%
16 OZ VANILLA LATTE,Starbucks,FOOD,9,171,0,0.00%,171,0.09%,0.19%
TAMRAH CHOCO DARK ZIPPER BAG 100,CS Dry Fruits,FOOD,18,171,0,0.00%,171,0.18%,0.19%
16 OZ CAFFE MOCHA,Starbucks,FOOD,10,170,0,0.00%,170,0.10%,0.19%
Cereal Portion,Breakfast,FOOD,24,168,0,0.00%,168,0.24%,0.19%
JAYS POM PUNCH,Smoothies,BEVERAGE,6,168,0,0.00%,168,0.06%,0.19%
REDBULL SUGAR FREE,Energy Drinks,BEVERAGE,21,168,0,0.00%,168,0.21%,0.19%
Salmon Chirashi,Sushi,FOOD,8,168,0,0.00%,168,0.08%,0.19%
12OZ WHITE CHOCOLATE MOCHA,Starbucks,FOOD,11,165,0,0.00%,165,0.11%,0.19%
Filter Tea,Tea,FOOD,33,165,0,0.00%,165,0.33%,0.19%
FRIED CHICKEN WRAP,Burgers,FOOD,5,160,0,0.00%,160,0.05%,0.18%
SIMPLE SHAWARMA,Main course,FOOD,20,160,0,0.00%,160,0.20%,0.18%
FG SMALL BOWL,FEEL GOOD,FOOD,13,156,0,0.00%,156,0.13%,0.18%
Hash Browns,Breakfast,FOOD,39,156,0,0.00%,156,0.39%,0.18%
16 OZ ICED CAFE AMERICANO,Starbucks,FOOD,12,154,0,0.00%,154,0.12%,0.17%
Tuna Cheese Melt,Sandwiches,FOOD,7,154,0,0.00%,154,0.07%,0.17%
STREPSILS HONEY & LEMON PACKET,CS Chocolate ,FOOD,8,152,0,0.00%,152,0.08%,0.17%
SWEET CHILLI SALMON SALAD,Sandwiches,FOOD,4,152,0,0.00%,152,0.04%,0.17%
Yogurt Mango,Yoghurt Pots,FOOD,15,150,0,0.00%,150,0.15%,0.17%
Filter Coffee,Tea,FOOD,32,145,0,0.00%,145,0.32%,0.16%
COCONUT WATER CAN,Packet Juice,BEVERAGE,36,144,0,0.00%,144,0.36%,0.16%
Super Food Salad (V),Salads,FOOD,6,144,0,0.00%,144,0.06%,0.16%
Yoghurt,Yogurt,FOOD,12,144,0,0.00%,144,0.12%,0.16%
16 OZ FRAPPUCINO WHITE MOCHA,Starbucks,FOOD,7,140,0,0.00%,140,0.07%,0.16%
AL AIN FRESH MILK FULL FAT 2L,CS Dairy ,FOOD,14,140,0,0.00%,140,0.14%,0.16%
Isabella(V),Pizza,FOOD,4,140,0,0.00%,140,0.04%,0.16%
Mixed Green Salad(V),Salads,FOOD,7,140,0,0.00%,140,0.07%,0.16%
CHIABIA MILLED CHIA SEED 150GM,CS Cereal,FOOD,3,135.75,0,0.00%,135.75,0.03%,0.15%
Digest dark200,Biscuit & Cookies,FOOD,10,135,0,0.00%,135,0.10%,0.15%
Open Food,Open Food,FOOD,2,134,0,0.00%,134,0.02%,0.15%
OREO MINI CUP 115GM,CS Food,FOOD,14,133,0,0.00%,133,0.14%,0.15%
Walkers Short Bread40g,Biscuits,FOOD,37,129.5,0,0.00%,129.5,0.37%,0.15%
LINDT XMAS MINI SNOWMAN 5PCS,CS Chocolate ,FOOD,9,128.25,0,0.00%,128.25,0.09%,0.15%
Hawaiian,Pizza,FOOD,4,128,0,0.00%,128,0.04%,0.14%
Croissant,Breakfast,FOOD,18,126,0,0.00%,126,0.18%,0.14%
PAPER BAG,BAGS,NON FOOD,125,125,0,0.00%,125,1.24%,0.14%
NIVEA FACE CLEAR STRIP 75ML,CS Facial Care,NON FOOD,5,121.25,0,0.00%,121.25,0.05%,0.14%
12 OZ CARAMEL MACCHIATO,Starbucks,FOOD,8,120,0,0.00%,120,0.08%,0.14%
Grilled Halloumi(V),Sandwiches,FOOD,6,120,0,0.00%,120,0.06%,0.14%
VEG BURGER,Burgers,FOOD,6,120,0,0.00%,120,0.06%,0.14%
MODERN BAKE CRANBERRY ENERGY BAR,CS Cereal,FOOD,21,115.5,0,0.00%,115.5,0.21%,0.13%
SCHIK RAZOR QUATTRO 4 TITANIUM +,CS Mens Care,NON FOOD,5,115,0,0.00%,115,0.05%,0.13%
LINDT XMAS MINI ANGELS 5PCS,CS Chocolate ,FOOD,8,114,0,0.00%,114,0.08%,0.13%
Mexican Melt,Pizza,FOOD,3,114,0,0.00%,114,0.03%,0.13%
OREO 704g,Biscuit & Cookies,FOOD,5,112.5,0,0.00%,112.5,0.05%,0.13%
ARIEL GREEN 1.5KG,CS Laundry Care,NON FOOD,4,112,0,0.00%,112,0.04%,0.13%
COCA COLA DIET CAN,Softdrinks,BEVERAGE,28,112,0,0.00%,112,0.28%,0.13%
Tuna Sweetcorn,Pre Packed Sandwiches,FOOD,7,112,0,0.00%,112,0.07%,0.13%
CEYLON GINGER LOOSE TEA,Tea,FOOD,11,110,0,0.00%,110,0.11%,0.12%
LINDT EXCELLENCE MINT INTENSE 10,CS Chocolate ,FOOD,8,110,0,0.00%,110,0.08%,0.12%
16 OZ HOT CHOCOLATE,Starbucks,FOOD,6,108,0,0.00%,108,0.06%,0.12%
BRIE & BACON S/W,Sandwiches,FOOD,3,108,0,0.00%,108,0.03%,0.12%
BUTTERNUT & GOAT CHEESE SALAD ,Sandwiches,FOOD,3,108,0,0.00%,108,0.03%,0.12%
ROASTED BUTTERNUT,Salads,FOOD,3,108,0,0.00%,108,0.03%,0.12%
M&M PEANUT 45GM,CS Chocolate ,FOOD,33,107.25,0,0.00%,107.25,0.33%,0.12%
16 OZ SOYA CAFFE LATTE,Coffee,FOOD,5,105,0,0.00%,105,0.05%,0.12%
Guest Meal Combo,Main course,FOOD,8,105,0,0.00%,105,0.08%,0.12%
FETA & ROAST VEG PANINI,Sandwiches,FOOD,4,104,0,0.00%,104,0.04%,0.12%
LACNOR COCKTAIL 180ML,Fresh Juices,BEVERAGE,26,104,0,0.00%,104,0.26%,0.12%
NUTELLA JAR 750GM,CS Can & Jar Food,FOOD,3,102.75,0,0.00%,102.75,0.03%,0.12%
12 OZ CARAMEL LATTE,Starbucks,FOOD,6,102,0,0.00%,102,0.06%,0.12%
French Fries,Extras,FOOD,17,102,0,0.00%,102,0.17%,0.12%
Pancakes,Breakfast,FOOD,34,102,0,0.00%,102,0.34%,0.12%
Baked beans,Breakfast,FOOD,20,100,0,0.00%,100,0.20%,0.11%
Chicken Maki(6pcs),Sushi,FOOD,5,100,0,0.00%,100,0.05%,0.11%
Lungo,Nespresso,FOOD,10,100,0,0.00%,100,0.10%,0.11%
BJORG ORGANIC FOURRES FRAMBOISES,CS Organic Food,FOOD,3,99.75,0,0.00%,99.75,0.03%,0.11%
12 OZ SOYA CAPPUCCINO,Coffee,FOOD,6,96,0,0.00%,96,0.06%,0.11%
7 UP CAN,Softdrinks,BEVERAGE,24,96,0,0.00%,96,0.24%,0.11%
Cappuccino,Nespresso,FOOD,8,96,0,0.00%,96,0.08%,0.11%
ESPRESSO MACCHIATO DOUBLE,Coffee,FOOD,8,96,0,0.00%,96,0.08%,0.11%
PEACH & BASIL SMOOTHIE,Smoothies,BEVERAGE,4,96,0,0.00%,96,0.04%,0.11%
GILLETTE GEL FUSION COOLING,CS Mens Care,NON FOOD,4,95,0,0.00%,95,0.04%,0.11%
OREO ORIGINAL TRAY PACK 429GM,Biscuit & Cookies,FOOD,8,92,0,0.00%,92,0.08%,0.10%
AL AIN FRESH MILK 1L FULL CREAM,CS Dairy ,FOOD,14,91,0,0.00%,91,0.14%,0.10%
BBQ or CurrySouce,Pizza,FOOD,3,90,0,0.00%,90,0.03%,0.10%
Chicken Sweetcorn,Pre Packed Sandwiches,FOOD,9,90,0,0.00%,90,0.09%,0.10%
Large Salad,Salads,FOOD,5,90,0,0.00%,90,0.05%,0.10%
M&M 180GM CHOCOLATE,CS Chocolate ,FOOD,8,90,0,0.00%,90,0.08%,0.10%
PEAR DRAGON LOOSE TEA,Tea,FOOD,9,90,0,0.00%,90,0.09%,0.10%
16 OZ ICED CHOCOLATE,Starbucks,FOOD,5,89,0,0.00%,89,0.05%,0.10%
ORAL B FLOSS WAXED,CS Oral Care,NON FOOD,8,88,0,0.00%,88,0.08%,0.10%
Cold Cuts,Breakfast,FOOD,18,85,0,0.00%,85,0.18%,0.10%
FIREFLY WAKE UP PEACH,Tea,BEVERAGE,6,84,0,0.00%,84,0.06%,0.10%
Pure VitaminC,Fresh Juices,BEVERAGE,3,84,0,0.00%,84,0.03%,0.10%
RED BULL SUGAR FREE 250ML,CS Sports & Energy Drinks,BEVERAGE,12,84,0,0.00%,84,0.12%,0.10%
SYOSS HAIR SPRAY GLOSSING HOLD 4,CS Soap & Handwash,NON FOOD,3,83.25,0,0.00%,83.25,0.03%,0.09%
ALPRO ALMOND MILK 1L,CS Dairy ,FOOD,4,82,0,0.00%,82,0.04%,0.09%
MATESERES 37GM,CS Chocolate ,FOOD,25,81.5,0,0.00%,81.5,0.25%,0.09%
GALAXY SMOOTH MILK 40GM,CS Chocolate ,FOOD,25,81.25,0,0.00%,81.25,0.25%,0.09%
Valley Crunchy,Cereal Bar,FOOD,27,81,0,0.00%,81,0.27%,0.09%
16 OZ FRAPPUCINO CARAMEL,Starbucks,FOOD,4,80,0,0.00%,80,0.04%,0.09%
Buffalo Chicken,Grill,FOOD,5,80,0,0.00%,80,0.05%,0.09%
Egg Cress Mayonnaise,Pre Packed Sandwiches,FOOD,10,80,0,0.00%,80,0.10%,0.09%
Three Cheese Spring Onion,Pre Packed Sandwiches,FOOD,8,80,0,0.00%,80,0.08%,0.09%
Veg Sushi 6 pcs,Sushi,FOOD,4,80,0,0.00%,80,0.04%,0.09%
TUNA NICOISE SALAD,Salads,FOOD,3,78,0,0.00%,78,0.03%,0.09%
TRESEMME SH KERATIN SMOOTH 500ML,CS Shampoo & Conditioner,NON FOOD,3,76.5,0,0.00%,76.5,0.03%,0.09%
16 OZ SIGNATURE HOT CHOCOLATE,Starbucks,FOOD,4,76,0,0.00%,76,0.04%,0.09%
CHICKEN WRAP COMBO,Burgers,FOOD,2,76,0,0.00%,76,0.02%,0.09%
Meat Feast,Pizza,FOOD,2,76,0,0.00%,76,0.02%,0.09%
CLASSIC FRIES,Main course,FOOD,15,75,0,0.00%,75,0.15%,0.08%
KAGI SWISS WAFERS CHOCOLATE 50G,CS Mint & Gum,FOOD,15,75,0,0.00%,75,0.15%,0.08%
MAGNUM I/C WHITE,CS Ice Cream,FOOD,10,75,0,0.00%,75,0.10%,0.08%
VEGGIE MAIN,Main course,FOOD,5,75,0,0.00%,75,0.05%,0.08%
PRINGLES HOT & SPICY 165GM,CS Chips & Snacks,FOOD,8,74,0,0.00%,74,0.08%,0.08%
PRINGLES ORIGINAL 165GM,CS Chips & Snacks,FOOD,8,74,0,0.00%,74,0.08%,0.08%
RACHELS APPLE & CINNAMON YOGHURT,CS Organic Food,FOOD,3,73.5,0,0.00%,73.5,0.03%,0.08%
OAT KING BAR PEANUT BUTTER 95GM,CS Cereal,FOOD,5,72.5,0,0.00%,72.5,0.05%,0.08%
B.BAG OAK SMOK150g,CS Chips & Snacks,FOOD,6,72,0,0.00%,72,0.06%,0.08%
CHICKEN CAESAR,Salads,FOOD,2,72,0,0.00%,72,0.02%,0.08%
Double Trouble,Milk Shake,BEVERAGE,3,72,0,0.00%,72,0.03%,0.08%
ESPRESSO MACCHIATO,Starbucks,FOOD,6,72,0,0.00%,72,0.06%,0.08%
Glazed Veg,Sandwiches,FOOD,4,72,0,0.00%,72,0.04%,0.08%
Manakeesh(V),Pizza,FOOD,4,72,0,0.00%,72,0.04%,0.08%
MOROCCAN LAMB BURGER,Burgers,FOOD,2,72,0,0.00%,72,0.02%,0.08%
Pain an Raisin,Dessert,FOOD,9,72,0,0.00%,72,0.09%,0.08%
THE 3RD DATE,Milk Shake,BEVERAGE,3,72,0,0.00%,72,0.03%,0.08%
MODERN BAKE MANGO PISTA ENERGY B,CS Cereal,FOOD,13,71.5,0,0.00%,71.5,0.13%,0.08%
BRILLIANT BREAKFAST LOOSE TEA,Tea,FOOD,7,70,0,0.00%,70,0.07%,0.08%
Brownie,Dessert,FOOD,5,70,0,0.00%,70,0.05%,0.08%
EARL GREY LOOSE TEA,Tea,FOOD,7,70,0,0.00%,70,0.07%,0.08%
ESPRESSO MACCHIATO SINGLE,Starbucks,FOOD,7,70,0,0.00%,70,0.07%,0.08%
Extra Topping,Pizza,FOOD,14,70,0,0.00%,70,0.14%,0.08%
Rocco,Pizza,FOOD,2,70,0,0.00%,70,0.02%,0.08%
SWISS DELICE CHOCOBISC BISCUITS ,CS Chocolate ,FOOD,4,70,0,0.00%,70,0.04%,0.08%
SELPAK KITCHEN ROLL 2 PCS,CS Tissue & Toilet Rolls,NON FOOD,6,69,0,0.00%,69,0.06%,0.08%
LINDT EXCELLENCE 70% CACOA 100GM,CS Chocolate ,FOOD,5,68.75,0,0.00%,68.75,0.05%,0.08%
LINDT EXCELLENCE CARAMEL 100G,CS Chocolate ,FOOD,5,68.75,0,0.00%,68.75,0.05%,0.08%
VOCHELLE BLOCK DAIRY MILK 180G,CS Chocolate ,FOOD,7,68.25,0,0.00%,68.25,0.07%,0.08%
Toast,Breakfast,FOOD,68,68,0,0.00%,68,0.67%,0.08%
NESCAFE CAPPUCINO PACKET 10PCS,CS Coffee,FOOD,3,67.5,0,0.00%,67.5,0.03%,0.08%
SYOSS HAIR MASK REPAIR THERAPY 2,CS Soap & Handwash,NON FOOD,3,67.5,0,0.00%,67.5,0.03%,0.08%
NIVEA COOL KICK AFT SHAVE FLUID,CS Mens Care,NON FOOD,3,66.75,0,0.00%,66.75,0.03%,0.08%
Banana Shake,Milk Shake,BEVERAGE,3,66,0,0.00%,66,0.03%,0.07%
KIT KAT CHUNKY 46GM,CS Chocolate ,FOOD,24,66,0,0.00%,66,0.24%,0.07%
Delivery Charges,Delivery charge,LABOR CHARGE,13,65,0,0.00%,65,0.13%,0.07%
KIT KAT MINI BAG 250GM,CS Chocolate ,FOOD,4,65,0,0.00%,65,0.04%,0.07%
BAYARA 1KG CASHEW NUT,CS Nuts & Seeds,FOOD,1,64.75,0,0.00%,64.75,0.01%,0.07%
CROISSANT HI BUTTER CHOCOLATE,CS Bakery,FOOD,16,64,0,0.00%,64,0.16%,0.07%
EXTRA PELLET PEPPERMINT GUM,CS Mint & Gum,FOOD,32,64,0,0.00%,64,0.32%,0.07%
Orange Pcs,CS Fresh Fruit,FOOD,32,64,0,0.00%,64,0.32%,0.07%
PERRIER WATER 750ML,Water,BEVERAGE,8,63,0,0.00%,63,0.08%,0.07%
Tuna Mayo,Sandwiches,FOOD,3,63,0,0.00%,63,0.03%,0.07%
12 OZ CAFFE MOCHA,Starbucks,FOOD,4,60,0,0.00%,60,0.04%,0.07%
16 OZ FRAPPUCINO VANILA,Starbucks,FOOD,3,60,0,0.00%,60,0.03%,0.07%
Add Cheese,Extras,FOOD,21,60,0,0.00%,60,0.21%,0.07%
B.BAG SEA SALT150g,CS Chips & Snacks,FOOD,5,60,0,0.00%,60,0.05%,0.07%
CheseTurkeyHamCrossiant,Sandwiches,FOOD,3,60,0,0.00%,60,0.03%,0.07%
Chicken Nuggets,Extras,FOOD,6,60,0,0.00%,60,0.06%,0.07%
CHICKEN STACK,Burgers,FOOD,2,60,0,0.00%,60,0.02%,0.07%
Chicken Tandoori,Pre Packed Sandwiches,FOOD,7,60,0,0.00%,60,0.07%,0.07%
Choc Caramel Eclair,Dessert,FOOD,5,60,0,0.00%,60,0.05%,0.07%
COCA COLA ZERO CAN,Softdrinks,BEVERAGE,15,60,0,0.00%,60,0.15%,0.07%
FANTA ORANGE CAN,Softdrinks,BEVERAGE,15,60,0,0.00%,60,0.15%,0.07%
Latte Macchiato,Nespresso,FOOD,5,60,0,0.00%,60,0.05%,0.07%
MAGNUM I/C ALMOND,CS Ice Cream,FOOD,8,60,0,0.00%,60,0.08%,0.07%
MINUTE STEAK,Grill,FOOD,3,60,0,0.00%,60,0.03%,0.07%
Mushrooms,Pizza,FOOD,10,60,0,0.00%,60,0.10%,0.07%
NIVEA WIPES PURE CLEANSING 25PCS,CS Tissue & Toilet Rolls,NON FOOD,2,60,0,0.00%,60,0.02%,0.07%
PERRIER WATER 330ML,Water,BEVERAGE,10,60,0,0.00%,60,0.10%,0.07%
Portion Protein,Main course,FOOD,6,60,0,0.00%,60,0.06%,0.07%
SINGLE ESSPRESSO,Starbucks,FOOD,6,60,0,0.00%,60,0.06%,0.07%
SWEET POTATO WEDGES,Main course,FOOD,6,60,0,0.00%,60,0.06%,0.07%
Tamago Maki,Sushi,FOOD,3,60,0,0.00%,60,0.03%,0.07%
BAYARA 1KG APRICOT DRIED,CS Dry Fruits,FOOD,1,59.5,0,0.00%,59.5,0.01%,0.07%
CARTE D'OR SMALL CUP CHOCOLATE,CS Chocolate ,FOOD,9,58.5,0,0.00%,58.5,0.09%,0.07%
OAT KING BAR TASTY CHOCOLATE 95G,CS Cereal,FOOD,4,58,0,0.00%,58,0.04%,0.07%
16 OZ CARAMEL LATTE,Starbucks,FOOD,3,57,0,0.00%,57,0.03%,0.06%
HONEY MOON MOUNTAIN HONEY 250GM,CS Can & Jar Food,FOOD,2,56.5,0,0.00%,56.5,0.02%,0.06%
OISHI SPICY PRAWN CRACKERS 60GM,CS Chips & Snacks,FOOD,25,56.25,0,0.00%,56.25,0.25%,0.06%
ALO ENRICH POMEGRANATE JUICE,Fresh Juices,FOOD,4,56,0,0.00%,56,0.04%,0.06%
AMERICAN 4 OZ,Burgers,FOOD,2,56,0,0.00%,56,0.02%,0.06%
AXE SHOWER GEL DARK TEMPTATION 2,CS Bath & Shower,NON FOOD,4,56,0,0.00%,56,0.04%,0.06%
Chicken Noodle Suop,Soup ,FOOD,4,56,0,0.00%,56,0.04%,0.06%
TEA BAG JASMINE GREEN,Tea,FOOD,7,56,0,0.00%,56,0.07%,0.06%
VANIAS SPRING GREEN,Smoothies,BEVERAGE,2,56,0,0.00%,56,0.02%,0.06%
BarillaPestoSml,CS Sauce,FOOD,2,55,0,0.00%,55,0.02%,0.06%
FARM FRESH EGGS WHITE 15PCS,CS Eggs,FOOD,5,55,0,0.00%,55,0.05%,0.06%
LIND CHERRY INTENSE100G,CS Chocolate ,FOOD,4,55,0,0.00%,55,0.04%,0.06%
Best SaltedCashew30g,Peannuts,FOOD,18,54,0,0.00%,54,0.18%,0.06%
Chicken Chirashi,Sushi,FOOD,3,54,0,0.00%,54,0.03%,0.06%
MCVITIES DIGESTIVE LIGHT 400GM,Biscuit & Cookies,FOOD,3,54,0,0.00%,54,0.03%,0.06%
Pepperoni,Pizza,FOOD,9,54,0,0.00%,54,0.09%,0.06%
DR OETKER TONNO PIZZA,CS Frozen Food,FOOD,2,52.5,0,0.00%,52.5,0.02%,0.06%
SWISS DELICE CHOCARRE BISCUITS 1,CS Chocolate ,FOOD,3,52.5,0,0.00%,52.5,0.03%,0.06%
ADD ESPRESSO SHOT,Starbucks,FOOD,13,52,0,0.00%,52,0.13%,0.06%
Apple Red,CS Fresh Fruit,FOOD,26,52,0,0.00%,52,0.26%,0.06%
LACNOR MILK BANANA,Flavoured Milk,BEVERAGE,13,52,0,0.00%,52,0.13%,0.06%
Salmon Temaki (3 Pcs),Sushi,FOOD,2,52,0,0.00%,52,0.02%,0.06%
SUBSTITUTE SOYA,Soya Milk,FOOD,13,52,0,0.00%,52,0.13%,0.06%
JDS BUTTER CRISPS,Biscuit & Cookies,FOOD,3,51.75,0,0.00%,51.75,0.03%,0.06%
KAGI SWISS WAFERS ORIGINAL MINI ,CS Mint & Gum,FOOD,3,51.75,0,0.00%,51.75,0.03%,0.06%
SWISS DELICE JAPONAIS BISCUITS 1,CS Chocolate ,FOOD,3,51.75,0,0.00%,51.75,0.03%,0.06%
SCHIK BLADE 8PCS QUATTRO 4 TITAN,CS Mens Care,NON FOOD,1,51.5,0,0.00%,51.5,0.01%,0.06%
NECTAFLOR PREMIUM FRUIT MIX 200G,CS Dry Fruits,FOOD,3,51,0,0.00%,51,0.03%,0.06%
TRESEMME CD SPLIT REMEDY 500ML,CS Shampoo & Conditioner,NON FOOD,2,51,0,0.00%,51,0.02%,0.06%
TRESEMME SH PLATINUM STRENGTH 50,CS Shampoo & Conditioner,NON FOOD,2,51,0,0.00%,51,0.02%,0.06%
Alain Small Wtr500ml,Water,BEVERAGE,50,50,0,0.00%,50,0.49%,0.06%
Beef Bacon,Breakfast,FOOD,10,50,0,0.00%,50,0.10%,0.06%
BLUE BERRY MUFFIN,Dessert,FOOD,5,50,0,0.00%,50,0.05%,0.06%
SCONES,Dessert,FOOD,5,50,0,0.00%,50,0.05%,0.06%
TURKEY HAM,Wraps,FOOD,2,50,0,0.00%,50,0.02%,0.06%
BEST CAN SUPER MIX NUTS 110GM,CS Nuts & Seeds,FOOD,3,49.5,0,0.00%,49.5,0.03%,0.06%
Bagels w/Cr.Cheese,Breakfast,FOOD,7,49,0,0.00%,49,0.07%,0.06%
NUTELLA 400GM,CS Can & Jar Food,FOOD,2,49,0,0.00%,49,0.02%,0.06%
RACHELS GREEK COCONUT YOGHURT 45,CS Organic Food,FOOD,2,49,0,0.00%,49,0.02%,0.06%
RACHELS GREEK LEMON YOGHURT 450G,CS Organic Food,FOOD,2,49,0,0.00%,49,0.02%,0.06%
WELLA CD MOISTURE 500ML,CS Shampoo & Conditioner,NON FOOD,2,49,0,0.00%,49,0.02%,0.06%
VOCHELLE BLOCK HAZELNUT 180G,CS Chocolate ,FOOD,5,48.75,0,0.00%,48.75,0.05%,0.06%
12 OZ SOYA CAFFE LATTE,Coffee,FOOD,3,48,0,0.00%,48,0.03%,0.05%
ADD ESPRESSO SHOT,Starbucks,FOOD,12,48,0,0.00%,48,0.12%,0.05%
Carrot Cake,Dessert,FOOD,4,48,0,0.00%,48,0.04%,0.05%
HIT THE ROOF,Milk Shake,BEVERAGE,2,48,0,0.00%,48,0.02%,0.05%
MY THAI,Milk Shake,BEVERAGE,2,48,0,0.00%,48,0.02%,0.05%
NESCAFE GOLD COFFEE 200GM,CS Coffee,FOOD,1,48,0,0.00%,48,0.01%,0.05%
Peanut Butter & Jelly(V),Sandwiches,FOOD,3,48,0,0.00%,48,0.03%,0.05%
SLICED BREAD MULTI GRAIN MEDIUM,CS Bakery,FOOD,8,48,0,0.00%,48,0.08%,0.05%
Small Salad,Salads,FOOD,4,48,0,0.00%,48,0.04%,0.05%
The Big Apple,Milk Shake,BEVERAGE,2,48,0,0.00%,48,0.02%,0.05%
Tuna maki(6Pcs) W/Sundried Tomat,Sushi,FOOD,2,48,0,0.00%,48,0.02%,0.05%
WELLA SH REPAIR 500ML,CS Shampoo & Conditioner,NON FOOD,2,47,0,0.00%,47,0.02%,0.05%
ALWAYS NIGHT WINGS 8 PCS,CS Sanitary Care,NON FOOD,6,46.5,0,0.00%,46.5,0.06%,0.05%
CRUNCHOS SUNFLOWER SEEDS 200GM,CS Dry Fruits,FOOD,5,46.25,0,0.00%,46.25,0.05%,0.05%
PRINGLES KETCHUP 165GM,CS Chips & Snacks,FOOD,5,46.25,0,0.00%,46.25,0.05%,0.05%
AL AIN FRESH MILK 1L LOW FAT,CS Dairy ,FOOD,7,45.5,0,0.00%,45.5,0.07%,0.05%
PRO BAR MEAL PEANUT BUTTER CHOCO,CS Cereal,FOOD,2,45.5,0,0.00%,45.5,0.02%,0.05%
TideReg Original1.5Kg ,CS Laundry Care,NON FOOD,2,45.5,0,0.00%,45.5,0.02%,0.05%
BJORG ORGANIC CROUSTILLANTS CHOC,CS Organic Food,FOOD,1,45.25,0,0.00%,45.25,0.01%,0.05%
AL AIN WATER 1.5L,CS Water,BEVERAGE,30,45,0,0.00%,45,0.30%,0.05%
PHOENIX LEMONADE 330ML,CS ORGANIC BEVERAGE,BEVERAGE,5,45,0,0.00%,45,0.05%,0.05%
TORCH CLUB STEAK S/W,Sandwiches,FOOD,1,45,0,0.00%,45,0.01%,0.05%
NIVEA SENSATIVE AFT SHAVE BALM 1,CS Mens Care,NON FOOD,2,44.5,0,0.00%,44.5,0.02%,0.05%
ADD FLAVOURED SYRUP,Starbucks,FOOD,11,44,0,0.00%,44,0.11%,0.05%
C&C GEL CLEANSER DEEP ACTION 150,CS Facial Care,NON FOOD,2,44,0,0.00%,44,0.02%,0.05%
CROISSANT HI BUTTER ALMOND,CS Bakery,FOOD,11,44,0,0.00%,44,0.11%,0.05%
DOCTOR'S ORDERS,Fresh Juices,BEVERAGE,2,44,0,0.00%,44,0.02%,0.05%
EXTRA PELLET SPEARMINT GUM,CS Mint & Gum,FOOD,22,44,0,0.00%,44,0.22%,0.05%
Greek Salad,Salads,FOOD,2,44,0,0.00%,44,0.02%,0.05%
Roast Beef,Sandwiches,FOOD,2,44,0,0.00%,44,0.02%,0.05%
SELPAK FACIAL TISSUE 100 SHEET,CS Tissue & Toilet Rolls,NON FOOD,7,43.75,0,0.00%,43.75,0.07%,0.05%
BOUNTY BAR 57GM,CS Chocolate ,FOOD,11,43,0,0.00%,43,0.11%,0.05%
BETTY CROCKER CHOCOLATE FUDGE 50,CS Coocking & Baking,FOOD,3,42.75,0,0.00%,42.75,0.03%,0.05%
M&M CHOCOLATE 45GM,CS Chocolate ,FOOD,13,42.25,0,0.00%,42.25,0.13%,0.05%
AL AIN WATER 1.5 LITER,Water,BEVERAGE,21,42,0,0.00%,42,0.21%,0.05%
ALO EXPOSED ALO JUICE,Fresh Juices,FOOD,3,42,0,0.00%,42,0.03%,0.05%
LISTERINE MW FRESH BURST 250ML,CS Oral Care,NON FOOD,2,42,0,0.00%,42,0.02%,0.05%
Oatmeal Porridge,Breakfast,FOOD,14,42,0,0.00%,42,0.14%,0.05%
WATER PUMP MANUAL,CS Others,NON FOOD,1,42,0,0.00%,42,0.01%,0.05%
LINDT EXCELLENCE SEA SALT 100GM,CS Chocolate ,FOOD,3,41.25,0,0.00%,41.25,0.03%,0.05%
ORAL B MOUTH WASH MULTI PROTECT ,CS Oral Care,NON FOOD,2,41,0,0.00%,41,0.02%,0.05%
Espresso,Coffee,BEVERAGE,4,40,0,0.00%,40,0.04%,0.05%
FG Juice Bottled,FEEL GOOD,FOOD,5,40,0,0.00%,40,0.05%,0.05%
MOROCCAN LOOSE TEA,Tea,FOOD,4,40,0,0.00%,40,0.04%,0.05%
PEPPERMEIN LOOSE TEA,Tea,FOOD,4,40,0,0.00%,40,0.04%,0.05%
RASPBERRY ICED TEA,Tea,FOOD,5,40,0,0.00%,40,0.05%,0.05%
Sushi Temakin Veg Soup,Sushi,FOOD,1,40,0,0.00%,40,0.01%,0.05%
TEA BAG EARL GREY,Tea,FOOD,5,40,0,0.00%,40,0.05%,0.05%
Tuna Maki(6pcs),Sushi,FOOD,2,40,0,0.00%,40,0.02%,0.05%
BOURSIN CHEESE GARLIC & HERBS 15,CS Dairy ,FOOD,2,39,0,0.00%,39,0.02%,0.04%
REXONA ROLLON MEN ACTIVE 50ML,CS Deodrants,NON FOOD,3,39,0,0.00%,39,0.03%,0.04%
BJORG ORGANIC FOURRES CHOCOLAT L,CS Organic Food,FOOD,1,38.75,0,0.00%,38.75,0.01%,0.04%
DOVE SHOWER CUCUMBER & GREEN TEA,CS Bath & Shower,NON FOOD,2,38.5,0,0.00%,38.5,0.02%,0.04%
DOVE SHOWER POMEGRANTE & LEMON 2,CS Bath & Shower,NON FOOD,2,38.5,0,0.00%,38.5,0.02%,0.04%
CLEARLY SCRUMPTIOUS CRANBERRY 30,CS Dry Fruits,FOOD,3,38.25,0,0.00%,38.25,0.03%,0.04%
AL AIN WATER 500ML,Water,BEVERAGE,38,38,0,0.00%,38,0.38%,0.04%
EGG Mayo & Spring Onion,Sandwiches,FOOD,2,38,0,0.00%,38,0.02%,0.04%
Lays Chips,Extras,FOOD,19,38,0,0.00%,38,0.19%,0.04%
SALMON NICOISE,Salads,FOOD,1,38,0,0.00%,38,0.01%,0.04%
STREPSILS REGULAR PACKET,CS Chocolate ,FOOD,2,38,0,0.00%,38,0.02%,0.04%
CHIABIA CHIA CRANBERRY MIX 100GM,CS Cereal,FOOD,1,37.75,0,0.00%,37.75,0.01%,0.04%
EXTRA BIG BOTTLE PEPPERMINT,CS Mint & Gum,FOOD,3,37.5,0,0.00%,37.5,0.03%,0.04%
LAYS SALT VINEGAR 185GM,CS Chips & Snacks,FOOD,6,37.5,0,0.00%,37.5,0.06%,0.04%
MAGNUM I/C CLASSIC,CS Ice Cream,FOOD,5,37.5,0,0.00%,37.5,0.05%,0.04%
NECTAFLOR PREMIUM FIGS 200GM,CS Dry Fruits,FOOD,2,37.5,0,0.00%,37.5,0.02%,0.04%
PRINGLES CHEESE 165GM,CS Chips & Snacks,FOOD,4,37,0,0.00%,37,0.04%,0.04%
PRINGLES SALT VINEGAR 165GM,CS Chips & Snacks,FOOD,4,37,0,0.00%,37,0.04%,0.04%
NECTAFLOR SOFT CRANBERRIES 200GM,CS Dry Fruits,FOOD,2,36.5,0,0.00%,36.5,0.02%,0.04%
NECTAFLOR SOFT PRUNES 200GM,CS Dry Fruits,FOOD,2,36.5,0,0.00%,36.5,0.02%,0.04%
OREO GOLDEN 16 PACK 44GM,Biscuit & Cookies,FOOD,2,36.5,0,0.00%,36.5,0.02%,0.04%
7 DAYS CROISSANT STRAWBERRY,CS Bakery,FOOD,18,36,0,0.00%,36,0.18%,0.04%
7 UP DIET CAN,Softdrinks,BEVERAGE,9,36,0,0.00%,36,0.09%,0.04%
Apple Green,CS Fresh Fruit,FOOD,18,36,0,0.00%,36,0.18%,0.04%
CHOCOLATE BROWNIE ,Dessert,FOOD,3,36,0,0.00%,36,0.03%,0.04%
Coke,Softdrinks,BEVERAGE,9,36,0,0.00%,36,0.09%,0.04%
DOVE SH NUTRITIVE DAILY CARE 200,CS Shampoo & Conditioner,NON FOOD,3,36,0,0.00%,36,0.03%,0.04%
Lemon Drizzle,Dessert,FOOD,3,36,0,0.00%,36,0.03%,0.04%
MAGNUM I/C DOUBLE CHOCOLATE,CS Ice Cream,FOOD,4,36,0,0.00%,36,0.04%,0.04%
MCVITIES DIGESTIVE 250GM LIGHT,Biscuit & Cookies,FOOD,3,36,0,0.00%,36,0.03%,0.04%
MINI CARROT CAKE,Dessert,FOOD,3,36,0,0.00%,36,0.03%,0.04%
Plum Red,CS Fresh Fruit,FOOD,18,36,0,0.00%,36,0.18%,0.04%
Salted Pistachios30g,Peannuts,FOOD,12,36,0,0.00%,36,0.12%,0.04%
Tropical Maki (6 Pcs),Sushi,FOOD,2,36,0,0.00%,36,0.02%,0.04%
GALAXY HAZELNUT 40GM,CS Chocolate ,FOOD,11,35.75,0,0.00%,35.75,0.11%,0.04%
ALWAYS MEGAPACK LARGE WINGS 30 P,CS Sanitary Care,NON FOOD,2,35,0,0.00%,35,0.02%,0.04%
Full Breakfast,Breakfast,FOOD,1,35,0,0.00%,35,0.01%,0.04%
SCHOGETTEN HAZELNUT100G,CS Chocolate ,FOOD,7,35,0,0.00%,35,0.07%,0.04%
WALKERS SB FINGERS 40G,Biscuit & Cookies,FOOD,10,35,0,0.00%,35,0.10%,0.04%
ALWAYS PANTYR LINER 40 NORMAL,CS Sanitary Care,NON FOOD,2,34.5,0,0.00%,34.5,0.02%,0.04%
12 OZ HOT CHOCOLATE,Starbucks,FOOD,2,34,0,0.00%,34,0.02%,0.04%
GILLETTE RAZOR MACH 3 1UP,CS Mens Care,NON FOOD,2,34,0,0.00%,34,0.02%,0.04%
G S Frid Noodls W chicken,Noodles,FOOD,1,34,0,0.00%,34,0.01%,0.04%
LIFEBUOY BODYWASH NATURE 300ML,CS Bath & Shower,NON FOOD,2,33,0,0.00%,33,0.02%,0.04%
ORAL B FLOSS UNWAXED,CS Oral Care,NON FOOD,3,33,0,0.00%,33,0.03%,0.04%
SAN PELLEGRINO WATER 1000ML,CS Water,BEVERAGE,4,33,0,0.00%,33,0.04%,0.04%
CARTE D'OR SMALL CUP VANILLA,CS Chocolate ,FOOD,5,32.5,0,0.00%,32.5,0.05%,0.04%
FUN PLASTIC PLATE WHITE 25PCS 26,CS Disposable,NON FOOD,2,32.5,0,0.00%,32.5,0.02%,0.04%
Lunch Box Token,CS Others,NON FOOD,1,32.5,0,0.00%,32.5,0.01%,0.04%
AL SHIFA HOINEY 750GM,CS Can & Jar Food,FOOD,1,32.25,0,0.00%,32.25,0.01%,0.04%
BAYARA EXTRA MIXED NUTS 150GM,CS Nuts & Seeds,FOOD,3,32.25,0,0.00%,32.25,0.03%,0.04%
C&C FACE SCRUB MORNING ENERGY 15,CS Facial Care,NON FOOD,1,32.25,0,0.00%,32.25,0.01%,0.04%
French Toast,Breakfast,FOOD,8,32,0,0.00%,32,0.08%,0.04%
GLASS OF SOYA MILK,Soya Milk,FOOD,4,32,0,0.00%,32,0.04%,0.04%
MilkHalfCrem1Ltr ,CS Dairy ,FOOD,8,32,0,0.00%,32,0.08%,0.04%
VITA COCO LEMONADE COCONUT 330ML,CS Packet Juice,BEVERAGE,3,31.5,0,0.00%,31.5,0.03%,0.04%
MAGNUM I/C TIRAMISU,CS Chocolate ,FOOD,4,31,0,0.00%,31,0.04%,0.04%
WASA CRISPBREAD SESAM 200GM,Biscuit & Cookies,FOOD,2,31,0,0.00%,31,0.02%,0.04%
COMFORT IRIS JASMINE CONCENTRATE,CS Laundry Care,NON FOOD,2,30.5,0,0.00%,30.5,0.02%,0.03%
CARTE DOR CARAMEL 1 SCOOP,Ice cream,FOOD,6,30,0,0.00%,30,0.06%,0.03%
Cookie,Dessert,FOOD,6,30,0,0.00%,30,0.06%,0.03%
Jalapenos,Pizza,FOOD,5,30,0,0.00%,30,0.05%,0.03%
JASMINE GREEN LOOSE TEA,Tea,FOOD,3,30,0,0.00%,30,0.03%,0.03%
NIVEA SHOWER POWERFRUIT 250ML,CS Bath & Shower,NON FOOD,2,30,0,0.00%,30,0.02%,0.03%
NIVEA WIPES GENTLE CLEANSING 25P,CS Tissue & Toilet Rolls,NON FOOD,1,30,0,0.00%,30,0.01%,0.03%
NIVEA WIPES REFRESHING CLEANSING,CS Tissue & Toilet Rolls,NON FOOD,1,30,0,0.00%,30,0.01%,0.03%
SCHOGETTEN CAPPUCCINO 100G,CS Chocolate ,FOOD,5,30,0,0.00%,30,0.05%,0.03%
WALK IN BREAKFAST,WALK IN BREAKFAST,FOOD,3,30,0,0.00%,30,0.03%,0.03%
WALK IN DINNER,WALK IN DINNER,FOOD,3,30,0,0.00%,30,0.03%,0.03%
DOVE ROLLON MEN SILVER CONTROL 5,CS Deodrants,NON FOOD,2,29.5,0,0.00%,29.5,0.02%,0.03%
GLADE AIR INFUSIONS PINK PEONY 3,CS Air Freshner,NON FOOD,2,29,0,0.00%,29,0.02%,0.03%
WASA CRISPBREAD FIBRE 200GM,Biscuit & Cookies,FOOD,2,29,0,0.00%,29,0.02%,0.03%
AL AIN YOGHURT LOW FAT 170GM,CS Dairy ,FOOD,23,28.75,0,0.00%,28.75,0.23%,0.03%
DOVE HAND CREAM SHEA BUTTER VANI,CS Body Care,NON FOOD,2,28.5,0,0.00%,28.5,0.02%,0.03%
GATORADE BLUE BOLT PET 500ML,CS Sports & Energy Drinks,BEVERAGE,6,28.5,0,0.00%,28.5,0.06%,0.03%
PERRIER WATER LEMON 330ML,CS Water,BEVERAGE,6,28.5,0,0.00%,28.5,0.06%,0.03%
SUNSILK SH STUNNING BLACK SHINE ,CS Shampoo & Conditioner,NON FOOD,3,28.5,0,0.00%,28.5,0.03%,0.03%
AL AIN FRESH MILK 1L SKIMMED,CS Dairy ,FOOD,4,28,0,0.00%,28,0.04%,0.03%
ALO ALLURE MANGO JUICE,Fresh Juices,FOOD,2,28,0,0.00%,28,0.02%,0.03%
ALO APPEAL POMELO JUICE,Fresh Juices,FOOD,2,28,0,0.00%,28,0.02%,0.03%
CHUCKS MAN OH MANGO,Smoothies,BEVERAGE,1,28,0,0.00%,28,0.01%,0.03%
FIREFLY DETOX LEMON ,Tea,BEVERAGE,2,28,0,0.00%,28,0.02%,0.03%
MARKOS TOP BANANA,Smoothies,BEVERAGE,1,28,0,0.00%,28,0.01%,0.03%
POKKA PEACH ICED TEA CAN,Packet Juice,BEVERAGE,7,28,0,0.00%,28,0.07%,0.03%
ROASTED TOMATO,Wraps,FOOD,1,28,0,0.00%,28,0.01%,0.03%
AL SHIFA 400GM SQUEEZE HONEY,CS Can & Jar Food,FOOD,1,27.75,0,0.00%,27.75,0.01%,0.03%
CERES ORANGE JUICE 1L,CS Packet Juice,BEVERAGE,3,27.75,0,0.00%,27.75,0.03%,0.03%
CRUNCHOS EGYPTIAN SEEDS 200GM,CS Dry Fruits,FOOD,3,27.75,0,0.00%,27.75,0.03%,0.03%
GLAD GARBAGE BAG SMALL 20L X 30,CS Bags/Foil/Wraps,NON FOOD,3,27.75,0,0.00%,27.75,0.03%,0.03%
LINDT EXCELLENCE 85% CACOA 100GM,CS Chocolate ,FOOD,2,27.5,0,0.00%,27.5,0.02%,0.03%
LINDT EXCELLENCE 90% CACOA 100GM,CS Chocolate ,FOOD,2,27.5,0,0.00%,27.5,0.02%,0.03%
TWININGS LEMON GINGER TEA 25 BAG,CS Tea,FOOD,2,27.5,0,0.00%,27.5,0.02%,0.03%
HANSAPLAST TRANSPARENT 20 STRIPS,CS Others,NON FOOD,3,27,0,0.00%,27,0.03%,0.03%
PHOENIX COLA 330ML,CS Organic Food,FOOD,3,27,0,0.00%,27,0.03%,0.03%
QUAKER WHITE OATS TIN 500GM,CS Cereal,FOOD,3,27,0,0.00%,27,0.03%,0.03%
C&C MAKEUP REMOVER DEEP CLEAN 15,CS Facial Care,NON FOOD,1,26.75,0,0.00%,26.75,0.01%,0.03%
DR OETKER MOZZRELLA PIZZA,CS Frozen Food,FOOD,1,26.25,0,0.00%,26.25,0.01%,0.03%
DR OETKER VEGETABLE PIZZA,CS Frozen Food,FOOD,1,26.25,0,0.00%,26.25,0.01%,0.03%
Asst. Rolls Two,Breakfast,FOOD,13,26,0,0.00%,26,0.13%,0.03%
BISQUINI TIN CHOCOLATE COOKIES 1,Biscuit & Cookies,FOOD,2,26,0,0.00%,26,0.02%,0.03%
ClrShmpShwrMen200m,CS Shampoo & Conditioner,NON FOOD,2,26,0,0.00%,26,0.02%,0.03%
NIVEA HAND WASH CR�ME SOFT 250ML,CS Soap & Handwash,NON FOOD,2,26,0,0.00%,26,0.02%,0.03%
SUNNY BIO AGAVE SYRUP 250G,CS Can & Jar Food,FOOD,1,25.75,0,0.00%,25.75,0.01%,0.03%
BJORG ORGANIC OAT FLAKES 500GM,CS Organic Food,FOOD,1,25.5,0,0.00%,25.5,0.01%,0.03%
CHEETOS 205GM CRUNCHY FLAMING HO,CS Chips & Snacks,FOOD,3,25.5,0,0.00%,25.5,0.03%,0.03%
PEPSODENT TP CENTER FRESH 150G,CS Oral Care,NON FOOD,3,25.5,0,0.00%,25.5,0.03%,0.03%
AL MARAI ORANGE PULP JUICE 300ML,CS Packet Juice,BEVERAGE,10,25,0,0.00%,25,0.10%,0.03%
CARTE DOR VANILLA 1 SCOOP,Ice cream,FOOD,5,25,0,0.00%,25,0.05%,0.03%
EBI NIGIRI,Sushi,FOOD,5,25,0,0.00%,25,0.05%,0.03%
EXTRA BIG BOTTLE WATERMELON,CS Mint & Gum,FOOD,2,25,0,0.00%,25,0.02%,0.03%
FISH & SHRIMP MEAL,Main course,FOOD,1,25,0,0.00%,25,0.01%,0.03%
MentoGmWatrMelon,CS Mint & Gum,FOOD,5,25,0,0.00%,25,0.05%,0.03%
SNICKERS BAR,Chocolate,FOOD,5,25,0,0.00%,25,0.05%,0.03%
WHOLE FRUIT,Dessert,FOOD,5,25,0,0.00%,25,0.05%,0.03%
BJORG ORGANIC LE P'TIT NATURE 20,CS Organic Food,FOOD,1,24.75,0,0.00%,24.75,0.01%,0.03%
DOVE HAIR CONDITIONER DAILY CARE,CS Shampoo & Conditioner,NON FOOD,2,24.5,0,0.00%,24.5,0.02%,0.03%
MUFFIN CHOCOLATE,CS Bakery,FOOD,7,24.5,0,0.00%,24.5,0.07%,0.03%
PURELL REFRESHING HAND SANITIZER,CS Soap & Handwash,NON FOOD,2,24.5,0,0.00%,24.5,0.02%,0.03%
RACHELS GREEK YOGHURT NATURAL 45,CS Dairy ,FOOD,1,24.5,0,0.00%,24.5,0.01%,0.03%
ADD FLAVOURED SYRUP,Starbucks,FOOD,6,24,0,0.00%,24,0.06%,0.03%
ADD WHIPPED CREAM,Starbucks,FOOD,6,24,0,0.00%,24,0.06%,0.03%
AlpenMuslie625g,CS Cereal,FOOD,1,24,0,0.00%,24,0.01%,0.03%
Beef Noodle Soup,Soup ,FOOD,2,24,0,0.00%,24,0.02%,0.03%
BLUEBERRY MUFFINS,Dessert,FOOD,2,24,0,0.00%,24,0.02%,0.03%
CHAMOMILE TEA BAG,Tea,FOOD,3,24,0,0.00%,24,0.03%,0.03%
CHUNKY MONKEY,Milk Shake,BEVERAGE,1,24,0,0.00%,24,0.01%,0.03%
D Coke,Softdrinks,BEVERAGE,6,24,0,0.00%,24,0.06%,0.03%
DOVE HAIR CONDITIONER HAIR FALL ,CS Shampoo & Conditioner,NON FOOD,2,24,0,0.00%,24,0.02%,0.03%
Granola,Dessert,FOOD,3,24,0,0.00%,24,0.03%,0.03%
KPS COOL COCONUT,Smoothies,BEVERAGE,1,24,0,0.00%,24,0.01%,0.03%
MIRINDA ORANGE CAN,Softdrinks,BEVERAGE,6,24,0,0.00%,24,0.06%,0.03%
Peppers,Pizza,FOOD,4,24,0,0.00%,24,0.04%,0.03%
SCHOGETTEN DARK CHOCOLATE 100GM,CS Chocolate ,FOOD,4,24,0,0.00%,24,0.04%,0.03%
SCHOGETTEN MILK CHOCOLATE 100GM,CS Chocolate ,FOOD,4,24,0,0.00%,24,0.04%,0.03%
SCHOGETTEN TROLOGIA 100GM,CS Chocolate ,FOOD,4,24,0,0.00%,24,0.04%,0.03%
SPRITE LIGHT CAN,Softdrinks,BEVERAGE,6,24,0,0.00%,24,0.06%,0.03%
Steamed Rice,Main course,FOOD,3,24,0,0.00%,24,0.03%,0.03%
GILLETTE GEL FUSION HYDRATING,CS Mens Care,NON FOOD,1,23.75,0,0.00%,23.75,0.01%,0.03%
TWININGS ENGLISH BREAKFAST TEA 2,CS Tea,FOOD,2,23.5,0,0.00%,23.5,0.02%,0.03%
TWININGS PURE GREEN TEA 25 BAGS,CS Tea,FOOD,2,23.5,0,0.00%,23.5,0.02%,0.03%
WELL SH MOISTURE 500ML,CS Shampoo & Conditioner,NON FOOD,1,23.5,0,0.00%,23.5,0.01%,0.03%
JOHNSONS WIPES TUB 56PCS,CS Baby Care,NON FOOD,1,23.25,0,0.00%,23.25,0.01%,0.03%
BARILA FETTUCINE500g,CS Pasta & Noodles,FOOD,1,23,0,0.00%,23,0.01%,0.03%
DOLMIO BOLOGNESE CHUNKY MUSHROOM,CS Sauce,FOOD,2,23,0,0.00%,23,0.02%,0.03%
PRO BAR FUEL BLUEBERRY CHIA 48GM,CS Cereal,FOOD,2,23,0,0.00%,23,0.02%,0.03%
CastaniaMixedNuts125G,CS Nuts & Seeds,FOOD,3,22.5,0,0.00%,22.5,0.03%,0.03%
DOMESTOS BLEACH LEMON FRESH 750M,CS Cleaning Supplies,NON FOOD,2,22.5,0,0.00%,22.5,0.02%,0.03%
LAYS 40GM TOMATO KETCHUP,CS Chips & Snacks,FOOD,11,22,0,0.00%,22,0.11%,0.02%
MEAN GREEN,Fresh Juices,BEVERAGE,1,22,0,0.00%,22,0.01%,0.02%
PPPPLEASE ME,Fresh Juices,BEVERAGE,1,22,0,0.00%,22,0.01%,0.02%
BEST CAN MACADEMIA 110G,CS Dry Fruits,FOOD,1,21.25,0,0.00%,21.25,0.01%,0.02%
BETTY CROCKER TRIPLE CHOCOLATE R,CS Coocking & Baking,FOOD,1,21,0,0.00%,21,0.01%,0.02%
BRIE PORT CHEESE COEUR DE LION 1,CS Dairy ,FOOD,2,21,0,0.00%,21,0.02%,0.02%
CLOROX SUPER WIPES 3PCS,CS Tissue & Toilet Rolls,NON FOOD,4,21,0,0.00%,21,0.04%,0.02%
EMMENTHAL CHEESE GRATED 150G,CS Dairy ,FOOD,2,21,0,0.00%,21,0.02%,0.02%
KOKA CUP BEEF,CS Pasta & Noodles,FOOD,6,21,0,0.00%,21,0.06%,0.02%
LUX BAR CREAMY PERFECTION 120GM,CS Soap & Handwash,NON FOOD,6,21,0,0.00%,21,0.06%,0.02%
MUFFIN APPLE,CS Bakery,FOOD,6,21,0,0.00%,21,0.06%,0.02%
ORAL B BRUSH CLASSIC,CS Oral Care,NON FOOD,6,21,0,0.00%,21,0.06%,0.02%
VITA COCO PEACH & MANGO 330ML,Convenience Beverages,BEVERAGE,2,21,0,0.00%,21,0.02%,0.02%
ANCHOR BUTTER UNSALTED 454G,CS Dairy ,FOOD,1,20.5,0,0.00%,20.5,0.01%,0.02%
BONNE MANAM BLACK CURRANT JELLY ,CS Can & Jar Food,FOOD,1,20.5,0,0.00%,20.5,0.01%,0.02%
LABELLO MEN ACTIVE CARE 4.8G,CS Facial Care,NON FOOD,2,20.5,0,0.00%,20.5,0.02%,0.02%
AL AIN FRESH MILK LOW FAT 2L,CS Dairy ,FOOD,2,20,0,0.00%,20,0.02%,0.02%
AL AIN WATER 500ml,CS Water,BEVERAGE,20,20,0,0.00%,20,0.20%,0.02%
COFFEE CUP CERAMIC,CS Others,NON FOOD,2,20,0,0.00%,20,0.02%,0.02%
DAN'S TOPICAL BLAST,Smoothies,BEVERAGE,1,20,0,0.00%,20,0.01%,0.02%
ICED SOYA CAFFE LATTE 16 OZ,Coffee,FOOD,1,20,0,0.00%,20,0.01%,0.02%
Lacnor Low Fat Milk 1L,CS Dairy ,BEVERAGE,5,20,0,0.00%,20,0.05%,0.02%
LARGE SPARKLING WATER PREMIUM,Water,BEVERAGE,1,20,0,0.00%,20,0.01%,0.02%
LARGE STILL WATER PREMIUM,Water,BEVERAGE,1,20,0,0.00%,20,0.01%,0.02%
Lemon,CS Fresh Vegatables,FOOD,10,20,0,0.00%,20,0.10%,0.02%
Lungo,Coffee,BEVERAGE,2,20,0,0.00%,20,0.02%,0.02%
LUSINE PUFF CHOCOLATE,CS Bakery,FOOD,10,20,0,0.00%,20,0.10%,0.02%
PERRIER WATER 330ML,CS Water,BEVERAGE,5,20,0,0.00%,20,0.05%,0.02%
Portion Vegetable,Main course,FOOD,4,20,0,0.00%,20,0.04%,0.02%
SCHOGETTEN STARCIA 100GM,CS Chocolate ,FOOD,4,20,0,0.00%,20,0.04%,0.02%
SCHOGETTEN STRAWBERRY YOGURT100G,CS Chocolate ,FOOD,4,20,0,0.00%,20,0.04%,0.02%
SPRITE CAN,Softdrinks,BEVERAGE,5,20,0,0.00%,20,0.05%,0.02%
Sweet Potato Wedges,Extras,FOOD,2,20,0,0.00%,20,0.02%,0.02%
Tamago Nigiri,Sushi,FOOD,4,20,0,0.00%,20,0.04%,0.02%
CARTE DOR PISTACIO 1 SCOOP,Ice cream,FOOD,3,19.5,0,0.00%,19.5,0.03%,0.02%
COKE ZERO CAN 300M,CS Soft Drinks,BEVERAGE,13,19.5,0,0.00%,19.5,0.13%,0.02%
CORNETTO I/C LOVE VANILLA RASPBE,CS Ice Cream,FOOD,3,19.5,0,0.00%,19.5,0.03%,0.02%
DR OETKER NO.1 CANDLE,CS Disposable,NON FOOD,3,19.5,0,0.00%,19.5,0.03%,0.02%
M&M MINIS TUBE 30GM,CS Chocolate ,FOOD,6,19.5,0,0.00%,19.5,0.06%,0.02%
VOCHELLE BLOCK FRUIT&NUTS 180G,CS Chocolate ,FOOD,2,19.5,0,0.00%,19.5,0.02%,0.02%
DOVE SHOWER NOURISHING 250ML,CS Bath & Shower,NON FOOD,1,19.25,0,0.00%,19.25,0.01%,0.02%
SIBLOU BEACH NUGGETS 250G,CS Frozen Food,FOOD,1,19.25,0,0.00%,19.25,0.01%,0.02%
TWIX TWIN BAR 50GM,CS Chocolate ,FOOD,7,19.25,0,0.00%,19.25,0.07%,0.02%
16 OZ HAZEL NUT LATTE,Starbucks,FOOD,1,19,0,0.00%,19,0.01%,0.02%
DOVE BODY LOTION ALMOND CREAM 25,CS Body Care,NON FOOD,1,19,0,0.00%,19,0.01%,0.02%
DOVE BODY LOTION ESSENTIAL NOURI,CS Body Care,NON FOOD,1,19,0,0.00%,19,0.01%,0.02%
DOVE BODY LOTION SHEA BUTTER 250,CS Body Care,NON FOOD,1,19,0,0.00%,19,0.01%,0.02%
GATORADE LEMON PET 500ML,CS Sports & Energy Drinks,BEVERAGE,4,19,0,0.00%,19,0.04%,0.02%
ALL BRAN FLAKES KELLOGS 500GM,CS Cereal,FOOD,1,18.75,0,0.00%,18.75,0.01%,0.02%
ORAL B BRUSH MAXI CLEAN,CS Oral Care,NON FOOD,3,18.75,0,0.00%,18.75,0.03%,0.02%
CRUNCHOS PUMPKIN SEEDS 200GM,CS Dry Fruits,FOOD,2,18.5,0,0.00%,18.5,0.02%,0.02%
AXE DEO GOLD TEMPTATION 150ML,CS Deodrants,NON FOOD,1,18.25,0,0.00%,18.25,0.01%,0.02%
NECTAFLOR SOFT APRICOTS 200GM,CS Dry Fruits,FOOD,1,18.25,0,0.00%,18.25,0.01%,0.02%
16 OZ ICED VANILLA LATTE,Starbucks,FOOD,1,18,0,0.00%,18,0.01%,0.02%
16 OZ SOYA AMERICANO,Coffee,FOOD,1,18,0,0.00%,18,0.01%,0.02%
AL MARAI LABAN FULL FAT 360ML,CS Dairy ,FOOD,6,18,0,0.00%,18,0.06%,0.02%
BEST CAN SUPER PISTACHIO 110GM,CS Nuts & Seeds,FOOD,1,18,0,0.00%,18,0.01%,0.02%
CARTE DOR CHOCOLATE 2 SCOOP,Ice cream,FOOD,2,18,0,0.00%,18,0.02%,0.02%
CERES PINE APPLE JUICE 1L,CS Packet Juice,BEVERAGE,2,18,0,0.00%,18,0.02%,0.02%
COCA COLA PET 500ML,Softdrinks,BEVERAGE,3,18,0,0.00%,18,0.03%,0.02%
Espresso,Nespresso,FOOD,2,18,0,0.00%,18,0.02%,0.02%
GLADZprSandwichBg,CS Bags/Foil/Wraps,NON FOOD,2,18,0,0.00%,18,0.02%,0.02%
Grilled Chicken,Pizza,FOOD,3,18,0,0.00%,18,0.03%,0.02%
Grilled Veg Olives,Pizza,FOOD,3,18,0,0.00%,18,0.03%,0.02%
Muture Cheddar(V),Sandwiches,FOOD,1,18,0,0.00%,18,0.01%,0.02%
A/G POP CORN MICROWAVE BUTTER 29,CS Can & Jar Food,FOOD,2,17.5,0,0.00%,17.5,0.02%,0.02%
MENTOS 38GM CHEWY COLA,CS Mint & Gum,FOOD,10,17.5,0,0.00%,17.5,0.10%,0.02%
MUFFIN BLUEBERRY,CS Bakery,FOOD,5,17.5,0,0.00%,17.5,0.05%,0.02%
SWISS DELICE BRASILIA BISCUITS 1,CS Chocolate ,FOOD,1,17.5,0,0.00%,17.5,0.01%,0.02%
BEST CAN SUPER CASHEW 110GM,CS Nuts & Seeds,FOOD,1,17.25,0,0.00%,17.25,0.01%,0.02%
COEUR DE LION PETIT CAMEMBERT 15,CS Dairy ,FOOD,1,17.25,0,0.00%,17.25,0.01%,0.02%
FRUIT & FIBRE KELLOGS 375GM,CS Cereal,FOOD,1,17.25,0,0.00%,17.25,0.01%,0.02%
LINDT XMAS CARAMEL BALLS 100GM,CS Chocolate ,FOOD,1,17.25,0,0.00%,17.25,0.01%,0.02%
12 OZ Hazel Nut Latte,Starbucks,FOOD,1,17,0,0.00%,17,0.01%,0.02%
CLOSE UP DEEP ACTION120ml,CS Oral Care,NON FOOD,2,17,0,0.00%,17,0.02%,0.02%
JDS ALMOND THINS,Biscuit & Cookies,FOOD,1,17,0,0.00%,17,0.01%,0.02%
LifebuoyAbWetWipes,CS Tissue & Toilet Rolls,NON FOOD,2,17,0,0.00%,17,0.02%,0.02%
ALPROMilkFlvrChoc 1L,CS Dairy ,BEVERAGE,1,16.75,0,0.00%,16.75,0.01%,0.02%
ALPROSoyaMilkUnswtnd1L,CS Packet Juice,BEVERAGE,1,16.75,0,0.00%,16.75,0.01%,0.02%
JOHNSONS KIDS SH & CD 200 ML,CS Baby Care,NON FOOD,1,16.75,0,0.00%,16.75,0.01%,0.02%
BAHLSEN LEIBNIZ MINIS BUTTER 100,Biscuit & Cookies,FOOD,3,16.5,0,0.00%,16.5,0.03%,0.02%
LIFEBUOY BODYWASH COOL FRESH 300,CS Bath & Shower,NON FOOD,1,16.5,0,0.00%,16.5,0.01%,0.02%
MANI BERRY NUT PUMPKIN SEED 45G,CS Dry Fruits,FOOD,3,16.5,0,0.00%,16.5,0.03%,0.02%
COCO TREE JUICE 330ML,CS Packet Juice,BEVERAGE,5,16.25,0,0.00%,16.25,0.05%,0.02%
GALAXY FRUIT & NUT 40GM,CS Chocolate ,FOOD,5,16.25,0,0.00%,16.25,0.05%,0.02%
ILE DE FRANCE CHEESE PETIT BRIE ,CS Dairy ,FOOD,1,16.25,0,0.00%,16.25,0.01%,0.02%
INDOMIE CUP CHICKEN,CS Pasta & Noodles,FOOD,5,16.25,0,0.00%,16.25,0.05%,0.02%
CROISSANT HI BUTTER ZATAR,CS Bakery,FOOD,4,16,0,0.00%,16,0.04%,0.02%
FALAFEL & HUMUS,Wraps,FOOD,1,16,0,0.00%,16,0.01%,0.02%
FANTA STRAWBERRY CAN,Softdrinks,BEVERAGE,4,16,0,0.00%,16,0.04%,0.02%
HIBISCUS ICED TEA,Tea,FOOD,2,16,0,0.00%,16,0.02%,0.02%
JASMINE ICED TEA,Tea,FOOD,2,16,0,0.00%,16,0.02%,0.02%
MOTHER E OAT SLICE ANZAC KIWI 6 ,CS Dry Fruits,FOOD,1,16,0,0.00%,16,0.01%,0.02%
MOTHER E OAT SLICE APPLE CRUMBLE,CS Dry Fruits,FOOD,1,16,0,0.00%,16,0.01%,0.02%
MOTHER E OAT SLICE SULTANA HONEY,CS Dry Fruits,FOOD,1,16,0,0.00%,16,0.01%,0.02%
Portion Starch,Main course,FOOD,2,16,0,0.00%,16,0.02%,0.02%
REDBULL REGULAR,Energy Drinks,BEVERAGE,2,16,0,0.00%,16,0.02%,0.02%
SMINT CANDY GUM PEPPERMINT 14.2G,CS Mint & Gum,FOOD,4,16,0,0.00%,16,0.04%,0.02%
SUPREME CEYLON TEA BAG,Tea,FOOD,2,16,0,0.00%,16,0.02%,0.02%
Veg Fried Rice,Main course,FOOD,2,16,0,0.00%,16,0.02%,0.02%
KELLOGS BARS MILK CHOCO 04PCX1PK,CS Cereal,FOOD,1,15.75,0,0.00%,15.75,0.01%,0.02%
TIDE 110GM ORIGINAL SCENT,CS Laundry Care,NON FOOD,9,15.75,0,0.00%,15.75,0.09%,0.02%
WEETABIX ORIGINAL 430GM,CS Cereal,FOOD,1,15.75,0,0.00%,15.75,0.01%,0.02%
DOVE BODY CREAM SHEA BUTTER VANI,CS Body Care,NON FOOD,1,15.5,0,0.00%,15.5,0.01%,0.02%
DOVECCMBER&GTSPRAY,CS Deodrants,NON FOOD,1,15.5,0,0.00%,15.5,0.01%,0.02%
DOVE DEO MEN CARE EXTRA FRESH 15,CS Deodrants,NON FOOD,1,15.5,0,0.00%,15.5,0.01%,0.02%
FOOD DOCTOR POT COUSCOUS LENTIL ,CS Organic Food,FOOD,1,15.5,0,0.00%,15.5,0.01%,0.02%
FUN PLASTIC SPOON PLUM 18PCS,CS Disposable,NON FOOD,2,15.5,0,0.00%,15.5,0.02%,0.02%
COMFORT ORANGE ALOE VERA CONCENT,CS Laundry Care,NON FOOD,1,15.25,0,0.00%,15.25,0.01%,0.02%
1 Scoop Protein Powder,TOPPINGS,FOOD,3,15,0,0.00%,15,0.03%,0.02%
AL AIN YOGHURT FULL CREAM 170GM,CS Dairy ,FOOD,12,15,0,0.00%,15,0.12%,0.02%
AL MARAI APPLE JUICE 300ML,CS Packet Juice,BEVERAGE,6,15,0,0.00%,15,0.06%,0.02%
CARTE DOR BANANA 1 SCOOP,Ice cream,FOOD,3,15,0,0.00%,15,0.03%,0.02%
CARTE DOR CHOCOLATE 1 SCOOP,Ice cream,FOOD,3,15,0,0.00%,15,0.03%,0.02%
CHICKEN MAIN,Main course,FOOD,1,15,0,0.00%,15,0.01%,0.02%
DOVE BODY CREAM GO FRESH NOURISH,CS Body Care,NON FOOD,1,15,0,0.00%,15,0.01%,0.02%
MENTOS MINIS ASSORTED PACKET 250,CS Mint & Gum,FOOD,2,15,0,0.00%,15,0.02%,0.02%
MOMA CUP POREIDGE PLAIN 70GM,CS Cereal,FOOD,1,15,0,0.00%,15,0.01%,0.02%
NIVEA MEN SHOWER COOL KICK 250ML,CS Bath & Shower,NON FOOD,1,15,0,0.00%,15,0.01%,0.02%
NIVEA MEN SHOWER SILVER PROTECT ,CS Bath & Shower,NON FOOD,1,15,0,0.00%,15,0.01%,0.02%
NIVEA MEN SHOWER VITALITY FRESH ,CS Bath & Shower,NON FOOD,1,15,0,0.00%,15,0.01%,0.02%
POKKA ICED TEA PEACH 500ML,CS Packet Juice,BEVERAGE,5,15,0,0.00%,15,0.05%,0.02%
REXONA DEO WOMEN B&W DIAMOND ,CS Deodrants,NON FOOD,1,15,0,0.00%,15,0.01%,0.02%
DOVE ROLLON PURE 50ML,CS Deodrants,NON FOOD,1,14.75,0,0.00%,14.75,0.01%,0.02%
LIP ENG BREKFAST 15 PYRAMID TB,CS Tea,FOOD,1,14.5,0,0.00%,14.5,0.01%,0.02%
NIVEA STICK MEN STRESS PROTECT 4,CS Deodrants,NON FOOD,1,14.5,0,0.00%,14.5,0.01%,0.02%
NIVEA STICK WOMEN POWDER TOUCH 4,CS Deodrants,NON FOOD,1,14.5,0,0.00%,14.5,0.01%,0.02%
NIVEA STICK WOMEN STRESS PROTECT,CS Deodrants,NON FOOD,1,14.5,0,0.00%,14.5,0.01%,0.02%
OAT KING BAR PURE 95GM,CS Cereal,FOOD,1,14.5,0,0.00%,14.5,0.01%,0.02%
BETTY CROCKER MOLTEN CHOCOLATE C,CS Coocking & Baking,FOOD,1,14.25,0,0.00%,14.25,0.01%,0.02%
GATORADE TOPICL FRUIT PET 500ML,CS Sports & Energy Drinks,BEVERAGE,3,14.25,0,0.00%,14.25,0.03%,0.02%
MOTHER E FRUIT STICK APPLE PEACH,CS Dry Fruits,FOOD,1,14.25,0,0.00%,14.25,0.01%,0.02%
MOTHER E FRUIT STICK APPLE RASPB,CS Dry Fruits,FOOD,1,14.25,0,0.00%,14.25,0.01%,0.02%
MOTHER E FRUIT STICK APPLE STRAW,CS Dry Fruits,FOOD,1,14.25,0,0.00%,14.25,0.01%,0.02%
WEIGHT W BAR NUT DELUXE 4 BARS,CS Cereal,FOOD,1,14.25,0,0.00%,14.25,0.01%,0.02%
12 OZ SOYA AMERICANO,Coffee,FOOD,1,14,0,0.00%,14,0.01%,0.02%
Castania Peanuts60g,Peannuts,FOOD,2,14,0,0.00%,14,0.02%,0.02%
COKE LIGHT PET 500ML,CS Soft Drinks,BEVERAGE,7,14,0,0.00%,14,0.07%,0.02%
FAMILIA 50GM MUESLI CHOCO,CS Cereal,FOOD,4,14,0,0.00%,14,0.04%,0.02%
GALLON WATER COUPON,CS Water,BEVERAGE,2,14,0,0.00%,14,0.02%,0.02%
Pineapple & Beetroot,Fresh Juices,BEVERAGE,1,14,0,0.00%,14,0.01%,0.02%
WalkersChocolate Chips40g,Biscuits,FOOD,4,14,0,0.00%,14,0.04%,0.02%
LINDT EXCELLENCE SESAME ROASTED ,CS Organic Food,FOOD,1,13.75,0,0.00%,13.75,0.01%,0.02%
NECTAFLOR PREMIUM GINGER 200GM,CS Dry Fruits,FOOD,1,13.75,0,0.00%,13.75,0.01%,0.02%
EMMENTHAL CHEESE PORTION 150G,CS Dairy ,FOOD,1,13.5,0,0.00%,13.5,0.01%,0.02%
FANTA APPLE CAN,Softdrinks,BEVERAGE,4,13.5,0,0.00%,13.5,0.04%,0.02%
PEPSI CAN 355ML ,CS Soft Drinks,BEVERAGE,9,13.5,0,0.00%,13.5,0.09%,0.02%
POCARI SWEAT PET 500ML,CS Sports & Energy Drinks,BEVERAGE,3,13.5,0,0.00%,13.5,0.03%,0.02%
BERRY CO BLUEBERRY JUICE 1L,CS Packet Juice,BEVERAGE,1,13,0,0.00%,13,0.01%,0.01%
BERRY CO GOJI BERRY JUICE 1L,CS Packet Juice,BEVERAGE,1,13,0,0.00%,13,0.01%,0.01%
BERRY CO SUPERBERRY RED 1L,CS Packet Juice,BEVERAGE,1,13,0,0.00%,13,0.01%,0.01%
BISQUINI TIN BUTTER COOKIES 150G,Biscuit & Cookies,FOOD,1,13,0,0.00%,13,0.01%,0.01%
H&S SH FOR MEN 200ML,CS Shampoo & Conditioner,NON FOOD,1,13,0,0.00%,13,0.01%,0.01%
NIVEA HAND WASH LEMONGRASS & OIL,CS Soap & Handwash,NON FOOD,1,13,0,0.00%,13,0.01%,0.01%
FA SHOWER CREAM CACAO BUTTER OIL,CS Hair Styling & Spray,NON FOOD,1,12.75,0,0.00%,12.75,0.01%,0.01%
FA SHOWER CREAM YOGHURT ALOE VER,CS Hair Styling & Spray,NON FOOD,1,12.75,0,0.00%,12.75,0.01%,0.01%
FA SHOWER CREAM YOGHURT VANILLA ,CS Hair Styling & Spray,NON FOOD,1,12.75,0,0.00%,12.75,0.01%,0.01%
AL MARAI ORANGE CARROT JUICE 300,CS Packet Juice,BEVERAGE,5,12.5,0,0.00%,12.5,0.05%,0.01%
DOUGHNUT CHOCOLATE,CS Bakery,FOOD,5,12.5,0,0.00%,12.5,0.05%,0.01%
EXTRA BIG BOTTLE STRAWBERRY,CS Mint & Gum,FOOD,1,12.5,0,0.00%,12.5,0.01%,0.01%
LAYS FRENCH CHEESE 185GM,CS Chips & Snacks,FOOD,2,12.5,0,0.00%,12.5,0.02%,0.01%
LAYS TOMATO KETCHUP 185GM,CS Chips & Snacks,FOOD,2,12.5,0,0.00%,12.5,0.02%,0.01%
FRUIT TELLA ORANGE 36G,CS Mint & Gum,FOOD,7,12.25,0,0.00%,12.25,0.07%,0.01%
ADD CARAMEL DRIZZLE,Starbucks,FOOD,3,12,0,0.00%,12,0.03%,0.01%
BAYARA SALTED PISTACHIOS 150G,CS Nuts & Seeds,FOOD,1,12,0,0.00%,12,0.01%,0.01%
BEST 30GM SALTED CASHEWS,CS Nuts & Seeds,FOOD,2,12,0,0.00%,12,0.02%,0.01%
CocoPopsCMB20g,CS Cereal,FOOD,4,12,0,0.00%,12,0.04%,0.01%
Diet Coke,Softdrinks,BEVERAGE,9,12,0,0.00%,12,0.09%,0.01%
Fountain Drink,Softdrinks,BEVERAGE,4,12,0,0.00%,12,0.04%,0.01%
JOHNSONS SHOWER GEL ENERGISE 250,CS Bath & Shower,NON FOOD,1,12,0,0.00%,12,0.01%,0.01%
JOHNSONS SHOWER GEL INDULGE 250M,CS Bath & Shower,NON FOOD,1,12,0,0.00%,12,0.01%,0.01%
KAGI SWISS WAFERS SINGLE MINI 25,CS Mint & Gum,FOOD,4,12,0,0.00%,12,0.04%,0.01%
LAYS SALT & VINEGAR 40G,CHIPS,FOOD,3,12,0,0.00%,12,0.03%,0.01%
Pear,CS Fresh Fruit,FOOD,6,12,0,0.00%,12,0.06%,0.01%
SCHWEPPES GINGER ALE 300M,CS Soft Drinks,BEVERAGE,8,12,0,0.00%,12,0.08%,0.01%
SLICED BREAD WHITE JUMBO,CS Bakery,FOOD,3,12,0,0.00%,12,0.03%,0.01%
Sprite,Softdrinks,BEVERAGE,3,12,0,0.00%,12,0.03%,0.01%
STILL WATER REG,Water,BEVERAGE,6,12,0,0.00%,12,0.06%,0.01%
STRAIGHT DUTCH,Smoothies,BEVERAGE,1,12,0,0.00%,12,0.01%,0.01%
Veg Noodle Soup,Soup ,FOOD,1,12,0,0.00%,12,0.01%,0.01%
BEST CAN ALMONDS SALTED 110GM,CS Nuts & Seeds,FOOD,1,11.75,0,0.00%,11.75,0.01%,0.01%
TWININGS EARL GREY TEA 25 BAGS,CS Tea,FOOD,1,11.75,0,0.00%,11.75,0.01%,0.01%
DOVE INTENSIVE CREAM NOURISHING ,CS Body Care,NON FOOD,1,11.5,0,0.00%,11.5,0.01%,0.01%
JOHNSONS BABY POWDER 100GM,CS Baby Care,NON FOOD,1,11.5,0,0.00%,11.5,0.01%,0.01%
LIFEBUOY HW MILD CARE 200ML,CS Soap & Handwash,NON FOOD,1,11.5,0,0.00%,11.5,0.01%,0.01%
M&M 180GM PEANUT,CS Chocolate ,FOOD,1,11.25,0,0.00%,11.25,0.01%,0.01%
POKKA PEACH ICED TEA 330ML,CS Soft Drinks,BEVERAGE,5,11.25,0,0.00%,11.25,0.05%,0.01%
DOVE BAR FRESH TOUCH 135GM,CS Soap & Handwash,NON FOOD,2,11,0,0.00%,11,0.02%,0.01%
FUN16OZMLTI,CS Disposable,NON FOOD,2,11,0,0.00%,11,0.02%,0.01%
LUX HW SECRET BLISS 250ML,CS Soap & Handwash,NON FOOD,1,11,0,0.00%,11,0.01%,0.01%
MODERN BAKE PEANUT PEACAN ENERGY,CS Cereal,FOOD,2,11,0,0.00%,11,0.02%,0.01%
PANTENE SH MILKY DAMAGE REPAIR 2,CS Shampoo & Conditioner,NON FOOD,1,11,0,0.00%,11,0.01%,0.01%
Sugar Granul2Kg ,CS Coocking & Baking,FOOD,1,11,0,0.00%,11,0.01%,0.01%
VOCHELLE DARK CHOC ALMOND 90G,CS Chocolate ,FOOD,2,11,0,0.00%,11,0.02%,0.01%
YUM YUM SMOOTH PEANUT BUTTER 400,CS Can & Jar Food,FOOD,1,10.75,0,0.00%,10.75,0.01%,0.01%
AL AIN MANGO YOGHURT 125GM,CS Dairy ,FOOD,6,10.5,0,0.00%,10.5,0.06%,0.01%
CASTANIA CASHEW 60G,CS Nuts & Seeds,FOOD,1,10.5,0,0.00%,10.5,0.01%,0.01%
FAMILIA 50GM MUESLI CRUNCH,CS Cereal,FOOD,3,10.5,0,0.00%,10.5,0.03%,0.01%
Ferrarelle 330Ml ,CS Water,BEVERAGE,2,10.5,0,0.00%,10.5,0.02%,0.01%
SCHWEPPES SODA CAN 300M,CS Soft Drinks,BEVERAGE,7,10.5,0,0.00%,10.5,0.07%,0.01%
VITA COCO PINEAPPLE 330ML,Convenience Beverages,BEVERAGE,1,10.5,0,0.00%,10.5,0.01%,0.01%
JOHN WEST WHITE TUNA SOLID WATER,CS Can & Jar Food,FOOD,1,10.25,0,0.00%,10.25,0.01%,0.01%
ALGIDA I/C CLASSICS VANILLA,CS Chocolate ,FOOD,4,10,0,0.00%,10,0.04%,0.01%
AL RABIE MANGO 330ML,CS Packet Juice,BEVERAGE,4,10,0,0.00%,10,0.04%,0.01%
CARTE DOR S.BERRY 1 SCOOP,Ice cream,FOOD,2,10,0,0.00%,10,0.02%,0.01%
COKE LIGHT LARGE 2.25L,CS Soft Drinks,BEVERAGE,2,10,0,0.00%,10,0.02%,0.01%
CROISSANT CHOCOLATE,CS Bakery,FOOD,4,10,0,0.00%,10,0.04%,0.01%
Fresh Water Melon,Fresh Juices,BEVERAGE,1,10,0,0.00%,10,0.01%,0.01%
KIT KAT 2 FINGERS,CS Chocolate ,FOOD,8,10,0,0.00%,10,0.08%,0.01%
MIXED NUT & CEREAL 8 OZ,Peannuts,FOOD,1,10,0,0.00%,10,0.01%,0.01%
PEPSI LARGE 2.25L,CS Soft Drinks,BEVERAGE,2,10,0,0.00%,10,0.02%,0.01%
ALMARAI BUTTER UNSALTED 200G,CS Dairy ,FOOD,1,9.75,0,0.00%,9.75,0.01%,0.01%
BAYARA CASHEW SALTED 50GM,CS Nuts & Seeds,FOOD,3,9.75,0,0.00%,9.75,0.03%,0.01%
GATORADE GRAPE PET 500ML,CS Sports & Energy Drinks,BEVERAGE,2,9.75,0,0.00%,9.75,0.02%,0.01%
GILLETTE FOAM LEMON,CS Mens Care,NON FOOD,1,9.75,0,0.00%,9.75,0.01%,0.01%
GILLETTE FOAM MENTHOL,CS Mens Care,NON FOOD,1,9.75,0,0.00%,9.75,0.01%,0.01%
JIF WINDOW CLEANER SPRAY 500ML,CS Cleaning Supplies,NON FOOD,1,9.75,0,0.00%,9.75,0.01%,0.01%
VOCHELLE BLOCK ALMOND 180G,CS Chocolate ,FOOD,1,9.75,0,0.00%,9.75,0.01%,0.01%
GATORADE ORANGE PET 500ML,CS Sports & Energy Drinks,BEVERAGE,2,9.5,0,0.00%,9.5,0.02%,0.01%
GATORADE PINK LEMONDAE PET 500ML,CS Sports & Energy Drinks,BEVERAGE,2,9.5,0,0.00%,9.5,0.02%,0.01%
LIPTON EARL GREY 25 TB,CS Tea,FOOD,1,9.5,0,0.00%,9.5,0.01%,0.01%
LUX SUNLIGHT LEMON 750ML,CS Dishwashing,NON FOOD,1,9.5,0,0.00%,9.5,0.01%,0.01%
SCRUMMIES CHERRY CRANBERRIES 20G,CS Dry Fruits,FOOD,2,9.5,0,0.00%,9.5,0.02%,0.01%
A/G POP CORN MICROWAV EXTRA BUTT,CS Can & Jar Food,FOOD,1,9.25,0,0.00%,9.25,0.01%,0.01%
CERES APPLE JUICE 1L,CS Packet Juice,BEVERAGE,1,9.25,0,0.00%,9.25,0.01%,0.01%
CERES PEAR JUICE 1L,CS Packet Juice,BEVERAGE,1,9.25,0,0.00%,9.25,0.01%,0.01%
CARTE DOR LEMON SORBET 2 SCOOP,Ice cream,FOOD,1,9,0,0.00%,9,0.01%,0.01%
CARTE DOR VANILLA 2 SCOOP,Ice cream,FOOD,1,9,0,0.00%,9,0.01%,0.01%
COKE CAN 300ML,CS Soft Drinks,BEVERAGE,6,9,0,0.00%,9,0.06%,0.01%
NATURE VALLEY APPLE CRIS,CS Cereal,FOOD,3,9,0,0.00%,9,0.03%,0.01%
NATURE VALLEY CANADIAN MAPLE SYR,CS Cereal,FOOD,3,9,0,0.00%,9,0.03%,0.01%
PHOENIX LIGHT COLA 330ML,CS Organic Food,BEVERAGE,1,9,0,0.00%,9,0.01%,0.01%
Potato Wedges,Extras,FOOD,1,9,0,0.00%,9,0.01%,0.01%
SNICKERS SINGLE BAR,CS Chocolate ,FOOD,3,9,0,0.00%,9,0.03%,0.01%
AL AIN KIWI APPLE YOGHURT 125GM,CS Dairy ,FOOD,5,8.75,0,0.00%,8.75,0.05%,0.01%
FOOD DOCTOR BAR APPLE WALNUT 35G,CS Organic Food,FOOD,1,8.75,0,0.00%,8.75,0.01%,0.01%
FOOD DOCTOR BAR FIG & MANGO 35G,CS Food,FOOD,1,8.75,0,0.00%,8.75,0.01%,0.01%
FOOD DOCTOR BAR P/A & BANANA 35G,CS Organic Food,FOOD,1,8.75,0,0.00%,8.75,0.01%,0.01%
ALPEN BAR STRAWBERRY YOGURT 29GM,CS Cereal,FOOD,2,8.5,0,0.00%,8.5,0.02%,0.01%
FUNHAPBRTHDYBAL,CS Disposable,NON FOOD,1,8.5,0,0.00%,8.5,0.01%,0.01%
VOLVIC WATER 500ML,CS Water,BEVERAGE,2,8.5,0,0.00%,8.5,0.02%,0.01%
ADD SOYA MILK,Starbucks,FOOD,4,8,0,0.00%,8,0.04%,0.01%
BEACON MARSHMALLOWS PINK & WHITE,CS Packet Food,FOOD,2,8,0,0.00%,8,0.02%,0.01%
BOGUTTI CHOCOFIT GOJI CRAN WHITE,Biscuit & Cookies,FOOD,1,8,0,0.00%,8,0.01%,0.01%
BREAD BASKET,Condiments,FOOD,1,8,0,0.00%,8,0.01%,0.01%
CROISSANT CHEESE,CS Bakery,FOOD,4,8,0,0.00%,8,0.04%,0.01%
Extra Cheese,Cheese,FOOD,2,8,0,0.00%,8,0.02%,0.01%
FUN WOODEN SPOON 25PCS,CS Disposable,NON FOOD,2,8,0,0.00%,8,0.02%,0.01%
HEINZ TUNA LIGHT SOLID OIL TIN 1,CS Can & Jar Food,FOOD,1,8,0,0.00%,8,0.01%,0.01%
LAYS 40GM SALT VINEGAR,CS Chips & Snacks,FOOD,4,8,0,0.00%,8,0.04%,0.01%
LAYS KETCHUP 40G,CHIPS,FOOD,2,8,0,0.00%,8,0.02%,0.01%
LAYS SALT 40G,CHIPS,FOOD,2,8,0,0.00%,8,0.02%,0.01%
LEMON DRIZZLE CAKE,Dessert,FOOD,1,8,0,0.00%,8,0.01%,0.01%
Lemon Iced Tea,Tea,BEVERAGE,1,8,0,0.00%,8,0.01%,0.01%
LifebyHndSnitzrHul55m,CS Soap & Handwash,NON FOOD,1,8,0,0.00%,8,0.01%,0.01%
Moroccan Green Tea,Tea,FOOD,1,8,0,0.00%,8,0.01%,0.01%
NutroChoco90g,Biscuit & Cookies,FOOD,4,8,0,0.00%,8,0.04%,0.01%
Pepsi,Softdrinks,BEVERAGE,2,8,0,0.00%,8,0.02%,0.01%
PORTION FRIES,Condiments,FOOD,1,8,0,0.00%,8,0.01%,0.01%
Vegetable Noodles,Main course,FOOD,1,8,0,0.00%,8,0.01%,0.01%
AL MARAI MANGO JUICE 300ML,CS Packet Juice,BEVERAGE,3,7.5,0,0.00%,7.5,0.03%,0.01%
AL MARAI MIXED FRUIT 300ML,CS Packet Juice,BEVERAGE,3,7.5,0,0.00%,7.5,0.03%,0.01%
AL RABIE MANGO PASSION 330ML,CS Fresh Juice,BEVERAGE,3,7.5,0,0.00%,7.5,0.03%,0.01%
COKE LIGHT CAN 300ML,CS Soft Drinks,BEVERAGE,5,7.5,0,0.00%,7.5,0.05%,0.01%
DURACELL BATTERY AAA BASIC 2S,CS Others,NON FOOD,2,7.5,0,0.00%,7.5,0.02%,0.01%
KOKA PILLOW 5 PCS VEGETABLE,CS Pasta & Noodles,FOOD,1,7.5,0,0.00%,7.5,0.01%,0.01%
LACNOR APPLE 180ML,CS Packet Juice,BEVERAGE,6,7.5,0,0.00%,7.5,0.06%,0.01%
SCHWEPPES BITTER LEMON 300M,CS Soft Drinks,BEVERAGE,5,7.5,0,0.00%,7.5,0.05%,0.01%
BARILLA PASTA SPAGHETTI NO.3 500,CS Pasta & Noodles,FOOD,1,7.25,0,0.00%,7.25,0.01%,0.01%
FUN PLASTIC KNIFE PLUM 18PCS,CS Disposable,NON FOOD,1,7.25,0,0.00%,7.25,0.01%,0.01%
AL MARAI FRESH MILK LOW FAT 1L,CS Dairy ,FOOD,1,7,0,0.00%,7,0.01%,0.01%
BREAD ROLL ENGLISH BROWN,CS Bakery,FOOD,2,7,0,0.00%,7,0.02%,0.01%
JIF CREAM LEMON 250ML,CS Dishwashing,NON FOOD,1,7,0,0.00%,7,0.01%,0.01%
LARGE GLASS FRESH MILK,Coffee,FOOD,1,7,0,0.00%,7,0.01%,0.01%
SUPER GLUE 3G,CS Others,NON FOOD,4,7,0,0.00%,7,0.04%,0.01%
ALWAYS LARGE 10 PCS,CS Sanitary Care,NON FOOD,1,6.5,0,0.00%,6.5,0.01%,0.01%
BOGUTTI AMERICAN COOKIES CHOCO C,Biscuit & Cookies,FOOD,1,6.5,0,0.00%,6.5,0.01%,0.01%
CORNETTO I/C LOVE COOKIE,CS Ice Cream,FOOD,1,6.5,0,0.00%,6.5,0.01%,0.01%
CORNETTO I/C LOVE TOFFEE,CS Ice Cream,FOOD,1,6.5,0,0.00%,6.5,0.01%,0.01%
DR OETKER NO.0 CANDLE,CS Disposable,NON FOOD,1,6.5,0,0.00%,6.5,0.01%,0.01%
DR OETKER NO.8 CANDLE,CS Disposable,NON FOOD,1,6.5,0,0.00%,6.5,0.01%,0.01%
INDOMIE CUP BEEF,CS Pasta & Noodles,FOOD,2,6.5,0,0.00%,6.5,0.02%,0.01%
Add Mini PastryCombo,Dessert,FOOD,6,6,0,0.00%,6,0.06%,0.01%
AL AIN FRESH CARROT JUICE 330ML,CS Fresh Juice,BEVERAGE,1,6,0,0.00%,6,0.01%,0.01%
AL AIN MORNING CRANBERRY MUSELI ,CS Dairy ,FOOD,2,6,0,0.00%,6,0.02%,0.01%
AL AIN MORNING PEACH MUSELI 250G,CS Dairy ,FOOD,2,6,0,0.00%,6,0.02%,0.01%
BEST 13GM ALMOND,CS Nuts & Seeds,FOOD,4,6,0,0.00%,6,0.04%,0.01%
Chicken Tikka,Pizza,FOOD,1,6,0,0.00%,6,0.01%,0.01%
CHOCOLATE CHIP COOKIE,Dessert,FOOD,1,6,0,0.00%,6,0.01%,0.01%
COKE PET 500ML,CS Soft Drinks,BEVERAGE,3,6,0,0.00%,6,0.03%,0.01%
CROISSANT PLAIN,CS Bakery,FOOD,4,6,0,0.00%,6,0.04%,0.01%
GLAD ALUMINIUM FOIL 25 SQ FEET,CS Bags/Foil/Wraps,NON FOOD,1,6,0,0.00%,6,0.01%,0.01%
Khubus Bread,Breakfast,FOOD,3,6,0,0.00%,6,0.03%,0.01%
LUSINE PUFF CHEESE,CS Bakery,FOOD,3,6,0,0.00%,6,0.03%,0.01%
MENTOS 38GM CHEWY MINT,CS Mint & Gum,FOOD,3,6,0,0.00%,6,0.03%,0.01%
MOUNTAIN DEW CAN 335ML ,CS Soft Drinks,BEVERAGE,4,6,0,0.00%,6,0.04%,0.01%
NATURE VALLEY OATS & HONEY,CS Cereal,FOOD,2,6,0,0.00%,6,0.02%,0.01%
Open Beverage,Open Beverage,BEVERAGE,1,6,0,0.00%,6,0.01%,0.01%
PEPSI DIET PET 500M,CS Soft Drinks,BEVERAGE,3,6,0,0.00%,6,0.03%,0.01%
Roasted Almond ,Cereal Bar,FOOD,2,6,0,0.00%,6,0.02%,0.01%
SPRITE PET 500ML,Softdrinks,BEVERAGE,1,6,0,0.00%,6,0.01%,0.01%
BAYARA SALTED PEANUTS 150GM,CS Nuts & Seeds,FOOD,2,5.5,0,0.00%,5.5,0.02%,0.01%
GROWERS PACKET SAVOURY PEANUTS,CS Nuts & Seeds,FOOD,1,5.5,0,0.00%,5.5,0.01%,0.01%
PARADISE CORN FLOUR 400G,CS Coocking & Baking,FOOD,2,5.5,0,0.00%,5.5,0.02%,0.01%
VOCHELLE DARK CHOC PLAIN 90G,CS Chocolate ,FOOD,1,5.5,0,0.00%,5.5,0.01%,0.01%
AL AIN PINEAPPLE YOGHURT 125GM,CS Dairy ,FOOD,3,5.25,0,0.00%,5.25,0.03%,0.01%
FRUIT TELLA STRAWBERRY 39G,CS Mint & Gum,FOOD,3,5.25,0,0.00%,5.25,0.03%,0.01%
SCHOGETTEN WHITE 100 GM,CS Chocolate ,FOOD,1,5.25,0,0.00%,5.25,0.01%,0.01%
7UP LARGE 2.25L,CS Soft Drinks,BEVERAGE,1,5,0,0.00%,5,0.01%,0.01%
A/G BLACKEYE PEAS CLASSIC 425GM,CS Can & Jar Food,FOOD,1,5,0,0.00%,5,0.01%,0.01%
Al R.F.Cocktail ,CS Packet Juice,BEVERAGE,2,5,0,0.00%,5,0.02%,0.01%
AL RABIE LIME KIWI 330ML,CS Packet Juice,BEVERAGE,2,5,0,0.00%,5,0.02%,0.01%
AL RABIE ORANGE 330ML,CS Packet Juice,BEVERAGE,2,5,0,0.00%,5,0.02%,0.01%
ARIEL 260GM BLUE,CS Laundry Care,NON FOOD,1,5,0,0.00%,5,0.01%,0.01%
CARTE DOR LEMON SORBET 1 SCOOP,Ice cream,FOOD,1,5,0,0.00%,5,0.01%,0.01%
COKE LARGE 2.25L,CS Soft Drinks,BEVERAGE,1,5,0,0.00%,5,0.01%,0.01%
Extra Fruit,TOPPINGS,FOOD,1,5,0,0.00%,5,0.01%,0.01%
FANTA LARGE 2.25L,CS Soft Drinks,BEVERAGE,1,5,0,0.00%,5,0.01%,0.01%
Kit Kat,Chocolate,FOOD,1,5,0,0.00%,5,0.01%,0.01%
Mars,Chocolate,FOOD,1,5,0,0.00%,5,0.01%,0.01%
VASELINE PETROLEUM JELLY 60ML,CS Body Care,NON FOOD,1,5,0,0.00%,5,0.01%,0.01%
WRIGLEYS DOUBLEMINT STICK GUM,CS Mint & Gum,FOOD,5,5,0,0.00%,5,0.05%,0.01%
SCRUMMIES STRAWBERRY CRANBERRIES,CS Dry Fruits,FOOD,1,4.75,0,0.00%,4.75,0.01%,0.01%
7 UP CAN 355 ML,CS Soft Drinks,BEVERAGE,3,4.5,0,0.00%,4.5,0.03%,0.01%
SLICED BREAD BROWN JUMBO,CS Bakery,FOOD,1,4.5,0,0.00%,4.5,0.01%,0.01%
THAI CHOICE BEEF ,CS Pasta & Noodles,FOOD,1,4.5,0,0.00%,4.5,0.01%,0.01%
THAI CHOICE TOMYUM,CS Pasta & Noodles,FOOD,1,4.5,0,0.00%,4.5,0.01%,0.01%
ALPEN BAR FRUIT NUT 28GM,CS Cereal,FOOD,1,4.25,0,0.00%,4.25,0.01%,0.00%
7 DAYS CROISSANT COCOA,CS Bakery,FOOD,2,4,0,0.00%,4,0.02%,0.00%
7 Up,Softdrinks,BEVERAGE,1,4,0,0.00%,4,0.01%,0.00%
ADD CARAMEL DRIZZLE,Starbucks,FOOD,1,4,0,0.00%,4,0.01%,0.00%
ADD WHIPPED CREAM,Starbucks,FOOD,1,4,0,0.00%,4,0.01%,0.00%
AL AIN BENECOL YOGHURT 125GM,CS Dairy ,FOOD,2,4,0,0.00%,4,0.02%,0.00%
AL AIN LABAN 250ML,CS Dairy ,FOOD,2,4,0,0.00%,4,0.02%,0.00%
AL RABIE PINEAPLLE 330ML,Fresh Juices,BEVERAGE,1,4,0,0.00%,4,0.01%,0.00%
BAYARA EXTRA NUTS 50GM,CS Nuts & Seeds,FOOD,1,4,0,0.00%,4,0.01%,0.00%
BEACON MARSHMALLOWS TWISTERS 150,CS Coffee,FOOD,1,4,0,0.00%,4,0.01%,0.00%
Coke Zero,Softdrinks,BEVERAGE,1,4,0,0.00%,4,0.01%,0.00%
D Sprite,Softdrinks,BEVERAGE,1,4,0,0.00%,4,0.01%,0.00%
EXTRA CHEDDAR,Cheese,FOOD,1,4,0,0.00%,4,0.01%,0.00%
EXTRA SALAD,TOPPINGS,FOOD,2,4,0,0.00%,4,0.02%,0.00%
FAMILIA 50GM MUESLI ORIGINAL,CS Cereal,FOOD,1,4,0,0.00%,4,0.01%,0.00%
Fanta,Softdrinks,BEVERAGE,1,4,0,0.00%,4,0.01%,0.00%
GLASS OF MILK,Milk,FOOD,1,4,0,0.00%,4,0.01%,0.00%
Lacnor Full Fat Milk 1L ,CS Dairy ,BEVERAGE,1,4,0,0.00%,4,0.01%,0.00%
LACNOR MANGO 180ML,Fresh Juices,BEVERAGE,1,4,0,0.00%,4,0.01%,0.00%
LACNOR MILK STRAWBERRY,Flavoured Milk,BEVERAGE,1,4,0,0.00%,4,0.01%,0.00%
LIPTON PEACH ICED TEA,Tea,BEVERAGE,1,4,0,0.00%,4,0.01%,0.00%
LUSINE CROISSANT CHEESE & ZAATAR,CS Bakery,FOOD,2,4,0,0.00%,4,0.02%,0.00%
MANI PEANUTS SPICY PAPRIKA 45G,CS Dry Fruits,FOOD,1,4,0,0.00%,4,0.01%,0.00%
MENTOS 38GM CHEWY FRUIT,CS Mint & Gum,FOOD,2,4,0,0.00%,4,0.02%,0.00%
PEPSI PET 500M,CS Soft Drinks,BEVERAGE,2,4,0,0.00%,4,0.02%,0.00%
SUBSTITUTE SOYA ALMOND,Soya Milk,FOOD,1,4,0,0.00%,4,0.01%,0.00%
MENTOS ICE SPEARMINT 10G,CS Mint & Gum,FOOD,3,3.75,0,0.00%,3.75,0.03%,0.00%
"BUN BREAD SEASAME 4"" 6 PCS",CS Bakery,FOOD,1,3.5,0,0.00%,3.5,0.01%,0.00%
"BUN BREAD SEEDED 4"" 6 PCS",CS Bakery,FOOD,1,3.5,0,0.00%,3.5,0.01%,0.00%
KOKA CUP CHICKEN,CS Pasta & Noodles,FOOD,1,3.5,0,0.00%,3.5,0.01%,0.00%
WALKERS SB HIGHLANDERS 40G,Biscuit & Cookies,FOOD,1,3.5,0,0.00%,3.5,0.01%,0.00%
AL AIN MORNING BLACKBERRY MUSELI,CS Dairy ,FOOD,1,3,0,0.00%,3,0.01%,0.00%
AL MARAI CHEESE 8 TRIANGLES 120G,CS Dairy ,FOOD,1,3,0,0.00%,3,0.01%,0.00%
BEST 30GM SALTED PEANUTS,CS Nuts & Seeds,FOOD,2,3,0,0.00%,3,0.02%,0.00%
BEST 30GM SALTED PISTACHIO,CS Nuts & Seeds,FOOD,1,3,0,0.00%,3,0.01%,0.00%
Best Salted Peanut30g,Peannuts,FOOD,1,3,0,0.00%,3,0.01%,0.00%
DOUGHNUT ICING WHITE,CS Bakery,FOOD,2,3,0,0.00%,3,0.02%,0.00%
Extra Cheese,Cheese,FOOD,1,3,0,0.00%,3,0.01%,0.00%
RiceKrispiesCMB20g,CS Cereal,FOOD,1,3,0,0.00%,3,0.01%,0.00%
WRIGLEYS JUICY FRUIT STICK BANAN,CS Mint & Gum,FOOD,3,3,0,0.00%,3,0.03%,0.00%
PERRIER WATER SLIM CAN 250ML,Convenience Beverages,BEVERAGE,1,2.75,0,0.00%,2.75,0.01%,0.00%
A/G IODIZED SALT 26OZ,CS Can & Jar Food,FOOD,1,2.5,0,0.00%,2.5,0.01%,0.00%
AL RABIE ORANGE PEACH 330ML,Fresh Juices,BEVERAGE,1,2.5,0,0.00%,2.5,0.01%,0.00%
AL RABIE PINEAPPLE 330ML,CS Packet Juice,BEVERAGE,1,2.5,0,0.00%,2.5,0.01%,0.00%
MENTOS CHEWY RAINBOW 30GM,CS Mint & Gum,FOOD,2,2.5,0,0.00%,2.5,0.02%,0.00%
SAFA BAKING PWDR100G,CS Coocking & Baking,FOOD,1,2.5,0,0.00%,2.5,0.01%,0.00%
DOUGHNUT PLAIN,CS Bakery,FOOD,1,2,0,0.00%,2,0.01%,0.00%
EXTRA SAUCE,TOPPINGS,FOOD,2,2,0,0.00%,2,0.02%,0.00%
LifeBuoySoap80g,CS Soap & Handwash,NON FOOD,1,2,0,0.00%,2,0.01%,0.00%
Masafi Water1.5Ltr,Water,BEVERAGE,1,2,0,0.00%,2,0.01%,0.00%
SPRITE PET 500ML,CS Soft Drinks,BEVERAGE,1,2,0,0.00%,2,0.01%,0.00%
Comb Large ,CS Others,NON FOOD,1,1.75,0,0.00%,1.75,0.01%,0.00%
DOUGHNUT JAM,CS Bakery,FOOD,1,1.5,0,0.00%,1.5,0.01%,0.00%
SAFETY MATCH STICK BOX 2PCS,CS Others,NON FOOD,3,1.5,0,0.00%,1.5,0.03%,0.00%
SPRITE LIGHT CAN 330ML ,CS Soft Drinks,BEVERAGE,1,1.5,0,0.00%,1.5,0.01%,0.00%
Al Ain 1.5 L,Water,BEVERAGE,16,0,0,0.00%,0,0.16%,0.00%
Coffee Filter,Tea,BEVERAGE,12,0,0,0.00%,0,0.12%,0.00%
Orange,Fresh Juices,BEVERAGE,12,0,0,0.00%,0,0.12%,0.00%
Orange & Carrot,Fresh Juices,BEVERAGE,6,0,0,0.00%,0,0.06%,0.00%
Pepsi Light,Softdrinks,BEVERAGE,5,0,0,0.00%,0,0.05%,0.00%
SPRITE LIGHT CAN,Softdrinks,BEVERAGE,4,0,0,0.00%,0,0.04%,0.00%
Tea Regular,Tea,BEVERAGE,5,0,0,0.00%,0,0.05%,0.00%
TOTAL*,,,"8,635","88,400.00",0,0.00%,"88,400.00",85.42%,100.00%
,,,,,,,,,
