Menu Engineering Items Summary,,,,,,,,,
,,,,,,,,,
Business Dates,11/22/2015,,,,,,,,
Locations,"DEMO,UAE",,,,,,,,
Revenue Centers,All,,,,,,,,
Menu Items,All,,,,,,,,
,,,,,,,,,
Menu Item Name,Family Group,Major Group,Qty Sold,Net Sales,Prep Cost,Cost %,Margin Less Item Disc,% Qty,% Margin
Stud Meal Combo,Main course,FOOD,279,"8,340.00",0,0.00%,"8,340.00",2.59%,9.10%
Open Food,Open Food,FOOD,3,"3,894.00",0,0.00%,"3,894.00",0.03%,4.25%
GLOBAL STREET MAIN,Main course,FOOD,127,"3,276.00",0,0.00%,"3,276.00",1.18%,3.57%
Student Breakfast,Breakfast,FOOD,91,"2,730.00",0,0.00%,"2,730.00",0.85%,2.98%
MARINATED SALMON STEAK,Grill,FOOD,65,"1,950.00",0,0.00%,"1,950.00",0.60%,2.13%
Buffet Meal,Main course,FOOD,79,"1,628.00",0,0.00%,"1,628.00",0.73%,1.78%
Buffet Lunch,Main course,FOOD,15,"1,350.00",0,0.00%,"1,350.00",0.14%,1.47%
Chicken Steak,Grill,FOOD,53,"1,272.00",0,0.00%,"1,272.00",0.49%,1.39%
SERCO LUNCH,SERCO LUNCH,FOOD,81,"1,215.00",0,0.00%,"1,215.00",0.75%,1.33%
Classic Angus Burger,Burgers,FOOD,40,"1,200.00",0,0.00%,"1,200.00",0.37%,1.31%
Slice of the Day,Pizza,FOOD,216,"1,070.00",0,0.00%,"1,070.00",2.01%,1.17%
FG LARGE BOWL,FEEL GOOD,FOOD,40,"1,040.00",0,0.00%,"1,040.00",0.37%,1.13%
VEGGIE MEAL,Veggie,FOOD,44,968,0,0.00%,968,0.41%,1.06%
Open Beverage,Open Beverage,BEVERAGE,2,945,0,0.00%,945,0.02%,1.03%
BBQ Glazed Chicken,Sandwiches,FOOD,39,819,0,0.00%,819,0.36%,0.89%
FG MEDIUM BOWL,FEEL GOOD,FOOD,44,792,0,0.00%,792,0.41%,0.86%
Massaman Chicken,Main course,FOOD,32,768,0,0.00%,768,0.30%,0.84%
Chicken Caesar,Salads,FOOD,29,725,0,0.00%,725,0.27%,0.79%
Take Away Box,Take Away Boxes,NON FOOD,241,723,0,0.00%,723,2.24%,0.79%
MEAT PLATTER,Main course,FOOD,24,720,0,0.00%,720,0.22%,0.79%
SERCO DINNER,SERCO DINNER,FOOD,48,720,0,0.00%,720,0.45%,0.79%
7 OZ DOUBLE SHOT ICED SHAKEN,Starbucks,FOOD,51,714,0,0.00%,714,0.47%,0.78%
Two Eggs ,Breakfast,FOOD,127,630,0,0.00%,630,1.18%,0.69%
CHICKEN MEAL ,Main course,FOOD,22,550,0,0.00%,550,0.20%,0.60%
Margherita(V),Pizza,FOOD,22,550,0,0.00%,550,0.20%,0.60%
16 OZ CAFFE LATTE,Starbucks,FOOD,39,546,0,0.00%,546,0.36%,0.60%
12 OZ CAPPUCHINO,Starbucks,FOOD,45,540,0,0.00%,540,0.42%,0.59%
Tenderloin Steak,Burgers,FOOD,18,540,0,0.00%,540,0.17%,0.59%
SWEET CHILLI SALMON SALAD,Sandwiches,FOOD,14,532,0,0.00%,532,0.13%,0.58%
WALK IN LUNCH,WALK IN LUNCH,FOOD,52,520,0,0.00%,520,0.48%,0.57%
Grilled Chicken Burger,Burgers,FOOD,21,504,0,0.00%,504,0.20%,0.55%
12 OZ CAFFE LATTE,Starbucks,FOOD,41,492,0,0.00%,492,0.38%,0.54%
Chicken Tikka,Sandwiches,FOOD,20,480,0,0.00%,480,0.19%,0.52%
CEASAR CHICKEN WRAP,Wraps,FOOD,14,476,0,0.00%,476,0.13%,0.52%
Salmon Salad,Salads,FOOD,18,450,0,0.00%,450,0.17%,0.49%
Smoked Salmon,Sandwiches,FOOD,18,450,0,0.00%,450,0.17%,0.49%
SMOKED TURKEY S/W,Sandwiches,FOOD,13,442,0,0.00%,442,0.12%,0.48%
12 OZ CAFFE AMERICANO,Starbucks,FOOD,44,440,0,0.00%,440,0.41%,0.48%
Masafi Water500ml,Water,BEVERAGE,442,438,0,0.00%,438,4.11%,0.48%
STIR FRY CHICKEN,Main course,FOOD,15,435,0,0.00%,435,0.14%,0.47%
Falafel Tomato & Hummus(V),Sandwiches,FOOD,24,432,0,0.00%,432,0.22%,0.47%
Buffet Fruit Salad,Salads,FOOD,85,425,0,0.00%,425,0.79%,0.46%
BLACK ANGUS CLUB 6 OZ,Burgers,FOOD,13,416,0,0.00%,416,0.12%,0.45%
Side Salad,Salads,FOOD,104,416,0,0.00%,416,0.97%,0.45%
Super Food Salad (V),Salads,FOOD,17,408,0,0.00%,408,0.16%,0.45%
16 OZ CAFFE AMERICANO,Starbucks,FOOD,33,396,0,0.00%,396,0.31%,0.43%
CHICKEN ROCQUET CHEESE S/W,Sandwiches,FOOD,13,390,0,0.00%,390,0.12%,0.43%
SERCO BREAKFAST,SERCO BREAKFAST,FOOD,26,390,0,0.00%,390,0.24%,0.43%
FRIED CHICKEN WRAP,Burgers,FOOD,12,384,0,0.00%,384,0.11%,0.42%
Yasai Itame,Main course,FOOD,14,364,0,0.00%,364,0.13%,0.40%
VOCHELLE TIN ALMONDS 205GM,CS Chocolate ,FOOD,14,346.5,0,0.00%,346.5,0.13%,0.38%
Yoghurt,Yogurt,FOOD,77,308,0,0.00%,308,0.72%,0.34%
Fresh Fruit Pcs,Extras,FOOD,103,306,0,0.00%,306,0.96%,0.33%
Chocolate Bar,Extras,FOOD,60,300,0,0.00%,300,0.56%,0.33%
CHICKEN CEASAR SALAD,Salads,FOOD,9,288,0,0.00%,288,0.08%,0.31%
Five a Day,Fresh Juices,BEVERAGE,12,288,0,0.00%,288,0.11%,0.31%
12 OZ CARAMEL MACCHIATO,Starbucks,FOOD,19,285,0,0.00%,285,0.18%,0.31%
12OZ WHITE CHOCOLATE MOCHA,Starbucks,FOOD,19,285,0,0.00%,285,0.18%,0.31%
16 OZ VANILLA LATTE,Starbucks,FOOD,15,285,0,0.00%,285,0.14%,0.31%
16 OZ CAPPUCHINO,Starbucks,FOOD,20,280,0,0.00%,280,0.19%,0.31%
FRESH JUICE SMALL,Breakfast,FOOD,70,276,0,0.00%,276,0.65%,0.30%
Soup,Extras,FOOD,46,276,0,0.00%,276,0.43%,0.30%
Banana Pcs,CS Fresh Fruit,FOOD,268,268,0,0.00%,268,2.49%,0.29%
Double Trouble,Milk Shake,BEVERAGE,11,264,0,0.00%,264,0.10%,0.29%
Smoked Turkey Ham Pasta,Salads,FOOD,12,264,0,0.00%,264,0.11%,0.29%
16 OZ ICED WHITE CHOCOLATE MOCHA,Starbucks,FOOD,14,259,0,0.00%,259,0.13%,0.28%
Dessert,Dessert,FOOD,65,256,0,0.00%,256,0.60%,0.28%
16 OZ ICED CAFFE LATTE,Starbucks,FOOD,17,252,0,0.00%,252,0.16%,0.27%
Tandoori Chicken,Pizza,FOOD,7,252,0,0.00%,252,0.07%,0.27%
Yogurt Blueberry,Yoghurt Pots,FOOD,14,252,0,0.00%,252,0.13%,0.27%
BJORG ORGANIC SUGAR FREE ALMOND ,CS Organic Food,FOOD,9,249.75,0,0.00%,249.75,0.08%,0.27%
Cereal Portion,Breakfast,FOOD,38,245,0,0.00%,245,0.35%,0.27%
GRILLED CHICKEN & BACON S/W,Sandwiches,FOOD,7,245,0,0.00%,245,0.07%,0.27%
BUTTER FLY CHICKEN BREAST ,Grill,FOOD,10,240,0,0.00%,240,0.09%,0.26%
Extra Portion Grill,Main course,FOOD,20,240,0,0.00%,240,0.19%,0.26%
Homemade Beef Burger,Burgers,FOOD,12,240,0,0.00%,240,0.11%,0.26%
SIMPLE SHAWARMA,Main course,FOOD,29,232,0,0.00%,232,0.27%,0.25%
FRESH GREEN SALAD,Salads,FOOD,14,224,0,0.00%,224,0.13%,0.24%
LACNOR APPLE 180ML,Fresh Juices,BEVERAGE,56,224,0,0.00%,224,0.52%,0.24%
Yogurt Muesli Honey,Yoghurt Pots,FOOD,14,224,0,0.00%,224,0.13%,0.24%
16 OZ WHITE CHOCOLATE MOCHA,Starbucks,FOOD,13,221,0,0.00%,221,0.12%,0.24%
16 OZ ICED CARAMEL MACCHIATO,Starbucks,FOOD,12,220,0,0.00%,220,0.11%,0.24%
AL AIN WATER 1.5L,CS Water,BEVERAGE,146,219,0,0.00%,219,1.36%,0.24%
CROISSANT MEDIUM,PASTRIES,FOOD,31,217,0,0.00%,217,0.29%,0.24%
CHICKEN STACK,Burgers,FOOD,7,210,0,0.00%,210,0.07%,0.23%
VOCHELLE TIN I LOVE DUBAI 205GM,CS Chocolate ,FOOD,7,210,0,0.00%,210,0.07%,0.23%
VOCHELLE TIN SOUK AL BAHAR 205GM,CS Chocolate ,FOOD,7,210,0,0.00%,210,0.07%,0.23%
Hash Browns,Breakfast,FOOD,54,208,0,0.00%,208,0.50%,0.23%
Pesto Roasted Chicken,Sandwiches,FOOD,9,207,0,0.00%,207,0.08%,0.23%
FRESH JUICE LARGE,Fresh Juices,FOOD,30,203,0,0.00%,203,0.28%,0.22%
LACNOR MILK CHOCOLATE,Flavoured Milk,BEVERAGE,50,200,0,0.00%,200,0.46%,0.22%
12 OZ CAFFE MOCHA,Starbucks,FOOD,13,195,0,0.00%,195,0.12%,0.21%
FG SMALL BOWL,FEEL GOOD,FOOD,16,192,0,0.00%,192,0.15%,0.21%
Fruit Salad,Yoghurt Pots,FOOD,16,192,0,0.00%,192,0.15%,0.21%
Go Large,Pizza,FOOD,24,192,0,0.00%,192,0.22%,0.21%
Beef sausage,Breakfast,FOOD,39,190,0,0.00%,190,0.36%,0.21%
CHICKEN WRAP COMBO,Burgers,FOOD,5,190,0,0.00%,190,0.05%,0.21%
COOKED TURKEY PER KG @ 29,CS Festival Food,FOOD,1,188.5,0,0.00%,188.5,0.01%,0.21%
12 OZ VANILLA LATTE,Starbucks,FOOD,11,187,0,0.00%,187,0.10%,0.20%
BUTTERNUT & GOAT CHEESE SALAD ,Sandwiches,FOOD,5,180,0,0.00%,180,0.05%,0.20%
FYO SHAWARMA,Main course,FOOD,12,180,0,0.00%,180,0.11%,0.20%
Bagel S. Salmon,Sandwiches,FOOD,7,175,0,0.00%,175,0.07%,0.19%
Filter Tea,Tea,FOOD,35,175,0,0.00%,175,0.33%,0.19%
BAYARA 1KG ALMOND,CS Nuts & Seeds,FOOD,3,173.25,0,0.00%,173.25,0.03%,0.19%
STREPSILS MENTHOL PACKET,CS Chocolate ,FOOD,9,171,0,0.00%,171,0.08%,0.19%
BRIE & TOMATO S/W,Sandwiches,FOOD,5,170,0,0.00%,170,0.05%,0.19%
Filter Coffee,Tea,FOOD,34,170,0,0.00%,170,0.32%,0.19%
Yogurt Mango,Yoghurt Pots,FOOD,17,170,0,0.00%,170,0.16%,0.19%
CROISSANT MINI,Dessert,FOOD,57,168,0,0.00%,168,0.53%,0.18%
PEACH & BASIL SMOOTHIE,Smoothies,BEVERAGE,7,168,0,0.00%,168,0.07%,0.18%
Yoghurt,Yogurt,FOOD,14,168,0,0.00%,168,0.13%,0.18%
AL AIN WATER 500ml,CS Water,BEVERAGE,160,160,0,0.00%,160,1.49%,0.17%
Buffalo Chicken,Grill,FOOD,10,160,0,0.00%,160,0.09%,0.17%
Tuna Sweetcorn,Pre Packed Sandwiches,FOOD,10,160,0,0.00%,160,0.09%,0.17%
BLUEBERRY MUFFINS,Dessert,FOOD,13,156,0,0.00%,156,0.12%,0.17%
Small Salad,Salads,FOOD,13,156,0,0.00%,156,0.12%,0.17%
UNCOOKED TURKEY PER KG @ 24,CS Festival Food,FOOD,1,156,0,0.00%,156,0.01%,0.17%
California Rolls(6Pcs),Sushi,FOOD,7,154,0,0.00%,154,0.07%,0.17%
4 OZ BURGER COMBO,Burgers,FOOD,4,152,0,0.00%,152,0.04%,0.17%
STIR FRY GREENS,Main course,FOOD,6,150,0,0.00%,150,0.06%,0.16%
VOCHELLE TIN FRUIT NUTS 205GM,CS Chocolate ,FOOD,6,148.5,0,0.00%,148.5,0.06%,0.16%
TEA BAG JASMINE GREEN,Tea,FOOD,18,144,0,0.00%,144,0.17%,0.16%
AL AIN FRESH MILK LOW FAT 2L,CS Dairy ,FOOD,14,140,0,0.00%,140,0.13%,0.15%
ROASTED TOMATO,Wraps,FOOD,5,140,0,0.00%,140,0.05%,0.15%
Rocco,Pizza,FOOD,4,140,0,0.00%,140,0.04%,0.15%
SELPAK TOILET ROLL 7+2,CS Tissue & Toilet Rolls,NON FOOD,6,139.5,0,0.00%,139.5,0.06%,0.15%
Digest dark200,Biscuit & Cookies,FOOD,10,135,0,0.00%,135,0.09%,0.15%
FINE TOILET ROLLS 2PLY X 10 PCS ,CS Tissue & Toilet Rolls,NON FOOD,9,132.75,0,0.00%,132.75,0.08%,0.14%
DOUBLE ESSPRESSO,Starbucks,FOOD,11,132,0,0.00%,132,0.10%,0.14%
Roast Beef,Sandwiches,FOOD,6,132,0,0.00%,132,0.06%,0.14%
FOOD DOCTOR BAR APPLE WALNUT 35G,CS Organic Food,FOOD,15,131.25,0,0.00%,131.25,0.14%,0.14%
AL AIN FRESH MILK FULL FAT 2L,CS Dairy ,FOOD,13,130,0,0.00%,130,0.12%,0.14%
Baked beans,Breakfast,FOOD,26,130,0,0.00%,130,0.24%,0.14%
TUNA NICOISE SALAD,Salads,FOOD,5,130,0,0.00%,130,0.05%,0.14%
LACNOR COCKTAIL 180ML,Fresh Juices,BEVERAGE,32,128,0,0.00%,128,0.30%,0.14%
Plum Red,CS Fresh Fruit,FOOD,64,128,0,0.00%,128,0.60%,0.14%
OREO MINI CUP 115GM,CS Food,FOOD,13,123.5,0,0.00%,123.5,0.12%,0.13%
Cold Cuts,Breakfast,FOOD,24,120,0,0.00%,120,0.22%,0.13%
Mixed Green Salad(V),Salads,FOOD,6,120,0,0.00%,120,0.06%,0.13%
VOCHELLE TIN DUBAI MARINA 205GM,CS Chocolate ,FOOD,4,120,0,0.00%,120,0.04%,0.13%
16 OZ ICED CAFE AMERICANO,Starbucks,FOOD,9,118,0,0.00%,118,0.08%,0.13%
GILLETTE RAZOR MACH 3 2UP,CS Mens Care,NON FOOD,5,116.25,0,0.00%,116.25,0.05%,0.13%
DOVE SHOWER POMEGRANTE & LEMON 2,CS Bath & Shower,NON FOOD,6,115.5,0,0.00%,115.5,0.06%,0.13%
RED BULL 250ML,CS Sports & Energy Drinks,BEVERAGE,16,114,0,0.00%,114,0.15%,0.12%
16 OZ HOT CHOCOLATE,Starbucks,FOOD,6,112,0,0.00%,112,0.06%,0.12%
AMERICAN 4 OZ,Burgers,FOOD,4,112,0,0.00%,112,0.04%,0.12%
Croissant,Breakfast,FOOD,16,112,0,0.00%,112,0.15%,0.12%
FG Juice Bottled,FEEL GOOD,FOOD,14,112,0,0.00%,112,0.13%,0.12%
Pure VitaminC,Fresh Juices,BEVERAGE,4,112,0,0.00%,112,0.04%,0.12%
VANIAS SPRING GREEN,Smoothies,BEVERAGE,4,112,0,0.00%,112,0.04%,0.12%
KAGI SWISS WAFERS MINI GIFT BOX ,CS Mint & Gum,FOOD,3,111.75,0,0.00%,111.75,0.03%,0.12%
Banana Shake,Milk Shake,BEVERAGE,5,110,0,0.00%,110,0.05%,0.12%
Chicken Sweetcorn,Pre Packed Sandwiches,FOOD,11,110,0,0.00%,110,0.10%,0.12%
Portion Protein,Main course,FOOD,11,110,0,0.00%,110,0.10%,0.12%
SWEET POTATO WEDGES,Main course,FOOD,11,110,0,0.00%,110,0.10%,0.12%
Three Cheese Spring Onion,Pre Packed Sandwiches,FOOD,11,110,0,0.00%,110,0.10%,0.12%
BAYARA 1KG CASHEW NUT,CS Nuts & Seeds,FOOD,2,108,0,0.00%,108,0.02%,0.12%
BRIE & BACON S/W,Sandwiches,FOOD,3,108,0,0.00%,108,0.03%,0.12%
COCA COLA ZERO CAN,Softdrinks,BEVERAGE,27,108,0,0.00%,108,0.25%,0.12%
Large Salad,Salads,FOOD,6,108,0,0.00%,108,0.06%,0.12%
PAPER BAG,BAGS,NON FOOD,108,108,0,0.00%,108,1.00%,0.12%
Tropical Maki (6 Pcs),Sushi,FOOD,6,108,0,0.00%,108,0.06%,0.12%
CLASSIC FRIES,Main course,FOOD,21,105,0,0.00%,105,0.20%,0.11%
MAGNUM I/C WHITE,CS Ice Cream,FOOD,14,105,0,0.00%,105,0.13%,0.11%
CstaniaMixSuperNuts350G,CS Nuts & Seeds,FOOD,3,103.5,0,0.00%,103.5,0.03%,0.11%
ALPRO ALMOND MILK 1L,CS Dairy ,FOOD,5,102.5,0,0.00%,102.5,0.05%,0.11%
Apple Red,CS Fresh Fruit,FOOD,51,102,0,0.00%,102,0.47%,0.11%
Chicken Tandoori,Pre Packed Sandwiches,FOOD,10,100,0,0.00%,100,0.09%,0.11%
MINUTE STEAK,Grill,FOOD,5,100,0,0.00%,100,0.05%,0.11%
SELPAK TOILET PAPER 4 ROLLS,CS Tissue & Toilet Rolls,NON FOOD,8,100,0,0.00%,100,0.07%,0.11%
FAMILIA BIO ORGANIC HONEY ALMOND,CS Organic Food,FOOD,4,97,0,0.00%,97,0.04%,0.11%
LINDT EXCELLENCE BLACK CURRANT 1,CS Chocolate ,FOOD,7,96.25,0,0.00%,96.25,0.07%,0.11%
Strwberry Muffins,Dessert,FOOD,8,96,0,0.00%,96,0.07%,0.10%
GATORADE LEMON PET 500ML,CS Sports & Energy Drinks,BEVERAGE,19,95,0,0.00%,95,0.18%,0.10%
SELPAK FACIAL TISSUE 100 SHEET,CS Tissue & Toilet Rolls,NON FOOD,15,93.75,0,0.00%,93.75,0.14%,0.10%
Pancakes,Breakfast,FOOD,31,93,0,0.00%,93,0.29%,0.10%
COCA COLA CAN,Softdrinks,BEVERAGE,23,92,0,0.00%,92,0.21%,0.10%
KIT KAT 4 FINGERS,CS Chocolate ,FOOD,26,92,0,0.00%,92,0.24%,0.10%
PEPSI CAN,Softdrinks,BEVERAGE,23,92,0,0.00%,92,0.21%,0.10%
POKKA PEACH ICED TEA CAN,Packet Juice,BEVERAGE,24,92,0,0.00%,92,0.22%,0.10%
AL AIN FRESH MILK 1L FULL CREAM,CS Dairy ,FOOD,13,91,0,0.00%,91,0.12%,0.10%
TideReg Original1.5Kg ,CS Laundry Care,NON FOOD,4,91,0,0.00%,91,0.04%,0.10%
Chicken Nuggets,Extras,FOOD,9,90,0,0.00%,90,0.08%,0.10%
MAGNUM I/C DOUBLE CHOCOLATE,CS Ice Cream,FOOD,10,90,0,0.00%,90,0.09%,0.10%
TORCH CLUB STEAK S/W,Sandwiches,FOOD,2,90,0,0.00%,90,0.02%,0.10%
Apple Green,CS Fresh Fruit,FOOD,44,88,0,0.00%,88,0.41%,0.10%
Egg Cress Mayonnaise,Pre Packed Sandwiches,FOOD,11,88,0,0.00%,88,0.10%,0.10%
FALAFEL BURGER,Burgers,FOOD,4,88,0,0.00%,88,0.04%,0.10%
APTAMIL 1 400 Grs,CS Baby Food,FOOD,2,85,0,0.00%,85,0.02%,0.09%
ARIEL GREEN 1.5KG,CS Laundry Care,NON FOOD,3,84,0,0.00%,84,0.03%,0.09%
FALAFEL COMBO,Burgers,FOOD,3,84,0,0.00%,84,0.03%,0.09%
JAMIES BERRY BURST,Smoothies,BEVERAGE,3,84,0,0.00%,84,0.03%,0.09%
ALPROSoyaMilkUnswtnd1L,CS Packet Juice,BEVERAGE,5,83.75,0,0.00%,83.75,0.05%,0.09%
AL SHIFA 400GM SQUEEZE HONEY,CS Can & Jar Food,FOOD,3,83.25,0,0.00%,83.25,0.03%,0.09%
16 OZ FRAPPUCINO CARAMEL,Starbucks,FOOD,4,80,0,0.00%,80,0.04%,0.09%
CEYLON GINGER LOOSE TEA,Tea,FOOD,8,80,0,0.00%,80,0.07%,0.09%
Chicken Maki(6pcs),Sushi,FOOD,4,80,0,0.00%,80,0.04%,0.09%
Granola,Dessert,FOOD,10,80,0,0.00%,80,0.09%,0.09%
Grilled Halloumi(V),Sandwiches,FOOD,4,80,0,0.00%,80,0.04%,0.09%
SINGLE ESSPRESSO,Starbucks,FOOD,8,80,0,0.00%,80,0.07%,0.09%
Veg Sushi 6 pcs,Sushi,FOOD,4,80,0,0.00%,80,0.04%,0.09%
Toast,Breakfast,FOOD,79,79,0,0.00%,79,0.73%,0.09%
WEETABIX ORIGINAL 430GM,CS Cereal,FOOD,5,78.75,0,0.00%,78.75,0.05%,0.09%
FETA & ROAST VEG PANINI,Sandwiches,FOOD,3,78,0,0.00%,78,0.03%,0.09%
Salmon Temaki (3 Pcs),Sushi,FOOD,3,78,0,0.00%,78,0.03%,0.09%
SMACKS HONEY KELLOGS 375GM,CS Cereal,FOOD,4,78,0,0.00%,78,0.04%,0.09%
ALPRO SOYA ORIGINAL1L,CS Dairy ,BEVERAGE,5,77.5,0,0.00%,77.5,0.05%,0.08%
BOUNTY BAR 57GM,CS Chocolate ,FOOD,21,77,0,0.00%,77,0.20%,0.08%
16 OZ CARAMEL LATTE,Starbucks,FOOD,4,76,0,0.00%,76,0.04%,0.08%
Meat Feast,Pizza,FOOD,2,76,0,0.00%,76,0.02%,0.08%
Add Cheese,Extras,FOOD,25,75,0,0.00%,75,0.23%,0.08%
EXTRA BIG BOTTLE PEPPERMINT,CS Mint & Gum,FOOD,6,75,0,0.00%,75,0.06%,0.08%
MAGNUM I/C ALMOND,CS Ice Cream,FOOD,10,75,0,0.00%,75,0.09%,0.08%
ORAL B TP PRO EXPERT FRESH MINT ,CS Oral Care,NON FOOD,3,75,0,0.00%,75,0.03%,0.08%
RACHELS GREEK YOGHURT NATURAL 45,CS Dairy ,FOOD,3,73.5,0,0.00%,73.5,0.03%,0.08%
AL AIN FRESH ORANGE JUICE 330ML,CS Packet Juice,BEVERAGE,18,72,0,0.00%,72,0.17%,0.08%
Carrot Cake,Dessert,FOOD,6,72,0,0.00%,72,0.06%,0.08%
CheseTomatoCrossiant,Sandwiches,FOOD,4,72,0,0.00%,72,0.04%,0.08%
CHICKEN CAESAR,Salads,FOOD,2,72,0,0.00%,72,0.02%,0.08%
CHUNKY MONKEY,Milk Shake,BEVERAGE,3,72,0,0.00%,72,0.03%,0.08%
FARM FRESH EGGS WHITE 6PCS,CS Eggs,FOOD,16,72,0,0.00%,72,0.15%,0.08%
Go Green,Milk Shake,BEVERAGE,4,72,0,0.00%,72,0.04%,0.08%
THE 3RD DATE,Milk Shake,BEVERAGE,3,72,0,0.00%,72,0.03%,0.08%
TRIPLE CHOCOLATE MUFFIN,Dessert,FOOD,6,72,0,0.00%,72,0.06%,0.08%
Veg Noodle Soup,Soup ,FOOD,6,72,0,0.00%,72,0.06%,0.08%
GILLETTE FUSION RAZOR 1 UP,CS Mens Care,NON FOOD,2,71.5,0,0.00%,71.5,0.02%,0.08%
AL AIN FRESH MILK 1L SKIMMED,CS Dairy ,FOOD,10,70,0,0.00%,70,0.09%,0.08%
BLUE BERRY MUFFIN,Dessert,FOOD,7,70,0,0.00%,70,0.07%,0.08%
Brownie,Dessert,FOOD,5,70,0,0.00%,70,0.05%,0.08%
Crossiant,Dessert,FOOD,7,70,0,0.00%,70,0.07%,0.08%
Extra Topping,Pizza,FOOD,14,70,0,0.00%,70,0.13%,0.08%
GALLON WATER COUPON,CS Water,BEVERAGE,10,70,0,0.00%,70,0.09%,0.08%
PEAR DRAGON LOOSE TEA,Tea,FOOD,7,70,0,0.00%,70,0.07%,0.08%
SWISS DELICE CHOCARRE BISCUITS 1,CS Chocolate ,FOOD,4,70,0,0.00%,70,0.04%,0.08%
WALK IN BREAKFAST,WALK IN BREAKFAST,FOOD,7,70,0,0.00%,70,0.07%,0.08%
LACNOR ORANGE 180ML,Fresh Juices,BEVERAGE,17,68,0,0.00%,68,0.16%,0.07%
White Bean(V),Pizza,FOOD,2,68,0,0.00%,68,0.02%,0.07%
CastaniaCashew,CS Nuts & Seeds,FOOD,3,67.5,0,0.00%,67.5,0.03%,0.07%
16 OZ ICED CAFFE MOCHA,Starbucks,FOOD,4,66,0,0.00%,66,0.04%,0.07%
Tuna Cheese Melt,Sandwiches,FOOD,3,66,0,0.00%,66,0.03%,0.07%
Beef Bacon,Breakfast,FOOD,13,65,0,0.00%,65,0.12%,0.07%
Portion Vegetable,Main course,FOOD,13,65,0,0.00%,65,0.12%,0.07%
AL SHIFA HOINEY 750GM,CS Can & Jar Food,FOOD,2,64.5,0,0.00%,64.5,0.02%,0.07%
French Toast,Breakfast,FOOD,16,64,0,0.00%,64,0.15%,0.07%
TEA BAG MOROCCAN,Tea,FOOD,8,64,0,0.00%,64,0.07%,0.07%
AL AIN FRESH GRAPEFRUIT JUICE330,CS Packet Juice,BEVERAGE,9,63,0,0.00%,63,0.08%,0.07%
KELLOGS BARS DARK CHOCO 04PCX1PK,CS Cereal,FOOD,4,63,0,0.00%,63,0.04%,0.07%
AL AIN FRESH MILK 1L LOW FAT,CS Dairy ,FOOD,10,60,0,0.00%,60,0.09%,0.07%
Brownie,Dessert,FOOD,3,60,0,0.00%,60,0.03%,0.07%
CheseTurkeyHamCrossiant,Sandwiches,FOOD,3,60,0,0.00%,60,0.03%,0.07%
Choc Caramel Eclair,Dessert,FOOD,5,60,0,0.00%,60,0.05%,0.07%
French Fries,Extras,FOOD,10,60,0,0.00%,60,0.09%,0.07%
LARGE SPARKLING WATER PREMIUM,Water,BEVERAGE,3,60,0,0.00%,60,0.03%,0.07%
LARGE STILL WATER PREMIUM,Water,BEVERAGE,4,60,0,0.00%,60,0.04%,0.07%
Latte Macchiato,Nespresso,FOOD,5,60,0,0.00%,60,0.05%,0.07%
Lungo,Coffee,BEVERAGE,6,60,0,0.00%,60,0.06%,0.07%
MIXED NUT & CEREAL 8 OZ,Peannuts,FOOD,6,60,0,0.00%,60,0.06%,0.07%
NIVEA PURIFYING FACE WASH 150ML,CS Facial Care,NON FOOD,2,60,0,0.00%,60,0.02%,0.07%
EGG Mayo & Spring Onion,Sandwiches,FOOD,3,57,0,0.00%,57,0.03%,0.06%
GALAXY THICK SHAKE CARAMEL 300ML,Convenience Beverages,BEVERAGE,6,57,0,0.00%,57,0.06%,0.06%
STREPSILS ORANGE PACKET,CS Chocolate ,FOOD,3,57,0,0.00%,57,0.03%,0.06%
AL AIN WATER 500ML,Water,BEVERAGE,56,56,0,0.00%,56,0.52%,0.06%
ALO ENRICH POMEGRANATE JUICE,Fresh Juices,FOOD,4,56,0,0.00%,56,0.04%,0.06%
BREAKFAST TEA BAG,Tea,FOOD,7,56,0,0.00%,56,0.07%,0.06%
Chicken Noodle Suop,Soup ,FOOD,4,56,0,0.00%,56,0.04%,0.06%
JAYS POM PUNCH,Smoothies,BEVERAGE,2,56,0,0.00%,56,0.02%,0.06%
Pear,CS Fresh Fruit,FOOD,28,56,0,0.00%,56,0.26%,0.06%
RED BULL SUGAR FREE 250ML,CS Sports & Energy Drinks,BEVERAGE,8,56,0,0.00%,56,0.07%,0.06%
AL AIN YOGHURT LOW FAT 170GM,CS Dairy ,FOOD,37,55.5,0,0.00%,55.5,0.34%,0.06%
JOHNSONS COTTON PADS 80 PCS,CS Facial Care,NON FOOD,5,55,0,0.00%,55,0.05%,0.06%
LINDT EXCELLENCE 85% CACOA 100GM,CS Chocolate ,FOOD,4,55,0,0.00%,55,0.04%,0.06%
LINDT EXCELLENCE 90% CACOA 100GM,CS Chocolate ,FOOD,4,55,0,0.00%,55,0.04%,0.06%
MODERN BAKE CRANBERRY ENERGY BAR,CS Cereal,FOOD,10,55,0,0.00%,55,0.09%,0.06%
DgstiveBiscuits400g,Biscuit & Cookies,FOOD,4,54,0,0.00%,54,0.04%,0.06%
Muture Cheddar(V),Sandwiches,FOOD,3,54,0,0.00%,54,0.03%,0.06%
Pepperoni,Pizza,FOOD,9,54,0,0.00%,54,0.08%,0.06%
SCHOGETTEN DARK CHOCOLATE 100GM,CS Chocolate ,FOOD,9,54,0,0.00%,54,0.08%,0.06%
TAMRAH CHOCO DARK ZIPPER BAG 100,CS Dry Fruits,FOOD,6,54,0,0.00%,54,0.06%,0.06%
CARTE D'OR PINT STRAWBERRY,CS Ice Cream,FOOD,3,52.5,0,0.00%,52.5,0.03%,0.06%
MAGNUM I/C CLASSIC,CS Ice Cream,FOOD,7,52.5,0,0.00%,52.5,0.07%,0.06%
JOHNSONS COTTON BUDS 100PCS,CS Others,NON FOOD,4,52,0,0.00%,52,0.04%,0.06%
KAGI SWISS WAFERS ORIGINAL MINI ,CS Mint & Gum,FOOD,3,51.75,0,0.00%,51.75,0.03%,0.06%
12 OZ CARAMEL LATTE,Starbucks,FOOD,3,51,0,0.00%,51,0.03%,0.06%
16 OZ CAFFE MOCHA,Starbucks,FOOD,3,51,0,0.00%,51,0.03%,0.06%
16 OZ CARAMEL MACCHIATO,Starbucks,FOOD,3,51,0,0.00%,51,0.03%,0.06%
BEST CAN PECAN SALTED 110GM,CS Nuts & Seeds,FOOD,2,51,0,0.00%,51,0.02%,0.06%
BJORG ORGANIC OAT FLAKES 500GM,CS Organic Food,FOOD,2,51,0,0.00%,51,0.02%,0.06%
TOBLERONE MILK 100GM,CS Chocolate ,FOOD,6,51,0,0.00%,51,0.06%,0.06%
TRESEMME SH SPLIT REMEDY 500ML,CS Shampoo & Conditioner,NON FOOD,2,51,0,0.00%,51,0.02%,0.06%
ALPROMilkFlvrChoc 1L,CS Dairy ,BEVERAGE,3,50.25,0,0.00%,50.25,0.03%,0.05%
BEEF MEAL,Main course,FOOD,2,50,0,0.00%,50,0.02%,0.05%
GATORADE PINK LEMONDAE PET 500ML,CS Sports & Energy Drinks,BEVERAGE,10,50,0,0.00%,50,0.09%,0.05%
Sweet Potato Wedges,Extras,FOOD,5,50,0,0.00%,50,0.05%,0.05%
PERSIL LIQUID GREEN POWER GEL 3L,CS Laundry Care,NON FOOD,1,48.75,0,0.00%,48.75,0.01%,0.05%
12 OZ SOYA CAFFE LATTE,Coffee,FOOD,3,48,0,0.00%,48,0.03%,0.05%
AlpenMuslie625g,CS Cereal,FOOD,2,48,0,0.00%,48,0.02%,0.05%
B.BAG SEA SALT150g,CS Chips & Snacks,FOOD,4,48,0,0.00%,48,0.04%,0.05%
CHOCOLATE BROWNIE ,Dessert,FOOD,4,48,0,0.00%,48,0.04%,0.05%
HIT THE ROOF,Milk Shake,BEVERAGE,2,48,0,0.00%,48,0.02%,0.05%
LACNOR MILK STRAWBERRY,Flavoured Milk,BEVERAGE,12,48,0,0.00%,48,0.11%,0.05%
Lemon Drizzle,Dessert,FOOD,4,48,0,0.00%,48,0.04%,0.05%
SNICKERS SINGLE BAR,CS Chocolate ,FOOD,16,48,0,0.00%,48,0.15%,0.05%
TEA BAG EARL GREY,Tea,FOOD,6,48,0,0.00%,48,0.06%,0.05%
FAMILIA CHOCO 500GM,CS Cereal,FOOD,2,47.5,0,0.00%,47.5,0.02%,0.05%
ORAL B TP COMPLETE EXTRA FRESH M,CS Oral Care,NON FOOD,4,46,0,0.00%,46,0.04%,0.05%
ORAL B TP COMPLETE EXTREME MINT ,CS Oral Care,NON FOOD,4,46,0,0.00%,46,0.04%,0.05%
Orange Pcs,CS Fresh Fruit,FOOD,23,46,0,0.00%,46,0.21%,0.05%
P.BAR CHOCO 85,CS Cereal,FOOD,2,46,0,0.00%,46,0.02%,0.05%
COMFORT BABY CONCENTRATE 750ML,CS Laundry Care,NON FOOD,3,45.75,0,0.00%,45.75,0.03%,0.05%
CHICKEN MAIN,Main course,FOOD,3,45,0,0.00%,45,0.03%,0.05%
Cookie,Dessert,FOOD,9,45,0,0.00%,45,0.08%,0.05%
FOUNTAIN SODA LARGE,Softdrinks,BEVERAGE,15,45,0,0.00%,45,0.14%,0.05%
MentoGmWatrMelon,CS Mint & Gum,FOOD,9,45,0,0.00%,45,0.08%,0.05%
NIVEA SHOWER LEMON GRASS OIL 250,CS Bath & Shower,NON FOOD,3,45,0,0.00%,45,0.03%,0.05%
NIVEA SHOWER WATERLILY 250ML,CS Bath & Shower,NON FOOD,3,45,0,0.00%,45,0.03%,0.05%
QUAKER WHITE OATS TIN 500GM,CS Cereal,FOOD,5,45,0,0.00%,45,0.05%,0.05%
SNICKERS BAR,Chocolate,FOOD,9,45,0,0.00%,45,0.08%,0.05%
7 UP DIET CAN,Softdrinks,BEVERAGE,11,44,0,0.00%,44,0.10%,0.05%
Asst. Rolls Two,Breakfast,FOOD,22,44,0,0.00%,44,0.20%,0.05%
CROISSANT HI BUTTER CHOCOLATE,CS Bakery,FOOD,11,44,0,0.00%,44,0.10%,0.05%
MilkHalfCrem1Ltr ,CS Dairy ,FOOD,11,44,0,0.00%,44,0.10%,0.05%
PPPPLEASE ME,Fresh Juices,BEVERAGE,2,44,0,0.00%,44,0.02%,0.05%
OAT KING BAR PURE 95GM,CS Cereal,FOOD,3,43.5,0,0.00%,43.5,0.03%,0.05%
SCHIK RAZOR WOMEN TRIM STYLE QUA,CS Womens Care,NON FOOD,1,43.25,0,0.00%,43.25,0.01%,0.05%
Alain Small Wtr500ml,Water,BEVERAGE,43,43,0,0.00%,43,0.40%,0.05%
ALO ALLURE MANGO JUICE,Fresh Juices,FOOD,3,42,0,0.00%,42,0.03%,0.05%
ALO EXPOSED ALO JUICE,Fresh Juices,FOOD,3,42,0,0.00%,42,0.03%,0.05%
Berry Tart,Dessert,FOOD,3,42,0,0.00%,42,0.03%,0.05%
CROISSANT HI BUTTER PLAIN,CS Bakery,FOOD,12,42,0,0.00%,42,0.11%,0.05%
FIREFLY WAKE UP PEACH,Tea,BEVERAGE,3,42,0,0.00%,42,0.03%,0.05%
Salmon Chirashi,Sushi,FOOD,2,42,0,0.00%,42,0.02%,0.05%
COCO POPS KELLOGS 375GM,CS Cereal,FOOD,2,41,0,0.00%,41,0.02%,0.04%
ADD ESPRESSO SHOT,Starbucks,FOOD,10,40,0,0.00%,40,0.09%,0.04%
AL RABIE MANGO 330ML,CS Packet Juice,BEVERAGE,16,40,0,0.00%,40,0.15%,0.04%
DAN'S TOPICAL BLAST,Smoothies,BEVERAGE,2,40,0,0.00%,40,0.02%,0.04%
Delivery Charges,Delivery charge,LABOR CHARGE,8,40,0,0.00%,40,0.07%,0.04%
Extra Cheese,Cheese,FOOD,10,40,0,0.00%,40,0.09%,0.04%
Lemon,CS Fresh Vegatables,FOOD,20,40,0,0.00%,40,0.19%,0.04%
ROSE MIX,BOTANICAL SODAS,BEVERAGE,2,40,0,0.00%,40,0.02%,0.04%
Tamago Maki,Sushi,FOOD,2,40,0,0.00%,40,0.02%,0.04%
VEG BURGER,Burgers,FOOD,2,40,0,0.00%,40,0.02%,0.04%
WALK IN DINNER,WALK IN DINNER,FOOD,4,40,0,0.00%,40,0.04%,0.04%
BEST 30GM SALTED CASHEWS,CS Nuts & Seeds,FOOD,8,39.75,0,0.00%,39.75,0.07%,0.04%
Oatmeal Porridge,Breakfast,FOOD,13,39,0,0.00%,39,0.12%,0.04%
BEST CAN MIXED NUTS 110GM,CS Nuts & Seeds,FOOD,4,38,0,0.00%,38,0.04%,0.04%
DOVE BODY LOTION SHEA BUTTER 250,CS Body Care,NON FOOD,2,38,0,0.00%,38,0.02%,0.04%
Mexican Melt,Pizza,FOOD,1,38,0,0.00%,38,0.01%,0.04%
SALMON NICOISE,Salads,FOOD,1,38,0,0.00%,38,0.01%,0.04%
STREPSILS LEMON SUGAR FREE PACKE,CS Chocolate ,FOOD,2,38,0,0.00%,38,0.02%,0.04%
ALL BRAN FLAKES KELLOGS 500GM,CS Cereal,FOOD,2,37.5,0,0.00%,37.5,0.02%,0.04%
LAYS SALT VINEGAR 185GM,CS Chips & Snacks,FOOD,6,37.5,0,0.00%,37.5,0.06%,0.04%
A/G POP CORN MICROWAV EXTRA BUTT,CS Can & Jar Food,FOOD,4,37,0,0.00%,37,0.04%,0.04%
PRINGLES CHEESE 165GM,CS Chips & Snacks,FOOD,4,37,0,0.00%,37,0.04%,0.04%
NESCAFE RED MUG COFFEE 200GM,CS Coffee,FOOD,1,36.5,0,0.00%,36.5,0.01%,0.04%
OREO MILK & CHOCOLATE 16 PACK 44,Biscuit & Cookies,FOOD,2,36.5,0,0.00%,36.5,0.02%,0.04%
16 OZ ICED CHOCOLATE,Starbucks,FOOD,2,36,0,0.00%,36,0.02%,0.04%
7 UP CAN,Softdrinks,BEVERAGE,9,36,0,0.00%,36,0.08%,0.04%
BAYARA SALTED CASHEWS 300GM,CS Nuts & Seeds,FOOD,2,36,0,0.00%,36,0.02%,0.04%
Cappuccino,Nespresso,FOOD,3,36,0,0.00%,36,0.03%,0.04%
Chicken Chirashi,Sushi,FOOD,2,36,0,0.00%,36,0.02%,0.04%
Espresso,Nespresso,FOOD,4,36,0,0.00%,36,0.04%,0.04%
ESPRESSO MACCHIATO DOUBLE,Coffee,FOOD,3,36,0,0.00%,36,0.03%,0.04%
FUNBLLOONPMP,CS Disposable,NON FOOD,2,36,0,0.00%,36,0.02%,0.04%
Jalapenos,Pizza,FOOD,6,36,0,0.00%,36,0.06%,0.04%
LACNOR MANGO 180ML,Fresh Juices,BEVERAGE,9,36,0,0.00%,36,0.08%,0.04%
Lays Chips,Extras,FOOD,18,36,0,0.00%,36,0.17%,0.04%
MCVITIES DIGESTIVE 250GM LIGHT,Biscuit & Cookies,FOOD,3,36,0,0.00%,36,0.03%,0.04%
MIRINDA ORANGE CAN,Softdrinks,BEVERAGE,9,36,0,0.00%,36,0.08%,0.04%
NECTAFLOR PREMIUM RAISINS 200GM,CS Dry Fruits,FOOD,3,36,0,0.00%,36,0.03%,0.04%
STRAIGHT DUTCH,Smoothies,BEVERAGE,3,36,0,0.00%,36,0.03%,0.04%
M&M PEANUT 45GM,CS Chocolate ,FOOD,11,35.75,0,0.00%,35.75,0.10%,0.04%
DOVE HAIR CONDITIONER MOISTURIZI,CS Shampoo & Conditioner,NON FOOD,3,35.25,0,0.00%,35.25,0.03%,0.04%
A/G POP CORN MICROWAVE BUTTER 29,CS Can & Jar Food,FOOD,4,35,0,0.00%,35,0.04%,0.04%
CADBURY DM CHOCOLATE 37GM,CS Chocolate ,FOOD,7,35,0,0.00%,35,0.07%,0.04%
Guest Meal Combo,Main course,FOOD,5,35,0,0.00%,35,0.05%,0.04%
Isabella(V),Pizza,FOOD,1,35,0,0.00%,35,0.01%,0.04%
KAGI SWISS WAFERS CHOCOLATE 50G,CS Mint & Gum,FOOD,7,35,0,0.00%,35,0.07%,0.04%
MEZZE,Main course,FOOD,1,35,0,0.00%,35,0.01%,0.04%
SCHOGETTEN HAZELNUT100G,CS Chocolate ,FOOD,7,35,0,0.00%,35,0.07%,0.04%
Tamago Nigiri,Sushi,FOOD,7,35,0,0.00%,35,0.07%,0.04%
ALWAYS PANTYR LINER 40 NORMAL,CS Sanitary Care,NON FOOD,2,34.5,0,0.00%,34.5,0.02%,0.04%
BEST CAN SUPER CASHEW 110GM,CS Nuts & Seeds,FOOD,2,34.5,0,0.00%,34.5,0.02%,0.04%
FRUIT & FIBRE KELLOGS 375GM,CS Cereal,FOOD,2,34.5,0,0.00%,34.5,0.02%,0.04%
AUSLESE MELITTA CLASSIC COFFEE 2,CS Coffee,FOOD,2,34,0,0.00%,34,0.02%,0.04%
EXTRA PELLET STRAWBERRY GUM,Biscuit & Cookies,FOOD,17,34,0,0.00%,34,0.16%,0.04%
CocoPopsCMB20g,CS Cereal,FOOD,11,33,0,0.00%,33,0.10%,0.04%
FARM FRESH EGGS WHITE 15PCS,CS Eggs,FOOD,3,33,0,0.00%,33,0.03%,0.04%
GALAXY FRUIT & NUT 40GM,CS Chocolate ,FOOD,11,33,0,0.00%,33,0.10%,0.04%
LIFEBUOY HW MILD CARE 200ML,CS Soap & Handwash,NON FOOD,3,33,0,0.00%,33,0.03%,0.04%
Sugar Granul2Kg ,CS Coocking & Baking,FOOD,3,33,0,0.00%,33,0.03%,0.04%
TOBLETOBLERONE MILK 35GM,CS Chocolate ,FOOD,11,33,0,0.00%,33,0.10%,0.04%
AL AIN WATER 5 LTR,CS Water,BEVERAGE,13,32.5,0,0.00%,32.5,0.12%,0.04%
CORNETTO I/C LOVE TOFFEE,CS Ice Cream,FOOD,5,32.5,0,0.00%,32.5,0.05%,0.04%
CROISSANT CHOCOLATE,CS Bakery,FOOD,13,32.5,0,0.00%,32.5,0.12%,0.04%
JUNGLE OAT APPLE & CINAMON 500G,CS Cereal,FOOD,2,32.5,0,0.00%,32.5,0.02%,0.04%
C&C FACE SCRUB MORNING ENERGY 15,CS Facial Care,NON FOOD,1,32.25,0,0.00%,32.25,0.01%,0.04%
ALL BRAN ORIGINAL 500GM,CS Cereal,FOOD,2,32,0,0.00%,32,0.02%,0.03%
COCA COLA DIET CAN,Softdrinks,BEVERAGE,8,32,0,0.00%,32,0.07%,0.03%
Coke,Softdrinks,BEVERAGE,8,32,0,0.00%,32,0.07%,0.03%
D Coke,Softdrinks,BEVERAGE,8,32,0,0.00%,32,0.07%,0.03%
FALAFEL & HUMUS,Wraps,FOOD,3,32,0,0.00%,32,0.03%,0.03%
Frid Rice W Chicken,Fried Rice,FOOD,1,32,0,0.00%,32,0.01%,0.03%
Hawaiian,Pizza,FOOD,1,32,0,0.00%,32,0.01%,0.03%
HIBISCUS ICED TEA,Tea,FOOD,4,32,0,0.00%,32,0.04%,0.03%
KIT KAT MINI BAG 250GM,CS Chocolate ,FOOD,2,32,0,0.00%,32,0.02%,0.03%
MOUNTAIN DEW,Softdrinks,BEVERAGE,8,32,0,0.00%,32,0.07%,0.03%
Pain an Raisin,Dessert,FOOD,4,32,0,0.00%,32,0.04%,0.03%
Peanut Butter & Jelly(V),Sandwiches,FOOD,2,32,0,0.00%,32,0.02%,0.03%
PEPPERMINT TEA BAG,Tea,FOOD,4,32,0,0.00%,32,0.04%,0.03%
THE BERRY CO ACAI BERRY JUICE,Packet Juice,BEVERAGE,4,32,0,0.00%,32,0.04%,0.03%
THE BERRY CO BLUEBERRY JUICE,Packet Juice,BEVERAGE,4,32,0,0.00%,32,0.04%,0.03%
TUNA & MAYO WRAP,Sandwiches,FOOD,1,32,0,0.00%,32,0.01%,0.03%
BISCUITSDIGES250 ,Biscuit & Cookies,FOOD,3,31.5,0,0.00%,31.5,0.03%,0.03%
BRIE PORT CHEESE COEUR DE LION 1,CS Dairy ,FOOD,3,31.5,0,0.00%,31.5,0.03%,0.03%
KELLOGS BARS MILK CHOCO 04PCX1PK,CS Cereal,FOOD,2,31.5,0,0.00%,31.5,0.02%,0.03%
VITA COCO PEACH & MANGO 330ML,Convenience Beverages,BEVERAGE,3,31.5,0,0.00%,31.5,0.03%,0.03%
VITA COCO PURE COCONUT WATER 330,CS Packet Juice,BEVERAGE,3,31.5,0,0.00%,31.5,0.03%,0.03%
WALKERS SB FINGERS 40G,Biscuit & Cookies,FOOD,9,31.5,0,0.00%,31.5,0.08%,0.03%
Walkers Short Bread40g,Biscuits,FOOD,9,31.5,0,0.00%,31.5,0.08%,0.03%
BAYARA 1KG PRUNES DRIED,CS Dry Fruits,FOOD,1,31.25,0,0.00%,31.25,0.01%,0.03%
FAMILIA A.C.E BALANCE 600GM,CS Cereal,FOOD,1,31.25,0,0.00%,31.25,0.01%,0.03%
LAYS FRENCH CHEESE 185GM,CS Chips & Snacks,FOOD,5,31.25,0,0.00%,31.25,0.05%,0.03%
VASELINE BW MEN 2 IN 1 220ML,CS Bath & Shower,NON FOOD,2,31,0,0.00%,31,0.02%,0.03%
AL AIN MANGO YOGHURT 125GM,CS Dairy ,FOOD,15,30,0,0.00%,30,0.14%,0.03%
CERES CRANBERRY KIWI JUICE 1L,CS Packet Juice,BEVERAGE,3,30,0,0.00%,30,0.03%,0.03%
ESPRESSO MACCHIATO SINGLE,Starbucks,FOOD,3,30,0,0.00%,30,0.03%,0.03%
Frid Rice W Tofu,Fried Rice,FOOD,1,30,0,0.00%,30,0.01%,0.03%
Grilled Veg Olives,Pizza,FOOD,5,30,0,0.00%,30,0.05%,0.03%
LAYS 40GM SALT,CS Chips & Snacks,FOOD,15,30,0,0.00%,30,0.14%,0.03%
Lungo,Nespresso,FOOD,3,30,0,0.00%,30,0.03%,0.03%
NIVEA REFRESHING FACE WASH 150ML,CS Facial Care,NON FOOD,1,30,0,0.00%,30,0.01%,0.03%
Panadol96 ,CS Others,NON FOOD,30,30,0,0.00%,30,0.28%,0.03%
PEPPERMEIN LOOSE TEA,Tea,FOOD,3,30,0,0.00%,30,0.03%,0.03%
PERRIER WATER 750ML,Water,BEVERAGE,3,30,0,0.00%,30,0.03%,0.03%
POCARI SWEAT PET 500ML,CS Sports & Energy Drinks,BEVERAGE,6,30,0,0.00%,30,0.06%,0.03%
SCONES,Dessert,FOOD,3,30,0,0.00%,30,0.03%,0.03%
SLICED BREAD MULTI GRAIN MEDIUM,CS Bakery,FOOD,5,30,0,0.00%,30,0.05%,0.03%
OAT KING BAR MILK HONEY 95GM,CS Cereal,FOOD,2,29,0,0.00%,29,0.02%,0.03%
OAT KING BAR TASTY CHOCOLATE 95G,CS Cereal,FOOD,2,29,0,0.00%,29,0.02%,0.03%
AL AIN YOGHURT FULL CREAM 170GM,CS Dairy ,FOOD,19,28.5,0,0.00%,28.5,0.18%,0.03%
CastaniaExtMixNuts350G,CS Nuts & Seeds,FOOD,1,28.5,0,0.00%,28.5,0.01%,0.03%
HONEY MOON MOUNTAIN HONEY 250GM,CS Can & Jar Food,FOOD,1,28.25,0,0.00%,28.25,0.01%,0.03%
ADD ESPRESSO SHOT,Starbucks,FOOD,7,28,0,0.00%,28,0.07%,0.03%
ADD FLAVOURED SYRUP,Starbucks,FOOD,7,28,0,0.00%,28,0.07%,0.03%
ALPEN BAR FRUIT NUT MILK CHOCOLA,CS Cereal,FOOD,7,28,0,0.00%,28,0.07%,0.03%
AXE SHOWER GEL DARK TEMPTATION 2,CS Bath & Shower,NON FOOD,2,28,0,0.00%,28,0.02%,0.03%
Bagels w/Cr.Cheese,Breakfast,FOOD,4,28,0,0.00%,28,0.04%,0.03%
CHUCKS MAN OH MANGO,Smoothies,BEVERAGE,1,28,0,0.00%,28,0.01%,0.03%
MARKOS TOP BANANA,Smoothies,BEVERAGE,1,28,0,0.00%,28,0.01%,0.03%
MUFFIN CHOCOLATE,CS Bakery,FOOD,8,28,0,0.00%,28,0.07%,0.03%
Tide HS MB260g ,CS Laundry Care,NON FOOD,8,28,0,0.00%,28,0.07%,0.03%
GLAD GARBAGE BAG SMALL 20L X 30,CS Bags/Foil/Wraps,NON FOOD,3,27.75,0,0.00%,27.75,0.03%,0.03%
BarillaPestoSml,CS Sauce,FOOD,1,27.5,0,0.00%,27.5,0.01%,0.03%
LIND CHERRY INTENSE100G,CS Chocolate ,FOOD,2,27.5,0,0.00%,27.5,0.02%,0.03%
LINDT EXCELLENCE MINT INTENSE 10,CS Chocolate ,FOOD,2,27.5,0,0.00%,27.5,0.02%,0.03%
FrostiesCMB25g,CS Cereal,FOOD,9,27,0,0.00%,27,0.08%,0.03%
Mash and Gravy,Extras,FOOD,3,27,0,0.00%,27,0.03%,0.03%
CORNETTO I/C LOVE VANILLA RASPBE,CS Ice Cream,FOOD,4,26,0,0.00%,26,0.04%,0.03%
FAMILIA BIO ORGANIC AMARANTH 375,CS Organic Food,FOOD,1,26,0,0.00%,26,0.01%,0.03%
GILLETTE BLADE MACH 3 TURBO 2PCS,CS Mens Care,NON FOOD,1,26,0,0.00%,26,0.01%,0.03%
LADY CHOICE CHUNKY PEANUT BUTTER,CS Can & Jar Food,FOOD,2,26,0,0.00%,26,0.02%,0.03%
MELONS GALORE,Smoothies,BEVERAGE,1,26,0,0.00%,26,0.01%,0.03%
PRINGLES 40GM HOT & SPICY,CS Chips & Snacks,FOOD,8,26,0,0.00%,26,0.07%,0.03%
CLEARLY SCRUMPTIOUS CRANBERRY 30,CS Dry Fruits,FOOD,2,25.5,0,0.00%,25.5,0.02%,0.03%
CLOSE UP DEEP ACTION120ml,CS Oral Care,NON FOOD,3,25.5,0,0.00%,25.5,0.03%,0.03%
LIPTON PYRAMID PEACH MANGO TEA B,CS Tea,FOOD,2,25.5,0,0.00%,25.5,0.02%,0.03%
TRESEMME CD 24 HOUR BODY 500ML,CS Shampoo & Conditioner,NON FOOD,1,25.5,0,0.00%,25.5,0.01%,0.03%
TRESEMME CD PLATINUM STRENGTH 50,CS Shampoo & Conditioner,NON FOOD,1,25.5,0,0.00%,25.5,0.01%,0.03%
AL RABIE LIME KIWI 330ML,CS Packet Juice,BEVERAGE,10,25,0,0.00%,25,0.09%,0.03%
EBI NIGIRI,Sushi,FOOD,5,25,0,0.00%,25,0.05%,0.03%
JOHNSONS COTTON BALLS 50 PCS,CS Facial Care,NON FOOD,2,25,0,0.00%,25,0.02%,0.03%
LAYS FORNO CHEESE 43G,CHIPS,FOOD,5,25,0,0.00%,25,0.05%,0.03%
NIVEA EYE MAKEUP REMOVER 125ML,CS Facial Care,NON FOOD,1,25,0,0.00%,25,0.01%,0.03%
NIVEA FACE GENTLE TONER 200ML,CS Facial Care,NON FOOD,1,25,0,0.00%,25,0.01%,0.03%
FAMILIA 50GM MUESLI CRUNCH,CS Cereal,FOOD,7,24.5,0,0.00%,24.5,0.07%,0.03%
NUTELLA 400GM,CS Can & Jar Food,FOOD,1,24.5,0,0.00%,24.5,0.01%,0.03%
ADD FLAVOURED SYRUP,Starbucks,FOOD,6,24,0,0.00%,24,0.06%,0.03%
AL AIN FRESH MANGO JUICE 330ML,CS Packet Juice,BEVERAGE,3,24,0,0.00%,24,0.03%,0.03%
AL AIN PINEAPPLE YOGHURT 125GM,CS Dairy ,FOOD,12,24,0,0.00%,24,0.11%,0.03%
AL AIN WATER 1.5 LITER,Water,BEVERAGE,12,24,0,0.00%,24,0.11%,0.03%
AL MARAI LABAN FULL FAT 360ML,CS Dairy ,FOOD,8,24,0,0.00%,24,0.07%,0.03%
AL MARAI STRAWBERRY MILK 360ML,CS Dairy ,FOOD,8,24,0,0.00%,24,0.07%,0.03%
ALPEN BAR FRUIT NUT 28GM,CS Cereal,FOOD,6,24,0,0.00%,24,0.06%,0.03%
BOGUTTI CHOCOFIT CHOCO HAZELNUT,Biscuit & Cookies,FOOD,3,24,0,0.00%,24,0.03%,0.03%
CHAMOMILE TEA BAG,Tea,FOOD,3,24,0,0.00%,24,0.03%,0.03%
CROISSANT HI BUTTER ALMOND,CS Bakery,FOOD,6,24,0,0.00%,24,0.06%,0.03%
DOVE SH NUTRITIVE MOISTURIZING 2,CS Shampoo & Conditioner,NON FOOD,2,24,0,0.00%,24,0.02%,0.03%
ESPRESSO MACCHIATO,Starbucks,FOOD,2,24,0,0.00%,24,0.02%,0.03%
FAMILIA 50GM MUESLI ORIGINAL,CS Cereal,FOOD,6,24,0,0.00%,24,0.06%,0.03%
FANTA STRAWBERRY CAN,Softdrinks,BEVERAGE,6,24,0,0.00%,24,0.06%,0.03%
GLAD GARBAGE BAG MEDIUM 35L X 30,CS Tissue & Toilet Rolls,NON FOOD,2,24,0,0.00%,24,0.02%,0.03%
JOCCA KRAFT COTTAGE CHEESE 200GM,CS Dairy ,FOOD,2,24,0,0.00%,24,0.02%,0.03%
LACNOR MILK BANANA,Flavoured Milk,BEVERAGE,6,24,0,0.00%,24,0.06%,0.03%
Latte Macchiato,Coffee,BEVERAGE,2,24,0,0.00%,24,0.02%,0.03%
MINI CARROT CAKE,Dessert,FOOD,2,24,0,0.00%,24,0.02%,0.03%
Mushrooms,Pizza,FOOD,4,24,0,0.00%,24,0.04%,0.03%
Portion Starch,Main course,FOOD,3,24,0,0.00%,24,0.03%,0.03%
RASPBERRY ICED TEA,Tea,FOOD,3,24,0,0.00%,24,0.03%,0.03%
SPRITE LIGHT CAN,Softdrinks,BEVERAGE,6,24,0,0.00%,24,0.06%,0.03%
The Big Apple,Milk Shake,BEVERAGE,1,24,0,0.00%,24,0.01%,0.03%
BEST CAN ALMONDS SALTED 110GM,CS Nuts & Seeds,FOOD,2,23.5,0,0.00%,23.5,0.02%,0.03%
WELLA SH REPAIR 500ML,CS Shampoo & Conditioner,NON FOOD,1,23.5,0,0.00%,23.5,0.01%,0.03%
ALWAYS NIGHT WINGS 8 PCS,CS Sanitary Care,NON FOOD,3,23.25,0,0.00%,23.25,0.03%,0.03%
16 OZ SOYA VANILLA LATTE,Coffee,FOOD,1,23,0,0.00%,23,0.01%,0.03%
BARILLA RICOTTA400G,CS Sauce,FOOD,1,23,0,0.00%,23,0.01%,0.03%
GILLETTE BLADE 2 PCS MACH 3,CS Mens Care,NON FOOD,1,23,0,0.00%,23,0.01%,0.03%
SELPAK KITCHEN ROLL 2 PCS,CS Tissue & Toilet Rolls,NON FOOD,2,23,0,0.00%,23,0.02%,0.03%
SMINT POCKET WILDBERRY,CS Mint & Gum,FOOD,4,23,0,0.00%,23,0.04%,0.03%
PRINGLES 40GM ORIGINAL,CS Chips & Snacks,FOOD,7,22.75,0,0.00%,22.75,0.07%,0.02%
PRO BAR MEAL WHOLEBERRY BLAST 85,CS Cereal,FOOD,1,22.75,0,0.00%,22.75,0.01%,0.02%
TOBLERONE WHITE 35GM,CS Chocolate ,FOOD,7,22.75,0,0.00%,22.75,0.07%,0.02%
DOUGHNUT CHOCOLATE,CS Bakery,FOOD,9,22.5,0,0.00%,22.5,0.08%,0.02%
NESCAFE CAPPUCINO PACKET 10PCS,CS Coffee,FOOD,1,22.5,0,0.00%,22.5,0.01%,0.02%
THAI CHOICE SHRIMP,CS Pasta & Noodles,FOOD,5,22.5,0,0.00%,22.5,0.05%,0.02%
TIDE ORIGINAL SCENT 1.5KG,CS Laundry Care,NON FOOD,1,22.5,0,0.00%,22.5,0.01%,0.02%
C&C GEL CLEANSER DEEP ACTION 150,CS Facial Care,NON FOOD,1,22,0,0.00%,22,0.01%,0.02%
DOCTOR'S ORDERS,Fresh Juices,BEVERAGE,1,22,0,0.00%,22,0.01%,0.02%
EXTRA PELLET PEPPERMINT GUM,CS Mint & Gum,FOOD,11,22,0,0.00%,22,0.10%,0.02%
Greek Salad,Salads,FOOD,1,22,0,0.00%,22,0.01%,0.02%
LAYS 40GM SALT VINEGAR,CS Chips & Snacks,FOOD,11,22,0,0.00%,22,0.10%,0.02%
LUX HW VELVET TOUCH 250ML,CS Soap & Handwash,NON FOOD,2,22,0,0.00%,22,0.02%,0.02%
MODERN BAKE MANGO PISTA ENERGY B,CS Cereal,FOOD,4,22,0,0.00%,22,0.04%,0.02%
SIS SugarCubeWhite 454g,CS Coocking & Baking,FOOD,2,22,0,0.00%,22,0.02%,0.02%
TAMPAX REGULAR,CS Sanitary Care,NON FOOD,2,22,0,0.00%,22,0.02%,0.02%
TAMPAX SUPER,CS Sanitary Care,NON FOOD,2,22,0,0.00%,22,0.02%,0.02%
AL AIN MORNING BLACKBERRY MUSELI,CS Dairy ,FOOD,7,21,0,0.00%,21,0.07%,0.02%
AL AIN MORNING CRANBERRY MUSELI ,CS Dairy ,FOOD,7,21,0,0.00%,21,0.07%,0.02%
AL AIN MORNING PEACH MUSELI 250G,CS Dairy ,FOOD,7,21,0,0.00%,21,0.07%,0.02%
KOKA CUP SPICY SHRIMP,CS Pasta & Noodles,FOOD,6,21,0,0.00%,21,0.06%,0.02%
LISTERINE MW COOL MINT 250ML,CS Oral Care,NON FOOD,1,21,0,0.00%,21,0.01%,0.02%
LISTERINE MW FRESH BURST 250ML,CS Oral Care,NON FOOD,1,21,0,0.00%,21,0.01%,0.02%
MARS BAR 51GM,CS Chocolate ,FOOD,5,21,0,0.00%,21,0.05%,0.02%
MUFFIN BLUEBERRY,CS Bakery,FOOD,6,21,0,0.00%,21,0.06%,0.02%
NATURE VALLEY ROASTED ALMOND,CS Cereal,FOOD,7,21,0,0.00%,21,0.07%,0.02%
SMALL GREEN SALAD ,Salads,FOOD,3,21,0,0.00%,21,0.03%,0.02%
VITA COCO LEMONADE COCONUT 330ML,CS Packet Juice,BEVERAGE,2,21,0,0.00%,21,0.02%,0.02%
VITA COCO PINEAPPLE 330ML,Convenience Beverages,BEVERAGE,2,21,0,0.00%,21,0.02%,0.02%
DvAntiDndrf400m,CS Shampoo & Conditioner,NON FOOD,1,20.5,0,0.00%,20.5,0.01%,0.02%
ORAL B MOUTH WASH MULTI PROTECT ,CS Oral Care,NON FOOD,1,20.5,0,0.00%,20.5,0.01%,0.02%
NECTAFLOR SOFT FIGS 200GM,CS Dry Fruits,FOOD,1,20.25,0,0.00%,20.25,0.01%,0.02%
16 OZ FRAPPUCINO WHITE MOCHA,Starbucks,FOOD,1,20,0,0.00%,20,0.01%,0.02%
BEACON MARSHMALLOWS PINK & WHITE,CS Packet Food,FOOD,5,20,0,0.00%,20,0.05%,0.02%
BRILLIANT BREAKFAST LOOSE TEA,Tea,FOOD,2,20,0,0.00%,20,0.02%,0.02%
DARJEELING LOOSE TEA,Tea,FOOD,2,20,0,0.00%,20,0.02%,0.02%
EARL GREY LOOSE TEA,Tea,FOOD,2,20,0,0.00%,20,0.02%,0.02%
EXTRA PELLET WHITE GUM,CS Mint & Gum,FOOD,10,20,0,0.00%,20,0.09%,0.02%
FOUNTAIN SODA SMALL,Softdrinks,BEVERAGE,11,20,0,0.00%,20,0.10%,0.02%
GATORADE TOPICL FRUIT PET 500ML,CS Sports & Energy Drinks,BEVERAGE,4,20,0,0.00%,20,0.04%,0.02%
JASMINE GREEN LOOSE TEA,Tea,FOOD,2,20,0,0.00%,20,0.02%,0.02%
Kit Kat,Chocolate,FOOD,4,20,0,0.00%,20,0.04%,0.02%
MOROCCAN LOOSE TEA,Tea,FOOD,2,20,0,0.00%,20,0.02%,0.02%
ORAL B BRUSH KIDS,CS Oral Care,NON FOOD,4,20,0,0.00%,20,0.04%,0.02%
PEPSI DIET CAN,Softdrinks,BEVERAGE,5,20,0,0.00%,20,0.05%,0.02%
POKKA LEMON ICED TEA CAN,Packet Juice,BEVERAGE,5,20,0,0.00%,20,0.05%,0.02%
SMINT CANDY GUM PEPPERMINT 14.2G,CS Mint & Gum,FOOD,5,20,0,0.00%,20,0.05%,0.02%
UAE Flag 60x35,CS Festival Non Food,NON FOOD,1,20,0,0.00%,20,0.01%,0.02%
ALMARAI JAR CREAM SPREAD CHEESE ,CS Dairy ,FOOD,2,19.5,0,0.00%,19.5,0.02%,0.02%
BOURSIN CHEESE BLACK PEPPER 150G,CS Dairy ,FOOD,1,19.5,0,0.00%,19.5,0.01%,0.02%
CARTE DOR PISTACIO 1 SCOOP,Ice cream,FOOD,3,19.5,0,0.00%,19.5,0.03%,0.02%
CORNETTO I/C LOVE COOKIE,CS Ice Cream,FOOD,3,19.5,0,0.00%,19.5,0.03%,0.02%
UAE BADGE MAGNET,CS Festival Non Food,NON FOOD,3,19.5,0,0.00%,19.5,0.03%,0.02%
VOCHELLE BLOCK DAIRY MILK 180G,CS Chocolate ,FOOD,2,19.5,0,0.00%,19.5,0.02%,0.02%
16 OZ ICED VANILLA LATTE,Starbucks,FOOD,1,19,0,0.00%,19,0.01%,0.02%
16 OZ SIGNATURE HOT CHOCOLATE,Starbucks,FOOD,1,19,0,0.00%,19,0.01%,0.02%
SCRUMMIES STRAWBERRY CRANBERRIES,CS Dry Fruits,FOOD,4,19,0,0.00%,19,0.04%,0.02%
ALWAYS LARGE 30PCS,CS Sanitary Care,NON FOOD,1,18.5,0,0.00%,18.5,0.01%,0.02%
PRINGLES SALT VINEGAR 165GM,CS Chips & Snacks,FOOD,2,18.5,0,0.00%,18.5,0.02%,0.02%
AXE ROLLON DARK TEMPTATION 40ML,CS Deodrants,NON FOOD,1,18.25,0,0.00%,18.25,0.01%,0.02%
NECTAFLOR SOFT CRANBERRIES 200GM,CS Dry Fruits,FOOD,1,18.25,0,0.00%,18.25,0.01%,0.02%
NECTAFLOR SOFT PRUNES 200GM,CS Dry Fruits,FOOD,1,18.25,0,0.00%,18.25,0.01%,0.02%
OREO GOLDEN 16 PACK 44GM,Biscuit & Cookies,FOOD,1,18.25,0,0.00%,18.25,0.01%,0.02%
OREO ORIGINAL 16 PACK 44GM,Biscuit & Cookies,FOOD,1,18.25,0,0.00%,18.25,0.01%,0.02%
AL AIN KIWI APPLE YOGHURT 125GM,CS Dairy ,FOOD,9,18,0,0.00%,18,0.08%,0.02%
CERES PEAR JUICE 1L,CS Packet Juice,BEVERAGE,2,18,0,0.00%,18,0.02%,0.02%
CHICKEN & BACON,Sandwiches,FOOD,1,18,0,0.00%,18,0.01%,0.02%
CROISSANT HI BUTTER CHEESE,CS Bakery,FOOD,6,18,0,0.00%,18,0.06%,0.02%
GLADZprSandwichBg,CS Bags/Foil/Wraps,NON FOOD,2,18,0,0.00%,18,0.02%,0.02%
Glazed Veg,Sandwiches,FOOD,1,18,0,0.00%,18,0.01%,0.02%
GranAppleCunch,CS Cereal,FOOD,6,18,0,0.00%,18,0.06%,0.02%
HeinzBaked Beans415g ,CS Can & Jar Food,FOOD,4,18,0,0.00%,18,0.04%,0.02%
LAYS 40GM CHILLI,CS Chips & Snacks,FOOD,9,18,0,0.00%,18,0.08%,0.02%
Manakeesh(V),Pizza,FOOD,1,18,0,0.00%,18,0.01%,0.02%
Peppers,Pizza,FOOD,3,18,0,0.00%,18,0.03%,0.02%
TAMRAH COCO DATES ZIPPER BAG 100,CS Dry Fruits,FOOD,2,18,0,0.00%,18,0.02%,0.02%
VOLVIC WATER 500ML,CS Water,BEVERAGE,4,18,0,0.00%,18,0.04%,0.02%
DEEP HEAT SPRAY PACKET,CS Others,NON FOOD,1,17.75,0,0.00%,17.75,0.01%,0.02%
AL RABIE MANGO PASSION 330ML,CS Fresh Juice,BEVERAGE,7,17.5,0,0.00%,17.5,0.07%,0.02%
ALWAYS MEGAPACK LARGE WINGS 30 P,CS Sanitary Care,NON FOOD,1,17.5,0,0.00%,17.5,0.01%,0.02%
CARTE D'OR PINT CHOCOLATE,CS Ice Cream,FOOD,1,17.5,0,0.00%,17.5,0.01%,0.02%
MUFFIN APPLE,CS Bakery,FOOD,5,17.5,0,0.00%,17.5,0.05%,0.02%
TWIX TWIN BAR 50GM,CS Chocolate ,FOOD,7,17.5,0,0.00%,17.5,0.07%,0.02%
BEST 30GM SALTED PISTACHIO,CS Nuts & Seeds,FOOD,6,17.25,0,0.00%,17.25,0.06%,0.02%
JDS BUTTER CRISPS,Biscuit & Cookies,FOOD,1,17.25,0,0.00%,17.25,0.01%,0.02%
NESTLE COFFEE MATE 400GM,CS Coffee,FOOD,1,17.25,0,0.00%,17.25,0.01%,0.02%
12 OZ Hazel Nut Latte,Starbucks,FOOD,1,17,0,0.00%,17,0.01%,0.02%
12 OZ HOT CHOCOLATE,Starbucks,FOOD,1,17,0,0.00%,17,0.01%,0.02%
12 OZ ICED VANILLA LATTE,Coffee,FOOD,1,17,0,0.00%,17,0.01%,0.02%
JDS ALMOND THINS,Biscuit & Cookies,FOOD,1,17,0,0.00%,17,0.01%,0.02%
ALPEN MUESLI ORIGINAL 375GM,CS Cereal,FOOD,1,16.5,0,0.00%,16.5,0.01%,0.02%
COKE LIGHT CAN 300ML,CS Soft Drinks,BEVERAGE,11,16.5,0,0.00%,16.5,0.10%,0.02%
GROWERS PACKET ORIENTAL PEANUTS,CS Nuts & Seeds,FOOD,3,16.5,0,0.00%,16.5,0.03%,0.02%
LIFEBUOY BODYWASH NATURE 300ML,CS Bath & Shower,NON FOOD,1,16.5,0,0.00%,16.5,0.01%,0.02%
LIFEBUOY BODYWASH VITAL PROTECT ,CS Bath & Shower,NON FOOD,1,16.5,0,0.00%,16.5,0.01%,0.02%
MODERN BAKE PEANUT PEACAN ENERGY,CS Cereal,FOOD,3,16.5,0,0.00%,16.5,0.03%,0.02%
VOCHELLE DARK CHOC ALMOND 90G,CS Chocolate ,FOOD,3,16.5,0,0.00%,16.5,0.03%,0.02%
COCO TREE JUICE 330ML,CS Packet Juice,BEVERAGE,5,16.25,0,0.00%,16.25,0.05%,0.02%
DOVE DEO BEAUTY FINISH 150ML,CS Deodrants,NON FOOD,1,16.25,0,0.00%,16.25,0.01%,0.02%
FUN PLASTIC PLATE WHITE 25PCS 26,CS Disposable,NON FOOD,1,16.25,0,0.00%,16.25,0.01%,0.02%
OB TAMPONS NORMAL 16PCS,CS Sanitary Care,NON FOOD,1,16.25,0,0.00%,16.25,0.01%,0.02%
BOGUTTI CHOCOFIT GOJI CRAN WHITE,Biscuit & Cookies,FOOD,2,16,0,0.00%,16,0.02%,0.02%
CLOROX WIPES DISINFECTING CITRUS,CS Cleaning Supplies,NON FOOD,1,16,0,0.00%,16,0.01%,0.02%
Earl Grey Tea,Tea,FOOD,2,16,0,0.00%,16,0.02%,0.02%
FUNHDPSFORKPLM,CS Disposable,NON FOOD,2,16,0,0.00%,16,0.02%,0.02%
HEINZ TUNA LIGHT SOLID OIL TIN 1,CS Can & Jar Food,FOOD,2,16,0,0.00%,16,0.02%,0.02%
LIPTON LEMON ICED TEA,Tea,BEVERAGE,4,16,0,0.00%,16,0.04%,0.02%
Masafi Water1.5Ltr,Water,BEVERAGE,8,16,0,0.00%,16,0.07%,0.02%
Mixed Juice,Fresh Juices,BEVERAGE,1,16,0,0.00%,16,0.01%,0.02%
Mixed Salad&Pitta,Extras,FOOD,2,16,0,0.00%,16,0.02%,0.02%
REDBULL REGULAR,Energy Drinks,BEVERAGE,2,16,0,0.00%,16,0.02%,0.02%
BEST CAN CASHEWS SALTED 110GM,CS Nuts & Seeds,FOOD,1,15.75,0,0.00%,15.75,0.01%,0.02%
CLOROX SUPER WIPES 3PCS,CS Tissue & Toilet Rolls,NON FOOD,3,15.75,0,0.00%,15.75,0.03%,0.02%
MANI CASHEWS ROSTED SEA SALT 40G,CS Dry Fruits,FOOD,3,15.75,0,0.00%,15.75,0.03%,0.02%
SCHOGETTEN PRALINE NOISETTES 100,CS Chocolate ,FOOD,3,15.75,0,0.00%,15.75,0.03%,0.02%
CAREFREE PLUS FRESH LARGE 20PCS,CS Sanitary Care,NON FOOD,1,15.5,0,0.00%,15.5,0.01%,0.02%
DOVE BODY CREAM SHEA BUTTER VANI,CS Body Care,NON FOOD,1,15.5,0,0.00%,15.5,0.01%,0.02%
DOVECCMBER&GTSPRAY,CS Deodrants,NON FOOD,1,15.5,0,0.00%,15.5,0.01%,0.02%
LIPTON PYRAMID MILD CEYLON TEA B,CS Tea,FOOD,1,15.25,0,0.00%,15.25,0.01%,0.02%
1 Scoop Protein Powder,TOPPINGS,FOOD,3,15,0,0.00%,15,0.03%,0.02%
CAREFREE COTTON EXTRACT SINGLE 2,CS Sanitary Care,NON FOOD,1,15,0,0.00%,15,0.01%,0.02%
COKE CAN 300ML,CS Soft Drinks,BEVERAGE,10,15,0,0.00%,15,0.09%,0.02%
ENERGIZER AA 4 PCS,CS Others,NON FOOD,1,15,0,0.00%,15,0.01%,0.02%
ENERGIZER AAA 4 PCS,CS Others,NON FOOD,1,15,0,0.00%,15,0.01%,0.02%
Lipton tea,CS Tea,FOOD,1,15,0,0.00%,15,0.01%,0.02%
NATURE VALLEY CANADIAN MAPLE SYR,CS Cereal,FOOD,5,15,0,0.00%,15,0.05%,0.02%
NIVEA MEN SHOWER COOL KICK 250ML,CS Bath & Shower,NON FOOD,1,15,0,0.00%,15,0.01%,0.02%
NIVEA MEN SHOWER ORIGINAL CARE 2,CS Bath & Shower,NON FOOD,1,15,0,0.00%,15,0.01%,0.02%
REXONA DEO WOMEN B&W DIAMOND ,CS Deodrants,NON FOOD,1,15,0,0.00%,15,0.01%,0.02%
REXONA DEO WOMEN SHOWER CLEAN,CS Deodrants,NON FOOD,1,15,0,0.00%,15,0.01%,0.02%
TOBLERONE 50GM,CS Chocolate ,FOOD,3,15,0,0.00%,15,0.03%,0.02%
WHOLE FRUIT,Dessert,FOOD,3,15,0,0.00%,15,0.03%,0.02%
GLADE AIR INFUSIONS LILY & JASMI,CS Air Freshner,NON FOOD,1,14.5,0,0.00%,14.5,0.01%,0.02%
GLADE AIR INFUSIONS PINK PEONY 3,CS Air Freshner,NON FOOD,1,14.5,0,0.00%,14.5,0.01%,0.02%
LIP ENG BREKFAST 15 PYRAMID TB,CS Tea,FOOD,1,14.5,0,0.00%,14.5,0.01%,0.02%
NIVEA STICK WOMEN PEARL & BEAUTY,CS Deodrants,NON FOOD,1,14.5,0,0.00%,14.5,0.01%,0.02%
NIVEA STICK WOMEN STRESS PROTECT,CS Deodrants,NON FOOD,1,14.5,0,0.00%,14.5,0.01%,0.02%
OAT KING BAR APPLE STRUDEL 95GM,CS Cereal,FOOD,1,14.5,0,0.00%,14.5,0.01%,0.02%
OAT KING BAR PEANUT BUTTER 95GM,CS Cereal,FOOD,1,14.5,0,0.00%,14.5,0.01%,0.02%
REXONA DEO INVISIBLE 150ML,CS Deodrants,NON FOOD,1,14.25,0,0.00%,14.25,0.01%,0.02%
REXONA STICK MEN XTRA COOL 40GM,CS Deodrants,NON FOOD,1,14.25,0,0.00%,14.25,0.01%,0.02%
16 OZ Capuccino,Nespresso,FOOD,1,14,0,0.00%,14,0.01%,0.02%
AL MARAI FRESH MILK LOW FAT 1L,CS Dairy ,FOOD,2,14,0,0.00%,14,0.02%,0.02%
ALMARAI MILK FAT FREE1L,CS Dairy ,FOOD,2,14,0,0.00%,14,0.02%,0.02%
ALO APPEAL POMELO JUICE,Fresh Juices,FOOD,1,14,0,0.00%,14,0.01%,0.02%
Brilliant Breakfast,Tea,BEVERAGE,1,14,0,0.00%,14,0.01%,0.02%
Earl Grey,Tea,BEVERAGE,1,14,0,0.00%,14,0.01%,0.02%
Espresso Doppio,Nespresso,FOOD,1,14,0,0.00%,14,0.01%,0.02%
FIREFLY RECHARGE POMEGRANATE,Tea,BEVERAGE,1,14,0,0.00%,14,0.01%,0.02%
Green Jasmine Flowers,Tea,BEVERAGE,1,14,0,0.00%,14,0.01%,0.02%
KOKA CUP CHICKEN CORN,CS Pasta & Noodles,FOOD,4,14,0,0.00%,14,0.04%,0.02%
Lemon & Mint,Fresh Juices,BEVERAGE,1,14,0,0.00%,14,0.01%,0.02%
NECTARINE PACKET,CS Fresh Fruit,FOOD,1,14,0,0.00%,14,0.01%,0.02%
Orange & Carrot,Fresh Juices,BEVERAGE,1,14,0,0.00%,14,0.01%,0.02%
ORGANIC TOTMATO PACKET,CS Fresh Fruit,FOOD,1,14,0,0.00%,14,0.01%,0.02%
Pineapple & Beetroot,Fresh Juices,BEVERAGE,1,14,0,0.00%,14,0.01%,0.02%
REXONA DEO COTTON 150ML,CS Deodrants,NON FOOD,1,14,0,0.00%,14,0.01%,0.02%
Tea Sachet,Tea,FOOD,1,14,0,0.00%,14,0.01%,0.02%
WALKERS SB CHOCO CHIPS 40G,Biscuit & Cookies,FOOD,4,14,0,0.00%,14,0.04%,0.02%
LINDT EXCELLENCE CARAMEL 100G,CS Chocolate ,FOOD,1,13.75,0,0.00%,13.75,0.01%,0.02%
LINDT EXCELLENCE SEA SALT 100GM,CS Chocolate ,FOOD,1,13.75,0,0.00%,13.75,0.01%,0.02%
MANI 20G ALMONDS SMOKED BBQ,CS Dry Fruits,FOOD,5,13.75,0,0.00%,13.75,0.05%,0.02%
NECTAFLOR PREMIUM GINGER 200GM,CS Dry Fruits,FOOD,1,13.75,0,0.00%,13.75,0.01%,0.02%
BERRY CO CRANBERRY 1L,CS Packet Juice,BEVERAGE,1,13.5,0,0.00%,13.5,0.01%,0.01%
EMMENTHAL CHEESE PORTION 150G,CS Dairy ,FOOD,1,13.5,0,0.00%,13.5,0.01%,0.01%
HANSAPLAST DISNEY PRINCESS 16 ST,CS Others,NON FOOD,1,13.5,0,0.00%,13.5,0.01%,0.01%
LACNOR MILK CHOCOLATE 180ML,CS Packet Juice,BEVERAGE,9,13.5,0,0.00%,13.5,0.08%,0.01%
SCHWEPPES GINGER ALE 300M,CS Soft Drinks,BEVERAGE,9,13.5,0,0.00%,13.5,0.08%,0.01%
CLEAR SH MEN 2 IN 1 STYLE EXPRES,CS Shampoo & Conditioner,NON FOOD,1,13,0,0.00%,13,0.01%,0.01%
CLEAR SH WOMEN ANTI HAIRFALL 200,CS Shampoo & Conditioner,NON FOOD,1,13,0,0.00%,13,0.01%,0.01%
JOHNSONS BODY WASH POMEGRANATE 2,CS Bath & Shower,NON FOOD,1,13,0,0.00%,13,0.01%,0.01%
JOHNSONS BODY WASH ROSE WATER 25,CS Bath & Shower,NON FOOD,1,13,0,0.00%,13,0.01%,0.01%
KIT KAT 2 FINGERS,CS Chocolate ,FOOD,13,13,0,0.00%,13,0.12%,0.01%
LADY CHOICE CREAMY PEANUT BUTTER,CS Can & Jar Food,FOOD,1,13,0,0.00%,13,0.01%,0.01%
NIVEA ROLL ON MEN INVISIBLE 50ML,CS Deodrants,NON FOOD,1,13,0,0.00%,13,0.01%,0.01%
UAE STICK FLAG SMALL 5PCS,CS Festival Non Food,NON FOOD,1,13,0,0.00%,13,0.01%,0.01%
DR OETEKER PARTY CANDLE,CS Disposable,NON FOOD,1,12.75,0,0.00%,12.75,0.01%,0.01%
LUX BW AQUA SPARKLE 250ML,CS Bath & Shower,NON FOOD,1,12.75,0,0.00%,12.75,0.01%,0.01%
MUDHISH CHIPS CHILLI RIPPLES 15G,CS Chips & Snacks,FOOD,17,12.75,0,0.00%,12.75,0.16%,0.01%
PURELL ALOE HAND SANITIZER,CS Soap & Handwash,NON FOOD,1,12.25,0,0.00%,12.25,0.01%,0.01%
Beef Noodle Soup,Soup ,FOOD,1,12,0,0.00%,12,0.01%,0.01%
CAKE OF THE DAY,Dessert,FOOD,1,12,0,0.00%,12,0.01%,0.01%
Cappuccino,Coffee,BEVERAGE,1,12,0,0.00%,12,0.01%,0.01%
CLOROX SPONGE SCOURER 1PCS,CS Cleaning Supplies,NON FOOD,3,12,0,0.00%,12,0.03%,0.01%
Coca Cola,Softdrinks,BEVERAGE,2,12,0,0.00%,12,0.02%,0.01%
COCA COLA PET 500ML,Softdrinks,BEVERAGE,2,12,0,0.00%,12,0.02%,0.01%
COKE PET 500ML,CS Soft Drinks,BEVERAGE,6,12,0,0.00%,12,0.06%,0.01%
CROISSANT CHEESE,CS Bakery,FOOD,6,12,0,0.00%,12,0.06%,0.01%
DOUGHNUT PLAIN,CS Bakery,FOOD,6,12,0,0.00%,12,0.06%,0.01%
DOVE HAIR CONDITIONER HAIR FALL ,CS Shampoo & Conditioner,NON FOOD,1,12,0,0.00%,12,0.01%,0.01%
EXTRA PROFESSIONAL STRONG MINT G,CS Mint & Gum,FOOD,3,12,0,0.00%,12,0.03%,0.01%
GATORADE GRAPE,Energy Drinks,BEVERAGE,1,12,0,0.00%,12,0.01%,0.01%
GLASS OF SOYA MILK,Soya Milk,FOOD,2,12,0,0.00%,12,0.02%,0.01%
Grilled Chicken,Pizza,FOOD,2,12,0,0.00%,12,0.02%,0.01%
Khubus Bread,Breakfast,FOOD,6,12,0,0.00%,12,0.06%,0.01%
Lacnor Full Fat Milk 1L ,CS Dairy ,BEVERAGE,3,12,0,0.00%,12,0.03%,0.01%
LACNOR MILK STRAWBERRY 180ML,CS Packet Juice,BEVERAGE,8,12,0,0.00%,12,0.07%,0.01%
LACNOR PEACH 180ML,CS Packet Juice,BEVERAGE,8,12,0,0.00%,12,0.07%,0.01%
LUX BW DREAM DELIGHT 250ML,CS Bath & Shower,NON FOOD,1,12,0,0.00%,12,0.01%,0.01%
NATURE VALLEY OATS & HONEY,CS Cereal,FOOD,4,12,0,0.00%,12,0.04%,0.01%
OAT & RAISIN COOKIE,Dessert,FOOD,2,12,0,0.00%,12,0.02%,0.01%
PEPSI PET 500ML,Softdrinks,BEVERAGE,2,12,0,0.00%,12,0.02%,0.01%
PERRIER WATER 330ML,CS Water,BEVERAGE,3,12,0,0.00%,12,0.03%,0.01%
PERRIER WATER 330ML,Water,BEVERAGE,2,12,0,0.00%,12,0.02%,0.01%
Pineapple,Pizza,FOOD,2,12,0,0.00%,12,0.02%,0.01%
RiceKrispiesCMB20g,CS Cereal,FOOD,4,12,0,0.00%,12,0.04%,0.01%
SMINT CANDY GUM MINT 14.2G,CS Mint & Gum,FOOD,3,12,0,0.00%,12,0.03%,0.01%
SMINT CANDY GUM STRAWBERRY 14.2G,CS Mint & Gum,FOOD,3,12,0,0.00%,12,0.03%,0.01%
Sprite,Softdrinks,BEVERAGE,3,12,0,0.00%,12,0.03%,0.01%
SUBSTITUTE SOYA,Soya Milk,FOOD,3,12,0,0.00%,12,0.03%,0.01%
Yardly Lavander 200ml,CS Deodrants,NON FOOD,1,12,0,0.00%,12,0.01%,0.01%
CADBURY DM FRUIT & NUT 230GM,CS Chocolate ,FOOD,1,11.75,0,0.00%,11.75,0.01%,0.01%
BAYAR CHICKEN SEASONING BOTTLE 1,CS Spices & Herbs,FOOD,2,11.5,0,0.00%,11.5,0.02%,0.01%
Dol Ex Onion&Garlic Sauce 500g,CS Sauce,FOOD,1,11.5,0,0.00%,11.5,0.01%,0.01%
DOVE INTENSIVE CREAM NOURISHING ,CS Body Care,NON FOOD,1,11.5,0,0.00%,11.5,0.01%,0.01%
PHILADELPHIA LIGHT CHEESE SPREAD,CS Dairy ,FOOD,1,11.5,0,0.00%,11.5,0.01%,0.01%
EXTRA PROFESSIONAL WHITE GUM,CS Mint & Gum,FOOD,3,11.25,0,0.00%,11.25,0.03%,0.01%
PHILADELPHIA CHEESE SPREAD 200GM,CS Dairy ,FOOD,1,11.25,0,0.00%,11.25,0.01%,0.01%
BAHLSEN LEIBNIZ ZOO 100GM,Biscuit & Cookies,FOOD,2,11,0,0.00%,11,0.02%,0.01%
CDMFrt&NutCdbry230g,CS Chocolate ,FOOD,1,11,0,0.00%,11,0.01%,0.01%
HANSAPLAST AQUA PROTECT 100% 20 ,CS Others,NON FOOD,1,11,0,0.00%,11,0.01%,0.01%
LUX HW MAGICAL BEAUTY 250ML,CS Soap & Handwash,NON FOOD,1,11,0,0.00%,11,0.01%,0.01%
LUX HW SECRET BLISS 250ML,CS Soap & Handwash,NON FOOD,1,11,0,0.00%,11,0.01%,0.01%
LUX HW SILK SENSATION 250ML,CS Shampoo & Conditioner,NON FOOD,1,11,0,0.00%,11,0.01%,0.01%
LUX HW SOFT TOUCH 250ML,CS Soap & Handwash,NON FOOD,1,11,0,0.00%,11,0.01%,0.01%
PANTENE SH DAILY CARE 200ML,CS Shampoo & Conditioner,NON FOOD,1,11,0,0.00%,11,0.01%,0.01%
SNAPPLE FRUIT PUNCH JUICE,CS Packet Juice,BEVERAGE,2,11,0,0.00%,11,0.02%,0.01%
AL MARAI YOGHURT FULL CREAM 170G,CS Dairy ,FOOD,7,10.5,0,0.00%,10.5,0.07%,0.01%
BEST 13GM ALMOND,CS Nuts & Seeds,FOOD,4,10.5,0,0.00%,10.5,0.04%,0.01%
ClasicSndwichBag150bags,CS Bags/Foil/Wraps,NON FOOD,1,10.5,0,0.00%,10.5,0.01%,0.01%
DOUGHNUT JAM,CS Bakery,FOOD,7,10.5,0,0.00%,10.5,0.07%,0.01%
GYMA 5PEPPER MIX25G,CS Spices & Herbs,FOOD,1,10.5,0,0.00%,10.5,0.01%,0.01%
KOKA CUP SEAFOOD,CS Pasta & Noodles,FOOD,3,10.5,0,0.00%,10.5,0.03%,0.01%
PEPSI DIET CAN 335ML ,CS Soft Drinks,BEVERAGE,7,10.5,0,0.00%,10.5,0.07%,0.01%
SCHWEPPES SODA CAN 300M,CS Soft Drinks,BEVERAGE,7,10.5,0,0.00%,10.5,0.07%,0.01%
W.FOODS THAI GREEN CURRY SAUCE 3,CS Can & Jar Food,FOOD,1,10.5,0,0.00%,10.5,0.01%,0.01%
WalkersChocolate Chips40g,Biscuits,FOOD,3,10.5,0,0.00%,10.5,0.03%,0.01%
AL RABIE PINEAPPLE 330ML,CS Packet Juice,BEVERAGE,4,10,0,0.00%,10,0.04%,0.01%
BARILA FARFALE500g,CS Pasta & Noodles,FOOD,1,10,0,0.00%,10,0.01%,0.01%
CARTE DOR S.BERRY 1 SCOOP,Ice cream,FOOD,2,10,0,0.00%,10,0.02%,0.01%
CARTE DOR VANILLA 1 SCOOP,Ice cream,FOOD,2,10,0,0.00%,10,0.02%,0.01%
CORNETTO I/C CLASSICO CREAM,CS Ice Cream,FOOD,2,10,0,0.00%,10,0.02%,0.01%
FANTA LARGE 2.25L,CS Soft Drinks,BEVERAGE,2,10,0,0.00%,10,0.02%,0.01%
FREE RANGE EGG,Sandwiches,FOOD,1,10,0,0.00%,10,0.01%,0.01%
Fresh Pineapple Juice,Fresh Juices,BEVERAGE,1,10,0,0.00%,10,0.01%,0.01%
LABELLO SUN PROTECTION SPF 30 4.,CS Facial Care,NON FOOD,1,10,0,0.00%,10,0.01%,0.01%
MentoFruitLime,CS Mint & Gum,FOOD,2,10,0,0.00%,10,0.02%,0.01%
PERRIER SMALL ,Water,BEVERAGE,1,10,0,0.00%,10,0.01%,0.01%
PERRIER WATER LEMON 330ML,CS Water,BEVERAGE,2,10,0,0.00%,10,0.02%,0.01%
SCHOGETTEN KIDS 100GM,CS Chocolate ,FOOD,2,10,0,0.00%,10,0.02%,0.01%
SENCHA GREEN LOOSE TEA,Tea,FOOD,1,10,0,0.00%,10,0.01%,0.01%
TANDOORI CHICKEN,Sandwiches,FOOD,1,10,0,0.00%,10,0.01%,0.01%
BARILLA PASTA PENNE RIGATE 500G,CS Pasta & Noodles,FOOD,1,9.75,0,0.00%,9.75,0.01%,0.01%
CLOSEUP FIRE FREEZE EXTREME COOL,CS Oral Care,NON FOOD,1,9.75,0,0.00%,9.75,0.01%,0.01%
PRINGLES 40GM SOUR CREAM,CS Chips & Snacks,FOOD,3,9.75,0,0.00%,9.75,0.03%,0.01%
SUNSILK SH PROGRESSIVE DAMAGE 20,CS Shampoo & Conditioner,NON FOOD,1,9.75,0,0.00%,9.75,0.01%,0.01%
JWLIGHTMEATOIL170G,CS Can & Jar Food,FOOD,1,9.5,0,0.00%,9.5,0.01%,0.01%
SCRUMMIES CHERRY CRANBERRIES 20G,CS Dry Fruits,FOOD,2,9.5,0,0.00%,9.5,0.02%,0.01%
PRINGLES HOT & SPICY 165GM,CS Chips & Snacks,FOOD,1,9.25,0,0.00%,9.25,0.01%,0.01%
PRINGLES KETCHUP 165GM,CS Chips & Snacks,FOOD,1,9.25,0,0.00%,9.25,0.01%,0.01%
CADBURY DM HAZELNUT 37GM,CS Chocolate ,FOOD,3,9,0,0.00%,9,0.03%,0.01%
CARTE DOR LEMON SORBET 2 SCOOP,Ice cream,FOOD,1,9,0,0.00%,9,0.01%,0.01%
COKE ZERO CAN 300M,CS Soft Drinks,BEVERAGE,6,9,0,0.00%,9,0.06%,0.01%
DOUGHNUT ICING WHITE,CS Bakery,FOOD,6,9,0,0.00%,9,0.06%,0.01%
HANSAPLAST TRANSPARENT 20 STRIPS,CS Others,NON FOOD,1,9,0,0.00%,9,0.01%,0.01%
KAGI SWISS WAFERS SINGLE MINI 25,CS Mint & Gum,FOOD,3,9,0,0.00%,9,0.03%,0.01%
M&M CHOCOLATE 45GM,CS Chocolate ,FOOD,3,9,0,0.00%,9,0.03%,0.01%
MOUNTAIN DEW CAN 335ML ,CS Soft Drinks,BEVERAGE,6,9,0,0.00%,9,0.06%,0.01%
POKKA PEACH ICED TEA 330ML,CS Soft Drinks,BEVERAGE,3,9,0,0.00%,9,0.03%,0.01%
PRINGLES BBQ 165G ,CS Chips & Snacks,FOOD,1,9,0,0.00%,9,0.01%,0.01%
SLICED BREAD BROWN JUMBO,CS Bakery,FOOD,2,9,0,0.00%,9,0.02%,0.01%
TAMRAH CHOCO MILK ZIPPER BAG 100,CS Dry Fruits,FOOD,1,9,0,0.00%,9,0.01%,0.01%
THAI CHOICE BEEF ,CS Pasta & Noodles,FOOD,2,9,0,0.00%,9,0.02%,0.01%
LifebuoyAbWetWipes,CS Tissue & Toilet Rolls,NON FOOD,1,8.5,0,0.00%,8.5,0.01%,0.01%
BEST CAN PEANUTS SALTED 110GM,CS Nuts & Seeds,FOOD,1,8.25,0,0.00%,8.25,0.01%,0.01%
ADD CARAMEL DRIZZLE,Starbucks,FOOD,2,8,0,0.00%,8,0.02%,0.01%
ADD WHIPPED CREAM,Starbucks,FOOD,2,8,0,0.00%,8,0.02%,0.01%
ADD WHIPPED CREAM,Starbucks,FOOD,2,8,0,0.00%,8,0.02%,0.01%
AlwaysUltrThin,CS Sanitary Care,NON FOOD,1,8,0,0.00%,8,0.01%,0.01%
BOGUTTI CHOCOFIT CHOCO CRANBERRY,Biscuit & Cookies,FOOD,1,8,0,0.00%,8,0.01%,0.01%
Brilliant B-Tea,Tea,FOOD,1,8,0,0.00%,8,0.01%,0.01%
CROISSANT HI BUTTER ZATAR,CS Bakery,FOOD,2,8,0,0.00%,8,0.02%,0.01%
D Sprite,Softdrinks,BEVERAGE,2,8,0,0.00%,8,0.02%,0.01%
EXTRA PROFESSIONAL FRESH MINT GU,CS Mint & Gum,FOOD,2,8,0,0.00%,8,0.02%,0.01%
Fanta,Softdrinks,BEVERAGE,2,8,0,0.00%,8,0.02%,0.01%
Fresh Carrot & Orange,Fresh Juices,BEVERAGE,1,8,0,0.00%,8,0.01%,0.01%
Fresh Orange Juice,Fresh Juices,BEVERAGE,1,8,0,0.00%,8,0.01%,0.01%
INDOMIE PILLOW 5 PCS SPECIAL CHI,CS Pasta & Noodles,FOOD,1,8,0,0.00%,8,0.01%,0.01%
JASMINE ICED TEA,Tea,FOOD,1,8,0,0.00%,8,0.01%,0.01%
KNORR PACKET CREAM OF MUSHROOM S,CS Packet Food,FOOD,2,8,0,0.00%,8,0.02%,0.01%
Lacnor Low Fat Milk 1L,CS Dairy ,BEVERAGE,2,8,0,0.00%,8,0.02%,0.01%
LAYS CHEESE & ONION 40G,CHIPS,FOOD,2,8,0,0.00%,8,0.02%,0.01%
LEMON DRIZZLE CAKE,Dessert,FOOD,1,8,0,0.00%,8,0.01%,0.01%
LifebyHndSnitzrHul55m,CS Soap & Handwash,NON FOOD,1,8,0,0.00%,8,0.01%,0.01%
REDBULL SUGAR FREE,Energy Drinks,BEVERAGE,1,8,0,0.00%,8,0.01%,0.01%
SLICED BREAD WHITE JUMBO,CS Bakery,FOOD,2,8,0,0.00%,8,0.02%,0.01%
SUBSTITUTE SOYA ALMOND,Soya Milk,FOOD,2,8,0,0.00%,8,0.02%,0.01%
SUPREME CEYLON TEA BAG,Tea,FOOD,1,8,0,0.00%,8,0.01%,0.01%
THE BERRY CO GOJI BERRY JUICE,Packet Juice,BEVERAGE,1,8,0,0.00%,8,0.01%,0.01%
THE BERRY CO RED SUPEBERRY JUICE,Packet Juice,BEVERAGE,1,8,0,0.00%,8,0.01%,0.01%
Vegetable Noodles,Main course,FOOD,1,8,0,0.00%,8,0.01%,0.01%
VOLVIC WATER 500ML,Water,BEVERAGE,1,8,0,0.00%,8,0.01%,0.01%
7 UP CAN 355 ML,CS Soft Drinks,BEVERAGE,5,7.5,0,0.00%,7.5,0.05%,0.01%
AlwaysUltraNightFresh6,CS Sanitary Care,NON FOOD,1,7.5,0,0.00%,7.5,0.01%,0.01%
AM Chd Sli 200,CS Dairy ,FOOD,1,7.5,0,0.00%,7.5,0.01%,0.01%
BAYARA MIXED NUTS 150G,CS Nuts & Seeds,FOOD,1,7.5,0,0.00%,7.5,0.01%,0.01%
SIGNAL TP HERBAL MESWAK 120ML,CS Oral Care,NON FOOD,1,7.25,0,0.00%,7.25,0.01%,0.01%
AMLacto Free Milk 1L,CS Dairy ,FOOD,1,7,0,0.00%,7,0.01%,0.01%
BREAD ROLL ENGLISH BROWN,CS Bakery,FOOD,2,7,0,0.00%,7,0.02%,0.01%
FANTA APPLE CAN,Softdrinks,BEVERAGE,3,7,0,0.00%,7,0.03%,0.01%
KOKA CUP BEEF,CS Pasta & Noodles,FOOD,2,7,0,0.00%,7,0.02%,0.01%
LUX BAR DREAM DELIGHT 120GM,CS Soap & Handwash,NON FOOD,2,7,0,0.00%,7,0.02%,0.01%
PEPSODENT TP GERMICHECK+BRUSH 15,CS Oral Care,NON FOOD,1,7,0,0.00%,7,0.01%,0.01%
NESCAFE CAPPUCINO SACHET 1PCS,CS Coffee,FOOD,3,6.75,0,0.00%,6.75,0.03%,0.01%
AL RABIE ORANGE PEACH 330ML,Fresh Juices,BEVERAGE,2,6.5,0,0.00%,6.5,0.02%,0.01%
BOGUTTI AMERICAN COOKIES RAISINS,Biscuit & Cookies,FOOD,1,6.5,0,0.00%,6.5,0.01%,0.01%
CLOROX SPONGE SCOURER 4PCS,CS Cleaning Supplies,NON FOOD,1,6.5,0,0.00%,6.5,0.01%,0.01%
INDOMIE CUP CHICKEN,CS Pasta & Noodles,FOOD,2,6.5,0,0.00%,6.5,0.02%,0.01%
JOHNSONS WIPES PACKET 24PCS,CS Baby Care,NON FOOD,1,6.5,0,0.00%,6.5,0.01%,0.01%
SAN PELLEGRINO WATER 500ML,CS Water,BEVERAGE,1,6.5,0,0.00%,6.5,0.01%,0.01%
CREST TP FRESH MINT 125ML,CS Oral Care,NON FOOD,1,6.25,0,0.00%,6.25,0.01%,0.01%
LAYS TOMATO KETCHUP 185GM,CS Chips & Snacks,FOOD,1,6.25,0,0.00%,6.25,0.01%,0.01%
LUX SUNLIGHT LEMON 400ML,CS Dishwashing,NON FOOD,1,6.25,0,0.00%,6.25,0.01%,0.01%
Add Mini PastryCombo,Dessert,FOOD,6,6,0,0.00%,6,0.06%,0.01%
AlmaFrsMFat500ml,CS Dairy ,FOOD,2,6,0,0.00%,6,0.02%,0.01%
CAPRISUN MIXED FRUIT,CS Packet Juice,BEVERAGE,6,6,0,0.00%,6,0.06%,0.01%
Chicken Tikka,Pizza,FOOD,1,6,0,0.00%,6,0.01%,0.01%
CHOCOLATE CHIP COOKIE,Dessert,FOOD,1,6,0,0.00%,6,0.01%,0.01%
Diet Coke,Softdrinks,BEVERAGE,1,6,0,0.00%,6,0.01%,0.01%
Ferrarelle 500Ml ,CS Water,BEVERAGE,1,6,0,0.00%,6,0.01%,0.01%
Fountain Drink,Softdrinks,BEVERAGE,2,6,0,0.00%,6,0.02%,0.01%
GALAXY HAZELNUT 40GM,CS Chocolate ,FOOD,2,6,0,0.00%,6,0.02%,0.01%
KNOR ITALIAN CHEESE SAUCE 50G,CS Packet Food,FOOD,1,6,0,0.00%,6,0.01%,0.01%
LAYS 40GM FRENCH CHEESE,CS Chips & Snacks,FOOD,3,6,0,0.00%,6,0.03%,0.01%
LAYS 40GM TOMATO KETCHUP,CS Chips & Snacks,FOOD,3,6,0,0.00%,6,0.03%,0.01%
POKKA LEMON ICED TEA 330ML,CS Soft Drinks,BEVERAGE,2,6,0,0.00%,6,0.02%,0.01%
Salted Pistachios30g,Peannuts,FOOD,2,6,0,0.00%,6,0.02%,0.01%
SCHWEPPES BITTER LEMON 300M,CS Soft Drinks,BEVERAGE,4,6,0,0.00%,6,0.04%,0.01%
SgnlToothpaste120ML,CS Oral Care,NON FOOD,1,6,0,0.00%,6,0.01%,0.01%
SPRITE PET 500ML,CS Soft Drinks,BEVERAGE,3,6,0,0.00%,6,0.03%,0.01%
BAHLSEN LEIBNIZ MINIS BUTTER 100,Biscuit & Cookies,FOOD,1,5.5,0,0.00%,5.5,0.01%,0.01%
CADBURY DM FRUIT & NUT 100GM,CS Chocolate ,FOOD,1,5.5,0,0.00%,5.5,0.01%,0.01%
FUN16OZMLTI,CS Disposable,NON FOOD,1,5.5,0,0.00%,5.5,0.01%,0.01%
VOCHELLE DARK CHOC PLAIN 90G,CS Chocolate ,FOOD,1,5.5,0,0.00%,5.5,0.01%,0.01%
Ferrarelle 330Ml ,CS Water,BEVERAGE,1,5.25,0,0.00%,5.25,0.01%,0.01%
SUPER GLUE 3G,CS Others,NON FOOD,3,5.25,0,0.00%,5.25,0.03%,0.01%
A/G PLAIN BREAD CRUMBS 10OZ,CS Can & Jar Food,FOOD,1,5,0,0.00%,5,0.01%,0.01%
Alrabi PineApple/Coconut330M,Fresh Juices,FOOD,2,5,0,0.00%,5,0.02%,0.01%
ARIEL 260GM GREEN,CS Laundry Care,NON FOOD,1,5,0,0.00%,5,0.01%,0.01%
CARTE DOR CARAMEL 1 SCOOP,Ice cream,FOOD,1,5,0,0.00%,5,0.01%,0.01%
CARTE DOR CHOCOLATE 1 SCOOP,Ice cream,FOOD,1,5,0,0.00%,5,0.01%,0.01%
CARTE DOR LEMON SORBET 1 SCOOP,Ice cream,FOOD,1,5,0,0.00%,5,0.01%,0.01%
COKE LIGHT LARGE 2.25L,CS Soft Drinks,BEVERAGE,1,5,0,0.00%,5,0.01%,0.01%
CORNETTO I/C CLASSICO CHOCOLATE,CS Ice Cream,FOOD,1,5,0,0.00%,5,0.01%,0.01%
FUN WHISTLE BALOON 6PCS,CS Disposable,NON FOOD,1,5,0,0.00%,5,0.01%,0.01%
KOKA BOWL SEAFOOD,CS Pasta & Noodles,FOOD,1,5,0,0.00%,5,0.01%,0.01%
Mars,Chocolate,FOOD,1,5,0,0.00%,5,0.01%,0.01%
MENTOS ICE CHERRY MINT 10G,CS Mint & Gum,FOOD,4,5,0,0.00%,5,0.04%,0.01%
Nail Cutter ,CS Others,NON FOOD,2,5,0,0.00%,5,0.02%,0.01%
PEPSI LARGE 2.25L,CS Soft Drinks,BEVERAGE,1,5,0,0.00%,5,0.01%,0.01%
BAHLSEN LEIBNIZ,Biscuit & Cookies,FOOD,1,4.5,0,0.00%,4.5,0.01%,0.00%
DETTOL ORIGINAL SOAP110g,CS Soap & Handwash,NON FOOD,1,4.5,0,0.00%,4.5,0.01%,0.00%
FANTA ORANGE CAN 330ML ,CS Soft Drinks,BEVERAGE,3,4.5,0,0.00%,4.5,0.03%,0.00%
MANI 20G PEANUTS SPICY PAPRIKA,CS Dry Fruits,FOOD,3,4.5,0,0.00%,4.5,0.03%,0.00%
PEPSI CAN 355ML ,CS Soft Drinks,BEVERAGE,3,4.5,0,0.00%,4.5,0.03%,0.00%
SPRITE CAN 330M,CS Soft Drinks,BEVERAGE,3,4.5,0,0.00%,4.5,0.03%,0.00%
BAYARA SALTED PEANUTS 300GM,CS Dry Fruits,FOOD,1,4.25,0,0.00%,4.25,0.01%,0.00%
BAYARA URID DAL 400GM,CS Coocking & Baking,FOOD,1,4.25,0,0.00%,4.25,0.01%,0.00%
ADD CARAMEL DRIZZLE,Starbucks,FOOD,1,4,0,0.00%,4,0.01%,0.00%
AlmaFrshLabLwFat,CS Dairy ,FOOD,2,4,0,0.00%,4,0.02%,0.00%
AL RABIE MANGO 330ML,Fresh Juices,BEVERAGE,1,4,0,0.00%,4,0.01%,0.00%
BAYARA HERBS FOR COOKING 100ML,CS Spices & Herbs,FOOD,1,4,0,0.00%,4,0.01%,0.00%
BEACON MARSHMALLOWS TWISTERS 150,CS Coffee,FOOD,1,4,0,0.00%,4,0.01%,0.00%
BEACON MARSHMALLOWS WHITE 150GM,CS Packet Food,FOOD,1,4,0,0.00%,4,0.01%,0.00%
COCONUT WATER CAN,Packet Juice,BEVERAGE,1,4,0,0.00%,4,0.01%,0.00%
Coke Zero,Softdrinks,BEVERAGE,1,4,0,0.00%,4,0.01%,0.00%
CROISSANT BUTTER CHEESE,CS Bakery,FOOD,1,4,0,0.00%,4,0.01%,0.00%
FUN WOODEN SPOON 25PCS,CS Disposable,NON FOOD,1,4,0,0.00%,4,0.01%,0.00%
LAYS KETCHUP 40G,CHIPS,FOOD,1,4,0,0.00%,4,0.01%,0.00%
Nutra Van90gm,Biscuit & Cookies,FOOD,2,4,0,0.00%,4,0.02%,0.00%
NutroChoco90g,Biscuit & Cookies,FOOD,2,4,0,0.00%,4,0.02%,0.00%
Pepsi Light,Softdrinks,BEVERAGE,1,4,0,0.00%,4,0.01%,0.00%
TIDE 110GM ORIGINAL SCENT,CS Laundry Care,NON FOOD,2,4,0,0.00%,4,0.02%,0.00%
A/G BAKED BEANS TOMATO SAUCE 420,CS Can & Jar Food,FOOD,1,3.5,0,0.00%,3.5,0.01%,0.00%
FRUIT TELLA STRAWBERRY 39G,CS Mint & Gum,FOOD,2,3.5,0,0.00%,3.5,0.02%,0.00%
KOKA CUP NODLE VEG,CS Pasta & Noodles,FOOD,1,3.5,0,0.00%,3.5,0.01%,0.00%
LUX BAR CREAMY PERFECTION 120GM,CS Soap & Handwash,NON FOOD,1,3.5,0,0.00%,3.5,0.01%,0.00%
LUX BAR MAGICAL BEAUTY 120GM,CS Oral Care,NON FOOD,1,3.5,0,0.00%,3.5,0.01%,0.00%
VOLVIC WATER 330ML,CS Water,BEVERAGE,1,3.5,0,0.00%,3.5,0.01%,0.00%
WALKERS SB HIGHLANDERS 40G,Biscuit & Cookies,FOOD,1,3.5,0,0.00%,3.5,0.01%,0.00%
7 UP DIET 355ML ,CS Soft Drinks,BEVERAGE,2,3,0,0.00%,3,0.02%,0.00%
AL MARAI LABAN FULL FAT 360ML,CS Dairy ,FOOD,1,3,0,0.00%,3,0.01%,0.00%
Best Salted Peanut30g,Peannuts,FOOD,1,3,0,0.00%,3,0.01%,0.00%
Canadian Maple Syrup,Cereal Bar,FOOD,1,3,0,0.00%,3,0.01%,0.00%
Fruit&NCadbry40g,CS Chocolate ,FOOD,1,3,0,0.00%,3,0.01%,0.00%
LACNOR APPLE 180ML,CS Packet Juice,BEVERAGE,2,3,0,0.00%,3,0.02%,0.00%
POKKA ICED TEA PEACH 500ML,CS Packet Juice,BEVERAGE,1,3,0,0.00%,3,0.01%,0.00%
Roasted Almond ,Cereal Bar,FOOD,1,3,0,0.00%,3,0.01%,0.00%
SCHWEPPES TONIC WATER CAN 300M,CS Soft Drinks,BEVERAGE,2,3,0,0.00%,3,0.02%,0.00%
Valley Crunchy,Cereal Bar,FOOD,1,3,0,0.00%,3,0.01%,0.00%
Al R.F.Cocktail ,CS Packet Juice,BEVERAGE,1,2.5,0,0.00%,2.5,0.01%,0.00%
Alrabi Berrymix330M,Fresh Juices,FOOD,1,2.5,0,0.00%,2.5,0.01%,0.00%
AL RABIE ORANGE 330ML,CS Packet Juice,BEVERAGE,1,2.5,0,0.00%,2.5,0.01%,0.00%
CROISSANT ZATAR,CS Bakery,FOOD,1,2.5,0,0.00%,2.5,0.01%,0.00%
BBQ SAUCE,Extras,FOOD,1,2,0,0.00%,2,0.01%,0.00%
CAPRISUN APPLE,CS Packet Juice,BEVERAGE,2,2,0,0.00%,2,0.02%,0.00%
CAPRISUN STRAWBERY ,CS Packet Juice,BEVERAGE,2,2,0,0.00%,2,0.02%,0.00%
COKE LIGHT PET 500ML,CS Soft Drinks,BEVERAGE,1,2,0,0.00%,2,0.01%,0.00%
COKE ZERO PET 500ML,CS Soft Drinks,BEVERAGE,1,2,0,0.00%,2,0.01%,0.00%
HONEY & MUSTARD SAUCE,Extras,FOOD,1,2,0,0.00%,2,0.01%,0.00%
MAGGI STOCK CUBE CHICKEN,CS Sauce,FOOD,2,2,0,0.00%,2,0.02%,0.00%
NutroLemon90g,Biscuit & Cookies,FOOD,1,2,0,0.00%,2,0.01%,0.00%
Nutro Straw90gm,Biscuit & Cookies,FOOD,1,2,0,0.00%,2,0.01%,0.00%
PEPSI DIET PET 500M,CS Soft Drinks,BEVERAGE,1,2,0,0.00%,2,0.01%,0.00%
PEPSI PET 500M,CS Soft Drinks,BEVERAGE,1,2,0,0.00%,2,0.01%,0.00%
Comb Large ,CS Others,NON FOOD,1,1.75,0,0.00%,1.75,0.01%,0.00%
AlAinYogLFat170g,CS Dairy ,FOOD,1,1.5,0,0.00%,1.5,0.01%,0.00%
Lacnor Cocktail180ML,Fresh Juices,FOOD,1,1.5,0,0.00%,1.5,0.01%,0.00%
LacnorGuava180ML ,CS Packet Juice,BEVERAGE,1,1.5,0,0.00%,1.5,0.01%,0.00%
LACNOR MILK BANANA 180ML,CS Packet Juice,BEVERAGE,1,1.5,0,0.00%,1.5,0.01%,0.00%
LacnorOrange180ML ,CS Packet Juice,BEVERAGE,1,1.5,0,0.00%,1.5,0.01%,0.00%
LACNOR STRAWBERRY JUICE 180ML,CS Packet Juice,BEVERAGE,1,1.5,0,0.00%,1.5,0.01%,0.00%
MIRINDA ORANGE CAN 335ML ,CS Soft Drinks,BEVERAGE,1,1.5,0,0.00%,1.5,0.01%,0.00%
ALMARAI CUSTARD VANILLA 100G,CS Dairy ,FOOD,1,1.25,0,0.00%,1.25,0.01%,0.00%
MENTOS ICE SPEARMINT 10G,CS Mint & Gum,FOOD,1,1.25,0,0.00%,1.25,0.01%,0.00%
CAPRISUN PINEAPPLE,CS Packet Juice,BEVERAGE,1,1,0,0.00%,1,0.01%,0.00%
SAFETY MATCH STICK BOX 2PCS,CS Others,NON FOOD,1,0.5,0,0.00%,0.5,0.01%,0.00%
Al Ain 1.5 L,Water,BEVERAGE,17,0,0,0.00%,0,0.16%,0.00%
Angus Beef Burger,Burgers,FOOD,1,0,0,0.00%,0,0.01%,0.00%
Coffee Filter,Tea,BEVERAGE,32,0,0,0.00%,0,0.30%,0.00%
Espresso,Coffee,BEVERAGE,1,0,0,0.00%,0,0.01%,0.00%
Fanta,Softdrinks,BEVERAGE,1,0,0,0.00%,0,0.01%,0.00%
Frid Rice W Vegetable,Fried Rice,FOOD,1,0,0,0.00%,0,0.01%,0.00%
FRUIT JUICE,Fresh Juices,BEVERAGE,11,0,0,0.00%,0,0.10%,0.00%
Pepsi,Softdrinks,BEVERAGE,4,0,0,0.00%,0,0.04%,0.00%
Sprite,Softdrinks,BEVERAGE,2,0,0,0.00%,0,0.02%,0.00%
Tea Regular,Tea,BEVERAGE,7,0,0,0.00%,0,0.07%,0.00%
TOTAL*,,,"8,901","91,637.50",0,0.00%,"91,637.50",82.76%,100.00%
,,,,,,,,,
