Menu Engineering Items Summary,,,,,,,,,
,,,,,,,,,
Business Dates,11/14/2015,,,,,,,,
Locations,"DEMO,UAE",,,,,,,,
Revenue Centers,All,,,,,,,,
Menu Items,All,,,,,,,,
,,,,,,,,,
Menu Item Name,Family Group,Major Group,Qty Sold,Net Sales,Prep Cost,Cost %,Margin Less Item Disc,% Qty,% Margin
Stud Meal Combo,Main course,FOOD,219,"6,570.00",0,0.00%,"6,570.00",2.04%,8.97%
Buffet Lunch,Main course,FOOD,42,"3,780.00",0,0.00%,"3,780.00",0.39%,5.16%
Student Breakfast,Breakfast,FOOD,82,"2,460.00",0,0.00%,"2,460.00",0.76%,3.36%
VEGGIE MEAL,Veggie,FOOD,80,"1,738.00",0,0.00%,"1,738.00",0.74%,2.37%
CHICKEN MEAL ,Main course,FOOD,64,"1,600.00",0,0.00%,"1,600.00",0.59%,2.19%
Masafi Water500ml,Water,BEVERAGE,"1,492","1,490.00",0,0.00%,"1,490.00",13.87%,2.04%
Classic Angus Burger,Burgers,FOOD,42,"1,260.00",0,0.00%,"1,260.00",0.39%,1.72%
SERCO LUNCH,SERCO LUNCH,FOOD,83,"1,245.00",0,0.00%,"1,245.00",0.77%,1.70%
MARINATED SALMON STEAK,Grill,FOOD,41,"1,230.00",0,0.00%,"1,230.00",0.38%,1.68%
BBQ Glazed Chicken,Sandwiches,FOOD,56,"1,176.00",0,0.00%,"1,176.00",0.52%,1.61%
Buffet Meal,Main course,FOOD,57,"1,166.00",0,0.00%,"1,166.00",0.53%,1.59%
Margherita(V),Pizza,FOOD,43,"1,075.00",0,0.00%,"1,075.00",0.40%,1.47%
Open Food,Open Food,FOOD,4,"1,009.00",0,0.00%,"1,009.00",0.04%,1.38%
FG MEDIUM BOWL,FEEL GOOD,FOOD,55,990,0,0.00%,990,0.51%,1.35%
FG LARGE BOWL,FEEL GOOD,FOOD,33,858,0,0.00%,858,0.31%,1.17%
Chicken Caesar,Salads,FOOD,34,850,0,0.00%,850,0.32%,1.16%
Smoked Salmon,Sandwiches,FOOD,32,800,0,0.00%,800,0.30%,1.09%
Open Beverage,Open Beverage,BEVERAGE,2,765,0,0.00%,765,0.02%,1.04%
BUTTER FLY CHICKEN BREAST ,Grill,FOOD,31,744,0,0.00%,744,0.29%,1.02%
Chicken Steak,Grill,FOOD,30,720,0,0.00%,720,0.28%,0.98%
SERCO DINNER,SERCO DINNER,FOOD,47,705,0,0.00%,705,0.44%,0.96%
Fresh Fruit Pcs,Extras,FOOD,234,702,0,0.00%,702,2.17%,0.96%
Chocolate Bar,Extras,FOOD,134,670,0,0.00%,670,1.25%,0.92%
Slice of the Day,Pizza,FOOD,135,665,0,0.00%,665,1.25%,0.91%
Chicken Tikka,Sandwiches,FOOD,25,600,0,0.00%,600,0.23%,0.82%
Falafel Tomato & Hummus(V),Sandwiches,FOOD,33,594,0,0.00%,594,0.31%,0.81%
FISH & SHRIMP MEAL,Main course,FOOD,23,575,0,0.00%,575,0.21%,0.79%
7 OZ DOUBLE SHOT ICED SHAKEN,Starbucks,FOOD,40,560,0,0.00%,560,0.37%,0.76%
LACNOR COCKTAIL 180ML,Fresh Juices,BEVERAGE,127,508,0,0.00%,508,1.18%,0.69%
Two Eggs ,Breakfast,FOOD,101,500,0,0.00%,500,0.94%,0.68%
Buffet Fruit Salad,Salads,FOOD,99,495,0,0.00%,495,0.92%,0.68%
SERCO BREAKFAST,SERCO BREAKFAST,FOOD,33,495,0,0.00%,495,0.31%,0.68%
Gatorade,Softdrinks,BEVERAGE,40,480,0,0.00%,480,0.37%,0.66%
Dessert,Dessert,FOOD,113,452,0,0.00%,452,1.05%,0.62%
FRESH JUICE SMALL,Breakfast,FOOD,108,428,0,0.00%,428,1.00%,0.58%
LACNOR MILK STRAWBERRY,Flavoured Milk,BEVERAGE,107,428,0,0.00%,428,0.99%,0.58%
Yoghurt,Yogurt,FOOD,107,428,0,0.00%,428,0.99%,0.58%
Take Away Box,Take Away Boxes,NON FOOD,138,414,0,0.00%,414,1.28%,0.57%
16 OZ ICED CAFFE LATTE,Starbucks,FOOD,28,404,0,0.00%,404,0.26%,0.55%
LACNOR MILK BANANA,Flavoured Milk,BEVERAGE,97,388,0,0.00%,388,0.90%,0.53%
Side Salad,Salads,FOOD,97,388,0,0.00%,388,0.90%,0.53%
LACNOR APPLE 180ML,Fresh Juices,BEVERAGE,83,332,0,0.00%,332,0.77%,0.45%
COCA COLA CAN,Softdrinks,BEVERAGE,77,308,0,0.00%,308,0.72%,0.42%
12 OZ CAFFE LATTE,Starbucks,FOOD,25,300,0,0.00%,300,0.23%,0.41%
Homemade Beef Burger,Burgers,FOOD,15,300,0,0.00%,300,0.14%,0.41%
Go Large,Pizza,FOOD,37,296,0,0.00%,296,0.34%,0.40%
16 OZ CAFFE LATTE,Starbucks,FOOD,21,294,0,0.00%,294,0.20%,0.40%
Smoked Turkey Ham Pasta,Salads,FOOD,13,286,0,0.00%,286,0.12%,0.39%
Filter Tea,Tea,FOOD,57,285,0,0.00%,285,0.53%,0.39%
Guest Meal Combo,Main course,FOOD,8,280,0,0.00%,280,0.07%,0.38%
POKKA PEACH ICED TEA CAN,Packet Juice,BEVERAGE,68,272,0,0.00%,272,0.63%,0.37%
LACNOR ORANGE 180ML,Fresh Juices,BEVERAGE,67,268,0,0.00%,268,0.62%,0.37%
16 OZ CAFFE AMERICANO,Starbucks,FOOD,22,264,0,0.00%,264,0.20%,0.36%
16 OZ ICED CARAMEL MACCHIATO,Starbucks,FOOD,15,263,0,0.00%,263,0.14%,0.36%
Banana Pcs,CS Fresh Fruit,FOOD,258,258,0,0.00%,258,2.40%,0.35%
Tandoori Chicken,Pizza,FOOD,7,252,0,0.00%,252,0.07%,0.34%
V Spring Rolls,Veggie,FOOD,14,252,0,0.00%,252,0.13%,0.34%
Salmon Salad,Salads,FOOD,10,250,0,0.00%,250,0.09%,0.34%
LACNOR MILK CHOCOLATE,Flavoured Milk,BEVERAGE,61,244,0,0.00%,244,0.57%,0.33%
Digest dark200,Biscuit & Cookies,FOOD,18,243,0,0.00%,243,0.17%,0.33%
12 OZ CARAMEL MACCHIATO,Starbucks,FOOD,16,240,0,0.00%,240,0.15%,0.33%
Super Food Salad (V),Salads,FOOD,10,240,0,0.00%,240,0.09%,0.33%
Cereal Portion,Breakfast,FOOD,34,238,0,0.00%,238,0.32%,0.33%
16 OZ VANILLA LATTE,Starbucks,FOOD,12,228,0,0.00%,228,0.11%,0.31%
Grilled Chicken Burger,Burgers,FOOD,9,216,0,0.00%,216,0.08%,0.30%
Portion Protein,Main course,FOOD,21,210,0,0.00%,210,0.20%,0.29%
Tenderloin Steak,Burgers,FOOD,7,210,0,0.00%,210,0.07%,0.29%
12 OZ CAPPUCHINO,Starbucks,FOOD,17,204,0,0.00%,204,0.16%,0.28%
16 OZ CARAMEL MACCHIATO,Starbucks,FOOD,12,204,0,0.00%,204,0.11%,0.28%
Soup,Extras,FOOD,34,204,0,0.00%,204,0.32%,0.28%
Yogurt Muesli Honey,Yoghurt Pots,FOOD,12,192,0,0.00%,192,0.11%,0.26%
12 OZ CAFFE AMERICANO,Starbucks,FOOD,19,190,0,0.00%,190,0.18%,0.26%
KELLOGS BARS DARK CHOCO 04PCX1PK,CS Cereal,FOOD,12,189,0,0.00%,189,0.11%,0.26%
Beef sausage,Breakfast,FOOD,37,185,0,0.00%,185,0.34%,0.25%
CROISSANT MEDIUM,PASTRIES,FOOD,26,182,0,0.00%,182,0.24%,0.25%
12OZ WHITE CHOCOLATE MOCHA,Starbucks,FOOD,12,180,0,0.00%,180,0.11%,0.25%
GALLON WATER COUPON,CS Water,BEVERAGE,25,175,0,0.00%,175,0.23%,0.24%
Rocco,Pizza,FOOD,5,175,0,0.00%,175,0.05%,0.24%
16 OZ WHITE CHOCOLATE MOCHA,Starbucks,FOOD,10,170,0,0.00%,170,0.09%,0.23%
16 OZ CAPPUCHINO,Starbucks,FOOD,12,168,0,0.00%,168,0.11%,0.23%
16 OZ ICED WHITE CHOCOLATE MOCHA,Starbucks,FOOD,9,163,0,0.00%,163,0.08%,0.22%
FRESH JUICE LARGE,Fresh Juices,FOOD,23,161,0,0.00%,161,0.21%,0.22%
Pesto Roasted Chicken,Sandwiches,FOOD,7,161,0,0.00%,161,0.07%,0.22%
POKKA LEMON ICED TEA CAN,Packet Juice,BEVERAGE,40,160,0,0.00%,160,0.37%,0.22%
Hash Browns,Breakfast,FOOD,39,152,0,0.00%,152,0.36%,0.21%
16 OZ ICED CAFE AMERICANO,Starbucks,FOOD,12,150,0,0.00%,150,0.11%,0.20%
Bagel S. Salmon,Sandwiches,FOOD,6,150,0,0.00%,150,0.06%,0.20%
PEPSI CAN,Softdrinks,BEVERAGE,37,148,0,0.00%,148,0.34%,0.20%
PAPER BAG,BAGS,NON FOOD,146,146,0,0.00%,146,1.36%,0.20%
AL AIN WATER 500ml,CS Water,BEVERAGE,145,145,0,0.00%,145,1.35%,0.20%
Extra Topping,Pizza,FOOD,29,145,0,0.00%,145,0.27%,0.20%
Filter Coffee,Tea,FOOD,29,145,0,0.00%,145,0.27%,0.20%
OAT KING BAR TASTY CHOCOLATE 95G,CS Cereal,FOOD,10,145,0,0.00%,145,0.09%,0.20%
Extra Portion Grill,Main course,FOOD,12,144,0,0.00%,144,0.11%,0.20%
CLEARLY SCRUMPTIOUS STRAWBERRY 3,CS Dry Fruits,FOOD,11,140.25,0,0.00%,140.25,0.10%,0.19%
COCA COLA DIET CAN,Softdrinks,BEVERAGE,35,140,0,0.00%,140,0.33%,0.19%
SPRITE CAN,Softdrinks,BEVERAGE,35,140,0,0.00%,140,0.33%,0.19%
CROISSANT MINI,Dessert,FOOD,47,138,0,0.00%,138,0.44%,0.19%
12 OZ VANILLA LATTE,Starbucks,FOOD,8,136,0,0.00%,136,0.07%,0.19%
MAGNUM I/C ALMOND,CS Ice Cream,FOOD,18,135,0,0.00%,135,0.17%,0.18%
WalkersChocolate Chips40g,Biscuits,FOOD,38,133,0,0.00%,133,0.35%,0.18%
AL AIN FRESH MILK LOW FAT 2L,CS Dairy ,FOOD,13,130,0,0.00%,130,0.12%,0.18%
COCONUT WATER CAN,Packet Juice,BEVERAGE,32,128,0,0.00%,128,0.30%,0.17%
Tuna Sweetcorn,Pre Packed Sandwiches,FOOD,8,128,0,0.00%,128,0.07%,0.17%
16 OZ ICED CHOCOLATE,Starbucks,FOOD,7,127,0,0.00%,127,0.07%,0.17%
RACHELS GREEK YOGHURT NATURAL 45,CS Dairy ,FOOD,5,122.5,0,0.00%,122.5,0.05%,0.17%
COCA COLA ZERO CAN,Softdrinks,BEVERAGE,30,120,0,0.00%,120,0.28%,0.16%
FG Juice Bottled,FEEL GOOD,FOOD,15,120,0,0.00%,120,0.14%,0.16%
Fruit Salad,Yoghurt Pots,FOOD,10,120,0,0.00%,120,0.09%,0.16%
Grilled Halloumi(V),Sandwiches,FOOD,6,120,0,0.00%,120,0.06%,0.16%
MOUNTAIN DEW,Softdrinks,BEVERAGE,30,120,0,0.00%,120,0.28%,0.16%
Portion Vegetable,Main course,FOOD,24,120,0,0.00%,120,0.22%,0.16%
Valley Crunchy,Cereal Bar,FOOD,40,120,0,0.00%,120,0.37%,0.16%
OAT KING BAR MILK HONEY 95GM,CS Cereal,FOOD,8,116,0,0.00%,116,0.07%,0.16%
BAYARA 1KG ALMOND,CS Nuts & Seeds,FOOD,2,115.5,0,0.00%,115.5,0.02%,0.16%
SELPAK TOILET PAPER 4 ROLLS,CS Tissue & Toilet Rolls,NON FOOD,9,112.5,0,0.00%,112.5,0.08%,0.15%
Buffalo Chicken,Grill,FOOD,7,112,0,0.00%,112,0.07%,0.15%
FERRARELLE WATER 500ML,Water,BEVERAGE,14,112,0,0.00%,112,0.13%,0.15%
MIRINDA ORANGE CAN,Softdrinks,BEVERAGE,28,112,0,0.00%,112,0.26%,0.15%
Chicken Nuggets,Extras,FOOD,11,110,0,0.00%,110,0.10%,0.15%
Tuna Cheese Melt,Sandwiches,FOOD,5,110,0,0.00%,110,0.05%,0.15%
WALK IN LUNCH,WALK IN LUNCH,FOOD,11,110,0,0.00%,110,0.10%,0.15%
ALWAYS DIAMOND ULTRA THIN 14 PCS,CS Sanitary Care,NON FOOD,6,108,0,0.00%,108,0.06%,0.15%
Best Salted Peanut30g,Peannuts,FOOD,36,108,0,0.00%,108,0.33%,0.15%
12 OZ HOT CHOCOLATE,Starbucks,FOOD,6,106,0,0.00%,106,0.06%,0.14%
DR OETKER TONNO PIZZA,CS Frozen Food,FOOD,4,105,0,0.00%,105,0.04%,0.14%
AL AIN WATER 1.5L,CS Water,BEVERAGE,69,103.5,0,0.00%,103.5,0.64%,0.14%
FINE TOILET ROLLS 2PLY X 10 PCS ,CS Tissue & Toilet Rolls,NON FOOD,7,103.25,0,0.00%,103.25,0.07%,0.14%
LACNOR MANGO 180ML,Fresh Juices,BEVERAGE,25,100,0,0.00%,100,0.23%,0.14%
VEG BURGER,Burgers,FOOD,5,100,0,0.00%,100,0.05%,0.14%
C&C FOAM WASH DEEP CLEANSING 150,CS Facial Care,NON FOOD,3,96.75,0,0.00%,96.75,0.03%,0.13%
LINDT EXCELLENCE 85% CACOA 100GM,CS Chocolate ,FOOD,7,96.25,0,0.00%,96.25,0.07%,0.13%
LINDT EXCELLENCE MINT INTENSE 10,CS Chocolate ,FOOD,7,96.25,0,0.00%,96.25,0.07%,0.13%
EGG Mayo & Spring Onion,Sandwiches,FOOD,5,95,0,0.00%,95,0.05%,0.13%
RED BULL 250ML,CS Sports & Energy Drinks,BEVERAGE,13,94,0,0.00%,94,0.12%,0.13%
Croissant,Breakfast,FOOD,13,91,0,0.00%,91,0.12%,0.12%
12 OZ CAFFE MOCHA,Starbucks,FOOD,6,90,0,0.00%,90,0.06%,0.12%
AL AIN FRESH MILK FULL FAT 2L,CS Dairy ,FOOD,9,90,0,0.00%,90,0.08%,0.12%
Baked beans,Breakfast,FOOD,18,90,0,0.00%,90,0.17%,0.12%
Chicken Tandoori,Pre Packed Sandwiches,FOOD,9,90,0,0.00%,90,0.08%,0.12%
Large Salad,Salads,FOOD,5,90,0,0.00%,90,0.05%,0.12%
Yogurt Blueberry,Yoghurt Pots,FOOD,5,90,0,0.00%,90,0.05%,0.12%
Orange Pcs,CS Fresh Fruit,FOOD,44,88,0,0.00%,88,0.41%,0.12%
Roast Beef,Sandwiches,FOOD,4,88,0,0.00%,88,0.04%,0.12%
OAT KING BAR PURE 95GM,CS Cereal,FOOD,6,87,0,0.00%,87,0.06%,0.12%
DOUBLE ESSPRESSO,Starbucks,FOOD,7,84,0,0.00%,84,0.07%,0.11%
PRINGLES HOT & SPICY 165GM,CS Chips & Snacks,FOOD,9,81,0,0.00%,81,0.08%,0.11%
16 OZ FRAPPUCINO CARAMEL,Starbucks,FOOD,4,80,0,0.00%,80,0.04%,0.11%
16 OZ FRAPPUCINO WHITE MOCHA,Starbucks,FOOD,4,80,0,0.00%,80,0.04%,0.11%
BRILLIANT BREAKFAST LOOSE TEA,Tea,FOOD,8,80,0,0.00%,80,0.07%,0.11%
Chicken Sweetcorn,Pre Packed Sandwiches,FOOD,8,80,0,0.00%,80,0.07%,0.11%
Egg Cress Mayonnaise,Pre Packed Sandwiches,FOOD,10,80,0,0.00%,80,0.09%,0.11%
Three Cheese Spring Onion,Pre Packed Sandwiches,FOOD,8,80,0,0.00%,80,0.07%,0.11%
Yogurt Mango,Yoghurt Pots,FOOD,8,80,0,0.00%,80,0.07%,0.11%
DR OETKER QUATTRO FORMAGI PIZZA,CS Frozen Food,FOOD,3,78.75,0,0.00%,78.75,0.03%,0.11%
FAMILIA BIO ORGANIC AMARANTH 375,CS Organic Food,FOOD,3,78,0,0.00%,78,0.03%,0.11%
French Toast,Breakfast,FOOD,19,76,0,0.00%,76,0.18%,0.10%
Plum Red,CS Fresh Fruit,FOOD,38,76,0,0.00%,76,0.35%,0.10%
Pancakes,Breakfast,FOOD,25,75,0,0.00%,75,0.23%,0.10%
EMMENTHAL CHEESE GRATED 150G,CS Dairy ,FOOD,7,73.5,0,0.00%,73.5,0.07%,0.10%
OAT KING BAR CHOCOLATE CHIP 95GM,CS Cereal,FOOD,5,72.5,0,0.00%,72.5,0.05%,0.10%
AlpenMuslie625g,CS Cereal,FOOD,3,72,0,0.00%,72,0.03%,0.10%
B.BAG OAK SMOK150g,CS Chips & Snacks,FOOD,6,72,0,0.00%,72,0.06%,0.10%
Carrot Cake,Dessert,FOOD,6,72,0,0.00%,72,0.06%,0.10%
French Fries,Extras,FOOD,12,72,0,0.00%,72,0.11%,0.10%
Manakeesh(V),Pizza,FOOD,4,72,0,0.00%,72,0.04%,0.10%
SLICED BREAD MULTI GRAIN MEDIUM,CS Bakery,FOOD,12,72,0,0.00%,72,0.11%,0.10%
Small Salad,Salads,FOOD,6,72,0,0.00%,72,0.06%,0.10%
TEA BAG JASMINE GREEN,Tea,FOOD,9,72,0,0.00%,72,0.08%,0.10%
Brownie,Dessert,FOOD,5,70,0,0.00%,70,0.05%,0.10%
CEYLON GINGER LOOSE TEA,Tea,FOOD,7,70,0,0.00%,70,0.07%,0.10%
EARL GREY LOOSE TEA,Tea,FOOD,7,70,0,0.00%,70,0.07%,0.10%
SINGLE ESSPRESSO,Starbucks,FOOD,7,70,0,0.00%,70,0.07%,0.10%
Sweet Potato Wedges,Extras,FOOD,7,70,0,0.00%,70,0.07%,0.10%
PERRIER WATER 750ML,Water,BEVERAGE,7,69,0,0.00%,69,0.07%,0.09%
GILLETTE BLADE FUSION 4PCS,CS Mens Care,NON FOOD,1,65.25,0,0.00%,65.25,0.01%,0.09%
7 UP DIET CAN,Softdrinks,BEVERAGE,16,64,0,0.00%,64,0.15%,0.09%
Frid Rice W Chicken,Fried Rice,FOOD,2,64,0,0.00%,64,0.02%,0.09%
Hawaiian,Pizza,FOOD,2,64,0,0.00%,64,0.02%,0.09%
AL AIN FRESH MILK 1L FULL CREAM,CS Dairy ,FOOD,9,63,0,0.00%,63,0.08%,0.09%
FARM FRESH EGGS WHITE 6PCS,CS Eggs,FOOD,14,63,0,0.00%,63,0.13%,0.09%
LISTERINE MW ZERO 250ML,CS Oral Care,NON FOOD,3,63,0,0.00%,63,0.03%,0.09%
MANI SWEET COCKTAIL NUTS FRUIT 4,CS Dry Fruits,FOOD,12,63,0,0.00%,63,0.11%,0.09%
Apple Green,CS Fresh Fruit,FOOD,30,60,0,0.00%,60,0.28%,0.08%
B.BAG SALTED150g,CS Chips & Snacks,FOOD,5,60,0,0.00%,60,0.05%,0.08%
Choc Caramel Eclair,Dessert,FOOD,5,60,0,0.00%,60,0.05%,0.08%
Cold Cuts,Breakfast,FOOD,12,60,0,0.00%,60,0.11%,0.08%
FG SMALL BOWL,FEEL GOOD,FOOD,5,60,0,0.00%,60,0.05%,0.08%
MENTOS BOTTLE PURE FRESH MINT,CS Mint & Gum,FOOD,6,60,0,0.00%,60,0.06%,0.08%
Mixed Green Salad(V),Salads,FOOD,3,60,0,0.00%,60,0.03%,0.08%
Mushrooms,Pizza,FOOD,10,60,0,0.00%,60,0.09%,0.08%
PEPSI DIET CAN,Softdrinks,BEVERAGE,15,60,0,0.00%,60,0.14%,0.08%
SPRITE LIGHT CAN,Softdrinks,BEVERAGE,15,60,0,0.00%,60,0.14%,0.08%
Yoghurt,Yogurt,FOOD,5,60,0,0.00%,60,0.05%,0.08%
CHEETOS 205GM CRUNCHY FLAMING HO,CS Chips & Snacks,FOOD,7,59.5,0,0.00%,59.5,0.07%,0.08%
CLEARLY SCRUMPTIOUS APPLE WEDGES,CS Dry Fruits,FOOD,7,59.5,0,0.00%,59.5,0.07%,0.08%
AL AIN YOGHURT LOW FAT 170GM,CS Dairy ,FOOD,38,57,0,0.00%,57,0.35%,0.08%
ALL BRAN FLAKES KELLOGS 500GM,CS Cereal,FOOD,3,56.25,0,0.00%,56.25,0.03%,0.08%
PERSIL LIQUID SENSATIVE AUTOMATI,CS Laundry Care,NON FOOD,1,56.25,0,0.00%,56.25,0.01%,0.08%
7 UP CAN,Softdrinks,BEVERAGE,14,56,0,0.00%,56,0.13%,0.08%
ARIEL GREEN 1.5KG,CS Laundry Care,NON FOOD,2,56,0,0.00%,56,0.02%,0.08%
Berry Tart,Dessert,FOOD,4,56,0,0.00%,56,0.04%,0.08%
NIVEA WIPES GENTLE CLEANSING 25P,CS Tissue & Toilet Rolls,NON FOOD,2,56,0,0.00%,56,0.02%,0.08%
Portion Starch,Main course,FOOD,7,56,0,0.00%,56,0.07%,0.08%
RED BULL SUGAR FREE 250ML,CS Sports & Energy Drinks,BEVERAGE,8,56,0,0.00%,56,0.07%,0.08%
POCARI SWEAT PET 500ML,CS Sports & Energy Drinks,BEVERAGE,11,55,0,0.00%,55,0.10%,0.08%
BAYARA 1KG CASHEW NUT,CS Nuts & Seeds,FOOD,1,54,0,0.00%,54,0.01%,0.07%
DAWAT EXTRA LONG GRAIN BASMATI R,CS Coocking & Baking,FOOD,4,54,0,0.00%,54,0.04%,0.07%
Glazed Veg,Sandwiches,FOOD,3,54,0,0.00%,54,0.03%,0.07%
Lays Chips,Extras,FOOD,27,54,0,0.00%,54,0.25%,0.07%
MAGNUM I/C DOUBLE CHOCOLATE,CS Ice Cream,FOOD,6,54,0,0.00%,54,0.06%,0.07%
PRINGLES ORIGINAL 165GM,CS Chips & Snacks,FOOD,6,54,0,0.00%,54,0.06%,0.07%
DDR OETKER PEPPRONI PIZZA,CS Frozen Food,FOOD,2,52.5,0,0.00%,52.5,0.02%,0.07%
NIVEA DOUBLE EFFECT MAKEUP REMOV,CS Deodrants,NON FOOD,2,52.5,0,0.00%,52.5,0.02%,0.07%
16 OZ ICED CAFFE MOCHA,Starbucks,FOOD,3,52,0,0.00%,52,0.03%,0.07%
Toast,Breakfast,FOOD,52,52,0,0.00%,52,0.48%,0.07%
BEST CAN SUPER CASHEW 110GM,CS Nuts & Seeds,FOOD,3,51.75,0,0.00%,51.75,0.03%,0.07%
12 OZ CARAMEL LATTE,Starbucks,FOOD,3,51,0,0.00%,51,0.03%,0.07%
16 OZ CAFFE MOCHA,Starbucks,FOOD,3,51,0,0.00%,51,0.03%,0.07%
ALPROSoyaMilkUnswtnd1L,CS Packet Juice,BEVERAGE,3,50.25,0,0.00%,50.25,0.03%,0.07%
SCONES,Dessert,FOOD,5,50,0,0.00%,50,0.05%,0.07%
AL AIN FRESH MILK 1L SKIMMED,CS Dairy ,FOOD,7,49,0,0.00%,49,0.07%,0.07%
AL AIN WATER 500ML,Water,BEVERAGE,48,48,0,0.00%,48,0.45%,0.07%
B.BAG SEA SALT150g,CS Chips & Snacks,FOOD,4,48,0,0.00%,48,0.04%,0.07%
NESCAFE GOLD COFFEE 200GM,CS Coffee,FOOD,1,48,0,0.00%,48,0.01%,0.07%
Pain an Raisin,Dessert,FOOD,6,48,0,0.00%,48,0.06%,0.07%
Pepperoni,Pizza,FOOD,8,48,0,0.00%,48,0.07%,0.07%
MALTESERS THICK SHAKE 300ML,Convenience Beverages,BEVERAGE,5,47.5,0,0.00%,47.5,0.05%,0.06%
MARS THICK SHAKE 300ML,Convenience Beverages,BEVERAGE,5,47.5,0,0.00%,47.5,0.05%,0.06%
BEST CAN CASHEWS SALTED 110GM,CS Nuts & Seeds,FOOD,3,47.25,0,0.00%,47.25,0.03%,0.06%
JDS BUTTER CRISPS,Biscuit & Cookies,FOOD,3,46.5,0,0.00%,46.5,0.03%,0.06%
BOGUTTI WHITE CHOCO PCS 37%,Biscuit & Cookies,FOOD,5,46.25,0,0.00%,46.25,0.05%,0.06%
Pear,CS Fresh Fruit,FOOD,23,46,0,0.00%,46,0.21%,0.06%
PRO BAR MEAL WHOLEBERRY BLAST 85,CS Cereal,FOOD,2,46,0,0.00%,46,0.02%,0.06%
SELPAK KITCHEN ROLL 2 PCS,CS Tissue & Toilet Rolls,NON FOOD,4,46,0,0.00%,46,0.04%,0.06%
MAGNUM I/C CLASSIC,CS Ice Cream,FOOD,6,45,0,0.00%,45,0.06%,0.06%
QUAKER WHITE OATS TIN 500GM,CS Cereal,FOOD,5,45,0,0.00%,45,0.05%,0.06%
REXONA DEO INVISIBLE 150ML,CS Deodrants,NON FOOD,3,42.75,0,0.00%,42.75,0.03%,0.06%
16 OZ SOYA CAFFE LATTE,Coffee,FOOD,2,42,0,0.00%,42,0.02%,0.06%
Grilled Chicken,Pizza,FOOD,7,42,0,0.00%,42,0.07%,0.06%
LINDT EXCELLENCE BLACK CURRANT 1,CS Chocolate ,FOOD,3,41.25,0,0.00%,41.25,0.03%,0.06%
LINDT EXCELLENCE SESAME ROASTED ,CS Organic Food,FOOD,3,41.25,0,0.00%,41.25,0.03%,0.06%
ALPRO ALMOND MILK 1L,CS Dairy ,FOOD,2,41,0,0.00%,41,0.02%,0.06%
BERRY CO SUPERBERRY RED 1L,CS Packet Juice,BEVERAGE,3,40.5,0,0.00%,40.5,0.03%,0.06%
Beef Bacon,Breakfast,FOOD,8,40,0,0.00%,40,0.07%,0.05%
CheseTurkeyHamCrossiant,Sandwiches,FOOD,2,40,0,0.00%,40,0.02%,0.05%
FANTA APPLE CAN,Softdrinks,BEVERAGE,10,40,0,0.00%,40,0.09%,0.05%
FANTA STRAWBERRY CAN,Softdrinks,BEVERAGE,10,40,0,0.00%,40,0.09%,0.05%
GATORADE PINK LEMONDAE PET 500ML,CS Sports & Energy Drinks,BEVERAGE,8,40,0,0.00%,40,0.07%,0.05%
KIT KAT 4 FINGERS,CS Chocolate ,FOOD,10,40,0,0.00%,40,0.09%,0.05%
JOHNSONS COTTON BUDS 100PCS,CS Others,NON FOOD,3,39,0,0.00%,39,0.03%,0.05%
16 OZ HOT CHOCOLATE,Starbucks,FOOD,2,38,0,0.00%,38,0.02%,0.05%
Asst. Rolls Two,Breakfast,FOOD,19,38,0,0.00%,38,0.18%,0.05%
Meat Feast,Pizza,FOOD,1,38,0,0.00%,38,0.01%,0.05%
Mexican Melt,Pizza,FOOD,1,38,0,0.00%,38,0.01%,0.05%
NECTAFLOR SOFT FIGS 200GM,CS Dry Fruits,FOOD,2,38,0,0.00%,38,0.02%,0.05%
NECTAFLOR SOFT PRUNES 200GM,CS Dry Fruits,FOOD,2,38,0,0.00%,38,0.02%,0.05%
EXTRA BIG BOTTLE PEPPERMINT,CS Mint & Gum,FOOD,3,37.5,0,0.00%,37.5,0.03%,0.05%
KAGI SWISS WAFERS MINI GIFT BOX ,CS Mint & Gum,FOOD,1,37.25,0,0.00%,37.25,0.01%,0.05%
NESCAFE RED MUG COFFEE 200GM,CS Coffee,FOOD,1,36.5,0,0.00%,36.5,0.01%,0.05%
OREO ORIGINAL 16 PACK 44GM,Biscuit & Cookies,FOOD,2,36.5,0,0.00%,36.5,0.02%,0.05%
16 OZ ICED CARAMEL LATTE,Starbucks,FOOD,2,36,0,0.00%,36,0.02%,0.05%
Add Cheese,Extras,FOOD,12,36,0,0.00%,36,0.11%,0.05%
AL MARAI LABAN STRAWBERRY 360ML,CS Dairy ,FOOD,12,36,0,0.00%,36,0.11%,0.05%
CheseTomatoCrossiant,Sandwiches,FOOD,2,36,0,0.00%,36,0.02%,0.05%
CORN FLAKES KELLOGS 500GM,CS Cereal,FOOD,2,36,0,0.00%,36,0.02%,0.05%
ESPRESSO MACCHIATO,Starbucks,FOOD,3,36,0,0.00%,36,0.03%,0.05%
Lemon Drizzle,Dessert,FOOD,3,36,0,0.00%,36,0.03%,0.05%
MCVITIES DIGESTIVE 250GM LIGHT,Biscuit & Cookies,FOOD,3,36,0,0.00%,36,0.03%,0.05%
MCVITIES DIGESTIVE LIGHT 400GM,Biscuit & Cookies,FOOD,2,36,0,0.00%,36,0.02%,0.05%
Muture Cheddar(V),Sandwiches,FOOD,2,36,0,0.00%,36,0.02%,0.05%
NATURE VALLEY CANADIAN MAPLE SYR,CS Cereal,FOOD,12,36,0,0.00%,36,0.11%,0.05%
NECTAFLOR PREMIUM FRUIT MIX 200G,CS Dry Fruits,FOOD,2,36,0,0.00%,36,0.02%,0.05%
Oatmeal Porridge,Breakfast,FOOD,12,36,0,0.00%,36,0.11%,0.05%
PRINGLES SALT VINEGAR 165GM,CS Chips & Snacks,FOOD,4,36,0,0.00%,36,0.04%,0.05%
SCHOGETTEN MILK CHOCOLATE 100GM,CS Chocolate ,FOOD,6,36,0,0.00%,36,0.06%,0.05%
SELPAK FACIAL TISSUE 100 SHEET,CS Tissue & Toilet Rolls,NON FOOD,6,36,0,0.00%,36,0.06%,0.05%
SUBSTITUTE SOYA,Soya Milk,FOOD,9,36,0,0.00%,36,0.08%,0.05%
BAYARA MIXED NUTS 300GM,CS Nuts & Seeds,FOOD,3,35.25,0,0.00%,35.25,0.03%,0.05%
GATORADE BLUE BOLT PET 500ML,CS Sports & Energy Drinks,BEVERAGE,7,35,0,0.00%,35,0.07%,0.05%
GATORADE TOPICL FRUIT PET 500ML,CS Sports & Energy Drinks,BEVERAGE,7,35,0,0.00%,35,0.07%,0.05%
Isabella(V),Pizza,FOOD,1,35,0,0.00%,35,0.01%,0.05%
NESTLE COFFEE MATE 400GM,CS Coffee,FOOD,2,34.5,0,0.00%,34.5,0.02%,0.05%
NUTELLA JAR 750GM,CS Can & Jar Food,FOOD,1,34.25,0,0.00%,34.25,0.01%,0.05%
12 OZ SIGNATURE HOT CHOCOLATE,Starbucks,FOOD,2,34,0,0.00%,34,0.02%,0.05%
Apple Red,CS Fresh Fruit,FOOD,17,34,0,0.00%,34,0.16%,0.05%
G S Frid Noodls W chicken,Noodles,FOOD,1,34,0,0.00%,34,0.01%,0.05%
ILD DE FRANCE CHEESE CAMEMBERT 2,CS Dairy ,FOOD,1,34,0,0.00%,34,0.01%,0.05%
AL MARAI ORANGE CARROT JUICE 300,CS Packet Juice,BEVERAGE,11,33,0,0.00%,33,0.10%,0.05%
ALPEN MUESLI ORIGINAL 375GM,CS Cereal,FOOD,2,33,0,0.00%,33,0.02%,0.05%
BONNE MANAM BLACK CURRANT JELLY ,CS Can & Jar Food,FOOD,2,33,0,0.00%,33,0.02%,0.05%
KIT KAT CHUNKY 46GM,CS Chocolate ,FOOD,11,33,0,0.00%,33,0.10%,0.05%
AL RABIE MANGO 330ML,CS Packet Juice,BEVERAGE,13,32.5,0,0.00%,32.5,0.12%,0.04%
CORNETTO I/C LOVE COOKIE,CS Ice Cream,FOOD,5,32.5,0,0.00%,32.5,0.05%,0.04%
AL SHIFA HOINEY 750GM,CS Can & Jar Food,FOOD,1,32.25,0,0.00%,32.25,0.01%,0.04%
CROISSANT HI BUTTER ALMOND,CS Bakery,FOOD,8,32,0,0.00%,32,0.07%,0.04%
FAMILIA CHAMPION CRISP 750GM,CS Cereal,FOOD,1,32,0,0.00%,32,0.01%,0.04%
HIBISCUS ICED TEA,Tea,FOOD,4,32,0,0.00%,32,0.04%,0.04%
Peanut Butter & Jelly(V),Sandwiches,FOOD,2,32,0,0.00%,32,0.02%,0.04%
PEPPERMINT TEA BAG,Tea,FOOD,4,32,0,0.00%,32,0.04%,0.04%
REDBULL SUGAR FREE,Energy Drinks,BEVERAGE,4,32,0,0.00%,32,0.04%,0.04%
Steamed Rice,Main course,FOOD,4,32,0,0.00%,32,0.04%,0.04%
AL MARAI FRESH MILK FULL FAT 500,CS Dairy ,FOOD,9,31.5,0,0.00%,31.5,0.08%,0.04%
VITA COCO PEACH & MANGO 330ML,Convenience Beverages,BEVERAGE,3,31.5,0,0.00%,31.5,0.03%,0.04%
VOLVIC WATER 500ML,CS Water,BEVERAGE,7,31.5,0,0.00%,31.5,0.07%,0.04%
WALKERS SB CHOCO CHIPS 40G,Biscuit & Cookies,FOOD,9,31.5,0,0.00%,31.5,0.08%,0.04%
WEETABIX ORIGINAL 430GM,CS Cereal,FOOD,2,31.5,0,0.00%,31.5,0.02%,0.04%
FAMILIA A.C.E BALANCE 600GM,CS Cereal,FOOD,1,31.25,0,0.00%,31.25,0.01%,0.04%
ALPRO SOYA ORIGINAL1L,CS Dairy ,BEVERAGE,2,31,0,0.00%,31,0.02%,0.04%
COMFORT BABY CONCENTRATE 750ML,CS Laundry Care,NON FOOD,2,31,0,0.00%,31,0.02%,0.04%
COMFORT LAVENDER MAGNOLIA CONCEN,CS Laundry Care,NON FOOD,2,31,0,0.00%,31,0.02%,0.04%
MARS BAR 51GM,CS Chocolate ,FOOD,9,31,0,0.00%,31,0.08%,0.04%
BAYARA SALTED CASHEWS 150G,CS Nuts & Seeds,FOOD,3,30,0,0.00%,30,0.03%,0.04%
BOUNTY BAR 57GM,CS Chocolate ,FOOD,8,30,0,0.00%,30,0.07%,0.04%
CROISSANT HI BUTTER CHEESE,CS Bakery,FOOD,10,30,0,0.00%,30,0.09%,0.04%
FrostiesCMB25g,CS Cereal,FOOD,10,30,0,0.00%,30,0.09%,0.04%
NIVEA MEN SHOWER ORIGINAL CARE 2,CS Bath & Shower,NON FOOD,2,30,0,0.00%,30,0.02%,0.04%
PEAR DRAGON LOOSE TEA,Tea,FOOD,3,30,0,0.00%,30,0.03%,0.04%
PEPPERMEIN LOOSE TEA,Tea,FOOD,3,30,0,0.00%,30,0.03%,0.04%
Peppers,Pizza,FOOD,5,30,0,0.00%,30,0.05%,0.04%
WALK IN DINNER,WALK IN DINNER,FOOD,3,30,0,0.00%,30,0.03%,0.04%
ACORSA EXTRA VIRGIN OLIVE OIL 75,CS Coocking & Baking,FOOD,1,28.75,0,0.00%,28.75,0.01%,0.04%
GALAXY THICK SHAKE CARAMEL 300ML,Convenience Beverages,BEVERAGE,3,28.5,0,0.00%,28.5,0.03%,0.04%
AL MARAI FRESH MILK LOW FAT 1L,CS Dairy ,FOOD,4,28,0,0.00%,28,0.04%,0.04%
ALO EXPOSED ALO JUICE,Fresh Juices,FOOD,2,28,0,0.00%,28,0.02%,0.04%
AL SHIFA 400GM SQUEEZE HONEY,CS Can & Jar Food,FOOD,1,28,0,0.00%,28,0.01%,0.04%
A/G POP CORN MICROWAV EXTRA BUTT,CS Can & Jar Food,FOOD,3,27.75,0,0.00%,27.75,0.03%,0.04%
AL MARAI ORANGE PULP JUICE 300ML,CS Packet Juice,BEVERAGE,11,27.5,0,0.00%,27.5,0.10%,0.04%
LINDT EXCELLENCE SEA SALT 100GM,CS Chocolate ,FOOD,2,27.5,0,0.00%,27.5,0.02%,0.04%
NECTAFLOR PREMIUM GINGER 200GM,CS Dry Fruits,FOOD,2,27.5,0,0.00%,27.5,0.02%,0.04%
OREO DOUBLE STUFF 8 PACK 56GM,Biscuit & Cookies,FOOD,2,27.5,0,0.00%,27.5,0.02%,0.04%
AL MARAI LABAN FULL FAT 360ML,CS Dairy ,FOOD,9,27,0,0.00%,27,0.08%,0.04%
EMMENTHAL CHEESE PORTION 150G,CS Dairy ,FOOD,2,27,0,0.00%,27,0.02%,0.04%
M&M CHOCOLATE 45GM,CS Chocolate ,FOOD,9,27,0,0.00%,27,0.08%,0.04%
TAMRAH CHOCO MILK ZIPPER BAG 100,CS Dry Fruits,FOOD,3,27,0,0.00%,27,0.03%,0.04%
A/G POP CORN MICROWAVE BUTTER 29,CS Can & Jar Food,FOOD,3,26.25,0,0.00%,26.25,0.03%,0.04%
A/G POP CORN MICROWAVE NATURAL 2,CS Can & Jar Food,FOOD,3,26.25,0,0.00%,26.25,0.03%,0.04%
DR OETKER VEGETABLE PIZZA,CS Frozen Food,FOOD,1,26.25,0,0.00%,26.25,0.01%,0.04%
AL AIN MANGO YOGHURT 125GM,CS Dairy ,FOOD,13,26,0,0.00%,26,0.12%,0.04%
BOGUTTI AMERICAN COOKIES CHOCO C,Biscuit & Cookies,FOOD,4,26,0,0.00%,26,0.04%,0.04%
ILE DE FRANCE CHEESE PETIT CAMEM,CS Dairy ,FOOD,1,26,0,0.00%,26,0.01%,0.04%
SUNNY BIO AGAVE SYRUP 250G,CS Can & Jar Food,FOOD,1,25.75,0,0.00%,25.75,0.01%,0.04%
TRESEMME CD SPLIT REMEDY 500ML,CS Shampoo & Conditioner,NON FOOD,1,25.5,0,0.00%,25.5,0.01%,0.03%
TRESEMME SH KERATIN SMOOTH 500ML,CS Shampoo & Conditioner,NON FOOD,1,25.5,0,0.00%,25.5,0.01%,0.03%
TRESEMME SH SPLIT REMEDY 500ML,CS Shampoo & Conditioner,NON FOOD,1,25.5,0,0.00%,25.5,0.01%,0.03%
CROISSANT CHOCOLATE,CS Bakery,FOOD,10,25,0,0.00%,25,0.09%,0.03%
Delivery Charges,Delivery charge,LABOR CHARGE,5,25,0,0.00%,25,0.05%,0.03%
GALLON WATER DEPOSIT,CS Others,BEVERAGE,1,25,0,0.00%,25,0.01%,0.03%
LAYS FORNO BLACK PEPPER 43G,CHIPS,FOOD,5,25,0,0.00%,25,0.05%,0.03%
PERRIER WATER LEMON 330ML,CS Water,BEVERAGE,5,25,0,0.00%,25,0.05%,0.03%
VASELINE BODY LOTION ALOE FRESH ,CS Body Care,NON FOOD,1,24.75,0,0.00%,24.75,0.01%,0.03%
FAMILIA BIO ORGANIC FRUIT NUT 37,CS Organic Food,FOOD,1,24.5,0,0.00%,24.5,0.01%,0.03%
NUTELLA 400GM,CS Can & Jar Food,FOOD,1,24.5,0,0.00%,24.5,0.01%,0.03%
RACHELS NATURAL LOW FAT YOUGHURT,CS Organic Food,FOOD,1,24.5,0,0.00%,24.5,0.01%,0.03%
ADD ESPRESSO SHOT,Starbucks,FOOD,6,24,0,0.00%,24,0.06%,0.03%
AlwaysUltrThin,CS Sanitary Care,NON FOOD,3,24,0,0.00%,24,0.03%,0.03%
B.BAG CHEDDAR150g,CS Chips & Snacks,FOOD,2,24,0,0.00%,24,0.02%,0.03%
BAYARA SALTED PISTACHIOS 150G,CS Nuts & Seeds,FOOD,2,24,0,0.00%,24,0.02%,0.03%
Best SaltedCashew30g,Peannuts,FOOD,8,24,0,0.00%,24,0.07%,0.03%
CROISSANT HI BUTTER CHOCOLATE,CS Bakery,FOOD,6,24,0,0.00%,24,0.06%,0.03%
Lacnor Low Fat Milk 1L,CS Dairy ,BEVERAGE,6,24,0,0.00%,24,0.06%,0.03%
Lemon,CS Fresh Vegatables,FOOD,12,24,0,0.00%,24,0.11%,0.03%
LIPTON LEMON ICED TEA,Tea,BEVERAGE,6,24,0,0.00%,24,0.06%,0.03%
MilkHalfCrem1Ltr ,CS Dairy ,FOOD,6,24,0,0.00%,24,0.06%,0.03%
RASPBERRY ICED TEA,Tea,FOOD,3,24,0,0.00%,24,0.03%,0.03%
SUBSTITUTE SOYA ALMOND,Soya Milk,FOOD,6,24,0,0.00%,24,0.06%,0.03%
THE BERRY CO BLUEBERRY JUICE,Packet Juice,BEVERAGE,3,24,0,0.00%,24,0.03%,0.03%
CADBURY DM FRUIT & NUT 230GM,CS Chocolate ,FOOD,2,23.5,0,0.00%,23.5,0.02%,0.03%
ALWAYS NIGHT WINGS 8 PCS,CS Sanitary Care,NON FOOD,3,23.25,0,0.00%,23.25,0.03%,0.03%
SAINT AGUR CHEESE 125G,CS Dairy ,FOOD,1,23,0,0.00%,23,0.01%,0.03%
GALAXY SMOOTH MILK 40GM,CS Chocolate ,FOOD,7,22.75,0,0.00%,22.75,0.07%,0.03%
TideReg Original1.5Kg ,CS Laundry Care,NON FOOD,1,22.75,0,0.00%,22.75,0.01%,0.03%
AL MARAI MIXED FRUIT 300ML,CS Packet Juice,BEVERAGE,9,22.5,0,0.00%,22.5,0.08%,0.03%
OREO 704g,Biscuit & Cookies,FOOD,1,22.5,0,0.00%,22.5,0.01%,0.03%
RICE KRISPIES KELLOGS 510GM,CS Cereal,FOOD,1,22.5,0,0.00%,22.5,0.01%,0.03%
FARM FRESH EGGS WHITE 15PCS,CS Eggs,FOOD,2,22,0,0.00%,22,0.02%,0.03%
Greek Salad,Salads,FOOD,1,22,0,0.00%,22,0.01%,0.03%
LIFEBUOY HW TOTAL 10 200ML,CS Soap & Handwash,NON FOOD,2,22,0,0.00%,22,0.02%,0.03%
SIS SugarCubeWhite 454g,CS Coocking & Baking,FOOD,2,22,0,0.00%,22,0.02%,0.03%
Sugar Granul2Kg ,CS Coocking & Baking,FOOD,2,22,0,0.00%,22,0.02%,0.03%
TAMPAX REGULAR,CS Sanitary Care,NON FOOD,2,22,0,0.00%,22,0.02%,0.03%
AL AIN MORNING BLACKBERRY MUSELI,CS Dairy ,FOOD,7,21,0,0.00%,21,0.07%,0.03%
AL AIN YOGHURT FULL CREAM 170GM,CS Dairy ,FOOD,14,21,0,0.00%,21,0.13%,0.03%
AL MARAI FRESH MILK FULL FAT 1L,CS Dairy ,FOOD,3,21,0,0.00%,21,0.03%,0.03%
Bagels w/Cr.Cheese,Breakfast,FOOD,3,21,0,0.00%,21,0.03%,0.03%
FOUNTAIN SODA LARGE,Softdrinks,BEVERAGE,7,21,0,0.00%,21,0.07%,0.03%
KOKA CUP BEEF,CS Pasta & Noodles,FOOD,6,21,0,0.00%,21,0.06%,0.03%
MUFFIN BLUEBERRY,CS Bakery,FOOD,6,21,0,0.00%,21,0.06%,0.03%
MUFFIN CHOCOLATE,CS Bakery,FOOD,6,21,0,0.00%,21,0.06%,0.03%
VITA COCO PURE COCONUT WATER 330,CS Packet Juice,BEVERAGE,2,21,0,0.00%,21,0.02%,0.03%
FITA 600G,Biscuit & Cookies,FOOD,1,20.5,0,0.00%,20.5,0.01%,0.03%
GILLETTE FOAM CLASSIC CLEAN,CS Mens Care,NON FOOD,1,20.5,0,0.00%,20.5,0.01%,0.03%
ACORSA EXTRA VIRGIN OLIVE OIL 50,CS Can & Jar Food,FOOD,1,20.25,0,0.00%,20.25,0.01%,0.03%
CAREFREE COTTON EXTRACT 34PCS,CS Sanitary Care,NON FOOD,1,20.25,0,0.00%,20.25,0.01%,0.03%
16 OZ FRAPPUCINO VANILA,Starbucks,FOOD,1,20,0,0.00%,20,0.01%,0.03%
ADD ESPRESSO SHOT,Starbucks,FOOD,5,20,0,0.00%,20,0.05%,0.03%
ADD FLAVOURED SYRUP,Starbucks,FOOD,5,20,0,0.00%,20,0.05%,0.03%
ADD FLAVOURED SYRUP,Starbucks,FOOD,5,20,0,0.00%,20,0.05%,0.03%
AL AIN STRAWBERRY YOGHURT 125GM,CS Dairy ,FOOD,10,20,0,0.00%,20,0.09%,0.03%
AL MARAI POMPEGRANATE 300ML,CS Packet Juice,BEVERAGE,8,20,0,0.00%,20,0.07%,0.03%
ALPEN BAR FRUIT NUT MILK CHOCOLA,CS Cereal,FOOD,5,20,0,0.00%,20,0.05%,0.03%
ESPRESSO MACCHIATO SINGLE,Starbucks,FOOD,2,20,0,0.00%,20,0.02%,0.03%
EXTRA TABS SPEARMINT GUM,CS Mint & Gum,FOOD,5,20,0,0.00%,20,0.05%,0.03%
MentoGmWatrMelon,CS Mint & Gum,FOOD,4,20,0,0.00%,20,0.04%,0.03%
MINUTE STEAK,Grill,FOOD,1,20,0,0.00%,20,0.01%,0.03%
NYU RE-USABLE BAG,BAGS,NON FOOD,1,20,0,0.00%,20,0.01%,0.03%
ALMARAI JAR CREAM SPREAD CHEESE ,CS Dairy ,FOOD,2,19.5,0,0.00%,19.5,0.02%,0.03%
BOURSIN CHEESE BLACK PEPPER 150G,CS Dairy ,FOOD,1,19.5,0,0.00%,19.5,0.01%,0.03%
BOURSIN CHEESE GARLIC & HERBS 15,CS Dairy ,FOOD,1,19.5,0,0.00%,19.5,0.01%,0.03%
COCO TREE JUICE 330ML,CS Packet Juice,BEVERAGE,6,19.5,0,0.00%,19.5,0.06%,0.03%
16 OZ CARAMEL LATTE,Starbucks,FOOD,1,19,0,0.00%,19,0.01%,0.03%
16 OZ SIGNATURE HOT CHOCOLATE,Starbucks,FOOD,1,19,0,0.00%,19,0.01%,0.03%
LIPTON EARL GREY 25 TB,CS Tea,FOOD,2,19,0,0.00%,19,0.02%,0.03%
STREPSILS ORANGE PACKET,CS Chocolate ,FOOD,1,19,0,0.00%,19,0.01%,0.03%
OREO GOLDEN 16 PACK 44GM,Biscuit & Cookies,FOOD,1,18.25,0,0.00%,18.25,0.01%,0.02%
16 OZ ICED VANILLA LATTE,Starbucks,FOOD,1,18,0,0.00%,18,0.01%,0.02%
AL AIN FRESH MILK 1L LOW FAT,CS Dairy ,FOOD,3,18,0,0.00%,18,0.03%,0.02%
BAYARA SALTED CASHEWS 300GM,CS Nuts & Seeds,FOOD,1,18,0,0.00%,18,0.01%,0.02%
CERES APPLE JUICE 1L,CS Packet Juice,BEVERAGE,2,18,0,0.00%,18,0.02%,0.02%
Chicken Satay,Main course,FOOD,1,18,0,0.00%,18,0.01%,0.02%
COCA COLA PET 500ML,Softdrinks,BEVERAGE,3,18,0,0.00%,18,0.03%,0.02%
DOVE BODY LOTION SHEA BUTTER 250,CS Body Care,NON FOOD,1,18,0,0.00%,18,0.01%,0.02%
DOVE HW MOISTURISING 500ML ,CS Soap & Handwash,NON FOOD,1,18,0,0.00%,18,0.01%,0.02%
GLADZprSandwichBg,CS Bags/Foil/Wraps,NON FOOD,2,18,0,0.00%,18,0.02%,0.02%
HANSAPALST 20 STRIPS UNIVERSAL,CS Others,NON FOOD,2,18,0,0.00%,18,0.02%,0.02%
Mash and Gravy,Extras,FOOD,2,18,0,0.00%,18,0.02%,0.02%
PERRIER WATER 330ML,Water,BEVERAGE,3,18,0,0.00%,18,0.03%,0.02%
POKKA LEMON ICED TEA 330ML,CS Soft Drinks,BEVERAGE,6,18,0,0.00%,18,0.06%,0.02%
AL AIN WATER 5 LTR,CS Water,BEVERAGE,7,17.5,0,0.00%,17.5,0.07%,0.02%
ALWAYS COTTON TOUCH LARGE WINGS ,CS Sanitary Care,NON FOOD,1,17.5,0,0.00%,17.5,0.01%,0.02%
AXE DEO ANARCHY 4 HIM 150ML,CS Deodrants,NON FOOD,1,17.5,0,0.00%,17.5,0.01%,0.02%
CARTE D'OR PINT STRAWBERRY,CS Ice Cream,FOOD,1,17.5,0,0.00%,17.5,0.01%,0.02%
MUFFIN APPLE,CS Bakery,FOOD,5,17.5,0,0.00%,17.5,0.05%,0.02%
ALWAYS PANTYR LINER 40 NORMAL,CS Sanitary Care,NON FOOD,1,17.25,0,0.00%,17.25,0.01%,0.02%
COEUR DE LION PETIT CAMEMBERT 15,CS Dairy ,FOOD,1,17.25,0,0.00%,17.25,0.01%,0.02%
FRUIT & FIBRE KELLOGS 375GM,CS Cereal,FOOD,1,17.25,0,0.00%,17.25,0.01%,0.02%
LifebuoyAbWetWipes,CS Tissue & Toilet Rolls,NON FOOD,2,17,0,0.00%,17,0.02%,0.02%
TOBLERONE MILK 100GM,CS Chocolate ,FOOD,2,17,0,0.00%,17,0.02%,0.02%
ALPRO SOYAMilkVanilaFlvr1L,CS Packet Juice,BEVERAGE,1,16.75,0,0.00%,16.75,0.01%,0.02%
BAHLSEN LEIBNIZ ZOO 100GM,Biscuit & Cookies,FOOD,3,16.5,0,0.00%,16.5,0.03%,0.02%
BONNE MANAM BLACK BEERY PRESERVE,CS Can & Jar Food,FOOD,1,16.5,0,0.00%,16.5,0.01%,0.02%
BONNE MANAM RASPBERRY PRESERVE 3,CS Can & Jar Food,FOOD,1,16.5,0,0.00%,16.5,0.01%,0.02%
GROWERS PACKET ORIENTAL PEANUTS,CS Nuts & Seeds,FOOD,3,16.5,0,0.00%,16.5,0.03%,0.02%
LIFEBUOY BODYWASH LEMON FRESH 30,CS Bath & Shower,NON FOOD,1,16.5,0,0.00%,16.5,0.01%,0.02%
JUNGLE OAT TROPICAL FRUIT 500G,CS Cereal,FOOD,1,16.25,0,0.00%,16.25,0.01%,0.02%
12 OZ SOYA CAFFE LATTE,Coffee,FOOD,1,16,0,0.00%,16,0.01%,0.02%
12 OZ SOYA CAPPUCCINO,Coffee,FOOD,1,16,0,0.00%,16,0.01%,0.02%
AL AIN WATER 1.5 LITER,Water,BEVERAGE,8,16,0,0.00%,16,0.07%,0.02%
CLOROX WIPES DISINFECTING CITRUS,CS Cleaning Supplies,NON FOOD,1,16,0,0.00%,16,0.01%,0.02%
"FALCON PAPER PLATES 9"" 100PCS",CS Disposable,NON FOOD,2,16,0,0.00%,16,0.02%,0.02%
Granola,Dessert,FOOD,2,16,0,0.00%,16,0.02%,0.02%
ICED SOYA AMERICANO 12 OZ,Coffee,FOOD,1,16,0,0.00%,16,0.01%,0.02%
LAYS 40GM TOMATO KETCHUP,CS Chips & Snacks,FOOD,8,16,0,0.00%,16,0.07%,0.02%
PERRIER WATER 330ML,CS Water,BEVERAGE,4,16,0,0.00%,16,0.04%,0.02%
THE BERRY CO ACAI BERRY JUICE,Packet Juice,BEVERAGE,2,16,0,0.00%,16,0.02%,0.02%
THE BERRY CO BLACK TEA ELDERFLOW,Packet Juice,BEVERAGE,2,16,0,0.00%,16,0.02%,0.02%
THE BERRY CO GOJI BERRY JUICE,Packet Juice,BEVERAGE,2,16,0,0.00%,16,0.02%,0.02%
SCHOGETTEN PRALINE NOISETTES 100,CS Chocolate ,FOOD,3,15.75,0,0.00%,15.75,0.03%,0.02%
AXE STICK DARK TEMPTATION 40GM,CS Deodrants,NON FOOD,1,15.5,0,0.00%,15.5,0.01%,0.02%
JDS ALMOND THINS,Biscuit & Cookies,FOOD,1,15.5,0,0.00%,15.5,0.01%,0.02%
JlesDestrprChoc100g,Biscuit & Cookies,FOOD,1,15.5,0,0.00%,15.5,0.01%,0.02%
MENTOS BOTTLE 20% WHITE TUTTI FR,CS Mint & Gum,FOOD,2,15.5,0,0.00%,15.5,0.02%,0.02%
VASELINE BW MEN 2 IN 1 220ML,CS Bath & Shower,NON FOOD,1,15.5,0,0.00%,15.5,0.01%,0.02%
AL AIN MORNING CRANBERRY MUSELI ,CS Dairy ,FOOD,5,15,0,0.00%,15,0.05%,0.02%
AL MARAI KIWI LIME JUICE 300ML ,CS Packet Juice,BEVERAGE,5,15,0,0.00%,15,0.05%,0.02%
AL MARAI STRAWBERRY JUICE 300ML,CS Packet Juice,BEVERAGE,5,15,0,0.00%,15,0.05%,0.02%
AlwaysUltraNightFresh6,CS Sanitary Care,NON FOOD,2,15,0,0.00%,15,0.02%,0.02%
BEST 30GM SALTED CASHEWS,CS Nuts & Seeds,FOOD,3,15,0,0.00%,15,0.03%,0.02%
CADBURY DM CHOCOLATE 37GM,CS Chocolate ,FOOD,5,15,0,0.00%,15,0.05%,0.02%
CHICKEN MAIN,Main course,FOOD,1,15,0,0.00%,15,0.01%,0.02%
CocoPopsCMB20g,CS Cereal,FOOD,5,15,0,0.00%,15,0.05%,0.02%
DOVE ROLLON BEAUTY FINISH 50ML,CS Deodrants,NON FOOD,1,15,0,0.00%,15,0.01%,0.02%
ENERGIZER AA 4 PCS,CS Others,NON FOOD,1,15,0,0.00%,15,0.01%,0.02%
ENERGIZER AAA 6 PCS,CS Tissue & Toilet Rolls,NON FOOD,1,15,0,0.00%,15,0.01%,0.02%
GATORADE LEMON PET 500ML,CS Sports & Energy Drinks,BEVERAGE,3,15,0,0.00%,15,0.03%,0.02%
GATORADE ORANGE PET 500ML,CS Sports & Energy Drinks,BEVERAGE,3,15,0,0.00%,15,0.03%,0.02%
KAGI SWISS WAFERS SINGLE MINI 25,CS Mint & Gum,FOOD,5,15,0,0.00%,15,0.05%,0.02%
MentoGmBerryLime,CS Mint & Gum,FOOD,3,15,0,0.00%,15,0.03%,0.02%
MENTOS MINIS ASSORTED PACKET 250,CS Mint & Gum,FOOD,2,15,0,0.00%,15,0.02%,0.02%
RiceKrispiesCMB20g,CS Cereal,FOOD,5,15,0,0.00%,15,0.05%,0.02%
SNICKERS BAR,Chocolate,FOOD,3,15,0,0.00%,15,0.03%,0.02%
CLOROX ORIGINAL 1.89L 1/2 GALLON,CS Laundry Care,NON FOOD,1,14.75,0,0.00%,14.75,0.01%,0.02%
GLADE AIR INFUSIONS LILY & JASMI,CS Air Freshner,NON FOOD,1,14.5,0,0.00%,14.5,0.01%,0.02%
LIP ENG BREKFAST 15 PYRAMID TB,CS Tea,FOOD,1,14.5,0,0.00%,14.5,0.01%,0.02%
NIVEA STICK MEN INVISIBLE 40ML,CS Deodrants,NON FOOD,1,14.5,0,0.00%,14.5,0.01%,0.02%
NIVEA STICK WOMEN POWDER TOUCH 4,CS Deodrants,NON FOOD,1,14.5,0,0.00%,14.5,0.01%,0.02%
ALMARAI MILK FAT FREE1L,CS Dairy ,FOOD,2,14,0,0.00%,14,0.02%,0.02%
ALO APPEAL POMELO JUICE,Fresh Juices,FOOD,1,14,0,0.00%,14,0.01%,0.02%
AXE SHOWER GEL DARK TEMPTATION 2,CS Bath & Shower,NON FOOD,1,14,0,0.00%,14,0.01%,0.02%
Castania Peanuts60g,Peannuts,FOOD,2,14,0,0.00%,14,0.02%,0.02%
Chana Masala,Veggie,FOOD,1,14,0,0.00%,14,0.01%,0.02%
CROISSANT CHEESE,CS Bakery,FOOD,7,14,0,0.00%,14,0.07%,0.02%
FIRE FLY GRAPE FRUIT,Packet Juice,BEVERAGE,1,14,0,0.00%,14,0.01%,0.02%
FIREFLY WAKE UP PEACH,Tea,BEVERAGE,1,14,0,0.00%,14,0.01%,0.02%
FITA CRACKERS 150G,Biscuit & Cookies,FOOD,4,14,0,0.00%,14,0.04%,0.02%
FRUIT TELLA STRAWBERRY 39G,CS Mint & Gum,FOOD,8,14,0,0.00%,14,0.07%,0.02%
LADY CHOICE CHUNKY PEANUT BUTTER,CS Can & Jar Food,FOOD,1,14,0,0.00%,14,0.01%,0.02%
LAYS 40GM SALT,CS Chips & Snacks,FOOD,7,14,0,0.00%,14,0.07%,0.02%
NECTAFLOR PREMIUM FIGS 200GM,CS Dry Fruits,FOOD,1,14,0,0.00%,14,0.01%,0.02%
Peach ,CS Fresh Fruit,FOOD,7,14,0,0.00%,14,0.07%,0.02%
WALKERS SB FINGERS 40G,Biscuit & Cookies,FOOD,4,14,0,0.00%,14,0.04%,0.02%
BEST CAN PISTACHIOS SALTED 110GM,CS Nuts & Seeds,FOOD,1,13.75,0,0.00%,13.75,0.01%,0.02%
LINDT EXCELLENCE 90% CACOA 100GM,CS Chocolate ,FOOD,1,13.75,0,0.00%,13.75,0.01%,0.02%
BERRY CO BLUEBERRY JUICE 1L,CS Packet Juice,BEVERAGE,1,13.5,0,0.00%,13.5,0.01%,0.02%
DgstiveBiscuits400g,Biscuit & Cookies,FOOD,1,13.5,0,0.00%,13.5,0.01%,0.02%
FAIR & LOVELY FW ANTI MARKS 100G,CS Facial Care,NON FOOD,1,13.5,0,0.00%,13.5,0.01%,0.02%
LIPTON GREEN TEA CLASSIC TEA BAG,CS Tea,FOOD,2,13.5,0,0.00%,13.5,0.02%,0.02%
SLICED BREAD BROWN JUMBO,CS Bakery,FOOD,3,13.5,0,0.00%,13.5,0.03%,0.02%
CLOSEUP TP ICY WHITE MENTHOL BUR,CS Oral Care,NON FOOD,1,13,0,0.00%,13,0.01%,0.02%
CORNETTO I/C LOVE TOFFEE,CS Ice Cream,FOOD,2,13,0,0.00%,13,0.02%,0.02%
CORNETTO I/C LOVE VANILLA RASPBE,CS Ice Cream,FOOD,2,13,0,0.00%,13,0.02%,0.02%
JOHNSONS BODY WASH POMEGRANATE 2,CS Bath & Shower,NON FOOD,1,13,0,0.00%,13,0.01%,0.02%
LAYS CHILI 185GM,CS Chips & Snacks,FOOD,2,13,0,0.00%,13,0.02%,0.02%
UAE STICK FLAG SMALL 5PCS,CS Festival Non Food,NON FOOD,1,13,0,0.00%,13,0.01%,0.02%
CLEARLY SCRUMPTIOUS CRANBERRY 30,CS Dry Fruits,FOOD,1,12.75,0,0.00%,12.75,0.01%,0.02%
LUX BW AQUA SPARKLE 250ML,CS Bath & Shower,NON FOOD,1,12.75,0,0.00%,12.75,0.01%,0.02%
CAREFREE FLEXIFORM 18PCS,CS Sanitary Care,NON FOOD,1,12.5,0,0.00%,12.5,0.01%,0.02%
EXTRA BIG BOTTLE WATERMELON,CS Mint & Gum,FOOD,1,12.5,0,0.00%,12.5,0.01%,0.02%
TWIX TWIN BAR 50GM,CS Chocolate ,FOOD,5,12.5,0,0.00%,12.5,0.05%,0.02%
ALPEN BAR FRUIT NUT 28GM,CS Cereal,FOOD,3,12,0,0.00%,12,0.03%,0.02%
BEACON MARSHMALLOWS PINK & WHITE,CS Packet Food,FOOD,3,12,0,0.00%,12,0.03%,0.02%
CADBURY DM HAZELNUT 37GM,CS Chocolate ,FOOD,4,12,0,0.00%,12,0.04%,0.02%
ESPRESSO MACCHIATO DOUBLE,Coffee,FOOD,1,12,0,0.00%,12,0.01%,0.02%
EXTRA PELLET PEPPERMINT GUM,CS Mint & Gum,FOOD,6,12,0,0.00%,12,0.06%,0.02%
EXTRA PROFESSIONAL STRONG MINT G,CS Mint & Gum,FOOD,3,12,0,0.00%,12,0.03%,0.02%
GLAD GARBAGE BAG MEDIUM 35L X 30,CS Tissue & Toilet Rolls,NON FOOD,1,12,0,0.00%,12,0.01%,0.02%
GLASS OF SOYA MILK,Soya Milk,FOOD,2,12,0,0.00%,12,0.02%,0.02%
Jalapenos,Pizza,FOOD,2,12,0,0.00%,12,0.02%,0.02%
LABELLO ORIGINAL CLASSIC CARE 4.,CS Facial Care,NON FOOD,1,12,0,0.00%,12,0.01%,0.02%
Lacnor Full Fat Milk 1L ,CS Dairy ,BEVERAGE,3,12,0,0.00%,12,0.03%,0.02%
LAYS FRENCH CHEESE 185GM,CS Chips & Snacks,FOOD,2,12,0,0.00%,12,0.02%,0.02%
LIPTON PYRAMID FOREST FRUIT TEA,CS Tea,FOOD,1,12,0,0.00%,12,0.01%,0.02%
LIPTON YELLOW LABEL TEA BAG 25PC,CS Tea,FOOD,2,12,0,0.00%,12,0.02%,0.02%
NATURE VALLEY OATS & HONEY,CS Cereal,FOOD,4,12,0,0.00%,12,0.04%,0.02%
NECTAFLOR PREMIUM RAISINS 200GM,CS Dry Fruits,FOOD,1,12,0,0.00%,12,0.01%,0.02%
POKKA ICED TEA PEACH 500ML,CS Packet Juice,BEVERAGE,4,12,0,0.00%,12,0.04%,0.02%
PRINGLES 40GM HOT & SPICY,CS Chips & Snacks,FOOD,3,12,0,0.00%,12,0.03%,0.02%
SCHOGETTEN TROLOGIA 100GM,CS Chocolate ,FOOD,2,12,0,0.00%,12,0.02%,0.02%
SCHWEPPES TONIC WATER CAN 300M,CS Soft Drinks,BEVERAGE,8,12,0,0.00%,12,0.07%,0.02%
SMINT POCKET LEMON ,CS Mint & Gum,FOOD,2,12,0,0.00%,12,0.02%,0.02%
VIVANI BAR CREAMY CARAMEL 40G,CS Organic Food,FOOD,2,12,0,0.00%,12,0.02%,0.02%
BEST CAN ALMONDS SALTED 110GM,CS Nuts & Seeds,FOOD,1,11.75,0,0.00%,11.75,0.01%,0.02%
DOLMIO BOLOGNESE SPICY SAUCE 500,CS Sauce,FOOD,1,11.5,0,0.00%,11.5,0.01%,0.02%
DOMESTOS BLEACH LEMON FRESH 750M,CS Cleaning Supplies,NON FOOD,1,11.5,0,0.00%,11.5,0.01%,0.02%
SMINT POCKET WILDBERRY,CS Mint & Gum,FOOD,2,11.5,0,0.00%,11.5,0.02%,0.02%
BAHLSEN LEIBNIZ MINIS BUTTER 100,Biscuit & Cookies,FOOD,2,11,0,0.00%,11,0.02%,0.02%
BAYARA GRAM FLOUR 400GM,CS Coocking & Baking,FOOD,4,11,0,0.00%,11,0.04%,0.02%
DOVE BEAUTY CREAM 150ML,CS Body Care,NON FOOD,1,11,0,0.00%,11,0.01%,0.02%
HANSAPLAST AQUA PROTECT 100% 20 ,CS Others,NON FOOD,1,11,0,0.00%,11,0.01%,0.02%
JOHNSONS COTTON PADS 80 PCS,CS Facial Care,NON FOOD,1,11,0,0.00%,11,0.01%,0.02%
LUX HW SECRET BLISS 250ML,CS Soap & Handwash,NON FOOD,1,11,0,0.00%,11,0.01%,0.02%
LUX HW SILK SENSATION 250ML,CS Shampoo & Conditioner,NON FOOD,1,11,0,0.00%,11,0.01%,0.02%
BREAD ROLL ENGLISH BROWN,CS Bakery,FOOD,3,10.5,0,0.00%,10.5,0.03%,0.01%
"BUN BREAD SEASAME 4"" 6 PCS",CS Bakery,FOOD,3,10.5,0,0.00%,10.5,0.03%,0.01%
CROISSANT HI BUTTER PLAIN,CS Bakery,FOOD,3,10.5,0,0.00%,10.5,0.03%,0.01%
DOUGHNUT ICING WHITE,CS Bakery,FOOD,7,10.5,0,0.00%,10.5,0.07%,0.01%
FAMILIA 50GM MUESLI CHOCO,CS Cereal,FOOD,3,10.5,0,0.00%,10.5,0.03%,0.01%
VITA COCO PINEAPPLE 330ML,Convenience Beverages,BEVERAGE,1,10.5,0,0.00%,10.5,0.01%,0.01%
VOLVIC WATER 330ML,CS Water,BEVERAGE,3,10.5,0,0.00%,10.5,0.03%,0.01%
WALKERS SB HIGHLANDERS 40G,Biscuit & Cookies,FOOD,3,10.5,0,0.00%,10.5,0.03%,0.01%
LABELLO MEN ACTIVE CARE 4.8G,CS Facial Care,NON FOOD,1,10.25,0,0.00%,10.25,0.01%,0.01%
AL MARAI PA ORANGE 300ML,CS Packet Juice,BEVERAGE,4,10,0,0.00%,10,0.04%,0.01%
AL RABIE MANGO PASSION 330ML,CS Fresh Juice,BEVERAGE,4,10,0,0.00%,10,0.04%,0.01%
AM KIWI & LIME 300ml,CS Packet Juice,BEVERAGE,4,10,0,0.00%,10,0.04%,0.01%
Castania Fried Peanut 60g,CS Nuts & Seeds,FOOD,2,10,0,0.00%,10,0.02%,0.01%
CERES CRANBERRY KIWI JUICE 1L,CS Packet Juice,BEVERAGE,1,10,0,0.00%,10,0.01%,0.01%
Cookie,Dessert,FOOD,2,10,0,0.00%,10,0.02%,0.01%
GATORADE GRAPE PET 500ML,CS Sports & Energy Drinks,BEVERAGE,2,10,0,0.00%,10,0.02%,0.01%
LAYS 40GM CHILLI,CS Chips & Snacks,FOOD,5,10,0,0.00%,10,0.05%,0.01%
LAYS FORNO CHEESE 43G,CHIPS,FOOD,2,10,0,0.00%,10,0.02%,0.01%
LAYS FORNO CHEESE 43GM,CS Chips & Snacks,FOOD,4,10,0,0.00%,10,0.04%,0.01%
Masafi Water1.5Ltr,Water,BEVERAGE,5,10,0,0.00%,10,0.05%,0.01%
MIXED NUT & CEREAL 8 OZ,Peannuts,FOOD,1,10,0,0.00%,10,0.01%,0.01%
SAFA BAKING PWDR100G,CS Coocking & Baking,FOOD,4,10,0,0.00%,10,0.04%,0.01%
SUNSILK SHAMPOO HAIR FALL 200ML,CS Shampoo & Conditioner,NON FOOD,1,10,0,0.00%,10,0.01%,0.01%
BEST CAN MIXED NUTS 110GM,CS Nuts & Seeds,FOOD,1,9.5,0,0.00%,9.5,0.01%,0.01%
JWLIGHTMEATOIL170G,CS Can & Jar Food,FOOD,1,9.5,0,0.00%,9.5,0.01%,0.01%
SCRUMMIES CHERRY CRANBERRIES 20G,CS Dry Fruits,FOOD,2,9.5,0,0.00%,9.5,0.02%,0.01%
GLAD GARBAGE BAG SMALL 20L X 30,CS Bags/Foil/Wraps,NON FOOD,1,9.25,0,0.00%,9.25,0.01%,0.01%
AL RABIE ORANGE PEACH 330ML,Fresh Juices,BEVERAGE,3,9,0,0.00%,9,0.03%,0.01%
CERES RUBY GRAPE FRUIT JUICE 1L,CS Packet Juice,BEVERAGE,1,9,0,0.00%,9,0.01%,0.01%
COKE LIGHT CAN 300ML,CS Soft Drinks,BEVERAGE,6,9,0,0.00%,9,0.06%,0.01%
Cremecaramel100g,CS Dairy ,FOOD,6,9,0,0.00%,9,0.06%,0.01%
CROISSANT PLAIN,CS Bakery,FOOD,6,9,0,0.00%,9,0.06%,0.01%
LACNOR MILK STRAWBERRY 180ML,CS Packet Juice,BEVERAGE,6,9,0,0.00%,9,0.06%,0.01%
NATURE VALLEY APPLE CRIS,CS Cereal,FOOD,3,9,0,0.00%,9,0.03%,0.01%
Potato Wedges,Extras,FOOD,1,9,0,0.00%,9,0.01%,0.01%
PRINGLES KETCHUP 165GM,CS Chips & Snacks,FOOD,1,9,0,0.00%,9,0.01%,0.01%
Rainbow Low Fat 160ml,CS Dairy ,FOOD,3,9,0,0.00%,9,0.03%,0.01%
SLICED BREAD WHITE MEDIUM,CS Bakery,FOOD,3,9,0,0.00%,9,0.03%,0.01%
TAMRAH CHOCO DARK ZIPPER BAG 100,CS Dry Fruits,FOOD,1,9,0,0.00%,9,0.01%,0.01%
TOBLETOBLERONE MILK 35GM,CS Chocolate ,FOOD,3,9,0,0.00%,9,0.03%,0.01%
ENERGIZER AAA 2 PCS,CS Others,NON FOOD,1,8.5,0,0.00%,8.5,0.01%,0.01%
VASELINE PETROLEUM JELLY 120M,CS Body Care,NON FOOD,1,8.5,0,0.00%,8.5,0.01%,0.01%
ADD CARAMEL DRIZZLE,Starbucks,FOOD,2,8,0,0.00%,8,0.02%,0.01%
ADD WHIPPED CREAM,Starbucks,FOOD,2,8,0,0.00%,8,0.02%,0.01%
BOGUTTI CHOCOFIT CHOCO CRANBERRY,Biscuit & Cookies,FOOD,1,8,0,0.00%,8,0.01%,0.01%
BOGUTTI CHOCOFIT CHOCO HAZELNUT,Biscuit & Cookies,FOOD,1,8,0,0.00%,8,0.01%,0.01%
BREAKFAST TEA BAG,Tea,FOOD,1,8,0,0.00%,8,0.01%,0.01%
CHAMOMILE TEA BAG,Tea,FOOD,1,8,0,0.00%,8,0.01%,0.01%
COKE LIGHT PET 500ML,CS Soft Drinks,BEVERAGE,4,8,0,0.00%,8,0.04%,0.01%
COKE PET 500ML,CS Soft Drinks,BEVERAGE,4,8,0,0.00%,8,0.04%,0.01%
CROISSANT HI BUTTER ZATAR,CS Bakery,FOOD,2,8,0,0.00%,8,0.02%,0.01%
DOUGHNUT PLAIN,CS Bakery,FOOD,4,8,0,0.00%,8,0.04%,0.01%
EXTRA PROFESSIONAL FRESH MINT GU,CS Mint & Gum,FOOD,2,8,0,0.00%,8,0.02%,0.01%
FOUNTAIN SODA SMALL,Softdrinks,BEVERAGE,4,8,0,0.00%,8,0.04%,0.01%
GLASS OF MILK,Milk,FOOD,2,8,0,0.00%,8,0.02%,0.01%
HEINZ TUNA CHUNKS OIL TIN 185GM,CS Can & Jar Food,FOOD,1,8,0,0.00%,8,0.01%,0.01%
Khubus Bread,Breakfast,FOOD,4,8,0,0.00%,8,0.04%,0.01%
KNORR CUP SOUP TOMATO 4 SACHET,CS Packet Food,FOOD,1,8,0,0.00%,8,0.01%,0.01%
LAYS KETCHUP 40G,CHIPS,FOOD,2,8,0,0.00%,8,0.02%,0.01%
Mixed Salad&Pitta,Extras,FOOD,1,8,0,0.00%,8,0.01%,0.01%
REDBULL REGULAR,Energy Drinks,BEVERAGE,1,8,0,0.00%,8,0.01%,0.01%
SLICED BREAD WHITE JUMBO,CS Bakery,FOOD,2,8,0,0.00%,8,0.02%,0.01%
SMINT CANDY GUM PEPPERMINT 14.2G,CS Mint & Gum,FOOD,2,8,0,0.00%,8,0.02%,0.01%
TEA BAG MOROCCAN,Tea,FOOD,1,8,0,0.00%,8,0.01%,0.01%
AM Chd Sli 200,CS Dairy ,FOOD,1,7.5,0,0.00%,7.5,0.01%,0.01%
BAYARA SALTED PISTACHIOS 50GM,CS Dry Fruits,FOOD,2,7.5,0,0.00%,7.5,0.02%,0.01%
BEST 30GM SALTED PEANUTS,CS Nuts & Seeds,FOOD,5,7.5,0,0.00%,7.5,0.05%,0.01%
COKE CAN 300ML,CS Soft Drinks,BEVERAGE,5,7.5,0,0.00%,7.5,0.05%,0.01%
CROISSANT ZATAR,CS Bakery,FOOD,3,7.5,0,0.00%,7.5,0.03%,0.01%
NESCAFE SACHET RED MUG 1 PCS,CS Coffee,FOOD,10,7.5,0,0.00%,7.5,0.09%,0.01%
Add Mini PastryCombo,Dessert,FOOD,7,7,0,0.00%,7,0.07%,0.01%
Cheto Ches 210,CS Chips & Snacks,FOOD,1,7,0,0.00%,7,0.01%,0.01%
Cinammon Rolls,Breakfast,FOOD,1,7,0,0.00%,7,0.01%,0.01%
Tide HS MB260g ,CS Laundry Care,NON FOOD,2,7,0,0.00%,7,0.02%,0.01%
ALWAYS LARGE WINGS 10 PCS,CS Sanitary Care,NON FOOD,1,6.5,0,0.00%,6.5,0.01%,0.01%
BOGUTTI AMERICAN COOKIES HAZELNU,Biscuit & Cookies,FOOD,1,6.5,0,0.00%,6.5,0.01%,0.01%
BOGUTTI AMERICAN COOKIES RAISINS,Biscuit & Cookies,FOOD,1,6.5,0,0.00%,6.5,0.01%,0.01%
FUN24OZMLTI,CS Disposable,NON FOOD,1,6.5,0,0.00%,6.5,0.01%,0.01%
FUN32OZMLTI,CS Disposable,NON FOOD,1,6.5,0,0.00%,6.5,0.01%,0.01%
LAYS SALT 185GM,CS Chips & Snacks,FOOD,1,6.5,0,0.00%,6.5,0.01%,0.01%
LAYS SALT VINEGAR 185GM,CS Chips & Snacks,FOOD,1,6.5,0,0.00%,6.5,0.01%,0.01%
LAYS TOMATO KETCHUP 185GM,CS Chips & Snacks,FOOD,1,6.5,0,0.00%,6.5,0.01%,0.01%
TOBLERONE WHITE 35GM,CS Chocolate ,FOOD,2,6.5,0,0.00%,6.5,0.02%,0.01%
JOHN WEST LIGHT TUNA CHUNKS BRIN,CS Coocking & Baking,FOOD,1,6.25,0,0.00%,6.25,0.01%,0.01%
7 UP CAN 355 ML,CS Soft Drinks,BEVERAGE,4,6,0,0.00%,6,0.04%,0.01%
BAHLSEN LEIBNIZ MINIS CHOCO 100G,Biscuit & Cookies,FOOD,1,6,0,0.00%,6,0.01%,0.01%
Chicken Tikka,Pizza,FOOD,1,6,0,0.00%,6,0.01%,0.01%
COCA COAL LIGHT PET 500ML,Softdrinks,BEVERAGE,1,6,0,0.00%,6,0.01%,0.01%
DOUGHNUT JAM,CS Bakery,FOOD,4,6,0,0.00%,6,0.04%,0.01%
Extra Cheese,Cheese,FOOD,2,6,0,0.00%,6,0.02%,0.01%
EXTRA PELLET STRAWBERRY GUM,Biscuit & Cookies,FOOD,3,6,0,0.00%,6,0.03%,0.01%
EXTRA PELLET WHITE GUM,CS Mint & Gum,FOOD,3,6,0,0.00%,6,0.03%,0.01%
Ferrarelle 500Ml ,CS Water,BEVERAGE,1,6,0,0.00%,6,0.01%,0.01%
Fruit&NCadbry40g,CS Chocolate ,FOOD,2,6,0,0.00%,6,0.02%,0.01%
Grilled Veg Olives,Pizza,FOOD,1,6,0,0.00%,6,0.01%,0.01%
PEPSI CAN 355ML ,CS Soft Drinks,BEVERAGE,4,6,0,0.00%,6,0.04%,0.01%
Pineapple,Pizza,FOOD,1,6,0,0.00%,6,0.01%,0.01%
SCHWEPPES GINGER ALE 300M,CS Soft Drinks,BEVERAGE,4,6,0,0.00%,6,0.04%,0.01%
CADBURY DM FRUIT & NUT 100GM,CS Chocolate ,FOOD,1,5.5,0,0.00%,5.5,0.01%,0.01%
COLGATE TP 125ML,CS Oral Care,NON FOOD,1,5.5,0,0.00%,5.5,0.01%,0.01%
FUN16OZMLTI,CS Disposable,NON FOOD,1,5.5,0,0.00%,5.5,0.01%,0.01%
GYMA DIJON MUSTARD 200G,CS Sauce,FOOD,1,5.5,0,0.00%,5.5,0.01%,0.01%
AL MARAI APPLE JUICE 300ML,CS Packet Juice,BEVERAGE,2,5,0,0.00%,5,0.02%,0.01%
Castania Peanut 60g,CS Nuts & Seeds,FOOD,1,5,0,0.00%,5,0.01%,0.01%
COKE LIGHT LARGE 2.25L,CS Soft Drinks,BEVERAGE,1,5,0,0.00%,5,0.01%,0.01%
FANTA LARGE 2.25L,CS Soft Drinks,BEVERAGE,1,5,0,0.00%,5,0.01%,0.01%
PEPSI LARGE 2.25L,CS Soft Drinks,BEVERAGE,1,5,0,0.00%,5,0.01%,0.01%
SCHOGETTEN HAZELNUT100G,CS Chocolate ,FOOD,1,5,0,0.00%,5,0.01%,0.01%
SCHOGETTEN KIDS 100GM,CS Chocolate ,FOOD,1,5,0,0.00%,5,0.01%,0.01%
SCHOGETTEN STARCIA 100GM,CS Chocolate ,FOOD,1,5,0,0.00%,5,0.01%,0.01%
SPRITE LARGE 2.25L,CS Soft Drinks,BEVERAGE,1,5,0,0.00%,5,0.01%,0.01%
TOBLERONE 50GM,CS Chocolate ,FOOD,1,5,0,0.00%,5,0.01%,0.01%
VASELINE PETROLEUM JELLY 60ML,CS Body Care,NON FOOD,1,5,0,0.00%,5,0.01%,0.01%
ARIEL 260GM BLUE,CS Laundry Care,NON FOOD,1,4.5,0,0.00%,4.5,0.01%,0.01%
COKE ZERO CAN 300M,CS Soft Drinks,BEVERAGE,3,4.5,0,0.00%,4.5,0.03%,0.01%
LIFEBUOYLEMONFRESHSOAP125G,CS Soap & Handwash,NON FOOD,1,4.5,0,0.00%,4.5,0.01%,0.01%
LifebuoyPwBarVitaprotect125g,CS Soap & Handwash,NON FOOD,1,4.5,0,0.00%,4.5,0.01%,0.01%
THAI CHOICE SHRIMP,CS Pasta & Noodles,FOOD,1,4.5,0,0.00%,4.5,0.01%,0.01%
ADD CARAMEL DRIZZLE,Starbucks,FOOD,1,4,0,0.00%,4,0.01%,0.01%
BAYARA CINNAMON POWDER BOTTLE 10,CS Spices & Herbs,FOOD,1,4,0,0.00%,4,0.01%,0.01%
BAYARA FGINGER POWDER BOTTLE 100,CS Spices & Herbs,FOOD,1,4,0,0.00%,4,0.01%,0.01%
BAYARA POWDER BOTTLE 100ML,CS Spices & Herbs,FOOD,1,4,0,0.00%,4,0.01%,0.01%
CAPRISUN STRAWBERY ,CS Packet Juice,BEVERAGE,4,4,0,0.00%,4,0.04%,0.01%
FANTA ORANGE CAN,Softdrinks,BEVERAGE,1,4,0,0.00%,4,0.01%,0.01%
LAYS 40GM FRENCH CHEESE,CS Chips & Snacks,FOOD,2,4,0,0.00%,4,0.02%,0.01%
LAYS CHILLI 40G,CHIPS,FOOD,1,4,0,0.00%,4,0.01%,0.01%
LAYS SALT 40G,CHIPS,FOOD,1,4,0,0.00%,4,0.01%,0.01%
PEPSI DIET PET 500M,CS Soft Drinks,BEVERAGE,2,4,0,0.00%,4,0.02%,0.01%
YoghurtApri100g,CS Dairy ,FOOD,2,4,0,0.00%,4,0.02%,0.01%
MENTOS CHEWY RAINBOW 30GM,CS Mint & Gum,FOOD,3,3.75,0,0.00%,3.75,0.03%,0.01%
Comb Large ,CS Others,NON FOOD,2,3.5,0,0.00%,3.5,0.02%,0.00%
KOKA CUP CHICKEN,CS Pasta & Noodles,FOOD,1,3.5,0,0.00%,3.5,0.01%,0.00%
KOKA CUP MUSHROOM,CS Pasta & Noodles,FOOD,1,3.5,0,0.00%,3.5,0.01%,0.00%
KOKA CUP SEAFOOD,CS Pasta & Noodles,FOOD,1,3.5,0,0.00%,3.5,0.01%,0.00%
LUX BAR SECRET BLISS 120GM,CS Soap & Handwash,NON FOOD,1,3.5,0,0.00%,3.5,0.01%,0.00%
LUX BAR WAKE ME UP 120GM,CS Soap & Handwash,NON FOOD,1,3.5,0,0.00%,3.5,0.01%,0.00%
Walkers Short Bread40g,Biscuits,FOOD,1,3.5,0,0.00%,3.5,0.01%,0.00%
A/G KIDNEY BEANS DARK RED 400G,CS Can & Jar Food,FOOD,1,3.25,0,0.00%,3.25,0.01%,0.00%
AL AIN MORNING MANGO MUSELI 250G,CS Dairy ,FOOD,1,3,0,0.00%,3,0.01%,0.00%
AL MARAI FRESH MILK LOW FAT 500M,CS Dairy ,FOOD,1,3,0,0.00%,3,0.01%,0.00%
AL MARAI LABAN FULL FAT 360ML,CS Dairy ,FOOD,1,3,0,0.00%,3,0.01%,0.00%
BEST 30GM SALTED PISTACHIO,CS Nuts & Seeds,FOOD,1,3,0,0.00%,3,0.01%,0.00%
Canadian Maple Syrup,Cereal Bar,FOOD,1,3,0,0.00%,3,0.01%,0.00%
CAPRISUN APPLE,CS Packet Juice,BEVERAGE,3,3,0,0.00%,3,0.03%,0.00%
CAPRISUN MANGO,CS Packet Juice,BEVERAGE,3,3,0,0.00%,3,0.03%,0.00%
GALAXY HAZELNUT 40GM,CS Chocolate ,FOOD,1,3,0,0.00%,3,0.01%,0.00%
MOUNTAIN DEW CAN 335ML ,CS Soft Drinks,BEVERAGE,2,3,0,0.00%,3,0.02%,0.00%
NATURE VALLEY ROASTED ALMOND,CS Cereal,FOOD,1,3,0,0.00%,3,0.01%,0.00%
SPRIGHT LIGHT CAN 355M,CS Soft Drinks,BEVERAGE,2,3,0,0.00%,3,0.02%,0.00%
SPRITE CAN 355ML,CS Soft Drinks,BEVERAGE,2,3,0,0.00%,3,0.02%,0.00%
BAYARA SALT BOTTLE 100ML,CS Coocking & Baking,FOOD,1,2.75,0,0.00%,2.75,0.01%,0.00%
PERRIER WATER SLIM CAN 250ML,Convenience Beverages,BEVERAGE,1,2.75,0,0.00%,2.75,0.01%,0.00%
AL RABIE PINEAPPLE 330ML,CS Packet Juice,BEVERAGE,1,2.5,0,0.00%,2.5,0.01%,0.00%
CLOROX HEAVY DUTY SCOURER 1PCS,CS Cleaning Supplies,NON FOOD,1,2.5,0,0.00%,2.5,0.01%,0.00%
MENTOS CHEWY MINT 30GM,CS Mint & Gum,FOOD,2,2.5,0,0.00%,2.5,0.02%,0.00%
NESCAFE CAPPUCINO SACHET 1PCS,CS Coffee,FOOD,1,2.25,0,0.00%,2.25,0.01%,0.00%
AL AIN KIWI APPLE YOGHURT 125GM,CS Dairy ,FOOD,1,2,0,0.00%,2,0.01%,0.00%
KIT KAT 2 FINGERS,CS Chocolate ,FOOD,2,2,0,0.00%,2,0.02%,0.00%
Nutra Van90gm,Biscuit & Cookies,FOOD,1,2,0,0.00%,2,0.01%,0.00%
Nutro Straw90gm,Biscuit & Cookies,FOOD,1,2,0,0.00%,2,0.01%,0.00%
SPRITE PET 500ML,CS Soft Drinks,BEVERAGE,1,2,0,0.00%,2,0.01%,0.00%
TEA,Tea,FOOD,1,2,0,0.00%,2,0.01%,0.00%
SAFETY MATCH STICK BOX,CS Non Food,NON FOOD,1,1.75,0,0.00%,1.75,0.01%,0.00%
AL MARAI YOGHURT FULL CREAM 170G,CS Dairy ,FOOD,1,1.5,0,0.00%,1.5,0.01%,0.00%
BEST 13GM ALMOND,CS Nuts & Seeds,FOOD,1,1.5,0,0.00%,1.5,0.01%,0.00%
LACNOR MILK BANANA 180ML,CS Packet Juice,BEVERAGE,1,1.5,0,0.00%,1.5,0.01%,0.00%
LACNOR PINEAPPLE180ml,CS Packet Juice,BEVERAGE,1,1.5,0,0.00%,1.5,0.01%,0.00%
LACNOR STRAWBERRY JUICE 180ML,CS Packet Juice,BEVERAGE,1,1.5,0,0.00%,1.5,0.01%,0.00%
SAFETY MATCH STICK BOX 2PCS,CS Others,NON FOOD,2,1,0,0.00%,1,0.02%,0.00%
Al Ain 1.5 L,Water,BEVERAGE,9,0,0,0.00%,0,0.08%,0.00%
Coca Cola,Softdrinks,BEVERAGE,4,0,0,0.00%,0,0.04%,0.00%
Coffee Filter,Tea,BEVERAGE,8,0,0,0.00%,0,0.07%,0.00%
Fanta,Softdrinks,BEVERAGE,3,0,0,0.00%,0,0.03%,0.00%
Mountain Dew,Softdrinks,BEVERAGE,2,0,0,0.00%,0,0.02%,0.00%
Pepsi,Softdrinks,BEVERAGE,3,0,0,0.00%,0,0.03%,0.00%
SPRITE LIGHT CAN,Softdrinks,BEVERAGE,5,0,0,0.00%,0,0.05%,0.00%
Tea Regular,Tea,BEVERAGE,8,0,0,0.00%,0,0.07%,0.00%
TOTAL*,,,"9,215","73,211.75",0,0.00%,"73,211.75",85.64%,100.00%
,,,,,,,,,
