Menu Engineering Items Summary,,,,,,,,,
,,,,,,,,,
Business Dates,11/11/2015,,,,,,,,
Locations,"DEMO,UAE",,,,,,,,
Revenue Centers,All,,,,,,,,
Menu Items,All,,,,,,,,
,,,,,,,,,
Menu Item Name,Family Group,Major Group,Qty Sold,Net Sales,Prep Cost,Cost %,Margin Less Item Disc,% Qty,% Margin
Open Food,Open Food,FOOD,9,"7,667.00",0,0.00%,"7,667.00",0.08%,7.52%
Stud Meal Combo,Main course,FOOD,207,"6,180.00",0,0.00%,"6,180.00",1.78%,6.06%
Open Beverage,Open Beverage,BEVERAGE,1,"3,750.00",0,0.00%,"3,750.00",0.01%,3.68%
GLOBAL STREET MAIN,Main course,FOOD,140,"3,536.00",0,0.00%,"3,536.00",1.20%,3.47%
Student Breakfast,Breakfast,FOOD,113,"3,390.00",0,0.00%,"3,390.00",0.97%,3.33%
Buffet Meal,Main course,FOOD,153,"3,300.00",0,0.00%,"3,300.00",1.31%,3.24%
VEGGIE MEAL,Veggie,FOOD,73,"1,584.00",0,0.00%,"1,584.00",0.63%,1.55%
SERCO LUNCH,SERCO LUNCH,FOOD,82,"1,230.00",0,0.00%,"1,230.00",0.70%,1.21%
BUTTER FLY CHICKEN BREAST ,Grill,FOOD,49,"1,176.00",0,0.00%,"1,176.00",0.42%,1.15%
Slice of the Day,Pizza,FOOD,226,"1,130.00",0,0.00%,"1,130.00",1.94%,1.11%
MARINATED SALMON STEAK,Grill,FOOD,36,"1,080.00",0,0.00%,"1,080.00",0.31%,1.06%
Thai Red Chkn Curry,Main course,FOOD,37,"1,036.00",0,0.00%,"1,036.00",0.32%,1.02%
Margherita(V),Pizza,FOOD,40,"1,000.00",0,0.00%,"1,000.00",0.34%,0.98%
Classic Angus Burger,Burgers,FOOD,33,990,0,0.00%,990,0.28%,0.97%
MEAT PLATTER,Main course,FOOD,32,960,0,0.00%,960,0.28%,0.94%
FG MEDIUM BOWL,FEEL GOOD,FOOD,53,954,0,0.00%,954,0.46%,0.94%
Tenderloin Steak,Burgers,FOOD,31,930,0,0.00%,930,0.27%,0.91%
Chicken Steak,Grill,FOOD,37,888,0,0.00%,888,0.32%,0.87%
Take Away Box,Take Away Boxes,NON FOOD,275,825,0,0.00%,825,2.36%,0.81%
FG LARGE BOWL,FEEL GOOD,FOOD,30,780,0,0.00%,780,0.26%,0.77%
Smoked Salmon,Sandwiches,FOOD,31,775,0,0.00%,775,0.27%,0.76%
7 OZ DOUBLE SHOT ICED SHAKEN,Starbucks,FOOD,55,770,0,0.00%,770,0.47%,0.76%
12 OZ CAFFE LATTE,Starbucks,FOOD,63,756,0,0.00%,756,0.54%,0.74%
Green Thai Veg Curry,Main course,FOOD,27,756,0,0.00%,756,0.23%,0.74%
BBQ Glazed Chicken,Sandwiches,FOOD,34,714,0,0.00%,714,0.29%,0.70%
Fresh Fruit Pcs,Extras,FOOD,225,675,0,0.00%,675,1.93%,0.66%
Two Eggs ,Breakfast,FOOD,135,675,0,0.00%,675,1.16%,0.66%
Chicken Caesar,Salads,FOOD,26,650,0,0.00%,650,0.22%,0.64%
SERCO DINNER,SERCO DINNER,FOOD,43,645,0,0.00%,645,0.37%,0.63%
16 OZ CAFFE LATTE,Starbucks,FOOD,44,616,0,0.00%,616,0.38%,0.60%
CHICKEN CEASAR SALAD,Salads,FOOD,19,608,0,0.00%,608,0.16%,0.60%
Chicken Tikka,Sandwiches,FOOD,24,576,0,0.00%,576,0.21%,0.56%
Masafi Water500ml,Water,BEVERAGE,551,548,0,0.00%,548,4.74%,0.54%
Buffet Fruit Salad,Salads,FOOD,109,545,0,0.00%,545,0.94%,0.53%
CEASAR CHICKEN WRAP,Wraps,FOOD,16,544,0,0.00%,544,0.14%,0.53%
WALK IN LUNCH,WALK IN LUNCH,FOOD,54,540,0,0.00%,540,0.46%,0.53%
12 OZ CAPPUCHINO,Starbucks,FOOD,44,528,0,0.00%,528,0.38%,0.52%
Five a Day,Fresh Juices,BEVERAGE,22,528,0,0.00%,528,0.19%,0.52%
Falafel Tomato & Hummus(V),Sandwiches,FOOD,29,522,0,0.00%,522,0.25%,0.51%
Side Salad,Salads,FOOD,124,496,0,0.00%,496,1.07%,0.49%
12 OZ CAFFE AMERICANO,Starbucks,FOOD,47,470,0,0.00%,470,0.40%,0.46%
16 OZ CAPPUCHINO,Starbucks,FOOD,33,462,0,0.00%,462,0.28%,0.45%
Homemade Beef Burger,Burgers,FOOD,23,460,0,0.00%,460,0.20%,0.45%
CHICKEN ROCQUET CHEESE S/W,Sandwiches,FOOD,15,450,0,0.00%,450,0.13%,0.44%
SMOKED TURKEY S/W,Sandwiches,FOOD,13,442,0,0.00%,442,0.11%,0.43%
FRESH JUICE SMALL,Breakfast,FOOD,108,428,0,0.00%,428,0.93%,0.42%
Grilled Chicken Burger,Burgers,FOOD,17,408,0,0.00%,408,0.15%,0.40%
16 OZ ICED CAFFE LATTE,Starbucks,FOOD,27,394,0,0.00%,394,0.23%,0.39%
CHICKEN WRAP COMBO,Burgers,FOOD,10,380,0,0.00%,380,0.09%,0.37%
Smoked Turkey Ham Pasta,Salads,FOOD,17,374,0,0.00%,374,0.15%,0.37%
16 OZ CAFFE AMERICANO,Starbucks,FOOD,31,372,0,0.00%,372,0.27%,0.36%
Extra Portion Grill,Main course,FOOD,31,372,0,0.00%,372,0.27%,0.36%
Dessert,Dessert,FOOD,94,364,0,0.00%,364,0.81%,0.36%
SERCO BREAKFAST,SERCO BREAKFAST,FOOD,24,360,0,0.00%,360,0.21%,0.35%
4 OZ BURGER COMBO,Burgers,FOOD,9,342,0,0.00%,342,0.08%,0.34%
KELLOGS BARS DARK CHOCO 04PCX1PK,CS Cereal,FOOD,21,330.75,0,0.00%,330.75,0.18%,0.32%
Mongolian Beef,Main course,FOOD,15,330,0,0.00%,330,0.13%,0.32%
BLACK ANGUS CLUB 6 OZ,Burgers,FOOD,10,320,0,0.00%,320,0.09%,0.31%
DOUBLE ESSPRESSO,Starbucks,FOOD,26,312,0,0.00%,312,0.22%,0.31%
Super Food Salad (V),Salads,FOOD,13,312,0,0.00%,312,0.11%,0.31%
BRIE & TOMATO S/W,Sandwiches,FOOD,9,306,0,0.00%,306,0.08%,0.30%
AL AIN WATER 500ml,CS Water,BEVERAGE,304,304,0,0.00%,304,2.61%,0.30%
CHICKEN STACK,Burgers,FOOD,10,300,0,0.00%,300,0.09%,0.29%
REUBENS S/W,Sandwiches,FOOD,10,300,0,0.00%,300,0.09%,0.29%
Salmon Salad,Salads,FOOD,12,300,0,0.00%,300,0.10%,0.29%
Yoghurt,Yogurt,FOOD,75,300,0,0.00%,300,0.64%,0.29%
16 OZ ICED CARAMEL MACCHIATO,Starbucks,FOOD,16,296,0,0.00%,296,0.14%,0.29%
GRILLED CHICKEN & BACON S/W,Sandwiches,FOOD,8,280,0,0.00%,280,0.07%,0.27%
BEEF MEAL,Main course,FOOD,11,275,0,0.00%,275,0.09%,0.27%
LACNOR COCKTAIL 180ML,Fresh Juices,BEVERAGE,67,268,0,0.00%,268,0.58%,0.26%
Buffalo Chicken,Grill,FOOD,16,256,0,0.00%,256,0.14%,0.25%
16 OZ WHITE CHOCOLATE MOCHA,Starbucks,FOOD,15,255,0,0.00%,255,0.13%,0.25%
Beef sausage,Breakfast,FOOD,51,255,0,0.00%,255,0.44%,0.25%
FYO SHAWARMA,Main course,FOOD,17,255,0,0.00%,255,0.15%,0.25%
PRO BAR MEAL WHOLEBERRY BLAST 85,CS Cereal,FOOD,11,253,0,0.00%,253,0.09%,0.25%
BUTTERNUT & GOAT CHEESE SALAD ,Sandwiches,FOOD,7,252,0,0.00%,252,0.06%,0.25%
Yogurt Blueberry,Yoghurt Pots,FOOD,14,252,0,0.00%,252,0.12%,0.25%
CHICKEN MEAL ,Main course,FOOD,10,250,0,0.00%,250,0.09%,0.25%
Banana Pcs,CS Fresh Fruit,FOOD,244,244,0,0.00%,244,2.10%,0.24%
Yogurt Muesli Honey,Yoghurt Pots,FOOD,15,240,0,0.00%,240,0.13%,0.24%
12 OZ CARAMEL MACCHIATO,Starbucks,FOOD,15,225,0,0.00%,225,0.13%,0.22%
Chocolate Bar,Extras,FOOD,45,225,0,0.00%,225,0.39%,0.22%
FRESH GREEN SALAD,Salads,FOOD,14,224,0,0.00%,224,0.12%,0.22%
Soup,Extras,FOOD,37,222,0,0.00%,222,0.32%,0.22%
16 OZ ICED WHITE CHOCOLATE MOCHA,Starbucks,FOOD,12,219,0,0.00%,219,0.10%,0.21%
Digest dark200,Biscuit & Cookies,FOOD,16,216,0,0.00%,216,0.14%,0.21%
THE 3RD DATE,Milk Shake,BEVERAGE,9,216,0,0.00%,216,0.08%,0.21%
Cereal Portion,Breakfast,FOOD,30,210,0,0.00%,210,0.26%,0.21%
100 Dhs Rech,CS Others,NON FOOD,2,200,0,0.00%,200,0.02%,0.20%
VEG BURGER,Burgers,FOOD,10,200,0,0.00%,200,0.09%,0.20%
16 OZ ICED CAFE AMERICANO,Starbucks,FOOD,15,198,0,0.00%,198,0.13%,0.19%
FG SMALL BOWL,FEEL GOOD,FOOD,16,192,0,0.00%,192,0.14%,0.19%
LACNOR MILK CHOCOLATE,Flavoured Milk,BEVERAGE,48,192,0,0.00%,192,0.41%,0.19%
Mie Goreng,Main course,FOOD,8,192,0,0.00%,192,0.07%,0.19%
SIMPLE SHAWARMA,Main course,FOOD,24,192,0,0.00%,192,0.21%,0.19%
CROISSANT MEDIUM,PASTRIES,FOOD,27,189,0,0.00%,189,0.23%,0.19%
12 OZ VANILLA LATTE,Starbucks,FOOD,11,187,0,0.00%,187,0.09%,0.18%
Pesto Roasted Chicken,Sandwiches,FOOD,8,184,0,0.00%,184,0.07%,0.18%
FOOD DOCTOR BAR P/A & BANANA 35G,CS Organic Food,FOOD,21,183.75,0,0.00%,183.75,0.18%,0.18%
FRESH JUICE LARGE,Fresh Juices,FOOD,29,182,0,0.00%,182,0.25%,0.18%
12OZ WHITE CHOCOLATE MOCHA,Starbucks,FOOD,12,180,0,0.00%,180,0.10%,0.18%
Grilled Halloumi(V),Sandwiches,FOOD,9,180,0,0.00%,180,0.08%,0.18%
Go Large,Pizza,FOOD,22,176,0,0.00%,176,0.19%,0.17%
16 OZ VANILLA LATTE,Starbucks,FOOD,9,171,0,0.00%,171,0.08%,0.17%
Extra Topping,Pizza,FOOD,34,170,0,0.00%,170,0.29%,0.17%
Filter Coffee,Tea,FOOD,37,170,0,0.00%,170,0.32%,0.17%
VITA COCO PURE COCONUT WATER 330,CS Packet Juice,BEVERAGE,16,168,0,0.00%,168,0.14%,0.16%
12 OZ CAFFE MOCHA,Starbucks,FOOD,11,165,0,0.00%,165,0.09%,0.16%
COCA COLA CAN,Softdrinks,BEVERAGE,41,164,0,0.00%,164,0.35%,0.16%
GALLON WATER COUPON,CS Water,BEVERAGE,23,161,0,0.00%,161,0.20%,0.16%
16 OZ FRAPPUCINO CARAMEL,Starbucks,FOOD,8,160,0,0.00%,160,0.07%,0.16%
Yogurt Mango,Yoghurt Pots,FOOD,16,160,0,0.00%,160,0.14%,0.16%
Croissant,Breakfast,FOOD,22,154,0,0.00%,154,0.19%,0.15%
COCONUT WATER CAN,Packet Juice,BEVERAGE,38,152,0,0.00%,152,0.33%,0.15%
SWEET CHILLI SALMON SALAD,Sandwiches,FOOD,4,152,0,0.00%,152,0.03%,0.15%
Portion Protein,Main course,FOOD,15,150,0,0.00%,150,0.13%,0.15%
FG Juice Bottled,FEEL GOOD,FOOD,18,144,0,0.00%,144,0.15%,0.14%
PEACH & BASIL SMOOTHIE,Smoothies,BEVERAGE,6,144,0,0.00%,144,0.05%,0.14%
Tandoori Chicken,Pizza,FOOD,4,144,0,0.00%,144,0.03%,0.14%
Tuna Sweetcorn,Pre Packed Sandwiches,FOOD,9,144,0,0.00%,144,0.08%,0.14%
SINGLE ESSPRESSO,Starbucks,FOOD,14,140,0,0.00%,140,0.12%,0.14%
JDS BUTTER CRISPS,Biscuit & Cookies,FOOD,9,139.5,0,0.00%,139.5,0.08%,0.14%
SELPAK TOILET ROLL 7+2,CS Tissue & Toilet Rolls,NON FOOD,6,139.5,0,0.00%,139.5,0.05%,0.14%
BJORG ORGANIC CALCIUM ALMOND MIL,CS Organic Food,FOOD,5,138.75,0,0.00%,138.75,0.04%,0.14%
French Toast,Breakfast,FOOD,34,136,0,0.00%,136,0.29%,0.13%
AL AIN WATER 1.5L,CS Water,BEVERAGE,90,135,0,0.00%,135,0.77%,0.13%
CROISSANT MINI,Dessert,FOOD,47,135,0,0.00%,135,0.40%,0.13%
Filter Tea,Tea,FOOD,27,135,0,0.00%,135,0.23%,0.13%
TORCH CLUB STEAK S/W,Sandwiches,FOOD,3,135,0,0.00%,135,0.03%,0.13%
Banana Shake,Milk Shake,BEVERAGE,6,132,0,0.00%,132,0.05%,0.13%
DDR OETKER PEPPRONI PIZZA,CS Frozen Food,FOOD,5,131.25,0,0.00%,131.25,0.04%,0.13%
MAGNUM I/C DOUBLE CHOCOLATE,CS Ice Cream,FOOD,14,126,0,0.00%,126,0.12%,0.12%
Tropical Maki (6 Pcs),Sushi,FOOD,7,126,0,0.00%,126,0.06%,0.12%
RACHELS GREEK YOGHURT NATURAL 45,CS Dairy ,FOOD,5,122.5,0,0.00%,122.5,0.04%,0.12%
AL AIN FRESH MILK FULL FAT 2L,CS Dairy ,FOOD,12,120,0,0.00%,120,0.10%,0.12%
CHUNKY MONKEY,Milk Shake,BEVERAGE,5,120,0,0.00%,120,0.04%,0.12%
16 OZ CARAMEL MACCHIATO,Starbucks,FOOD,7,119,0,0.00%,119,0.06%,0.12%
POKKA PEACH ICED TEA CAN,Packet Juice,BEVERAGE,29,116,0,0.00%,116,0.25%,0.11%
BAYARA 1KG ALMOND,CS Nuts & Seeds,FOOD,2,115.5,0,0.00%,115.5,0.02%,0.11%
Portion Vegetable,Main course,FOOD,23,115,0,0.00%,115,0.20%,0.11%
CastaniaCashew,CS Nuts & Seeds,FOOD,5,112.5,0,0.00%,112.5,0.04%,0.11%
MAGNUM I/C WHITE,CS Ice Cream,FOOD,15,112.5,0,0.00%,112.5,0.13%,0.11%
COCA COLA ZERO CAN,Softdrinks,BEVERAGE,28,112,0,0.00%,112,0.24%,0.11%
JAYS POM PUNCH,Smoothies,BEVERAGE,4,112,0,0.00%,112,0.03%,0.11%
TEA BAG JASMINE GREEN,Tea,FOOD,14,112,0,0.00%,112,0.12%,0.11%
Pancakes,Breakfast,FOOD,37,111,0,0.00%,111,0.32%,0.11%
AL AIN FRESH MILK LOW FAT 2L,CS Dairy ,FOOD,11,110,0,0.00%,110,0.09%,0.11%
Baked beans,Breakfast,FOOD,22,110,0,0.00%,110,0.19%,0.11%
California Rolls(6Pcs),Sushi,FOOD,5,110,0,0.00%,110,0.04%,0.11%
Chicken Nuggets,Extras,FOOD,11,110,0,0.00%,110,0.09%,0.11%
MODERN BAKE CRANBERRY ENERGY BAR,CS Cereal,FOOD,20,110,0,0.00%,110,0.17%,0.11%
PPPPLEASE ME,Fresh Juices,BEVERAGE,5,110,0,0.00%,110,0.04%,0.11%
SWEET POTATO WEDGES,Main course,FOOD,11,110,0,0.00%,110,0.09%,0.11%
Three Cheese Spring Onion,Pre Packed Sandwiches,FOOD,11,110,0,0.00%,110,0.09%,0.11%
WALK IN DINNER,WALK IN DINNER,FOOD,11,110,0,0.00%,110,0.09%,0.11%
JDS ALMOND THINS,Biscuit & Cookies,FOOD,7,108.5,0,0.00%,108.5,0.06%,0.11%
BRIE & BACON S/W,Sandwiches,FOOD,3,108,0,0.00%,108,0.03%,0.11%
KIT KAT 4 FINGERS,CS Chocolate ,FOOD,34,108,0,0.00%,108,0.29%,0.11%
MOROCCAN LAMB BURGER,Burgers,FOOD,3,108,0,0.00%,108,0.03%,0.11%
Yoghurt,Yogurt,FOOD,9,108,0,0.00%,108,0.08%,0.11%
16 OZ SOYA CAFFE LATTE,Coffee,FOOD,5,105,0,0.00%,105,0.04%,0.10%
Guest Meal Combo,Main course,FOOD,6,105,0,0.00%,105,0.05%,0.10%
Isabella(V),Pizza,FOOD,3,105,0,0.00%,105,0.03%,0.10%
FETA & ROAST VEG PANINI,Sandwiches,FOOD,4,104,0,0.00%,104,0.03%,0.10%
PERRIER WATER 330ML,Water,BEVERAGE,17,102,0,0.00%,102,0.15%,0.10%
BLUE BERRY MUFFIN,Dessert,FOOD,10,100,0,0.00%,100,0.09%,0.10%
Chicken Sweetcorn,Pre Packed Sandwiches,FOOD,10,100,0,0.00%,100,0.09%,0.10%
CLASSIC FRIES,Main course,FOOD,20,100,0,0.00%,100,0.17%,0.10%
LACNOR APPLE 180ML,Fresh Juices,BEVERAGE,25,100,0,0.00%,100,0.21%,0.10%
PAPER BAG,BAGS,NON FOOD,100,100,0,0.00%,100,0.86%,0.10%
PEPSI CAN,Softdrinks,BEVERAGE,25,100,0,0.00%,100,0.21%,0.10%
Brownie,Dessert,FOOD,7,98,0,0.00%,98,0.06%,0.10%
NUTELLA 400GM,CS Can & Jar Food,FOOD,4,98,0,0.00%,98,0.03%,0.10%
AL AIN FRESH MANGO JUICE 330ML,CS Packet Juice,BEVERAGE,12,96,0,0.00%,96,0.10%,0.09%
Double Trouble,Milk Shake,BEVERAGE,4,96,0,0.00%,96,0.03%,0.09%
FRIED CHICKEN WRAP,Burgers,FOOD,3,96,0,0.00%,96,0.03%,0.09%
Hawaiian,Pizza,FOOD,3,96,0,0.00%,96,0.03%,0.09%
HIT THE ROOF,Milk Shake,BEVERAGE,4,96,0,0.00%,96,0.03%,0.09%
French Fries,Extras,FOOD,15,90,0,0.00%,90,0.13%,0.09%
Go Green,Milk Shake,BEVERAGE,5,90,0,0.00%,90,0.04%,0.09%
12 OZ HOT CHOCOLATE,Starbucks,FOOD,5,89,0,0.00%,89,0.04%,0.09%
FINE TOILET ROLLS 2PLY X 10 PCS ,CS Tissue & Toilet Rolls,NON FOOD,6,88.5,0,0.00%,88.5,0.05%,0.09%
Greek Salad,Salads,FOOD,4,88,0,0.00%,88,0.03%,0.09%
16 OZ ICED CHOCOLATE,Starbucks,FOOD,5,87,0,0.00%,87,0.04%,0.09%
12 OZ SIGNATURE HOT CHOCOLATE,Starbucks,FOOD,5,85,0,0.00%,85,0.04%,0.08%
16 OZ CAFFE MOCHA,Starbucks,FOOD,5,85,0,0.00%,85,0.04%,0.08%
AL SHIFA 400GM SQUEEZE HONEY,CS Can & Jar Food,FOOD,3,84,0,0.00%,84,0.03%,0.08%
AMERICAN 4 OZ,Burgers,FOOD,3,84,0,0.00%,84,0.03%,0.08%
CHUCKS MAN OH MANGO,Smoothies,BEVERAGE,3,84,0,0.00%,84,0.03%,0.08%
MARKOS TOP BANANA,Smoothies,BEVERAGE,3,84,0,0.00%,84,0.03%,0.08%
NIVEA WIPES GENTLE CLEANSING 25P,CS Tissue & Toilet Rolls,NON FOOD,3,84,0,0.00%,84,0.03%,0.08%
SMINT POCKET PEPPERMINT,CS Mint & Gum,FOOD,14,84,0,0.00%,84,0.12%,0.08%
VANIAS SPRING GREEN,Smoothies,BEVERAGE,3,84,0,0.00%,84,0.03%,0.08%
ALPRO SOYAMilkVanilaFlvr1L,CS Packet Juice,BEVERAGE,5,83.75,0,0.00%,83.75,0.04%,0.08%
ORAL B MOUTH WASH MULTI PROTECT ,CS Oral Care,NON FOOD,4,82,0,0.00%,82,0.03%,0.08%
Valley Crunchy,Cereal Bar,FOOD,27,81,0,0.00%,81,0.23%,0.08%
BRILLIANT BREAKFAST LOOSE TEA,Tea,FOOD,8,80,0,0.00%,80,0.07%,0.08%
Chicken Tandoori,Pre Packed Sandwiches,FOOD,8,80,0,0.00%,80,0.07%,0.08%
Egg Cress Mayonnaise,Pre Packed Sandwiches,FOOD,10,80,0,0.00%,80,0.09%,0.08%
LARGE STILL WATER PREMIUM,Water,BEVERAGE,4,80,0,0.00%,80,0.03%,0.08%
MENTOS BOTTLE PURE FRESH MINT,CS Mint & Gum,FOOD,8,80,0,0.00%,80,0.07%,0.08%
Mush/Spina/Tom.,Breakfast,FOOD,16,80,0,0.00%,80,0.14%,0.08%
Veg Fried Rice,Main course,FOOD,10,80,0,0.00%,80,0.09%,0.08%
RED BULL 250ML,CS Sports & Energy Drinks,BEVERAGE,11,78,0,0.00%,78,0.09%,0.08%
TUNA NICOISE SALAD,Salads,FOOD,3,78,0,0.00%,78,0.03%,0.08%
Toast,Breakfast,FOOD,77,77,0,0.00%,77,0.66%,0.08%
CLEARLY SCRUMPTIOUS CRANBERRY 30,CS Dry Fruits,FOOD,6,76.5,0,0.00%,76.5,0.05%,0.08%
GALAXY THICK SHAKE CARAMEL 300ML,Convenience Beverages,BEVERAGE,8,76,0,0.00%,76,0.07%,0.07%
LACNOR MANGO 180ML,Fresh Juices,BEVERAGE,19,76,0,0.00%,76,0.16%,0.07%
Meat Feast,Pizza,FOOD,2,76,0,0.00%,76,0.02%,0.07%
POKKA LEMON ICED TEA CAN,Packet Juice,BEVERAGE,19,76,0,0.00%,76,0.16%,0.07%
Bagel S. Salmon,Sandwiches,FOOD,3,75,0,0.00%,75,0.03%,0.07%
Beef Bacon,Breakfast,FOOD,15,75,0,0.00%,75,0.13%,0.07%
MAGNUM I/C CLASSIC,CS Ice Cream,FOOD,10,75,0,0.00%,75,0.09%,0.07%
OAT KING BAR MILK HONEY 95GM,CS Cereal,FOOD,5,72.5,0,0.00%,72.5,0.04%,0.07%
CheseTomatoCrossiant,Sandwiches,FOOD,4,72,0,0.00%,72,0.03%,0.07%
MARS BAR 51GM,CS Chocolate ,FOOD,19,71,0,0.00%,71,0.16%,0.07%
AL AIN FRESH GRAPEFRUIT JUICE330,CS Packet Juice,BEVERAGE,10,70,0,0.00%,70,0.09%,0.07%
Espresso Doppio,Nespresso,FOOD,5,70,0,0.00%,70,0.04%,0.07%
PEAR DRAGON LOOSE TEA,Tea,FOOD,7,70,0,0.00%,70,0.06%,0.07%
Rocco,Pizza,FOOD,2,70,0,0.00%,70,0.02%,0.07%
SCONES,Dessert,FOOD,7,70,0,0.00%,70,0.06%,0.07%
LINDT EXCELLENCE 85% CACOA 100GM,CS Chocolate ,FOOD,5,68.75,0,0.00%,68.75,0.04%,0.07%
7 UP CAN,Softdrinks,BEVERAGE,17,68,0,0.00%,68,0.15%,0.07%
OREO 704g,Biscuit & Cookies,FOOD,3,67.5,0,0.00%,67.5,0.03%,0.07%
FALAFEL BURGER,Burgers,FOOD,3,66,0,0.00%,66,0.03%,0.06%
Pepperoni,Pizza,FOOD,11,66,0,0.00%,66,0.09%,0.06%
Tuna Cheese Melt,Sandwiches,FOOD,3,66,0,0.00%,66,0.03%,0.06%
GILLETTE BLADE FUSION 4PCS,CS Mens Care,NON FOOD,1,65.25,0,0.00%,65.25,0.01%,0.06%
JOHNSONS COTTON BUDS 100PCS,CS Others,NON FOOD,5,65,0,0.00%,65,0.04%,0.06%
LISTERINE MW TARTAR CONTROL 250 ,CS Oral Care,NON FOOD,3,64.5,0,0.00%,64.5,0.03%,0.06%
COCA COLA DIET CAN,Softdrinks,BEVERAGE,16,64,0,0.00%,64,0.14%,0.06%
Mixed Juice,Fresh Juices,BEVERAGE,4,64,0,0.00%,64,0.03%,0.06%
MOUNTAIN DEW,Softdrinks,BEVERAGE,16,64,0,0.00%,64,0.14%,0.06%
Pain an Raisin,Dessert,FOOD,8,64,0,0.00%,64,0.07%,0.06%
TUNA & MAYO WRAP,Sandwiches,FOOD,2,64,0,0.00%,64,0.02%,0.06%
PRINGLES CHEESE 165GM,CS Chips & Snacks,FOOD,7,63,0,0.00%,63,0.06%,0.06%
PRINGLES ORIGINAL 165GM,CS Chips & Snacks,FOOD,7,63,0,0.00%,63,0.06%,0.06%
RED BULL SUGAR FREE 250ML,CS Sports & Energy Drinks,BEVERAGE,9,63,0,0.00%,63,0.08%,0.06%
TAMRAH CHOCO MILK ZIPPER BAG 100,CS Dry Fruits,FOOD,7,63,0,0.00%,63,0.06%,0.06%
ALPRO ALMOND MILK 1L,CS Dairy ,FOOD,3,61.5,0,0.00%,61.5,0.03%,0.06%
NIVEA SUN LOTION SPF 50 200ML,CS Body Care,NON FOOD,1,61,0,0.00%,61,0.01%,0.06%
Carrot Cake,Dessert,FOOD,5,60,0,0.00%,60,0.04%,0.06%
CheseTurkeyHamCrossiant,Sandwiches,FOOD,3,60,0,0.00%,60,0.03%,0.06%
CHOCOLATE BROWNIE ,Dessert,FOOD,5,60,0,0.00%,60,0.04%,0.06%
CocoPopsCMB20g,CS Cereal,FOOD,20,60,0,0.00%,60,0.17%,0.06%
GLAD GARBAGE BAG MEDIUM 35L X 30,CS Tissue & Toilet Rolls,NON FOOD,5,60,0,0.00%,60,0.04%,0.06%
MINI CARROT CAKE,Dessert,FOOD,5,60,0,0.00%,60,0.04%,0.06%
SLICED BREAD MULTI GRAIN MEDIUM,CS Bakery,FOOD,10,60,0,0.00%,60,0.09%,0.06%
SPRITE CAN,Softdrinks,BEVERAGE,15,60,0,0.00%,60,0.13%,0.06%
Tamago Maki,Sushi,FOOD,3,60,0,0.00%,60,0.03%,0.06%
Tuna Maki(6pcs),Sushi,FOOD,3,60,0,0.00%,60,0.03%,0.06%
Veg Sushi 6 pcs,Sushi,FOOD,3,60,0,0.00%,60,0.03%,0.06%
BAYARA 1KG APRICOT DRIED,CS Dry Fruits,FOOD,1,59.5,0,0.00%,59.5,0.01%,0.06%
Walkers Short Bread40g,Biscuits,FOOD,17,59.5,0,0.00%,59.5,0.15%,0.06%
Apple Green,CS Fresh Fruit,FOOD,29,58,0,0.00%,58,0.25%,0.06%
16 OZ HOT CHOCOLATE,Starbucks,FOOD,3,57,0,0.00%,57,0.03%,0.06%
Add Cheese,Extras,FOOD,19,57,0,0.00%,57,0.16%,0.06%
CastaniaExtMixNuts350G,CS Nuts & Seeds,FOOD,2,57,0,0.00%,57,0.02%,0.06%
EGG Mayo & Spring Onion,Sandwiches,FOOD,3,57,0,0.00%,57,0.03%,0.06%
Oatmeal Porridge,Breakfast,FOOD,19,57,0,0.00%,57,0.16%,0.06%
PERSIL LIQUID SENSATIVE AUTOMATI,CS Laundry Care,NON FOOD,1,56.25,0,0.00%,56.25,0.01%,0.06%
AL AIN FRESH ORANGE JUICE 330ML,CS Packet Juice,BEVERAGE,14,56,0,0.00%,56,0.12%,0.05%
Berry Tart,Dessert,FOOD,4,56,0,0.00%,56,0.03%,0.05%
FALAFEL COMBO,Burgers,FOOD,2,56,0,0.00%,56,0.02%,0.05%
Granola,Dessert,FOOD,7,56,0,0.00%,56,0.06%,0.05%
JAMIES BERRY BURST,Smoothies,BEVERAGE,2,56,0,0.00%,56,0.02%,0.05%
LACNOR MILK BANANA,Flavoured Milk,BEVERAGE,14,56,0,0.00%,56,0.12%,0.05%
LACNOR ORANGE 180ML,Fresh Juices,BEVERAGE,14,56,0,0.00%,56,0.12%,0.05%
LIPTON LEMON ICED TEA,Tea,BEVERAGE,14,56,0,0.00%,56,0.12%,0.05%
NIVEA WIPES PURE CLEANSING 25PCS,CS Tissue & Toilet Rolls,NON FOOD,2,56,0,0.00%,56,0.02%,0.05%
PEPSI DIET CAN,Softdrinks,BEVERAGE,14,56,0,0.00%,56,0.12%,0.05%
POMEGRANATE PACKET,CS Fresh Fruit,FOOD,7,56,0,0.00%,56,0.06%,0.05%
LINDT EXCELLENCE BLACK CURRANT 1,CS Chocolate ,FOOD,4,55,0,0.00%,55,0.03%,0.05%
LINDT EXCELLENCE SEA SALT 100GM,CS Chocolate ,FOOD,4,55,0,0.00%,55,0.03%,0.05%
Chicken Chirashi,Sushi,FOOD,3,54,0,0.00%,54,0.03%,0.05%
Glazed Veg,Sandwiches,FOOD,3,54,0,0.00%,54,0.03%,0.05%
Large Salad,Salads,FOOD,3,54,0,0.00%,54,0.03%,0.05%
MCVITIES DIGESTIVE LIGHT 400GM,Biscuit & Cookies,FOOD,3,54,0,0.00%,54,0.03%,0.05%
Mushrooms,Pizza,FOOD,9,54,0,0.00%,54,0.08%,0.05%
A/G POP CORN MICROWAVE NATURAL 2,CS Can & Jar Food,FOOD,6,52.5,0,0.00%,52.5,0.05%,0.05%
AXE DEO ANARCHY 4 HIM 150ML,CS Deodrants,NON FOOD,3,52.5,0,0.00%,52.5,0.03%,0.05%
MAGNUM I/C ALMOND,CS Ice Cream,FOOD,7,52.5,0,0.00%,52.5,0.06%,0.05%
WALKERS SB CHOCO CHIPS 40G,Biscuit & Cookies,FOOD,15,52.5,0,0.00%,52.5,0.13%,0.05%
Alain Small Wtr500ml,Water,BEVERAGE,142,52,0,0.00%,52,1.22%,0.05%
Apple Red,CS Fresh Fruit,FOOD,26,52,0,0.00%,52,0.22%,0.05%
Salmon Temaki (3 Pcs),Sushi,FOOD,2,52,0,0.00%,52,0.02%,0.05%
FRUIT & FIBRE KELLOGS 375GM,CS Cereal,FOOD,3,51.75,0,0.00%,51.75,0.03%,0.05%
12 OZ CARAMEL LATTE,Starbucks,FOOD,3,51,0,0.00%,51,0.03%,0.05%
TRESEMME CD SPLIT REMEDY 500ML,CS Shampoo & Conditioner,NON FOOD,2,51,0,0.00%,51,0.02%,0.05%
Cold Cuts,Breakfast,FOOD,10,50,0,0.00%,50,0.09%,0.05%
MOROCCAN LOOSE TEA,Tea,FOOD,5,50,0,0.00%,50,0.04%,0.05%
NIVEA EYE MAKEUP REMOVER 125ML,CS Facial Care,NON FOOD,2,50,0,0.00%,50,0.02%,0.05%
SELPAK TOILET PAPER 4 ROLLS,CS Tissue & Toilet Rolls,NON FOOD,4,50,0,0.00%,50,0.03%,0.05%
TWIX TWIN BAR 50GM,CS Chocolate ,FOOD,20,50,0,0.00%,50,0.17%,0.05%
BAYARA SALTED PISTACHIOS 300GM,CS Nuts & Seeds,FOOD,2,49.5,0,0.00%,49.5,0.02%,0.05%
FARM FRESH EGGS WHITE 6PCS,CS Eggs,FOOD,11,49.5,0,0.00%,49.5,0.09%,0.05%
MODERN BAKE MANGO PISTA ENERGY B,CS Cereal,FOOD,9,49.5,0,0.00%,49.5,0.08%,0.05%
AL AIN FRESH MILK 1L FULL CREAM,CS Dairy ,FOOD,7,49,0,0.00%,49,0.06%,0.05%
AL AIN FRESH MILK 1L SKIMMED,CS Dairy ,FOOD,7,49,0,0.00%,49,0.06%,0.05%
RACHELS NATURAL LOW FAT YOUGHURT,CS Organic Food,FOOD,2,49,0,0.00%,49,0.02%,0.05%
WalkersChocolate Chips40g,Biscuits,FOOD,14,49,0,0.00%,49,0.12%,0.05%
ADD ESPRESSO SHOT,Starbucks,FOOD,12,48,0,0.00%,48,0.10%,0.05%
BAYARA SALTED PISTACHIOS 150G,CS Nuts & Seeds,FOOD,4,48,0,0.00%,48,0.03%,0.05%
Choc Caramel Eclair,Dessert,FOOD,4,48,0,0.00%,48,0.03%,0.05%
CLOROX WIPES DISINFECTING FRESH ,CS Cleaning Supplies,NON FOOD,3,48,0,0.00%,48,0.03%,0.05%
Coke,Softdrinks,BEVERAGE,62,48,0,0.00%,48,0.53%,0.05%
Lemon Drizzle,Dessert,FOOD,4,48,0,0.00%,48,0.03%,0.05%
Peanut Butter & Jelly(V),Sandwiches,FOOD,3,48,0,0.00%,48,0.03%,0.05%
Small Salad,Salads,FOOD,4,48,0,0.00%,48,0.03%,0.05%
VIVANI BAR CREAMY CARAMEL 40G,CS Organic Food,FOOD,8,48,0,0.00%,48,0.07%,0.05%
BEST CAN CASHEWS SALTED 110GM,CS Nuts & Seeds,FOOD,3,47.25,0,0.00%,47.25,0.03%,0.05%
SCHOGETTEN PRALINE NOISETTES 100,CS Chocolate ,FOOD,9,47.25,0,0.00%,47.25,0.08%,0.05%
16 OZ ICED CAFFE MOCHA,Starbucks,FOOD,3,47,0,0.00%,47,0.03%,0.05%
AL AIN WATER 500ML,Water,BEVERAGE,47,47,0,0.00%,47,0.40%,0.05%
GLASS OF SOYA MILK,Soya Milk,FOOD,7,46,0,0.00%,46,0.06%,0.05%
ORAL B TP COMPLETE EXTREME MINT ,CS Oral Care,NON FOOD,4,46,0,0.00%,46,0.03%,0.05%
LIPTON PYRAMID CITRUS DELIGHT TE,CS Tea,FOOD,3,45.75,0,0.00%,45.75,0.03%,0.04%
LAYS SALT VINEGAR 185GM,CS Chips & Snacks,FOOD,7,45.5,0,0.00%,45.5,0.06%,0.04%
LUX MACHINE WASH TABLET 28PCS,CS Cleaning Supplies,NON FOOD,1,45.5,0,0.00%,45.5,0.01%,0.04%
ALRABI PINEAPPLE & GUAVA330m,CS Packet Juice,BEVERAGE,18,45,0,0.00%,45,0.15%,0.04%
GATORADE LEMON PET 500ML,CS Sports & Energy Drinks,BEVERAGE,9,45,0,0.00%,45,0.08%,0.04%
GATORADE PINK LEMONDAE PET 500ML,CS Sports & Energy Drinks,BEVERAGE,9,45,0,0.00%,45,0.08%,0.04%
PRINGLES SALT VINEGAR 165GM,CS Chips & Snacks,FOOD,5,45,0,0.00%,45,0.04%,0.04%
ADD ESPRESSO SHOT,Starbucks,FOOD,11,44,0,0.00%,44,0.09%,0.04%
D Coke,Softdrinks,BEVERAGE,26,44,0,0.00%,44,0.22%,0.04%
FARM FRESH EGGS WHITE 15PCS,CS Eggs,FOOD,4,44,0,0.00%,44,0.03%,0.04%
JOHNSONS COTTON PADS 80 PCS,CS Facial Care,NON FOOD,4,44,0,0.00%,44,0.03%,0.04%
LACNOR MILK STRAWBERRY,Flavoured Milk,BEVERAGE,11,44,0,0.00%,44,0.09%,0.04%
MIRINDA ORANGE CAN,Softdrinks,BEVERAGE,11,44,0,0.00%,44,0.09%,0.04%
AL AIN YOGHURT LOW FAT 170GM,CS Dairy ,FOOD,29,43.5,0,0.00%,43.5,0.25%,0.04%
OAT KING BAR PEANUT BUTTER 95GM,CS Cereal,FOOD,3,43.5,0,0.00%,43.5,0.03%,0.04%
AL MARAI APPLE JUICE 300ML,CS Packet Juice,BEVERAGE,17,42.5,0,0.00%,42.5,0.15%,0.04%
AL RABIE ORANGE PEACH 330ML,Fresh Juices,BEVERAGE,17,42.5,0,0.00%,42.5,0.15%,0.04%
ALO APPEAL POMELO JUICE,Fresh Juices,FOOD,3,42,0,0.00%,42,0.03%,0.04%
BAHLSEN LEIBNIZ MINIS CHOCO 100G,Biscuit & Cookies,FOOD,7,42,0,0.00%,42,0.06%,0.04%
FAMILIA 50GM MUESLI CRUNCH,CS Cereal,FOOD,12,42,0,0.00%,42,0.10%,0.04%
FIREFLY DETOX LEMON ,Tea,BEVERAGE,3,42,0,0.00%,42,0.03%,0.04%
KIT KAT CHUNKY 46GM,CS Chocolate ,FOOD,14,42,0,0.00%,42,0.12%,0.04%
Mille Feuille,Dessert,FOOD,3,42,0,0.00%,42,0.03%,0.04%
NATURE VALLEY CANADIAN MAPLE SYR,CS Cereal,FOOD,14,42,0,0.00%,42,0.12%,0.04%
Salmon Chirashi,Sushi,FOOD,2,42,0,0.00%,42,0.02%,0.04%
SELPAK FACIAL TISSUE 100 SHEET,CS Tissue & Toilet Rolls,NON FOOD,7,42,0,0.00%,42,0.06%,0.04%
ZUCCINI PACKET,CS Fresh Vegatables,FOOD,3,42,0,0.00%,42,0.03%,0.04%
LIND CHERRY INTENSE100G,CS Chocolate ,FOOD,3,41.25,0,0.00%,41.25,0.03%,0.04%
OREO DOUBLE STUFF 8 PACK 56GM,Biscuit & Cookies,FOOD,3,41.25,0,0.00%,41.25,0.03%,0.04%
BERRY CO SUPERBERRY RED 1L,CS Packet Juice,BEVERAGE,3,40.5,0,0.00%,40.5,0.03%,0.04%
ASPARAGUS 125GM PACKET,CS Fresh Vegatables,FOOD,4,40,0,0.00%,40,0.03%,0.04%
Asst. Rolls Two,Breakfast,FOOD,20,40,0,0.00%,40,0.17%,0.04%
CEYLON GINGER LOOSE TEA,Tea,FOOD,4,40,0,0.00%,40,0.03%,0.04%
Chicken Maki(6pcs),Sushi,FOOD,2,40,0,0.00%,40,0.02%,0.04%
CROISSANT HI BUTTER ALMOND,CS Bakery,FOOD,10,40,0,0.00%,40,0.09%,0.04%
DAN'S TOPICAL BLAST,Smoothies,BEVERAGE,2,40,0,0.00%,40,0.02%,0.04%
EXTRA TABS SPEARMINT GUM,CS Mint & Gum,FOOD,10,40,0,0.00%,40,0.09%,0.04%
GATORADE TOPICL FRUIT PET 500ML,CS Sports & Energy Drinks,BEVERAGE,8,40,0,0.00%,40,0.07%,0.04%
HIBISCUS ICED TEA,Tea,FOOD,5,40,0,0.00%,40,0.04%,0.04%
MilkHalfCrem1Ltr ,CS Dairy ,FOOD,10,40,0,0.00%,40,0.09%,0.04%
Mixed Green Salad(V),Salads,FOOD,2,40,0,0.00%,40,0.02%,0.04%
Panadol96 ,CS Others,NON FOOD,40,40,0,0.00%,40,0.34%,0.04%
PEAR ROSEMARY PACKET,CS Fresh Fruit,FOOD,5,40,0,0.00%,40,0.04%,0.04%
Steamed Rice,Main course,FOOD,5,40,0,0.00%,40,0.04%,0.04%
AL AIN MORNING BLACKBERRY MUSELI,CS Dairy ,FOOD,13,39,0,0.00%,39,0.11%,0.04%
BISQUINI TIN CRANBERRY COOKIES 1,Biscuit & Cookies,FOOD,3,39,0,0.00%,39,0.03%,0.04%
BOURSIN CHEESE BLACK PEPPER 150G,CS Dairy ,FOOD,2,39,0,0.00%,39,0.02%,0.04%
ALWAYS NIGHT WINGS 8 PCS,CS Sanitary Care,NON FOOD,5,38.75,0,0.00%,38.75,0.04%,0.04%
16 OZ SIGNATURE HOT CHOCOLATE,Starbucks,FOOD,2,38,0,0.00%,38,0.02%,0.04%
AL AIN STRAWBERRY YOGHURT 125GM,CS Dairy ,FOOD,19,38,0,0.00%,38,0.16%,0.04%
Angus Beef Burger,Burgers,FOOD,1,38,0,0.00%,38,0.01%,0.04%
MARS THICK SHAKE 300ML,Convenience Beverages,BEVERAGE,4,38,0,0.00%,38,0.03%,0.04%
Mexican Melt,Pizza,FOOD,1,38,0,0.00%,38,0.01%,0.04%
STREPSILS ORANGE PACKET,CS Chocolate ,FOOD,2,38,0,0.00%,38,0.02%,0.04%
ALL BRAN FLAKES KELLOGS 500GM,CS Cereal,FOOD,2,37.5,0,0.00%,37.5,0.02%,0.04%
AM KIWI & LIME 300ml,CS Packet Juice,BEVERAGE,15,37.5,0,0.00%,37.5,0.13%,0.04%
BAHLSEN CH BTRSWT12g,Biscuit & Cookies,FOOD,3,37.5,0,0.00%,37.5,0.03%,0.04%
EXTRA BIG BOTTLE WATERMELON,CS Mint & Gum,FOOD,3,37.5,0,0.00%,37.5,0.03%,0.04%
KAGI SWISS WAFERS MINI GIFT BOX ,CS Mint & Gum,FOOD,1,37.25,0,0.00%,37.25,0.01%,0.04%
16 OZ ICED VANILLA LATTE,Starbucks,FOOD,2,37,0,0.00%,37,0.02%,0.04%
16 OZ ICED CARAMEL LATTE,Starbucks,FOOD,2,36,0,0.00%,36,0.02%,0.04%
ADD FLAVOURED SYRUP,Starbucks,FOOD,9,36,0,0.00%,36,0.08%,0.04%
AL AIN WATER 1.5 LITER,Water,BEVERAGE,18,36,0,0.00%,36,0.15%,0.04%
BEACON MARSHMALLOWS PINK & WHITE,CS Packet Food,FOOD,9,36,0,0.00%,36,0.08%,0.04%
BLUEBERRY MUFFINS,Dessert,FOOD,3,36,0,0.00%,36,0.03%,0.04%
CADBURY DM CHOCOLATE 37GM,CS Chocolate ,FOOD,10,36,0,0.00%,36,0.09%,0.04%
CHICKEN CAESAR,Salads,FOOD,1,36,0,0.00%,36,0.01%,0.04%
COKE CAN 300ML,CS Soft Drinks,BEVERAGE,24,36,0,0.00%,36,0.21%,0.04%
CORN FLAKES KELLOGS 500GM,CS Cereal,FOOD,2,36,0,0.00%,36,0.02%,0.04%
Eggplant Maki(6pcs),Sushi,FOOD,2,36,0,0.00%,36,0.02%,0.04%
KAGI SWISS WAFERS SINGLE MINI 25,CS Mint & Gum,FOOD,12,36,0,0.00%,36,0.10%,0.04%
Mash and Gravy,Extras,FOOD,4,36,0,0.00%,36,0.03%,0.04%
RiceKrispiesCMB20g,CS Cereal,FOOD,12,36,0,0.00%,36,0.10%,0.04%
ROASTED BUTTERNUT,Salads,FOOD,1,36,0,0.00%,36,0.01%,0.04%
SCHOGETTEN DARK CHOCOLATE 100GM,CS Chocolate ,FOOD,6,36,0,0.00%,36,0.05%,0.04%
Short Bread,Dessert,FOOD,3,36,0,0.00%,36,0.03%,0.04%
SPRITE LIGHT CAN,Softdrinks,BEVERAGE,9,36,0,0.00%,36,0.08%,0.04%
TRIPLE CHOCOLATE MUFFIN,Dessert,FOOD,3,36,0,0.00%,36,0.03%,0.04%
GILLETTE FUSION RAZOR 1 UP,CS Mens Care,NON FOOD,1,35.75,0,0.00%,35.75,0.01%,0.04%
TOBLERONE WHITE 35GM,CS Chocolate ,FOOD,11,35.75,0,0.00%,35.75,0.09%,0.04%
BEST CAN ALMONDS SALTED 110GM,CS Nuts & Seeds,FOOD,3,35.25,0,0.00%,35.25,0.03%,0.03%
Bagels w/Cr.Cheese,Breakfast,FOOD,5,35,0,0.00%,35,0.04%,0.03%
BOUNTY BAR 57GM,CS Chocolate ,FOOD,9,35,0,0.00%,35,0.08%,0.03%
Full Breakfast,Breakfast,FOOD,1,35,0,0.00%,35,0.01%,0.03%
GILLETTE VENUS RAZOR 3UP,CS Mens Care,NON FOOD,1,35,0,0.00%,35,0.01%,0.03%
MATESERES 37GM,CS Chocolate ,FOOD,7,35,0,0.00%,35,0.06%,0.03%
MentoGmBerryLime,CS Mint & Gum,FOOD,7,35,0,0.00%,35,0.06%,0.03%
MEZZE,Main course,FOOD,1,35,0,0.00%,35,0.01%,0.03%
Open Non-Food,Open Non Food,NON FOOD,1,35,0,0.00%,35,0.01%,0.03%
Tamago Nigiri,Sushi,FOOD,7,35,0,0.00%,35,0.06%,0.03%
TOBLERONE 50GM,CS Chocolate ,FOOD,7,35,0,0.00%,35,0.06%,0.03%
WALKERS SB HIGHLANDERS 40G,Biscuit & Cookies,FOOD,10,35,0,0.00%,35,0.09%,0.03%
SELPAK KITCHEN ROLL 2 PCS,CS Tissue & Toilet Rolls,NON FOOD,3,34.5,0,0.00%,34.5,0.03%,0.03%
NUTELLA JAR 750GM,CS Can & Jar Food,FOOD,1,34.25,0,0.00%,34.25,0.01%,0.03%
AUSLESE MELITTA CLASSIC COFFEE 2,CS Coffee,FOOD,2,34,0,0.00%,34,0.02%,0.03%
G S Frid Noodls W chicken,Noodles,FOOD,1,34,0,0.00%,34,0.01%,0.03%
Orange Pcs,CS Fresh Fruit,FOOD,17,34,0,0.00%,34,0.15%,0.03%
NESCAFE GOLD COFFEE 100GM,CS Coffee,FOOD,1,33.5,0,0.00%,33.5,0.01%,0.03%
BONNE MANAM BLACK CURRANT JELLY ,CS Can & Jar Food,FOOD,2,33,0,0.00%,33,0.02%,0.03%
MODERN BAKE PEANUT PEACAN ENERGY,CS Cereal,FOOD,6,33,0,0.00%,33,0.05%,0.03%
CROISSANT CHOCOLATE,CS Bakery,FOOD,13,32.5,0,0.00%,32.5,0.11%,0.03%
LAYS CHILI 185GM,CS Chips & Snacks,FOOD,5,32.5,0,0.00%,32.5,0.04%,0.03%
LAYS SALT 185GM,CS Chips & Snacks,FOOD,5,32.5,0,0.00%,32.5,0.04%,0.03%
Lunch Box Token,CS Others,NON FOOD,1,32.5,0,0.00%,32.5,0.01%,0.03%
AL SHIFA HOINEY 750GM,CS Can & Jar Food,FOOD,1,32.25,0,0.00%,32.25,0.01%,0.03%
ALPEN BAR FRUIT NUT 28GM,CS Cereal,FOOD,8,32,0,0.00%,32,0.07%,0.03%
CAPSICUM GREEN PACKET,CS Fresh Vegatables,FOOD,4,32,0,0.00%,32,0.03%,0.03%
Crab Sushi,Sushi,FOOD,1,32,0,0.00%,32,0.01%,0.03%
EXTRA PROFESSIONAL FRESH MINT GU,CS Mint & Gum,FOOD,8,32,0,0.00%,32,0.07%,0.03%
FAMILIA CHAMPION CRISP 750GM,CS Cereal,FOOD,1,32,0,0.00%,32,0.01%,0.03%
LEMON PACKET,CS Fresh Fruit,FOOD,4,32,0,0.00%,32,0.03%,0.03%
Portion Starch,Main course,FOOD,4,32,0,0.00%,32,0.03%,0.03%
REDBULL REGULAR,Energy Drinks,BEVERAGE,4,32,0,0.00%,32,0.03%,0.03%
THE BERRY CO POMEGRANTE JUICE,Packet Juice,BEVERAGE,4,32,0,0.00%,32,0.03%,0.03%
THE BERRY CO RED SUPEBERRY JUICE,Packet Juice,BEVERAGE,4,32,0,0.00%,32,0.03%,0.03%
TUNA & SWEET CORN,Sandwiches,FOOD,2,32,0,0.00%,32,0.02%,0.03%
VITA COCO PINEAPPLE 330ML,Convenience Beverages,BEVERAGE,3,31.5,0,0.00%,31.5,0.03%,0.03%
INA PAARMAN BBQ MARINADE 500ML,CS Sauce,FOOD,1,31,0,0.00%,31,0.01%,0.03%
INA PAARMAN LEMON MARINADE 500ML,CS Sauce,FOOD,1,31,0,0.00%,31,0.01%,0.03%
AL AIN FRESH MILK 1L LOW FAT,CS Dairy ,FOOD,5,30,0,0.00%,30,0.04%,0.03%
APRICOT PACKET,CS Fresh Fruit,FOOD,2,30,0,0.00%,30,0.02%,0.03%
CHICKEN MAIN,Main course,FOOD,2,30,0,0.00%,30,0.02%,0.03%
Cookie,Dessert,FOOD,6,30,0,0.00%,30,0.05%,0.03%
EARL GREY LOOSE TEA,Tea,FOOD,3,30,0,0.00%,30,0.03%,0.03%
ESPRESSO MACCHIATO SINGLE,Starbucks,FOOD,3,30,0,0.00%,30,0.03%,0.03%
LAYS 40GM FRENCH CHEESE,CS Chips & Snacks,FOOD,15,30,0,0.00%,30,0.13%,0.03%
Lungo,Nespresso,FOOD,3,30,0,0.00%,30,0.03%,0.03%
Lungo,Coffee,BEVERAGE,3,30,0,0.00%,30,0.03%,0.03%
NIVEA REFRESHING FACE WASH 150ML,CS Facial Care,NON FOOD,1,30,0,0.00%,30,0.01%,0.03%
Salted Pistachios30g,Peannuts,FOOD,10,30,0,0.00%,30,0.09%,0.03%
SNICKERS BAR,Chocolate,FOOD,6,30,0,0.00%,30,0.05%,0.03%
Sweet Potato Wedges,Extras,FOOD,3,30,0,0.00%,30,0.03%,0.03%
GLADE AIR INFUSIONS LILY & JASMI,CS Air Freshner,NON FOOD,2,29,0,0.00%,29,0.02%,0.03%
NIVEA SCRUB SKIN REFINING 150ML,CS Facial Care,NON FOOD,1,29,0,0.00%,29,0.01%,0.03%
SIBLOU 4 FISH BURGERS 400GM,CS Frozen Food,FOOD,1,28.25,0,0.00%,28.25,0.01%,0.03%
12 OZ ICED CAFFE LATTE,Coffee,FOOD,2,28,0,0.00%,28,0.02%,0.03%
7 UP DIET CAN,Softdrinks,BEVERAGE,7,28,0,0.00%,28,0.06%,0.03%
ALO ALLURE MANGO JUICE,Fresh Juices,FOOD,2,28,0,0.00%,28,0.02%,0.03%
ARIEL GREEN 1.5KG,CS Laundry Care,NON FOOD,1,28,0,0.00%,28,0.01%,0.03%
CROISSANT HI BUTTER PLAIN,CS Bakery,FOOD,8,28,0,0.00%,28,0.07%,0.03%
FANTA STRAWBERRY CAN,Softdrinks,BEVERAGE,7,28,0,0.00%,28,0.06%,0.03%
Fresh Pomegranate,Fresh Juices,BEVERAGE,2,28,0,0.00%,28,0.02%,0.03%
MUFFIN APPLE,CS Bakery,FOOD,8,28,0,0.00%,28,0.07%,0.03%
ORGANIC TOTMATO PACKET,CS Fresh Fruit,FOOD,2,28,0,0.00%,28,0.02%,0.03%
PERRIER WATER 330ML,CS Water,BEVERAGE,7,28,0,0.00%,28,0.06%,0.03%
ROASTED TOMATO,Wraps,FOOD,1,28,0,0.00%,28,0.01%,0.03%
A/G POP CORN MICROWAV EXTRA BUTT,CS Can & Jar Food,FOOD,3,27.75,0,0.00%,27.75,0.03%,0.03%
BAHLSEN LEIBNIZ ZOO 100GM,Biscuit & Cookies,FOOD,5,27.5,0,0.00%,27.5,0.04%,0.03%
COLGATE TP 125ML,CS Oral Care,NON FOOD,5,27.5,0,0.00%,27.5,0.04%,0.03%
LINDT EXCELLENCE SESAME ROASTED ,CS Organic Food,FOOD,2,27.5,0,0.00%,27.5,0.02%,0.03%
NIVEA TONER REFRESHING 200ML,CS Deodrants,NON FOOD,1,27.5,0,0.00%,27.5,0.01%,0.03%
BEST 13GM ALMOND,CS Nuts & Seeds,FOOD,17,27,0,0.00%,27,0.15%,0.03%
SAN PELLEGRINO WATER 1000ML,CS Water,BEVERAGE,3,27,0,0.00%,27,0.03%,0.03%
TAMRAH COCO DATES ZIPPER BAG 100,CS Dry Fruits,FOOD,3,27,0,0.00%,27,0.03%,0.03%
A/G POP CORN MICROWAVE BUTTER 29,CS Can & Jar Food,FOOD,3,26.25,0,0.00%,26.25,0.03%,0.03%
DR OETKER VEGETABLE PIZZA,CS Frozen Food,FOOD,1,26.25,0,0.00%,26.25,0.01%,0.03%
BOGUTTI AMERICAN COOKIES RAISINS,Biscuit & Cookies,FOOD,4,26,0,0.00%,26,0.03%,0.03%
BRIGHT BREAKFAST,Smoothies,BEVERAGE,1,26,0,0.00%,26,0.01%,0.03%
CAPRICE DES DIEUX CHEESE 125G,CS Dairy ,FOOD,1,26,0,0.00%,26,0.01%,0.03%
CROISSANT CHEESE,CS Bakery,FOOD,13,26,0,0.00%,26,0.11%,0.03%
ILE DE FRANCE CHEESE PETIT CAMEM,CS Dairy ,FOOD,1,26,0,0.00%,26,0.01%,0.03%
YoghurtApri100g,CS Dairy ,FOOD,13,26,0,0.00%,26,0.11%,0.03%
CHEETOS 205GM CRUNCHY FLAMING HO,CS Chips & Snacks,FOOD,3,25.5,0,0.00%,25.5,0.03%,0.03%
TOBLERONE MILK 100GM,CS Chocolate ,FOOD,3,25.5,0,0.00%,25.5,0.03%,0.03%
TRESEMME SH SPLIT REMEDY 500ML,CS Shampoo & Conditioner,NON FOOD,1,25.5,0,0.00%,25.5,0.01%,0.03%
BELLISIMA,BOTANICAL SODAS,BEVERAGE,1,25,0,0.00%,25,0.01%,0.02%
GATORADE BLUE BOLT PET 500ML,CS Sports & Energy Drinks,BEVERAGE,5,25,0,0.00%,25,0.04%,0.02%
MentoGmSwtMint,CS Mint & Gum,FOOD,5,25,0,0.00%,25,0.04%,0.02%
PERRIER WATER LEMON 330ML,CS Water,BEVERAGE,5,25,0,0.00%,25,0.04%,0.02%
POCARI SWEAT PET 500ML,CS Sports & Energy Drinks,BEVERAGE,5,25,0,0.00%,25,0.04%,0.02%
TURKEY HAM,Wraps,FOOD,1,25,0,0.00%,25,0.01%,0.02%
MUFFIN DOUBLE CHOCOLATE,CS Bakery,FOOD,7,24.5,0,0.00%,24.5,0.06%,0.02%
PURELL ALOE HAND SANITIZER,CS Soap & Handwash,NON FOOD,2,24.5,0,0.00%,24.5,0.02%,0.02%
WELLA CD REPAIR 500ML,CS Shampoo & Conditioner,NON FOOD,1,24.5,0,0.00%,24.5,0.01%,0.02%
ADD WHIPPED CREAM,Starbucks,FOOD,6,24,0,0.00%,24,0.05%,0.02%
AlpenMuslie625g,CS Cereal,FOOD,1,24,0,0.00%,24,0.01%,0.02%
B.BAG SEA SALT150g,CS Chips & Snacks,FOOD,2,24,0,0.00%,24,0.02%,0.02%
CROISSANT HI BUTTER CHOCOLATE,CS Bakery,FOOD,6,24,0,0.00%,24,0.05%,0.02%
DOVE HAIR CONDITIONER HAIR FALL ,CS Shampoo & Conditioner,NON FOOD,2,24,0,0.00%,24,0.02%,0.02%
DOVE SH DAMAGE INTENSIVE REPAIR ,CS Shampoo & Conditioner,NON FOOD,2,24,0,0.00%,24,0.02%,0.02%
ESPRESSO MACCHIATO,Starbucks,FOOD,2,24,0,0.00%,24,0.02%,0.02%
Grilled Chicken,Pizza,FOOD,4,24,0,0.00%,24,0.03%,0.02%
Latte Macchiato,Nespresso,FOOD,2,24,0,0.00%,24,0.02%,0.02%
Latte Macchiato,Coffee,BEVERAGE,2,24,0,0.00%,24,0.02%,0.02%
MANGO ICED TEA,Tea,FOOD,3,24,0,0.00%,24,0.03%,0.02%
MCVITIES DIGESTIVE 250GM LIGHT,Biscuit & Cookies,FOOD,2,24,0,0.00%,24,0.02%,0.02%
Mixed Salad&Pitta,Extras,FOOD,3,24,0,0.00%,24,0.03%,0.02%
NATURE VALLEY OATS & HONEY,CS Cereal,FOOD,8,24,0,0.00%,24,0.07%,0.02%
NECTAFLOR PREMIUM RAISINS 200GM,CS Dry Fruits,FOOD,2,24,0,0.00%,24,0.02%,0.02%
REDBULL SUGAR FREE,Energy Drinks,BEVERAGE,3,24,0,0.00%,24,0.03%,0.02%
SNAPPLES FRUIT PUNCH,Fresh Juices,BEVERAGE,2,24,0,0.00%,24,0.02%,0.02%
STRAIGHT DUTCH,Smoothies,BEVERAGE,2,24,0,0.00%,24,0.02%,0.02%
TEA BAG EARL GREY,Tea,FOOD,3,24,0,0.00%,24,0.03%,0.02%
The Big Apple,Milk Shake,BEVERAGE,1,24,0,0.00%,24,0.01%,0.02%
TOMATO BUNCH PACKED,CS Fresh Vegatables,FOOD,3,24,0,0.00%,24,0.03%,0.02%
Tuna maki(6Pcs) W/Sundried Tomat,Sushi,FOOD,1,24,0,0.00%,24,0.01%,0.02%
Yardly Red Roses 200ml,CS Deodrants,NON FOOD,2,24,0,0.00%,24,0.02%,0.02%
BAYARA MIXED NUTS 300GM,CS Nuts & Seeds,FOOD,2,23.5,0,0.00%,23.5,0.02%,0.02%
DOVE HAIR CONDITIONER DAILY CARE,CS Shampoo & Conditioner,NON FOOD,2,23.5,0,0.00%,23.5,0.02%,0.02%
PicklBranstonn310g,CS Can & Jar Food,FOOD,1,23.5,0,0.00%,23.5,0.01%,0.02%
WELL SH MOISTURE 500ML,CS Shampoo & Conditioner,NON FOOD,1,23.5,0,0.00%,23.5,0.01%,0.02%
16 OZ SOYA VANILLA LATTE,Coffee,FOOD,1,23,0,0.00%,23,0.01%,0.02%
DOMESTOS BLEACH ULTRA WHITE 750M,CS Cleaning Supplies,NON FOOD,2,23,0,0.00%,23,0.02%,0.02%
OREO ORIGINAL TRAY PACK 429GM,Biscuit & Cookies,FOOD,2,23,0,0.00%,23,0.02%,0.02%
P.BAR CHOCO 85,CS Cereal,FOOD,1,23,0,0.00%,23,0.01%,0.02%
P.BAR KOKA 85g,CS Cereal,FOOD,1,23,0,0.00%,23,0.01%,0.02%
PRO BAR MEAL PEANUT BUTTER CHOCO,CS Cereal,FOOD,1,23,0,0.00%,23,0.01%,0.02%
MENTOS JAR FRUIT MINT,CS Mint & Gum,FOOD,1,22.75,0,0.00%,22.75,0.01%,0.02%
TideReg Original1.5Kg ,CS Laundry Care,NON FOOD,1,22.75,0,0.00%,22.75,0.01%,0.02%
ARIEL 260GM BLUE,CS Laundry Care,NON FOOD,5,22.5,0,0.00%,22.5,0.04%,0.02%
LACNOR MILK CHOCOLATE 180ML,CS Packet Juice,BEVERAGE,15,22.5,0,0.00%,22.5,0.13%,0.02%
RICE KRISPIES KELLOGS 510GM,CS Cereal,FOOD,1,22.5,0,0.00%,22.5,0.01%,0.02%
Vo5MegaMousse,CS Hair Styling & Spray,NON FOOD,1,22.5,0,0.00%,22.5,0.01%,0.02%
GROWERS PACKET ORIENTAL PEANUTS,CS Nuts & Seeds,FOOD,4,22,0,0.00%,22,0.03%,0.02%
LIFEBUOY HW TOTAL 10 200ML,CS Soap & Handwash,NON FOOD,2,22,0,0.00%,22,0.02%,0.02%
MEAN GREEN,Fresh Juices,BEVERAGE,1,22,0,0.00%,22,0.01%,0.02%
ORAL B FLOSS WAXED,CS Oral Care,NON FOOD,2,22,0,0.00%,22,0.02%,0.02%
PANTENE SH ANTI HAIR FALL 200ML,CS Shampoo & Conditioner,NON FOOD,2,22,0,0.00%,22,0.02%,0.02%
PANTENE SH COLORED HAIR REPAIR 2,CS Shampoo & Conditioner,NON FOOD,2,22,0,0.00%,22,0.02%,0.02%
SPICED APPLE,BOTANICAL SODAS,BEVERAGE,1,22,0,0.00%,22,0.01%,0.02%
12 OZ SOYA CARAMEL LATTE,Coffee,FOOD,1,21,0,0.00%,21,0.01%,0.02%
12 OZ SOYA HAZELNUT LATTE,Coffee,FOOD,1,21,0,0.00%,21,0.01%,0.02%
12 OZ SOYA VANILLA LATTE,Coffee,FOOD,1,21,0,0.00%,21,0.01%,0.02%
BAYARA EXTRA MIXED NUTS 300GM,CS Dry Fruits,FOOD,1,21,0,0.00%,21,0.01%,0.02%
BEST 30GM SALTED PEANUTS,CS Nuts & Seeds,FOOD,14,21,0,0.00%,21,0.12%,0.02%
BISCUITSDIGES250 ,Biscuit & Cookies,FOOD,2,21,0,0.00%,21,0.02%,0.02%
FUNCLRPLSTCTUMBLR8,CS Disposable,NON FOOD,3,21,0,0.00%,21,0.03%,0.02%
KOKA CUP TOMATO,CS Pasta & Noodles,FOOD,6,21,0,0.00%,21,0.05%,0.02%
GILLETTE FOAM CLASSIC CLEAN,CS Mens Care,NON FOOD,1,20.5,0,0.00%,20.5,0.01%,0.02%
karimOilCorn1.8L,CS Coocking & Baking,FOOD,1,20.5,0,0.00%,20.5,0.01%,0.02%
16 OZ FRAPPUCINO VANILA,Starbucks,FOOD,1,20,0,0.00%,20,0.01%,0.02%
16 OZ FRAPPUCINO WHITE MOCHA,Starbucks,FOOD,1,20,0,0.00%,20,0.01%,0.02%
BAYARA SALTED CASHEWS 150G,CS Nuts & Seeds,FOOD,2,20,0,0.00%,20,0.02%,0.02%
BEEF MAIN,Main course,FOOD,1,20,0,0.00%,20,0.01%,0.02%
DARJEELING LOOSE TEA,Tea,FOOD,2,20,0,0.00%,20,0.02%,0.02%
EXTRA PROFESSIONAL STRONG MINT G,CS Mint & Gum,FOOD,5,20,0,0.00%,20,0.04%,0.02%
LARGE SPARKLING WATER PREMIUM,Water,BEVERAGE,1,20,0,0.00%,20,0.01%,0.02%
MINUTE STEAK,Grill,FOOD,1,20,0,0.00%,20,0.01%,0.02%
MIXED NUT & CEREAL 8 OZ,Peannuts,FOOD,2,20,0,0.00%,20,0.02%,0.02%
NYU RE-USABLE BAG,BAGS,NON FOOD,1,20,0,0.00%,20,0.01%,0.02%
SILVER SWAN JASMINE RICE 1KG,CS Coocking & Baking,FOOD,2,20,0,0.00%,20,0.02%,0.02%
SMINT CANDY GUM STRAWBERRY 14.2G,CS Mint & Gum,FOOD,5,20,0,0.00%,20,0.04%,0.02%
OB TAMPONS SUPER PLUS 16PCS,CS Sanitary Care,NON FOOD,1,19.75,0,0.00%,19.75,0.01%,0.02%
ALMARAI JAR CREAM SPREAD CHEESE ,CS Dairy ,FOOD,2,19.5,0,0.00%,19.5,0.02%,0.02%
CORNETTO I/C LOVE COOKIE,CS Ice Cream,FOOD,3,19.5,0,0.00%,19.5,0.03%,0.02%
"FALCON PAPER PLATES 7"" 100PCS",CS Disposable,NON FOOD,3,19.5,0,0.00%,19.5,0.03%,0.02%
LACNOR MILK STRAWBERRY 180ML,CS Packet Juice,BEVERAGE,13,19.5,0,0.00%,19.5,0.11%,0.02%
16 OZ CARAMEL LATTE,Starbucks,FOOD,1,19,0,0.00%,19,0.01%,0.02%
16 OZ HAZEL NUT LATTE,Starbucks,FOOD,1,19,0,0.00%,19,0.01%,0.02%
LIPTON EARL GREY 25 TB,CS Tea,FOOD,2,19,0,0.00%,19,0.02%,0.02%
NECTAFLOR SOFT FIGS 200GM,CS Dry Fruits,FOOD,1,19,0,0.00%,19,0.01%,0.02%
AL AIN KIWI APPLE YOGHURT 125GM,CS Dairy ,FOOD,9,18,0,0.00%,18,0.08%,0.02%
BAYARA SALTED CASHEWS 300GM,CS Nuts & Seeds,FOOD,1,18,0,0.00%,18,0.01%,0.02%
BEST 30GM SALTED CASHEWS,CS Nuts & Seeds,FOOD,4,18,0,0.00%,18,0.03%,0.02%
CERES PEAR JUICE 1L,CS Packet Juice,BEVERAGE,2,18,0,0.00%,18,0.02%,0.02%
COKE LIGHT PET 500ML,CS Soft Drinks,BEVERAGE,9,18,0,0.00%,18,0.08%,0.02%
CROISSANT HI BUTTER CHEESE,CS Bakery,FOOD,6,18,0,0.00%,18,0.05%,0.02%
DOVE BODY LOTION ESSENTIAL NOURI,CS Body Care,NON FOOD,1,18,0,0.00%,18,0.01%,0.02%
Espresso,Nespresso,FOOD,2,18,0,0.00%,18,0.02%,0.02%
EXT BAR PEANUT,CS Cereal,FOOD,2,18,0,0.00%,18,0.02%,0.02%
FOUNTAIN SODA LARGE,Softdrinks,BEVERAGE,6,18,0,0.00%,18,0.05%,0.02%
FrostiesCMB25g,CS Cereal,FOOD,6,18,0,0.00%,18,0.05%,0.02%
Fruit&NCadbry40g,CS Chocolate ,FOOD,6,18,0,0.00%,18,0.05%,0.02%
Grilled Veg Olives,Pizza,FOOD,3,18,0,0.00%,18,0.03%,0.02%
Manakeesh(V),Pizza,FOOD,1,18,0,0.00%,18,0.01%,0.02%
MARROW PACKET,CS Fresh Vegatables,FOOD,2,18,0,0.00%,18,0.02%,0.02%
Masafi Water1.5Ltr,Water,BEVERAGE,9,18,0,0.00%,18,0.08%,0.02%
Mature Cheddar&Pickle,Sandwiches,FOOD,1,18,0,0.00%,18,0.01%,0.02%
NESCAFE CAPPUCINO SACHET 1PCS,CS Coffee,FOOD,8,18,0,0.00%,18,0.07%,0.02%
POKKA LEMON ICED TEA 330ML,CS Soft Drinks,BEVERAGE,6,18,0,0.00%,18,0.05%,0.02%
SCHOGETTEN TROLOGIA 100GM,CS Chocolate ,FOOD,3,18,0,0.00%,18,0.03%,0.02%
CARTE D'OR PINT CHOCOLATE,CS Ice Cream,FOOD,1,17.5,0,0.00%,17.5,0.01%,0.02%
FITA CRACKERS 150G,Biscuit & Cookies,FOOD,5,17.5,0,0.00%,17.5,0.04%,0.02%
LAYS FORNO CHEESE 43GM,CS Chips & Snacks,FOOD,7,17.5,0,0.00%,17.5,0.06%,0.02%
MUFFIN BLUEBERRY,CS Bakery,FOOD,5,17.5,0,0.00%,17.5,0.04%,0.02%
ALWAYS PANTYR LINER 40 NORMAL,CS Sanitary Care,NON FOOD,1,17.25,0,0.00%,17.25,0.01%,0.02%
COEUR DE LION PETIT CAMEMBERT 15,CS Dairy ,FOOD,1,17.25,0,0.00%,17.25,0.01%,0.02%
LifebuoyAbWetWipes,CS Tissue & Toilet Rolls,NON FOOD,2,17,0,0.00%,17,0.02%,0.02%
NIVEA DEO FEMALE BLACK & WHITE 2,CS Deodrants,NON FOOD,1,17,0,0.00%,17,0.01%,0.02%
ALPROMilkFlvrChoc 1L,CS Dairy ,BEVERAGE,1,16.75,0,0.00%,16.75,0.01%,0.02%
ALPEN MUESLI ORIGINAL 375GM,CS Cereal,FOOD,1,16.5,0,0.00%,16.5,0.01%,0.02%
BEST CAN PEANUTS SALTED 110GM,CS Nuts & Seeds,FOOD,2,16.5,0,0.00%,16.5,0.02%,0.02%
BONNE MANAM ORANGE MARMALADE 370,CS Can & Jar Food,FOOD,1,16.5,0,0.00%,16.5,0.01%,0.02%
LIFEBUOY BODYWASH NATURE 300ML,CS Bath & Shower,NON FOOD,1,16.5,0,0.00%,16.5,0.01%,0.02%
JUNGLE OAT STRAWBERRY YOGHURT 50,CS Cereal,FOOD,1,16.25,0,0.00%,16.25,0.01%,0.02%
12 OZ SOYA CAFFE LATTE,Coffee,FOOD,1,16,0,0.00%,16,0.01%,0.02%
ADD FLAVOURED SYRUP,Starbucks,FOOD,4,16,0,0.00%,16,0.03%,0.02%
BREAD BASKET,Condiments,FOOD,2,16,0,0.00%,16,0.02%,0.02%
BREAKFAST TEA BAG,Tea,FOOD,2,16,0,0.00%,16,0.02%,0.02%
CLOROX WIPES DISINFECTING CITRUS,CS Cleaning Supplies,NON FOOD,1,16,0,0.00%,16,0.01%,0.02%
Earl Grey Tea,Tea,FOOD,2,16,0,0.00%,16,0.02%,0.02%
Espresso Doppio,Coffee,BEVERAGE,1,16,0,0.00%,16,0.01%,0.02%
Extra Cheese,Cheese,FOOD,4,16,0,0.00%,16,0.03%,0.02%
EXTRA PELLET PEPPERMINT GUM,CS Mint & Gum,FOOD,8,16,0,0.00%,16,0.07%,0.02%
EXTRA PELLET STRAWBERRY GUM,Biscuit & Cookies,FOOD,8,16,0,0.00%,16,0.07%,0.02%
EXTRA PELLET WHITE GUM,CS Mint & Gum,FOOD,8,16,0,0.00%,16,0.07%,0.02%
FAIRY LEMON 500ML,CS Dishwashing,NON FOOD,2,16,0,0.00%,16,0.02%,0.02%
FALAFEL & HUMUS,Wraps,FOOD,1,16,0,0.00%,16,0.01%,0.02%
FOUNTAIN SODA SMALL,Softdrinks,BEVERAGE,9,16,0,0.00%,16,0.08%,0.02%
Fresh Orange Juice,Fresh Juices,BEVERAGE,42,16,0,0.00%,16,0.36%,0.02%
GINGER PACKET,CS Fresh Vegatables,FOOD,2,16,0,0.00%,16,0.02%,0.02%
JASMINE ICED TEA,Tea,FOOD,2,16,0,0.00%,16,0.02%,0.02%
KALE PACKET,CS Fresh Vegatables,FOOD,1,16,0,0.00%,16,0.01%,0.02%
LAYS CHILLI 40G,CHIPS,FOOD,4,16,0,0.00%,16,0.03%,0.02%
Lemon,CS Fresh Vegatables,FOOD,8,16,0,0.00%,16,0.07%,0.02%
MUSHROOM PACKET,CS Fresh Vegatables,FOOD,2,16,0,0.00%,16,0.02%,0.02%
SLICED BREAD WHITE JUMBO,CS Bakery,FOOD,4,16,0,0.00%,16,0.03%,0.02%
SMINT CANDY GUM MINT 14.2G,CS Mint & Gum,FOOD,4,16,0,0.00%,16,0.03%,0.02%
SPARKLING WATER PREMIUM,Water,BEVERAGE,2,16,0,0.00%,16,0.02%,0.02%
SUBSTITUTE SOYA ALMOND,Soya Milk,FOOD,4,16,0,0.00%,16,0.03%,0.02%
TEA BAG GREEN,Tea,FOOD,2,16,0,0.00%,16,0.02%,0.02%
TEA BAG MOROCCAN,Tea,FOOD,2,16,0,0.00%,16,0.02%,0.02%
THE BERRY CO BLUEBERRY JUICE,Packet Juice,BEVERAGE,2,16,0,0.00%,16,0.02%,0.02%
Ferrarelle 330Ml ,CS Water,BEVERAGE,3,15.75,0,0.00%,15.75,0.03%,0.02%
ALPRO SOYA ORIGINAL1L,CS Dairy ,BEVERAGE,1,15.5,0,0.00%,15.5,0.01%,0.02%
AXE ROLLON DARK TEMPTATION 40ML,CS Deodrants,NON FOOD,1,15.5,0,0.00%,15.5,0.01%,0.02%
DOVECCMBER&GTSPRAY,CS Deodrants,NON FOOD,1,15.5,0,0.00%,15.5,0.01%,0.02%
OB TAMPONS MINI 16PCS,CS Sanitary Care,NON FOOD,1,15.5,0,0.00%,15.5,0.01%,0.02%
LIPTON PYRAMID LEMON TEA BAG,CS Tea,FOOD,1,15.25,0,0.00%,15.25,0.01%,0.01%
AL AIN MORNING CRANBERRY MUSELI ,CS Dairy ,FOOD,5,15,0,0.00%,15,0.04%,0.01%
AxeDeoApStckDark,CS Deodrants,NON FOOD,1,15,0,0.00%,15,0.01%,0.01%
CADBURY DM HAZELNUT 37GM,CS Chocolate ,FOOD,5,15,0,0.00%,15,0.04%,0.01%
Delivery Charges,Delivery charge,LABOR CHARGE,3,15,0,0.00%,15,0.03%,0.01%
DOUGHNUT ICING WHITE,CS Bakery,FOOD,10,15,0,0.00%,15,0.09%,0.01%
EBI NIGIRI,Sushi,FOOD,3,15,0,0.00%,15,0.03%,0.01%
LAYS FORNO BLACK PEPPER 43G,CHIPS,FOOD,3,15,0,0.00%,15,0.03%,0.01%
LAYS FORNO CHEESE 43G,CHIPS,FOOD,3,15,0,0.00%,15,0.03%,0.01%
MentoGmWatrMelon,CS Mint & Gum,FOOD,3,15,0,0.00%,15,0.03%,0.01%
NIVEA MEN SHOWER ENERGY 250ML,CS Bath & Shower,NON FOOD,1,15,0,0.00%,15,0.01%,0.01%
NIVEA MEN SHOWER ORIGINAL CARE 2,CS Bath & Shower,NON FOOD,1,15,0,0.00%,15,0.01%,0.01%
NIVEA MEN SHOWER VITALITY FRESH ,CS Bath & Shower,NON FOOD,1,15,0,0.00%,15,0.01%,0.01%
NIVEA SHOWER CR�ME CARE 250ML,CS Bath & Shower,NON FOOD,1,15,0,0.00%,15,0.01%,0.01%
POKKA ICED TEA PEACH 500ML,CS Packet Juice,BEVERAGE,5,15,0,0.00%,15,0.04%,0.01%
RADISH PACKET,CS Fresh Vegatables,FOOD,3,15,0,0.00%,15,0.03%,0.01%
SCHOGETTEN STRAWBERRY YOGURT100G,CS Chocolate ,FOOD,3,15,0,0.00%,15,0.03%,0.01%
GLADE AIR INFUSIONS YLANG 300ML,CS Air Freshner,NON FOOD,1,14.5,0,0.00%,14.5,0.01%,0.01%
NIVEA STICK MEN STRESS PROTECT 4,CS Deodrants,NON FOOD,1,14.5,0,0.00%,14.5,0.01%,0.01%
NIVEA STICK WOMEN INVISIBLE 40ML,CS Deodrants,NON FOOD,1,14.5,0,0.00%,14.5,0.01%,0.01%
SCRUMMIES BLUEBERRY CRANBERRIES ,CS Dry Fruits,FOOD,3,14.25,0,0.00%,14.25,0.03%,0.01%
SCRUMMIES CHERRY CRANBERRIES 20G,CS Dry Fruits,FOOD,3,14.25,0,0.00%,14.25,0.03%,0.01%
12 OZ SOYA AMERICANO,Coffee,FOOD,1,14,0,0.00%,14,0.01%,0.01%
AL AIN PINEAPPLE YOGHURT 125GM,CS Dairy ,FOOD,7,14,0,0.00%,14,0.06%,0.01%
AL MARAI FRESH MILK FULL FAT 1L,CS Dairy ,FOOD,2,14,0,0.00%,14,0.02%,0.01%
AL MARAI FRESH MILK LOW FAT 1L,CS Dairy ,FOOD,2,14,0,0.00%,14,0.02%,0.01%
ALMARAI MILK FAT FREE1L,CS Dairy ,FOOD,2,14,0,0.00%,14,0.02%,0.01%
ALO ENRICH POMEGRANATE JUICE,Fresh Juices,FOOD,1,14,0,0.00%,14,0.01%,0.01%
ALO EXPOSED ALO JUICE,Fresh Juices,FOOD,1,14,0,0.00%,14,0.01%,0.01%
COKE PET 500ML,CS Soft Drinks,BEVERAGE,7,14,0,0.00%,14,0.06%,0.01%
FIRE FLY GRAPE FRUIT,Packet Juice,BEVERAGE,1,14,0,0.00%,14,0.01%,0.01%
FIREFLY RECHARGE POMEGRANATE,Tea,BEVERAGE,1,14,0,0.00%,14,0.01%,0.01%
FIREFLY WAKE UP PEACH,Tea,BEVERAGE,1,14,0,0.00%,14,0.01%,0.01%
LADY CHOICE CHUNKY PEANUT BUTTER,CS Can & Jar Food,FOOD,1,14,0,0.00%,14,0.01%,0.01%
LADY CHOICE CREAMY PEANUT BUTTER,CS Can & Jar Food,FOOD,1,14,0,0.00%,14,0.01%,0.01%
LAYS 40GM SALT,CS Chips & Snacks,FOOD,7,14,0,0.00%,14,0.06%,0.01%
Lemon & Mint,Fresh Juices,BEVERAGE,1,14,0,0.00%,14,0.01%,0.01%
Mini Biscuits,Dessert,FOOD,1,14,0,0.00%,14,0.01%,0.01%
NECTAFLOR PREMIUM FIGS 200GM,CS Dry Fruits,FOOD,1,14,0,0.00%,14,0.01%,0.01%
Orange,Fresh Juices,BEVERAGE,1,14,0,0.00%,14,0.01%,0.01%
PEACH PACKET,CS Fresh Fruit,FOOD,1,14,0,0.00%,14,0.01%,0.01%
SMALL GREEN SALAD ,Salads,FOOD,2,14,0,0.00%,14,0.02%,0.01%
LINDT EXCELLENCE MINT INTENSE 10,CS Chocolate ,FOOD,1,13.75,0,0.00%,13.75,0.01%,0.01%
SELPAK KITCHEN ROLL 3PCS 20% OFF,CS Tissue & Toilet Rolls,NON FOOD,1,13.75,0,0.00%,13.75,0.01%,0.01%
Cremecaramel100g,CS Dairy ,FOOD,9,13.5,0,0.00%,13.5,0.08%,0.01%
LACNOR APPLE 180ML,CS Packet Juice,BEVERAGE,9,13.5,0,0.00%,13.5,0.08%,0.01%
MANI 20G PEANUTS SPICY PAPRIKA,CS Dry Fruits,FOOD,9,13.5,0,0.00%,13.5,0.08%,0.01%
PEPSI DIET CAN 335ML ,CS Soft Drinks,BEVERAGE,9,13.5,0,0.00%,13.5,0.08%,0.01%
SCHWEPPES GINGER ALE 300M,CS Soft Drinks,BEVERAGE,9,13.5,0,0.00%,13.5,0.08%,0.01%
THAI CHOICE SHRIMP,CS Pasta & Noodles,FOOD,3,13.5,0,0.00%,13.5,0.03%,0.01%
ALWAYS LARGE WINGS 10 PCS,CS Sanitary Care,NON FOOD,2,13,0,0.00%,13,0.02%,0.01%
BISQUINI TIN BLUEBERRY COOKIES 1,Biscuit & Cookies,FOOD,1,13,0,0.00%,13,0.01%,0.01%
BOGUTTI AMERICAN COOKIES HAZELNU,Biscuit & Cookies,FOOD,2,13,0,0.00%,13,0.02%,0.01%
CAPSICUM MIX PACKET,CS Fresh Vegatables,FOOD,1,13,0,0.00%,13,0.01%,0.01%
COCO TREE JUICE 330ML,CS Packet Juice,BEVERAGE,4,13,0,0.00%,13,0.03%,0.01%
FUN32OZMLTI,CS Disposable,NON FOOD,2,13,0,0.00%,13,0.02%,0.01%
CLEARLY SCRUMPTIOUS GOLDEN BERRI,CS Dry Fruits,FOOD,1,12.75,0,0.00%,12.75,0.01%,0.01%
LUX BW AQUA SPARKLE 250ML,CS Bath & Shower,NON FOOD,1,12.75,0,0.00%,12.75,0.01%,0.01%
JOHNSONS COTTON BALLS 50 PCS,CS Facial Care,NON FOOD,1,12.5,0,0.00%,12.5,0.01%,0.01%
ORAL B 3 EFFECT MAXI CLEAN MEDIU,CS Tissue & Toilet Rolls,NON FOOD,2,12.5,0,0.00%,12.5,0.02%,0.01%
7 Up,Softdrinks,BEVERAGE,3,12,0,0.00%,12,0.03%,0.01%
ALAIN FR LOW FAT MILK2L,CS Dairy ,FOOD,1,12,0,0.00%,12,0.01%,0.01%
AL MARAI LABAN FULL FAT 360ML,CS Dairy ,FOOD,4,12,0,0.00%,12,0.03%,0.01%
ALPEN BAR FRUIT NUT MILK CHOCOLA,CS Cereal,FOOD,3,12,0,0.00%,12,0.03%,0.01%
Beef Noodle Soup,Soup ,FOOD,1,12,0,0.00%,12,0.01%,0.01%
Best Salted Peanut30g,Peannuts,FOOD,4,12,0,0.00%,12,0.03%,0.01%
Cappuccino,Nespresso,FOOD,1,12,0,0.00%,12,0.01%,0.01%
COKE LIGHT CAN 300ML,CS Soft Drinks,BEVERAGE,8,12,0,0.00%,12,0.07%,0.01%
CROISSANT HI BUTTER ZATAR,CS Bakery,FOOD,3,12,0,0.00%,12,0.03%,0.01%
DOUGHNUT JAM,CS Bakery,FOOD,8,12,0,0.00%,12,0.07%,0.01%
EGGPLANT BABY PACKET,CS Fresh Vegatables,FOOD,2,12,0,0.00%,12,0.02%,0.01%
ESPRESSO MACCHIATO DOUBLE,Coffee,FOOD,1,12,0,0.00%,12,0.01%,0.01%
Flake Cadbury32g ,CS Chocolate ,FOOD,4,12,0,0.00%,12,0.03%,0.01%
GATORADE LEMON,Energy Drinks,BEVERAGE,1,12,0,0.00%,12,0.01%,0.01%
GATORADE TROPICAL,Energy Drinks,BEVERAGE,1,12,0,0.00%,12,0.01%,0.01%
Khubus Bread,Breakfast,FOOD,6,12,0,0.00%,12,0.05%,0.01%
LABELLO FRUITY SHINE 4.8GM,CS Facial Care,NON FOOD,1,12,0,0.00%,12,0.01%,0.01%
Lacnor Low Fat Milk 1L,CS Dairy ,BEVERAGE,3,12,0,0.00%,12,0.03%,0.01%
LAYS 40GM TOMATO KETCHUP,CS Chips & Snacks,FOOD,6,12,0,0.00%,12,0.05%,0.01%
Lays Chips,Extras,FOOD,6,12,0,0.00%,12,0.05%,0.01%
LIPTON PYRAMID FOREST FRUIT TEA,CS Tea,FOOD,1,12,0,0.00%,12,0.01%,0.01%
LUX BW DREAM DELIGHT 250ML,CS Bath & Shower,NON FOOD,1,12,0,0.00%,12,0.01%,0.01%
Lychee Iced Tea,Mocktails,BEVERAGE,1,12,0,0.00%,12,0.01%,0.01%
Perrier Water,Water,BEVERAGE,2,12,0,0.00%,12,0.02%,0.01%
PRINGLES 40GM KETCHUP,CS Chips & Snacks,FOOD,3,12,0,0.00%,12,0.03%,0.01%
SCHOGETTEN CAPPUCCINO 100G,CS Chocolate ,FOOD,2,12,0,0.00%,12,0.02%,0.01%
SMINT CANDY GUM PEPPERMINT 14.2G,CS Mint & Gum,FOOD,3,12,0,0.00%,12,0.03%,0.01%
Veg Noodle Soup,Soup ,FOOD,1,12,0,0.00%,12,0.01%,0.01%
DOLMIO BOLOGNESE ORIGINAL SAUCE ,CS Sauce,FOOD,1,11.5,0,0.00%,11.5,0.01%,0.01%
BAHLSEN LEIBNIZ MINIS BUTTER 100,Biscuit & Cookies,FOOD,2,11,0,0.00%,11,0.02%,0.01%
CADBURY DM CHOCOLATE 230GM,CS Chocolate ,FOOD,1,11,0,0.00%,11,0.01%,0.01%
CDMFrt&NutCdbry230g,CS Chocolate ,FOOD,1,11,0,0.00%,11,0.01%,0.01%
GROWERS PACKET SAVOURY PEANUTS,CS Nuts & Seeds,FOOD,2,11,0,0.00%,11,0.02%,0.01%
LUX HW MAGICAL BEAUTY 250ML,CS Soap & Handwash,NON FOOD,1,11,0,0.00%,11,0.01%,0.01%
LUX HW SECRET BLISS 250ML,CS Soap & Handwash,NON FOOD,1,11,0,0.00%,11,0.01%,0.01%
PANTENE SH SMOOTH SILKY 200ML,CS Shampoo & Conditioner,NON FOOD,1,11,0,0.00%,11,0.01%,0.01%
SIS SugarCubeWhite 454g,CS Coocking & Baking,FOOD,1,11,0,0.00%,11,0.01%,0.01%
Sugar Granul2Kg ,CS Coocking & Baking,FOOD,1,11,0,0.00%,11,0.01%,0.01%
TAMPAX REGULAR,CS Sanitary Care,NON FOOD,1,11,0,0.00%,11,0.01%,0.01%
TAMPAX SUPER,CS Sanitary Care,NON FOOD,1,11,0,0.00%,11,0.01%,0.01%
BAYARA EXTRA MIXED NUTS 150GM,CS Nuts & Seeds,FOOD,1,10.75,0,0.00%,10.75,0.01%,0.01%
CASTANIA CASHEW 60G,CS Nuts & Seeds,FOOD,1,10.5,0,0.00%,10.5,0.01%,0.01%
CROISSANT PLAIN,CS Bakery,FOOD,7,10.5,0,0.00%,10.5,0.06%,0.01%
EMMENTHAL CHEESE GRATED 150G,CS Dairy ,FOOD,1,10.5,0,0.00%,10.5,0.01%,0.01%
FRUIT TELLA STRAWBERRY 39G,CS Mint & Gum,FOOD,6,10.5,0,0.00%,10.5,0.05%,0.01%
MANI CASHEWS ROSTED SEA SALT 40G,CS Dry Fruits,FOOD,2,10.5,0,0.00%,10.5,0.02%,0.01%
ORAL B BRUSH CLASSIC,CS Oral Care,NON FOOD,3,10.5,0,0.00%,10.5,0.03%,0.01%
Tide HS MB260g ,CS Laundry Care,NON FOOD,3,10.5,0,0.00%,10.5,0.03%,0.01%
VITA COCO PEACH & MANGO 330ML,Convenience Beverages,BEVERAGE,1,10.5,0,0.00%,10.5,0.01%,0.01%
WALKERS SB FINGERS 40G,Biscuit & Cookies,FOOD,3,10.5,0,0.00%,10.5,0.03%,0.01%
A/G CORNED BEEF HALAL 340GM,CS Can & Jar Food,FOOD,1,10.25,0,0.00%,10.25,0.01%,0.01%
LABELLO MEN ACTIVE CARE 4.8G,CS Facial Care,NON FOOD,1,10.25,0,0.00%,10.25,0.01%,0.01%
1 Scoop Protein Powder,TOPPINGS,FOOD,2,10,0,0.00%,10,0.02%,0.01%
AL RABIE MANGO PASSION 330ML,CS Fresh Juice,BEVERAGE,4,10,0,0.00%,10,0.03%,0.01%
Castania Peanut 60g,CS Nuts & Seeds,FOOD,2,10,0,0.00%,10,0.02%,0.01%
CHILLI GREEN PACKET,CS Fresh Vegatables,FOOD,2,10,0,0.00%,10,0.02%,0.01%
DOUGHNUT PLAIN,CS Bakery,FOOD,5,10,0,0.00%,10,0.04%,0.01%
MANI 20G SWEET COCKTAIL NUTS FRU,CS Dry Fruits,FOOD,4,10,0,0.00%,10,0.03%,0.01%
MENTOS CHEWY MINT 30GM,CS Mint & Gum,FOOD,8,10,0,0.00%,10,0.07%,0.01%
PEPPERMEIN LOOSE TEA,Tea,FOOD,1,10,0,0.00%,10,0.01%,0.01%
SENCHA GREEN LOOSE TEA,Tea,FOOD,1,10,0,0.00%,10,0.01%,0.01%
SINGLE ASSAM LOOSE TEA,Tea,FOOD,1,10,0,0.00%,10,0.01%,0.01%
TANDOORI CHICKEN,Sandwiches,FOOD,1,10,0,0.00%,10,0.01%,0.01%
THREE CHEESE,Sandwiches,FOOD,1,10,0,0.00%,10,0.01%,0.01%
CLOSEUP FIRE FREEZE INTENSE 100M,CS Oral Care,NON FOOD,1,9.75,0,0.00%,9.75,0.01%,0.01%
INDOMIE CUP TOMATO NOODLES,CS Pasta & Noodles,FOOD,3,9.75,0,0.00%,9.75,0.03%,0.01%
VOCHELLE BLOCK FRUIT&NUTS 180G,CS Chocolate ,FOOD,1,9.75,0,0.00%,9.75,0.01%,0.01%
BEST CAN MIXED NUTS 110GM,CS Nuts & Seeds,FOOD,1,9.5,0,0.00%,9.5,0.01%,0.01%
CASTANIA KRI KRI 60G,CS Nuts & Seeds,FOOD,2,9.5,0,0.00%,9.5,0.02%,0.01%
GILLETTE FOAM LEMON,CS Mens Care,NON FOOD,1,9.5,0,0.00%,9.5,0.01%,0.01%
BOGUTTI WHITE CHOCO PCS 37%,Biscuit & Cookies,FOOD,1,9.25,0,0.00%,9.25,0.01%,0.01%
AL AIN YOGHURT FULL CREAM 170GM,CS Dairy ,FOOD,6,9,0,0.00%,9,0.05%,0.01%
AL MARAI LABAN FULL FAT 360ML,CS Dairy ,FOOD,3,9,0,0.00%,9,0.03%,0.01%
CERES RUBY GRAPE FRUIT JUICE 1L,CS Packet Juice,BEVERAGE,1,9,0,0.00%,9,0.01%,0.01%
Extra Cheese,Cheese,FOOD,3,9,0,0.00%,9,0.03%,0.01%
KIT KAT 2 FINGERS,CS Chocolate ,FOOD,9,9,0,0.00%,9,0.08%,0.01%
Potato Wedges,Extras,FOOD,1,9,0,0.00%,9,0.01%,0.01%
PRINGLES HOT & SPICY 165GM,CS Chips & Snacks,FOOD,1,9,0,0.00%,9,0.01%,0.01%
PRINGLES KETCHUP 165GM,CS Chips & Snacks,FOOD,1,9,0,0.00%,9,0.01%,0.01%
QUAKER WHITE OATS TIN 500GM,CS Cereal,FOOD,1,9,0,0.00%,9,0.01%,0.01%
CLOSE UP DEEP ACTION120ml,CS Oral Care,NON FOOD,1,8.5,0,0.00%,8.5,0.01%,0.01%
FUNPLSTCTUMB8TURQ25,CS Disposable,NON FOOD,1,8.5,0,0.00%,8.5,0.01%,0.01%
HEINZ TOMATO KETCHUP BOTTLE 300G,CS Sauce,FOOD,2,8.5,0,0.00%,8.5,0.02%,0.01%
PERRIER WATER SLIM CAN 250ML,Convenience Beverages,BEVERAGE,3,8.25,0,0.00%,8.25,0.03%,0.01%
ADD CARAMEL DRIZZLE,Starbucks,FOOD,2,8,0,0.00%,8,0.02%,0.01%
BOGUTTI CHOCOFIT CHOCO CRANBERRY,Biscuit & Cookies,FOOD,1,8,0,0.00%,8,0.01%,0.01%
BOGUTTI CHOCOFIT GOJI CRAN WHITE,Biscuit & Cookies,FOOD,1,8,0,0.00%,8,0.01%,0.01%
CHAMOMILE TEA BAG,Tea,FOOD,1,8,0,0.00%,8,0.01%,0.01%
CHILLI RED PACKET,CS Fresh Vegatables,FOOD,1,8,0,0.00%,8,0.01%,0.01%
D Sprite,Softdrinks,BEVERAGE,2,8,0,0.00%,8,0.02%,0.01%
EXTRA CHEDDAR,Cheese,FOOD,2,8,0,0.00%,8,0.02%,0.01%
EXTRA PROTEIN,TOPPINGS,FOOD,2,8,0,0.00%,8,0.02%,0.01%
FERRARELLE WATER 500ML,Water,BEVERAGE,1,8,0,0.00%,8,0.01%,0.01%
Fresh Carrot & Orange,Fresh Juices,BEVERAGE,1,8,0,0.00%,8,0.01%,0.01%
GLASS OF MILK,Milk,FOOD,2,8,0,0.00%,8,0.02%,0.01%
Hash Browns,Breakfast,FOOD,2,8,0,0.00%,8,0.02%,0.01%
HEINZ TUNA LIGHT SOLID OIL TIN 1,CS Can & Jar Food,FOOD,1,8,0,0.00%,8,0.01%,0.01%
KNORR CREAM OF CORN80G,CS Packet Food,FOOD,1,8,0,0.00%,8,0.01%,0.01%
KNORR PACKET CREAM OF MUSHROOM S,CS Packet Food,FOOD,2,8,0,0.00%,8,0.02%,0.01%
Lacnor Full Fat Milk 1L ,CS Dairy ,BEVERAGE,2,8,0,0.00%,8,0.02%,0.01%
LEMON DRIZZLE CAKE,Dessert,FOOD,1,8,0,0.00%,8,0.01%,0.01%
MENTOS BOTTLE JUICE BLAST WATERM,CS Mint & Gum,FOOD,1,8,0,0.00%,8,0.01%,0.01%
PEPPERMINT TEA BAG,Tea,FOOD,1,8,0,0.00%,8,0.01%,0.01%
Pepsi Light,Softdrinks,BEVERAGE,2,8,0,0.00%,8,0.02%,0.01%
SUBSTITUTE SOYA,Soya Milk,FOOD,2,8,0,0.00%,8,0.02%,0.01%
THE BERRY CO BLACK TEA ELDERFLOW,Packet Juice,BEVERAGE,1,8,0,0.00%,8,0.01%,0.01%
THE BERRY CO GOJI BERRY JUICE,Packet Juice,BEVERAGE,1,8,0,0.00%,8,0.01%,0.01%
THE BERRY CO GREEN TEA ,Packet Juice,BEVERAGE,1,8,0,0.00%,8,0.01%,0.01%
AL MARAI YOGHURT FULL CREAM 170G,CS Dairy ,FOOD,5,7.5,0,0.00%,7.5,0.04%,0.01%
AL RABIE ORANGE 330ML,CS Packet Juice,BEVERAGE,3,7.5,0,0.00%,7.5,0.03%,0.01%
AL RABIE PINEAPPLE 330ML,CS Packet Juice,BEVERAGE,3,7.5,0,0.00%,7.5,0.03%,0.01%
AlwaysUltraFreshExLong7,CS Sanitary Care,NON FOOD,1,7.5,0,0.00%,7.5,0.01%,0.01%
AM Chd Sli 200,CS Dairy ,FOOD,1,7.5,0,0.00%,7.5,0.01%,0.01%
BAYARA SALTED PISTACHIOS 50GM,CS Dry Fruits,FOOD,2,7.5,0,0.00%,7.5,0.02%,0.01%
KOKA PILLOW 5 PCS CURRY,CS Pasta & Noodles,FOOD,1,7.5,0,0.00%,7.5,0.01%,0.01%
PEPSI CAN 355ML ,CS Soft Drinks,BEVERAGE,5,7.5,0,0.00%,7.5,0.04%,0.01%
SIGNAL TP HERBAL MESWAK 120ML,CS Oral Care,NON FOOD,1,7.25,0,0.00%,7.25,0.01%,0.01%
Add Mini PastryCombo,Dessert,FOOD,7,7,0,0.00%,7,0.06%,0.01%
AMLacto Free Milk 1L,CS Dairy ,FOOD,1,7,0,0.00%,7,0.01%,0.01%
"BUN BREAD SEASAME 4"" 6 PCS",CS Bakery,FOOD,2,7,0,0.00%,7,0.02%,0.01%
Cheto Ches 210,CS Chips & Snacks,FOOD,1,7,0,0.00%,7,0.01%,0.01%
KOKA CUP SEAFOOD,CS Pasta & Noodles,FOOD,2,7,0,0.00%,7,0.02%,0.01%
ALMARAI SANDWICH SLICE CHEESE 20,CS Dairy ,FOOD,1,6.75,0,0.00%,6.75,0.01%,0.01%
CITYPACK PAPER CUP 8OZ 50PCS,CS Disposable,NON FOOD,1,6.5,0,0.00%,6.5,0.01%,0.01%
CORNETTO I/C LOVE TOFFEE,CS Ice Cream,FOOD,1,6.5,0,0.00%,6.5,0.01%,0.01%
CORNETTO I/C LOVE VANILLA RASPBE,CS Ice Cream,FOOD,1,6.5,0,0.00%,6.5,0.01%,0.01%
GALAXY SMOOTH MILK 40GM,CS Chocolate ,FOOD,2,6.5,0,0.00%,6.5,0.02%,0.01%
INDOMIE CUP VEGETABLE,CS Pasta & Noodles,FOOD,2,6.5,0,0.00%,6.5,0.02%,0.01%
LAYS TOMATO KETCHUP 185GM,CS Chips & Snacks,FOOD,1,6.5,0,0.00%,6.5,0.01%,0.01%
LUX SUNLIGHT LEMON 400ML,CS Dishwashing,NON FOOD,1,6.5,0,0.00%,6.5,0.01%,0.01%
A/G U.S KETCHUP SQUEEZE14OZ,CS Sauce,FOOD,1,6,0,0.00%,6,0.01%,0.01%
BEST 30GM SALTED PISTACHIO,CS Nuts & Seeds,FOOD,2,6,0,0.00%,6,0.02%,0.01%
CHOCOLATE CHIP COOKIE,Dessert,FOOD,1,6,0,0.00%,6,0.01%,0.01%
COCA COAL LIGHT PET 500ML,Softdrinks,BEVERAGE,1,6,0,0.00%,6,0.01%,0.01%
COCA COLA PET 500ML,Softdrinks,BEVERAGE,1,6,0,0.00%,6,0.01%,0.01%
COKE CAN 330ML ,CS Soft Drinks,BEVERAGE,4,6,0,0.00%,6,0.03%,0.01%
COKE ZERO CAN 300M,CS Soft Drinks,BEVERAGE,4,6,0,0.00%,6,0.03%,0.01%
FANTA APPLE CAN,Softdrinks,BEVERAGE,4,6,0,0.00%,6,0.03%,0.01%
GALAXY FRUIT & NUT 40GM,CS Chocolate ,FOOD,2,6,0,0.00%,6,0.02%,0.01%
GALAXY HAZELNUT 40GM,CS Chocolate ,FOOD,2,6,0,0.00%,6,0.02%,0.01%
GYMA BLACK PEPPER 28G,CS Spices & Herbs,FOOD,1,6,0,0.00%,6,0.01%,0.01%
Jalapenos,Pizza,FOOD,1,6,0,0.00%,6,0.01%,0.01%
LAYS FRENCH CHEESE 185GM,CS Chips & Snacks,FOOD,1,6,0,0.00%,6,0.01%,0.01%
LIPTON YELLOW LABEL TEA BAG 25PC,CS Tea,FOOD,1,6,0,0.00%,6,0.01%,0.01%
Mirinda Orange355M,Softdrinks,FOOD,4,6,0,0.00%,6,0.03%,0.01%
NATURE VALLEY ROASTED ALMOND,CS Cereal,FOOD,2,6,0,0.00%,6,0.02%,0.01%
OAT & RAISIN COOKIE,Dessert,FOOD,1,6,0,0.00%,6,0.01%,0.01%
ORAL B BRUSH MAXI CLEAN,CS Oral Care,NON FOOD,1,6,0,0.00%,6,0.01%,0.01%
Pineapple,Pizza,FOOD,1,6,0,0.00%,6,0.01%,0.01%
Rainbow Low Fat 160ml,CS Dairy ,FOOD,2,6,0,0.00%,6,0.02%,0.01%
SCHWEPPES BITTER LEMON 300M,CS Soft Drinks,BEVERAGE,4,6,0,0.00%,6,0.03%,0.01%
SCHWEPPES SODA CAN 300M,CS Soft Drinks,BEVERAGE,4,6,0,0.00%,6,0.03%,0.01%
SCHWEPPES TONIC WATER CAN 300M,CS Soft Drinks,BEVERAGE,4,6,0,0.00%,6,0.03%,0.01%
SMINT POCKET LEMON ,CS Mint & Gum,FOOD,1,6,0,0.00%,6,0.01%,0.01%
SPRITE PET 500ML,Softdrinks,BEVERAGE,1,6,0,0.00%,6,0.01%,0.01%
STILL WATER REG,Water,BEVERAGE,3,6,0,0.00%,6,0.03%,0.01%
TOBLETOBLERONE MILK 35GM,CS Chocolate ,FOOD,2,6,0,0.00%,6,0.02%,0.01%
SMINT POCKET WILDBERRY,CS Mint & Gum,FOOD,1,5.75,0,0.00%,5.75,0.01%,0.01%
MANI BERRY NUT PUMPKIN SEED 45G,CS Dry Fruits,FOOD,1,5.5,0,0.00%,5.5,0.01%,0.01%
VOCHELLE DARK CHOC FRUIT & NUTS ,CS Chocolate ,FOOD,1,5.5,0,0.00%,5.5,0.01%,0.01%
AL AIN WATER 5 LTR,CS Water,BEVERAGE,2,5,0,0.00%,5,0.02%,0.00%
CABBAGE RED PACKET,CS Fresh Vegatables,FOOD,1,5,0,0.00%,5,0.01%,0.00%
CABBAGE WHITE PACKET,CS Fresh Vegatables,FOOD,1,5,0,0.00%,5,0.01%,0.00%
CARROT PACKET,CS Fresh Vegatables,FOOD,1,5,0,0.00%,5,0.01%,0.00%
Castania Fried Peanut 60g,CS Nuts & Seeds,FOOD,1,5,0,0.00%,5,0.01%,0.00%
CLOROX HEAVY DUTY SCOURER 1PCS,CS Cleaning Supplies,NON FOOD,2,5,0,0.00%,5,0.02%,0.00%
COKE LARGE 2.25L,CS Soft Drinks,BEVERAGE,1,5,0,0.00%,5,0.01%,0.00%
COKE LIGHT LARGE 2.25L,CS Soft Drinks,BEVERAGE,1,5,0,0.00%,5,0.01%,0.00%
CROISSANT ZATAR,CS Bakery,FOOD,2,5,0,0.00%,5,0.02%,0.00%
LAYS FORNO BLACK PEPPER 43GM,CS Chips & Snacks,FOOD,2,5,0,0.00%,5,0.02%,0.00%
Mars,Chocolate,FOOD,1,5,0,0.00%,5,0.01%,0.00%
MENTOS CHEWY RAINBOW 30GM,CS Mint & Gum,FOOD,4,5,0,0.00%,5,0.03%,0.00%
WHOLE FRUIT,Dessert,FOOD,1,5,0,0.00%,5,0.01%,0.00%
SCRUMMIES RASPBERRY CRANBERRIES ,CS Dry Fruits,FOOD,1,4.75,0,0.00%,4.75,0.01%,0.00%
7 UP CAN 355 ML,CS Soft Drinks,BEVERAGE,3,4.5,0,0.00%,4.5,0.03%,0.00%
FUNWDTOOTHPICK,CS Disposable,NON FOOD,1,4.5,0,0.00%,4.5,0.01%,0.00%
HeinzBaked Beans415g ,CS Can & Jar Food,FOOD,1,4.5,0,0.00%,4.5,0.01%,0.00%
KNORR PACKET GOURMET WILD MUSHRO,CS Packet Food,FOOD,1,4.5,0,0.00%,4.5,0.01%,0.00%
LACNOR MILK BANANA 180ML,CS Packet Juice,BEVERAGE,3,4.5,0,0.00%,4.5,0.03%,0.00%
LACNOR STRAWBERRY JUICE 180ML,CS Packet Juice,BEVERAGE,3,4.5,0,0.00%,4.5,0.03%,0.00%
LIFEBOUYPBMOISWRAP125g,CS Soap & Handwash,NON FOOD,1,4.5,0,0.00%,4.5,0.01%,0.00%
LIFEBUOYLEMONFRESHSOAP125G,CS Soap & Handwash,NON FOOD,1,4.5,0,0.00%,4.5,0.01%,0.00%
MOUNTAIN DEW CAN 335ML ,CS Soft Drinks,BEVERAGE,3,4.5,0,0.00%,4.5,0.03%,0.00%
SLICED BREAD BROWN JUMBO,CS Bakery,FOOD,1,4.5,0,0.00%,4.5,0.01%,0.00%
VOLVIC WATER 500ML,CS Water,BEVERAGE,1,4.5,0,0.00%,4.5,0.01%,0.00%
ADD CARAMEL DRIZZLE,Starbucks,FOOD,1,4,0,0.00%,4,0.01%,0.00%
AL AIN PEACH APRICOT YOGHURT 125,CS Dairy ,FOOD,2,4,0,0.00%,4,0.02%,0.00%
BAYARA CINNAMON POWDER BOTTLE 10,CS Spices & Herbs,FOOD,1,4,0,0.00%,4,0.01%,0.00%
BAYARA FGINGER POWDER BOTTLE 100,CS Spices & Herbs,FOOD,1,4,0,0.00%,4,0.01%,0.00%
FANTA ORANGE CAN,Softdrinks,BEVERAGE,1,4,0,0.00%,4,0.01%,0.00%
GILLETTEE DISPOSABLE RAZOR,CS Mens Care,NON FOOD,2,4,0,0.00%,4,0.02%,0.00%
KNORR PACKET CREAM OF VEGETABLE ,CS Packet Food,FOOD,1,4,0,0.00%,4,0.01%,0.00%
LAYS CHEESE & ONION 40G,CHIPS,FOOD,1,4,0,0.00%,4,0.01%,0.00%
LAYS SALT & VINEGAR 40G,CHIPS,FOOD,1,4,0,0.00%,4,0.01%,0.00%
LAYS SALT 40G,CHIPS,FOOD,1,4,0,0.00%,4,0.01%,0.00%
LifeBuoySoap80g,CS Soap & Handwash,NON FOOD,2,4,0,0.00%,4,0.02%,0.00%
Mountain Dew,Softdrinks,BEVERAGE,15,4,0,0.00%,4,0.13%,0.00%
Nutra Van90gm,Biscuit & Cookies,FOOD,2,4,0,0.00%,4,0.02%,0.00%
Pepsi,Softdrinks,BEVERAGE,1,4,0,0.00%,4,0.01%,0.00%
PRINGLES 40GM HOT & SPICY,CS Chips & Snacks,FOOD,1,4,0,0.00%,4,0.01%,0.00%
SMINT CANDY GUM BLACKBERRY 14.2G,CS Mint & Gum,FOOD,1,4,0,0.00%,4,0.01%,0.00%
DURACELL BATTERY AAA BASIC 2S,CS Others,NON FOOD,1,3.75,0,0.00%,3.75,0.01%,0.00%
KOKA CUP CHICKEN,CS Pasta & Noodles,FOOD,1,3.5,0,0.00%,3.5,0.01%,0.00%
KOKA CUP MUSHROOM,CS Pasta & Noodles,FOOD,1,3.5,0,0.00%,3.5,0.01%,0.00%
KOKA CUP SPICY SHRIMP,CS Pasta & Noodles,FOOD,1,3.5,0,0.00%,3.5,0.01%,0.00%
LUX BAR DREAM DELIGHT 120GM,CS Soap & Handwash,NON FOOD,1,3.5,0,0.00%,3.5,0.01%,0.00%
SAFETY MATCH STICK BOX,CS Non Food,NON FOOD,2,3.5,0,0.00%,3.5,0.02%,0.00%
AL AIN MORNING MANGO MUSELI 250G,CS Dairy ,FOOD,1,3,0,0.00%,3,0.01%,0.00%
BAYARA BARGHOL BROWN 400GM,CS Coocking & Baking,FOOD,1,3,0,0.00%,3,0.01%,0.00%
Best SaltedCashew30g,Peannuts,FOOD,1,3,0,0.00%,3,0.01%,0.00%
CAPRISUN MANGO,CS Packet Juice,BEVERAGE,3,3,0,0.00%,3,0.03%,0.00%
Fountain Drink,Softdrinks,BEVERAGE,1,3,0,0.00%,3,0.01%,0.00%
M&M CHOCOLATE 45GM,CS Chocolate ,FOOD,1,3,0,0.00%,3,0.01%,0.00%
RAINBOWEvpMilk160ML ,CS Dairy ,FOOD,1,3,0,0.00%,3,0.01%,0.00%
Roasted Almond ,Cereal Bar,FOOD,1,3,0,0.00%,3,0.01%,0.00%
SPRIGHT LIGHT CAN 355M,CS Soft Drinks,BEVERAGE,2,3,0,0.00%,3,0.02%,0.00%
A/G IODIZED SALT 26OZ,CS Can & Jar Food,FOOD,1,2.5,0,0.00%,2.5,0.01%,0.00%
MENTOS ICE SPEARMINT 10G,CS Mint & Gum,FOOD,2,2.5,0,0.00%,2.5,0.02%,0.00%
NESCAFE SACHET RED MUG 1 PCS,CS Coffee,FOOD,3,2.25,0,0.00%,2.25,0.03%,0.00%
ADD SOYA MILK,Starbucks,FOOD,1,2,0,0.00%,2,0.01%,0.00%
BBQ SAUCE,Extras,FOOD,1,2,0,0.00%,2,0.01%,0.00%
EXTRA SALAD,TOPPINGS,FOOD,1,2,0,0.00%,2,0.01%,0.00%
HONEY & MUSTARD SAUCE,Extras,FOOD,1,2,0,0.00%,2,0.01%,0.00%
LAYS 40GM SALT VINEGAR,CS Chips & Snacks,FOOD,1,2,0,0.00%,2,0.01%,0.00%
MENTOS CHEWY STRAWBERRY 30GM,CS Mint & Gum,FOOD,1,2,0,0.00%,2,0.01%,0.00%
NutroLemon90g,Biscuit & Cookies,FOOD,1,2,0,0.00%,2,0.01%,0.00%
Nutro Straw90gm,Biscuit & Cookies,FOOD,1,2,0,0.00%,2,0.01%,0.00%
PEPSI DIET PET 500M,CS Soft Drinks,BEVERAGE,1,2,0,0.00%,2,0.01%,0.00%
PEPSI PET 500M,CS Soft Drinks,BEVERAGE,1,2,0,0.00%,2,0.01%,0.00%
SPRITE PET 500ML,CS Soft Drinks,BEVERAGE,1,2,0,0.00%,2,0.01%,0.00%
THOUSAND ISALND SAUCE,Extras,FOOD,1,2,0,0.00%,2,0.01%,0.00%
Comb Large ,CS Others,NON FOOD,1,1.75,0,0.00%,1.75,0.01%,0.00%
7 UP DIET 355ML ,CS Soft Drinks,BEVERAGE,1,1.5,0,0.00%,1.5,0.01%,0.00%
SPRITE CAN 355ML,CS Soft Drinks,BEVERAGE,1,1.5,0,0.00%,1.5,0.01%,0.00%
Fanta,Softdrinks,BEVERAGE,10,0,0,0.00%,0,0.09%,0.00%
Fresh Water Melon,Fresh Juices,BEVERAGE,2,0,0,0.00%,0,0.02%,0.00%
Sprite,Softdrinks,BEVERAGE,25,0,0,0.00%,0,0.21%,0.00%
TOTAL*,,,"9,903","101,950.25",0,0.00%,"101,950.25",85.11%,100.00%
,,,,,,,,,
