Menu Engineering Items Summary,,,,,,,,,
,,,,,,,,,
Business Dates,11/30/2015,,,,,,,,
Locations,"DEMO,UAE",,,,,,,,
Revenue Centers,All,,,,,,,,
Menu Items,All,,,,,,,,
,,,,,,,,,
Menu Item Name,Family Group,Major Group,Qty Sold,Net Sales,Prep Cost,Cost %,Margin Less Item Disc,% Qty,% Margin
Stud Meal Combo,Main course,FOOD,240,"7,170.00",0,0.00%,"7,170.00",2.63%,10.04%
GLOBAL STREET MAIN,Main course,FOOD,108,"2,782.00",0,0.00%,"2,782.00",1.19%,3.90%
Student Breakfast,Breakfast,FOOD,69,"2,070.00",0,0.00%,"2,070.00",0.76%,2.90%
MARINATED SALMON STEAK,Grill,FOOD,64,"1,920.00",0,0.00%,"1,920.00",0.70%,2.69%
Buffet Meal,Main course,FOOD,84,"1,694.00",0,0.00%,"1,694.00",0.92%,2.37%
SERCO LUNCH,SERCO LUNCH,FOOD,82,"1,230.00",0,0.00%,"1,230.00",0.90%,1.72%
Classic Angus Burger,Burgers,FOOD,40,"1,200.00",0,0.00%,"1,200.00",0.44%,1.68%
Chicken Caesar,Salads,FOOD,40,"1,000.00",0,0.00%,"1,000.00",0.44%,1.40%
BBQ Glazed Chicken,Sandwiches,FOOD,46,966,0,0.00%,966,0.50%,1.35%
CHICKEN MEAL ,Main course,FOOD,35,875,0,0.00%,875,0.38%,1.23%
SERCO DINNER,SERCO DINNER,FOOD,57,855,0,0.00%,855,0.63%,1.20%
Smoked Salmon,Sandwiches,FOOD,29,725,0,0.00%,725,0.32%,1.02%
12 OZ TOFFEE NUT LATTE,Coffee,FOOD,42,714,0,0.00%,714,0.46%,1.00%
FG LARGE BOWL,FEEL GOOD,FOOD,28,702,0,0.00%,702,0.31%,0.98%
MEAT PLATTER,Main course,FOOD,22,660,0,0.00%,660,0.24%,0.92%
Margherita(V),Pizza,FOOD,26,650,0,0.00%,650,0.29%,0.91%
Tenderloin Steak,Burgers,FOOD,21,630,0,0.00%,630,0.23%,0.88%
Take Away Box,Take Away Boxes,NON FOOD,207,621,0,0.00%,621,2.27%,0.87%
BUTTER FLY CHICKEN BREAST ,Grill,FOOD,25,600,0,0.00%,600,0.27%,0.84%
Chicken Udon Noodle,Main course,FOOD,24,600,0,0.00%,600,0.26%,0.84%
BEEF MEAL,Main course,FOOD,23,575,0,0.00%,575,0.25%,0.81%
Slice of the Day,Pizza,FOOD,119,575,0,0.00%,575,1.31%,0.81%
Chicken Steak,Grill,FOOD,23,552,0,0.00%,552,0.25%,0.77%
Two Eggs ,Breakfast,FOOD,109,540,0,0.00%,540,1.20%,0.76%
Chang Mai Curry,Main course,FOOD,24,528,0,0.00%,528,0.26%,0.74%
Chicken Tikka,Sandwiches,FOOD,22,528,0,0.00%,528,0.24%,0.74%
FG MEDIUM BOWL,FEEL GOOD,FOOD,28,504,0,0.00%,504,0.31%,0.71%
Fresh Fruit Pcs,Extras,FOOD,167,492,0,0.00%,492,1.83%,0.69%
Falafel Tomato & Hummus(V),Sandwiches,FOOD,26,468,0,0.00%,468,0.29%,0.66%
12 OZ CAFFE LATTE,Starbucks,FOOD,38,456,0,0.00%,456,0.42%,0.64%
Masafi Water500ml,Water,BEVERAGE,457,454,0,0.00%,454,5.02%,0.64%
12 OZ CAFFE AMERICANO,Starbucks,FOOD,45,450,0,0.00%,450,0.49%,0.63%
SERCO BREAKFAST,SERCO BREAKFAST,FOOD,30,450,0,0.00%,450,0.33%,0.63%
16 OZ CAFFE LATTE,Starbucks,FOOD,32,448,0,0.00%,448,0.35%,0.63%
Grilled Chicken Burger,Burgers,FOOD,16,384,0,0.00%,384,0.18%,0.54%
7 OZ DOUBLE SHOT ICED SHAKEN,Starbucks,FOOD,25,350,0,0.00%,350,0.27%,0.49%
Buffet Fruit Salad,Salads,FOOD,69,345,0,0.00%,345,0.76%,0.48%
Extra Portion Grill,Main course,FOOD,28,336,0,0.00%,336,0.31%,0.47%
Side Salad,Salads,FOOD,83,324,0,0.00%,324,0.91%,0.45%
Pesto Roasted Chicken,Sandwiches,FOOD,14,322,0,0.00%,322,0.15%,0.45%
LACNOR COCKTAIL 180ML,Fresh Juices,BEVERAGE,80,320,0,0.00%,320,0.88%,0.45%
Super Food Salad (V),Salads,FOOD,13,312,0,0.00%,312,0.14%,0.44%
12 OZ ICED TOFFEE NUT LATTE,Coffee,FOOD,18,306,0,0.00%,306,0.20%,0.43%
16 OZ CAFFE AMERICANO,Starbucks,FOOD,25,300,0,0.00%,300,0.27%,0.42%
CHICKEN CEASAR SALAD,Salads,FOOD,9,288,0,0.00%,288,0.10%,0.40%
FRESH JUICE LARGE,Fresh Juices,FOOD,41,280,0,0.00%,280,0.45%,0.39%
FRESH JUICE SMALL,Breakfast,FOOD,72,280,0,0.00%,280,0.79%,0.39%
CHICKEN ROCQUET CHEESE S/W,Sandwiches,FOOD,9,270,0,0.00%,270,0.10%,0.38%
SWEET CHILLI SALMON SALAD,Sandwiches,FOOD,7,266,0,0.00%,266,0.08%,0.37%
Fruit Salad,Yoghurt Pots,FOOD,22,264,0,0.00%,264,0.24%,0.37%
CROISSANT MEDIUM,PASTRIES,FOOD,37,259,0,0.00%,259,0.41%,0.36%
BLACK ANGUS CLUB 6 OZ,Burgers,FOOD,8,256,0,0.00%,256,0.09%,0.36%
Tandoori Chicken,Pizza,FOOD,7,252,0,0.00%,252,0.08%,0.35%
WALK IN LUNCH,WALK IN LUNCH,FOOD,25,250,0,0.00%,250,0.27%,0.35%
12 OZ CAPPUCHINO,Starbucks,FOOD,20,240,0,0.00%,240,0.22%,0.34%
Buffalo Chicken,Grill,FOOD,15,240,0,0.00%,240,0.16%,0.34%
Banana Pcs,CS Fresh Fruit,FOOD,238,238,0,0.00%,238,2.61%,0.33%
TAMRAH CHOCO CARAMEL ZIPPER BAG ,CS Dry Fruits,FOOD,25,225,0,0.00%,225,0.27%,0.32%
Chocolate Bar,Extras,FOOD,44,220,0,0.00%,220,0.48%,0.31%
Dessert,Dessert,FOOD,54,212,0,0.00%,212,0.59%,0.30%
REUBENS S/W,Sandwiches,FOOD,7,210,0,0.00%,210,0.08%,0.29%
TAMRAH CHOCO MILK ZIPPER BAG 100,CS Dry Fruits,FOOD,23,207,0,0.00%,207,0.25%,0.29%
100 Dhs Rech,CS Others,NON FOOD,2,200,0,0.00%,200,0.02%,0.28%
50 Dhs Rech,CS Others,NON FOOD,4,200,0,0.00%,200,0.04%,0.28%
Smoked Turkey Ham Pasta,Salads,FOOD,9,198,0,0.00%,198,0.10%,0.28%
Go Large,Pizza,FOOD,24,192,0,0.00%,192,0.26%,0.27%
Yogurt Muesli Honey,Yoghurt Pots,FOOD,12,192,0,0.00%,192,0.13%,0.27%
12 OZ VANILLA LATTE,Starbucks,FOOD,11,187,0,0.00%,187,0.12%,0.26%
Cereal Portion,Breakfast,FOOD,26,182,0,0.00%,182,0.29%,0.25%
BUTTERNUT & GOAT CHEESE SALAD ,Sandwiches,FOOD,5,180,0,0.00%,180,0.05%,0.25%
SIMPLE SHAWARMA,Main course,FOOD,24,176,0,0.00%,176,0.26%,0.25%
Rocco,Pizza,FOOD,5,175,0,0.00%,175,0.05%,0.25%
16 OZ ICED CAFFE LATTE,Starbucks,FOOD,12,174,0,0.00%,174,0.13%,0.24%
Yoghurt,Yogurt,FOOD,43,172,0,0.00%,172,0.47%,0.24%
RACHELS GREEK YOGHURT NATURAL 45,CS Dairy ,FOOD,7,171.5,0,0.00%,171.5,0.08%,0.24%
CEASAR CHICKEN WRAP,Wraps,FOOD,5,170,0,0.00%,170,0.05%,0.24%
SMOKED TURKEY S/W,Sandwiches,FOOD,5,170,0,0.00%,170,0.05%,0.24%
16 OZ CAPPUCHINO,Starbucks,FOOD,12,168,0,0.00%,168,0.13%,0.24%
CHUNKY MONKEY,Milk Shake,BEVERAGE,7,168,0,0.00%,168,0.08%,0.24%
VEG BURGER,Burgers,FOOD,8,160,0,0.00%,160,0.09%,0.22%
MAGNUM I/C WHITE,CS Ice Cream,FOOD,21,157.5,0,0.00%,157.5,0.23%,0.22%
Filter Coffee,Tea,FOOD,37,155,0,0.00%,155,0.41%,0.22%
4 OZ BURGER COMBO,Burgers,FOOD,4,152,0,0.00%,152,0.04%,0.21%
Mexican Melt,Pizza,FOOD,4,152,0,0.00%,152,0.04%,0.21%
FYO SHAWARMA,Main course,FOOD,10,150,0,0.00%,150,0.11%,0.21%
Pokchoy Chesnut,Main course,FOOD,6,150,0,0.00%,150,0.07%,0.21%
LACNOR MILK CHOCOLATE,Flavoured Milk,BEVERAGE,37,148,0,0.00%,148,0.41%,0.21%
Cappuccino,Nespresso,FOOD,14,144,0,0.00%,144,0.15%,0.20%
Five a Day,Fresh Juices,BEVERAGE,6,144,0,0.00%,144,0.07%,0.20%
Yogurt Blueberry,Yoghurt Pots,FOOD,8,144,0,0.00%,144,0.09%,0.20%
16 OZ ICED CARAMEL MACCHIATO,Starbucks,FOOD,8,140,0,0.00%,140,0.09%,0.20%
Grilled Halloumi(V),Sandwiches,FOOD,7,140,0,0.00%,140,0.08%,0.20%
SELPAK TOILET ROLL 7+2,CS Tissue & Toilet Rolls,NON FOOD,6,139.5,0,0.00%,139.5,0.07%,0.20%
CROISSANT MINI,Dessert,FOOD,49,138,0,0.00%,138,0.54%,0.19%
Chicken Nuggets,Extras,FOOD,13,130,0,0.00%,130,0.14%,0.18%
16 OZ ICED WHITE CHOCOLATE MOCHA,Starbucks,FOOD,7,128,0,0.00%,128,0.08%,0.18%
COCA COLA CAN,Softdrinks,BEVERAGE,32,128,0,0.00%,128,0.35%,0.18%
FRESH GREEN SALAD,Salads,FOOD,8,128,0,0.00%,128,0.09%,0.18%
LACNOR ORANGE 180ML,Fresh Juices,BEVERAGE,32,128,0,0.00%,128,0.35%,0.18%
Hiyashi Chuka,Main course,FOOD,7,126,0,0.00%,126,0.08%,0.18%
Filter Tea,Tea,FOOD,25,125,0,0.00%,125,0.27%,0.18%
Salmon Salad,Salads,FOOD,5,125,0,0.00%,125,0.05%,0.18%
Beef sausage,Breakfast,FOOD,24,120,0,0.00%,120,0.26%,0.17%
DAN'S TOPICAL BLAST,Smoothies,BEVERAGE,6,120,0,0.00%,120,0.07%,0.17%
Double Trouble,Milk Shake,BEVERAGE,5,120,0,0.00%,120,0.05%,0.17%
Homemade Beef Burger,Burgers,FOOD,6,120,0,0.00%,120,0.07%,0.17%
Small Salad,Salads,FOOD,10,120,0,0.00%,120,0.11%,0.17%
16 OZ VANILLA LATTE,Starbucks,FOOD,6,114,0,0.00%,114,0.07%,0.16%
Angus Beef Burger,Burgers,FOOD,3,114,0,0.00%,114,0.03%,0.16%
FALAFEL COMBO,Burgers,FOOD,4,112,0,0.00%,112,0.04%,0.16%
Tuna Sweetcorn,Pre Packed Sandwiches,FOOD,7,112,0,0.00%,112,0.08%,0.16%
Portion Protein,Main course,FOOD,11,110,0,0.00%,110,0.12%,0.15%
CHICKEN CAESAR,Salads,FOOD,3,108,0,0.00%,108,0.03%,0.15%
Pancakes,Breakfast,FOOD,36,108,0,0.00%,108,0.40%,0.15%
Soup,Extras,FOOD,18,108,0,0.00%,108,0.20%,0.15%
12 OZ CAFFE MOCHA,Starbucks,FOOD,7,105,0,0.00%,105,0.08%,0.15%
12OZ WHITE CHOCOLATE MOCHA,Starbucks,FOOD,7,105,0,0.00%,105,0.08%,0.15%
Extra Topping,Pizza,FOOD,21,105,0,0.00%,105,0.23%,0.15%
Portion Vegetable,Main course,FOOD,21,105,0,0.00%,105,0.23%,0.15%
Hash Browns,Breakfast,FOOD,27,104,0,0.00%,104,0.30%,0.15%
CstaniaMixSuperNuts350G,CS Nuts & Seeds,FOOD,3,103.5,0,0.00%,103.5,0.03%,0.14%
16 OZ ICED CAFE AMERICANO,Starbucks,FOOD,8,102,0,0.00%,102,0.09%,0.14%
BRIE & TOMATO S/W,Sandwiches,FOOD,3,102,0,0.00%,102,0.03%,0.14%
JDS ALMOND THINS,Biscuit & Cookies,FOOD,6,102,0,0.00%,102,0.07%,0.14%
16 OZ FRAPPUCINO WHITE MOCHA,Starbucks,FOOD,5,100,0,0.00%,100,0.05%,0.14%
CEYLON GINGER LOOSE TEA,Tea,FOOD,10,100,0,0.00%,100,0.11%,0.14%
LARGE SPARKLING WATER PREMIUM,Water,BEVERAGE,5,100,0,0.00%,100,0.05%,0.14%
Yogurt Mango,Yoghurt Pots,FOOD,10,100,0,0.00%,100,0.11%,0.14%
BAYARA SALTED PISTACHIOS 300GM,CS Nuts & Seeds,FOOD,4,99,0,0.00%,99,0.04%,0.14%
Alkhaleejia Lasagne,Veggie,FOOD,7,98,0,0.00%,98,0.08%,0.14%
LINDT EXCELLENCE 70% CACOA 100GM,CS Chocolate ,FOOD,7,96.25,0,0.00%,96.25,0.08%,0.13%
Battered Fish Chips,Main course,FOOD,2,96,0,0.00%,96,0.02%,0.13%
FG SMALL BOWL,FEEL GOOD,FOOD,8,96,0,0.00%,96,0.09%,0.13%
French Fries,Extras,FOOD,16,96,0,0.00%,96,0.18%,0.13%
Frid Rice W Chicken,Fried Rice,FOOD,3,96,0,0.00%,96,0.03%,0.13%
Digest dark200,Biscuit & Cookies,FOOD,7,94.5,0,0.00%,94.5,0.08%,0.13%
PAPER BAG,BAGS,NON FOOD,94,94,0,0.00%,94,1.03%,0.13%
SELPAK KITCHEN ROLL 2 PCS,CS Tissue & Toilet Rolls,NON FOOD,8,92,0,0.00%,92,0.09%,0.13%
AL AIN WATER 500ml,CS Water,BEVERAGE,91,91,0,0.00%,91,1.00%,0.13%
PRO BAR MEAL WHOLEBERRY BLAST 85,CS Cereal,FOOD,4,91,0,0.00%,91,0.04%,0.13%
CHIABIA MILLED CHIA SEED 150GM,CS Cereal,FOOD,2,90.5,0,0.00%,90.5,0.02%,0.13%
CHICKEN STACK,Burgers,FOOD,3,90,0,0.00%,90,0.03%,0.13%
MOROCCAN LOOSE TEA,Tea,FOOD,9,90,0,0.00%,90,0.10%,0.13%
AL AIN FRESH MANGO JUICE 330ML,CS Packet Juice,BEVERAGE,11,88,0,0.00%,88,0.12%,0.12%
Tuna Cheese Melt,Sandwiches,FOOD,4,88,0,0.00%,88,0.04%,0.12%
FOOD DOCTOR BAR APPLE WALNUT 35G,CS Organic Food,FOOD,10,87.5,0,0.00%,87.5,0.11%,0.12%
12 OZ CARAMEL LATTE,Starbucks,FOOD,5,85,0,0.00%,85,0.05%,0.12%
16 OZ WHITE CHOCOLATE MOCHA,Starbucks,FOOD,5,85,0,0.00%,85,0.05%,0.12%
Baked beans,Breakfast,FOOD,18,85,0,0.00%,85,0.20%,0.12%
HONEY MOON MOUNTAIN HONEY 250GM,CS Can & Jar Food,FOOD,3,84.75,0,0.00%,84.75,0.03%,0.12%
B.BAG SEA SALT150g,CS Chips & Snacks,FOOD,7,84,0,0.00%,84,0.08%,0.12%
BLUEBERRY MUFFINS,Dessert,FOOD,7,84,0,0.00%,84,0.08%,0.12%
JOCCA KRAFT COTTAGE CHEESE 200GM,CS Dairy ,FOOD,7,84,0,0.00%,84,0.08%,0.12%
KIT KAT MINI BAG 250GM,CS Chocolate ,FOOD,5,81.25,0,0.00%,81.25,0.05%,0.11%
16 OZ FRAPPUCINO CARAMEL,Starbucks,FOOD,4,80,0,0.00%,80,0.04%,0.11%
AL AIN FRESH MILK FULL FAT 2L,CS Dairy ,FOOD,8,80,0,0.00%,80,0.09%,0.11%
LACNOR APPLE 180ML,Fresh Juices,BEVERAGE,20,80,0,0.00%,80,0.22%,0.11%
MINUTE STEAK,Grill,FOOD,4,80,0,0.00%,80,0.04%,0.11%
WALK IN DINNER,WALK IN DINNER,FOOD,8,80,0,0.00%,80,0.09%,0.11%
DR OETKER MOZZRELLA PIZZA,CS Frozen Food,FOOD,3,78.75,0,0.00%,78.75,0.03%,0.11%
AL AIN FRESH MILK 1L FULL CREAM,CS Dairy ,FOOD,12,78,0,0.00%,78,0.13%,0.11%
Plum Red,CS Fresh Fruit,FOOD,39,78,0,0.00%,78,0.43%,0.11%
TUNA NICOISE SALAD,Salads,FOOD,3,78,0,0.00%,78,0.03%,0.11%
Walkers Short Bread40g,Biscuits,FOOD,22,77,0,0.00%,77,0.24%,0.11%
PEPSI CAN,Softdrinks,BEVERAGE,19,76,0,0.00%,76,0.21%,0.11%
POKKA LEMON ICED TEA CAN,Packet Juice,BEVERAGE,19,76,0,0.00%,76,0.21%,0.11%
SALMON NICOISE,Salads,FOOD,2,76,0,0.00%,76,0.02%,0.11%
12 OZ CARAMEL MACCHIATO,Starbucks,FOOD,5,75,0,0.00%,75,0.05%,0.11%
Cold Cuts,Breakfast,FOOD,15,75,0,0.00%,75,0.16%,0.11%
MAGNUM I/C CLASSIC,CS Ice Cream,FOOD,10,75,0,0.00%,75,0.11%,0.11%
Toast,Breakfast,FOOD,75,75,0,0.00%,75,0.82%,0.11%
Add Cheese,Extras,FOOD,24,72,0,0.00%,72,0.26%,0.10%
DoritoNacho85g,CS Chips & Snacks,FOOD,12,72,0,0.00%,72,0.13%,0.10%
HIT THE ROOF,Milk Shake,BEVERAGE,3,72,0,0.00%,72,0.03%,0.10%
MAGNUM I/C DOUBLE CHOCOLATE,CS Ice Cream,FOOD,8,72,0,0.00%,72,0.09%,0.10%
REDBULL REGULAR,Energy Drinks,BEVERAGE,9,72,0,0.00%,72,0.10%,0.10%
ROASTED BUTTERNUT,Salads,FOOD,2,72,0,0.00%,72,0.02%,0.10%
TRIPLE CHOCOLATE MUFFIN,Dessert,FOOD,6,72,0,0.00%,72,0.07%,0.10%
AL AIN WATER 1.5L,CS Water,BEVERAGE,47,70.5,0,0.00%,70.5,0.52%,0.10%
GRILLED CHICKEN & BACON S/W,Sandwiches,FOOD,2,70,0,0.00%,70,0.02%,0.10%
Guest Meal Combo,Main course,FOOD,5,70,0,0.00%,70,0.05%,0.10%
Isabella(V),Pizza,FOOD,2,70,0,0.00%,70,0.02%,0.10%
Sweet Potato Wedges,Extras,FOOD,7,70,0,0.00%,70,0.08%,0.10%
Three Cheese Spring Onion,Pre Packed Sandwiches,FOOD,7,70,0,0.00%,70,0.08%,0.10%
12 OZ HOT CHOCOLATE,Starbucks,FOOD,4,68,0,0.00%,68,0.04%,0.10%
16 OZ CARAMEL MACCHIATO,Starbucks,FOOD,4,68,0,0.00%,68,0.04%,0.10%
Apple Red,CS Fresh Fruit,FOOD,34,68,0,0.00%,68,0.37%,0.10%
French Toast,Breakfast,FOOD,18,68,0,0.00%,68,0.20%,0.10%
ILD DE FRANCE CHEESE CAMEMBERT 2,CS Dairy ,FOOD,2,68,0,0.00%,68,0.02%,0.10%
LACNOR MILK STRAWBERRY,Flavoured Milk,BEVERAGE,17,68,0,0.00%,68,0.19%,0.10%
PEPSI DIET CAN,Softdrinks,BEVERAGE,17,68,0,0.00%,68,0.19%,0.10%
CastaniaCashew,CS Nuts & Seeds,FOOD,3,67.5,0,0.00%,67.5,0.03%,0.09%
BUNALUN ORGANIC PESTO DAIRY FREE,CS Organic Food,FOOD,2,66.5,0,0.00%,66.5,0.02%,0.09%
California Rolls(6Pcs),Sushi,FOOD,3,66,0,0.00%,66,0.03%,0.09%
Greek Salad,Salads,FOOD,3,66,0,0.00%,66,0.03%,0.09%
Mushrooms,Pizza,FOOD,11,66,0,0.00%,66,0.12%,0.09%
Roast Beef,Sandwiches,FOOD,3,66,0,0.00%,66,0.03%,0.09%
AL AIN FRESH MILK 1L LOW FAT,CS Dairy ,FOOD,10,65,0,0.00%,65,0.11%,0.09%
C&C FACE SCRUB MORNING ENERGY 15,CS Facial Care,NON FOOD,2,64.5,0,0.00%,64.5,0.02%,0.09%
FOUNTAIN SODA SMALL,Softdrinks,BEVERAGE,33,64,0,0.00%,64,0.36%,0.09%
Croissant,Breakfast,FOOD,9,63,0,0.00%,63,0.10%,0.09%
TAMRAH CHOCO DARK ZIPPER BAG 100,CS Dry Fruits,FOOD,7,63,0,0.00%,63,0.08%,0.09%
ALPRO SOYA ORIGINAL1L,CS Dairy ,BEVERAGE,4,62,0,0.00%,62,0.04%,0.09%
ANCHOR BUTTER UNSALTED 454G,CS Dairy ,FOOD,3,61.5,0,0.00%,61.5,0.03%,0.09%
AL AIN FRESH MILK LOW FAT 2L,CS Dairy ,FOOD,6,60,0,0.00%,60,0.07%,0.08%
B.BAG CHEDDAR150g,CS Chips & Snacks,FOOD,5,60,0,0.00%,60,0.05%,0.08%
BEEF MAIN,Main course,FOOD,3,60,0,0.00%,60,0.03%,0.08%
CHICKEN MAIN,Main course,FOOD,5,60,0,0.00%,60,0.05%,0.08%
Chicken Sweetcorn,Pre Packed Sandwiches,FOOD,6,60,0,0.00%,60,0.07%,0.08%
Chicken Tandoori,Pre Packed Sandwiches,FOOD,6,60,0,0.00%,60,0.07%,0.08%
DOUBLE ESSPRESSO,Starbucks,FOOD,5,60,0,0.00%,60,0.05%,0.08%
Latte Macchiato,Nespresso,FOOD,5,60,0,0.00%,60,0.05%,0.08%
MAGNUM I/C ALMOND,CS Ice Cream,FOOD,8,60,0,0.00%,60,0.09%,0.08%
PERRIER WATER 750ML,Water,BEVERAGE,6,60,0,0.00%,60,0.07%,0.08%
SNICKERS SINGLE BAR,CS Chocolate ,FOOD,20,60,0,0.00%,60,0.22%,0.08%
Yoghurt,Yogurt,FOOD,5,60,0,0.00%,60,0.05%,0.08%
CHEETOS 205GM CRUNCHY FLAMING HO,CS Chips & Snacks,FOOD,7,59.5,0,0.00%,59.5,0.08%,0.08%
Best SaltedCashew30g,Peannuts,FOOD,19,57,0,0.00%,57,0.21%,0.08%
SELPAK FACIAL TISSUE 100 SHEET,CS Tissue & Toilet Rolls,NON FOOD,9,56.25,0,0.00%,56.25,0.10%,0.08%
FG Juice Bottled,FEEL GOOD,FOOD,7,56,0,0.00%,56,0.08%,0.08%
JAYS POM PUNCH,Smoothies,BEVERAGE,2,56,0,0.00%,56,0.02%,0.08%
MARKOS TOP BANANA,Smoothies,BEVERAGE,2,56,0,0.00%,56,0.02%,0.08%
POKKA PEACH ICED TEA CAN,Packet Juice,BEVERAGE,14,56,0,0.00%,56,0.15%,0.08%
Pure VitaminC,Fresh Juices,BEVERAGE,2,56,0,0.00%,56,0.02%,0.08%
TEA BAG EARL GREY,Tea,FOOD,7,56,0,0.00%,56,0.08%,0.08%
A/G POP CORN MICROWAV EXTRA BUTT,CS Can & Jar Food,FOOD,6,55.5,0,0.00%,55.5,0.07%,0.08%
BarillaPestoSml,CS Sauce,FOOD,2,55,0,0.00%,55,0.02%,0.08%
CADBURY DM CHOCOLATE 230GM,CS Chocolate ,FOOD,5,55,0,0.00%,55,0.05%,0.08%
CLASSIC FRIES,Main course,FOOD,11,55,0,0.00%,55,0.12%,0.08%
FARM FRESH EGGS WHITE 15PCS,CS Eggs,FOOD,5,55,0,0.00%,55,0.05%,0.08%
GATORADE PINK LEMONDAE PET 500ML,CS Sports & Energy Drinks,BEVERAGE,11,55,0,0.00%,55,0.12%,0.08%
LINDT EXCELLENCE CARAMEL 100G,CS Chocolate ,FOOD,4,55,0,0.00%,55,0.04%,0.08%
TOBLERONE 50GM,CS Chocolate ,FOOD,11,55,0,0.00%,55,0.12%,0.08%
AXE DEO GOLD TEMPTATION 150ML,CS Deodrants,NON FOOD,3,54.75,0,0.00%,54.75,0.03%,0.08%
OREO MILK & CHOCOLATE 16 PACK 44,Biscuit & Cookies,FOOD,3,54.75,0,0.00%,54.75,0.03%,0.08%
Espresso,Nespresso,FOOD,6,54,0,0.00%,54,0.07%,0.08%
FARM FRESH EGGS WHITE 6PCS,CS Eggs,FOOD,12,54,0,0.00%,54,0.13%,0.08%
Large Salad,Salads,FOOD,3,54,0,0.00%,54,0.03%,0.08%
TAMRAH COCO DATES ZIPPER BAG 100,CS Dry Fruits,FOOD,6,54,0,0.00%,54,0.07%,0.08%
AL AIN MANGO YOGHURT 125GM,CS Dairy ,FOOD,30,52.5,0,0.00%,52.5,0.33%,0.07%
VITA COCO PEACH & MANGO 330ML,Convenience Beverages,BEVERAGE,5,52.5,0,0.00%,52.5,0.05%,0.07%
ADD ESPRESSO SHOT,Starbucks,FOOD,13,52,0,0.00%,52,0.14%,0.07%
COCA COLA ZERO CAN,Softdrinks,BEVERAGE,13,52,0,0.00%,52,0.14%,0.07%
FETA & ROAST VEG PANINI,Sandwiches,FOOD,2,52,0,0.00%,52,0.02%,0.07%
ALPROSoyaMilkUnswtnd1L,CS Packet Juice,BEVERAGE,3,50.25,0,0.00%,50.25,0.03%,0.07%
Bagel S. Salmon,Sandwiches,FOOD,2,50,0,0.00%,50,0.02%,0.07%
BLUE BERRY MUFFIN,Dessert,FOOD,5,50,0,0.00%,50,0.05%,0.07%
BRILLIANT BREAKFAST LOOSE TEA,Tea,FOOD,5,50,0,0.00%,50,0.05%,0.07%
EBI NIGIRI,Sushi,FOOD,10,50,0,0.00%,50,0.11%,0.07%
NIVEA EYE MAKEUP REMOVER 125ML,CS Facial Care,NON FOOD,2,50,0,0.00%,50,0.02%,0.07%
TURKEY HAM,Wraps,FOOD,2,50,0,0.00%,50,0.02%,0.07%
VOCHELLE TIN FRUIT NUTS 205GM,CS Chocolate ,FOOD,2,49.5,0,0.00%,49.5,0.02%,0.07%
AL AIN FRESH GRAPEFRUIT JUICE330,CS Packet Juice,BEVERAGE,7,49,0,0.00%,49,0.08%,0.07%
NUTELLA 400GM,CS Can & Jar Food,FOOD,2,49,0,0.00%,49,0.02%,0.07%
RACHELS GREEK COCONUT YOGHURT 45,CS Organic Food,FOOD,2,49,0,0.00%,49,0.02%,0.07%
RED BULL SUGAR FREE 250ML,CS Sports & Energy Drinks,BEVERAGE,7,49,0,0.00%,49,0.08%,0.07%
COCA COLA DIET CAN,Softdrinks,BEVERAGE,12,48,0,0.00%,48,0.13%,0.07%
HIBISCUS ICED TEA,Tea,FOOD,6,48,0,0.00%,48,0.07%,0.07%
LIPTON LEMON ICED TEA,Tea,BEVERAGE,12,48,0,0.00%,48,0.13%,0.07%
MOUNTAIN DEW,Softdrinks,BEVERAGE,12,48,0,0.00%,48,0.13%,0.07%
NESCAFE GOLD COFFEE 200GM,CS Coffee,FOOD,1,48,0,0.00%,48,0.01%,0.07%
Oatmeal Porridge,Breakfast,FOOD,16,48,0,0.00%,48,0.18%,0.07%
Pain an Raisin,Dessert,FOOD,6,48,0,0.00%,48,0.07%,0.07%
PEACH & BASIL SMOOTHIE,Smoothies,BEVERAGE,2,48,0,0.00%,48,0.02%,0.07%
SLICED BREAD MULTI GRAIN MEDIUM,CS Bakery,FOOD,8,48,0,0.00%,48,0.09%,0.07%
STRAIGHT DUTCH,Smoothies,BEVERAGE,4,48,0,0.00%,48,0.04%,0.07%
TEA BAG JASMINE GREEN,Tea,FOOD,6,48,0,0.00%,48,0.07%,0.07%
BOUNTY BAR 57GM,CS Chocolate ,FOOD,15,47,0,0.00%,47,0.16%,0.07%
DOVE BODY CREAM SHEA BUTTER VANI,CS Body Care,NON FOOD,3,46.5,0,0.00%,46.5,0.03%,0.07%
GLAD GARBAGE BAG SMALL 20L X 30,CS Bags/Foil/Wraps,NON FOOD,5,46.25,0,0.00%,46.25,0.05%,0.06%
COMFORT IRIS JASMINE CONCENTRATE,CS Laundry Care,NON FOOD,3,45.75,0,0.00%,45.75,0.03%,0.06%
COMFORT LAVENDER MAGNOLIA CONCEN,CS Laundry Care,NON FOOD,3,45.75,0,0.00%,45.75,0.03%,0.06%
BOGUTTI AMERICAN COOKIES CHOCO C,Biscuit & Cookies,FOOD,7,45.5,0,0.00%,45.5,0.08%,0.06%
WALKERS SB FINGERS 40G,Biscuit & Cookies,FOOD,13,45.5,0,0.00%,45.5,0.14%,0.06%
Beef Bacon,Breakfast,FOOD,10,45,0,0.00%,45,0.11%,0.06%
Delivery Charges,Delivery charge,LABOR CHARGE,9,45,0,0.00%,45,0.10%,0.06%
FISH MAIN,Main course,FOOD,3,45,0,0.00%,45,0.03%,0.06%
GALAXY HAZELNUT 40GM,CS Chocolate ,FOOD,15,45,0,0.00%,45,0.16%,0.06%
Maple Joe250gm,CS Can & Jar Food,FOOD,1,45,0,0.00%,45,0.01%,0.06%
NIVEA MEN SHOWER SILVER PROTECT ,CS Bath & Shower,NON FOOD,3,45,0,0.00%,45,0.03%,0.06%
PHILADELPHIA CHEESE SPREAD 200GM,CS Dairy ,FOOD,4,45,0,0.00%,45,0.04%,0.06%
SAN PELLEGRINO WATER 1000ML,CS Water,BEVERAGE,5,45,0,0.00%,45,0.05%,0.06%
TORCH CLUB STEAK S/W,Sandwiches,FOOD,1,45,0,0.00%,45,0.01%,0.06%
Valley Crunchy,Cereal Bar,FOOD,15,45,0,0.00%,45,0.16%,0.06%
FINE TOILET ROLLS 2PLY X 10 PCS ,CS Tissue & Toilet Rolls,NON FOOD,3,44.25,0,0.00%,44.25,0.03%,0.06%
LIFEBUOY HW TOTAL 10 200ML,CS Soap & Handwash,NON FOOD,4,44,0,0.00%,44,0.04%,0.06%
MODERN BAKE CRANBERRY ENERGY BAR,CS Cereal,FOOD,8,44,0,0.00%,44,0.09%,0.06%
TAMPAX REGULAR,CS Sanitary Care,NON FOOD,4,44,0,0.00%,44,0.04%,0.06%
VEGGIE MEAL,Veggie,FOOD,2,44,0,0.00%,44,0.02%,0.06%
BRESSE BLEU CHEESE 150G ,CS Dairy ,FOOD,2,42,0,0.00%,42,0.02%,0.06%
EMMENTHAL CHEESE GRATED 150G,CS Dairy ,FOOD,4,42,0,0.00%,42,0.04%,0.06%
Orange & Carrot,Fresh Juices,BEVERAGE,3,42,0,0.00%,42,0.03%,0.06%
LINDT EXCELLENCE 90% CACOA 100GM,CS Chocolate ,FOOD,3,41.25,0,0.00%,41.25,0.03%,0.06%
LINDT EXCELLENCE SEA SALT 100GM,CS Chocolate ,FOOD,3,41.25,0,0.00%,41.25,0.03%,0.06%
LINDT EXCELLENCE SESAME ROASTED ,CS Organic Food,FOOD,3,41.25,0,0.00%,41.25,0.03%,0.06%
ALPRO ALMOND MILK 1L,CS Dairy ,FOOD,2,41,0,0.00%,41,0.02%,0.06%
COCO POPS KELLOGS 375GM,CS Cereal,FOOD,2,41,0,0.00%,41,0.02%,0.06%
DgstiveBiscuits400g,Biscuit & Cookies,FOOD,3,40.5,0,0.00%,40.5,0.03%,0.06%
NECTAFLOR SOFT FIGS 200GM,CS Dry Fruits,FOOD,2,40.5,0,0.00%,40.5,0.02%,0.06%
7 UP CAN,Softdrinks,BEVERAGE,10,40,0,0.00%,40,0.11%,0.06%
Brownie,Dessert,FOOD,2,40,0,0.00%,40,0.02%,0.06%
CheseTurkeyHamCrossiant,Sandwiches,FOOD,2,40,0,0.00%,40,0.02%,0.06%
EARL GREY LOOSE TEA,Tea,FOOD,4,40,0,0.00%,40,0.04%,0.06%
Egg Cress Mayonnaise,Pre Packed Sandwiches,FOOD,5,40,0,0.00%,40,0.05%,0.06%
PEPPERMINT TEA BAG,Tea,FOOD,5,40,0,0.00%,40,0.05%,0.06%
SPRITE CAN,Softdrinks,BEVERAGE,10,40,0,0.00%,40,0.11%,0.06%
SUBSTITUTE SOYA,Soya Milk,FOOD,10,40,0,0.00%,40,0.11%,0.06%
Sushi Temakin Veg Soup,Sushi,FOOD,1,40,0,0.00%,40,0.01%,0.06%
THE BERRY CO BLUEBERRY JUICE,Packet Juice,BEVERAGE,5,40,0,0.00%,40,0.05%,0.06%
UAE Flag Baner20X30,CS Festival Non Food,NON FOOD,5,40,0,0.00%,40,0.05%,0.06%
WALK IN BREAKFAST,WALK IN BREAKFAST,FOOD,4,40,0,0.00%,40,0.04%,0.06%
H&S SH FOR MEN 200ML,CS Shampoo & Conditioner,NON FOOD,3,39,0,0.00%,39,0.03%,0.05%
UAE STICK FLAG SMALL 5PCS,CS Festival Non Food,NON FOOD,3,39,0,0.00%,39,0.03%,0.05%
CLEARLY SCRUMPTIOUS STRAWBERRY 3,CS Dry Fruits,FOOD,3,38.25,0,0.00%,38.25,0.03%,0.05%
16 OZ CARAMEL LATTE,Starbucks,FOOD,2,38,0,0.00%,38,0.02%,0.05%
16 OZ SIGNATURE HOT CHOCOLATE,Starbucks,FOOD,2,38,0,0.00%,38,0.02%,0.05%
Asst. Rolls Two,Breakfast,FOOD,19,38,0,0.00%,38,0.21%,0.05%
DOVE BODY LOTION ALMOND CREAM 25,CS Body Care,NON FOOD,2,38,0,0.00%,38,0.02%,0.05%
DOVE BODY LOTION SHEA BUTTER 250,CS Body Care,NON FOOD,2,38,0,0.00%,38,0.02%,0.05%
EGG Mayo & Spring Onion,Sandwiches,FOOD,2,38,0,0.00%,38,0.02%,0.05%
MALTESERS THICK SHAKE 300ML,Convenience Beverages,BEVERAGE,4,38,0,0.00%,38,0.04%,0.05%
Panadol96 ,CS Others,NON FOOD,38,38,0,0.00%,38,0.42%,0.05%
STREPSILS LEMON SUGAR FREE PACKE,CS Chocolate ,FOOD,2,38,0,0.00%,38,0.02%,0.05%
ENERGIZER 9V BATTERY,CS Others,NON FOOD,3,37.5,0,0.00%,37.5,0.03%,0.05%
SELPAK TOILET PAPER 4 ROLLS,CS Tissue & Toilet Rolls,NON FOOD,3,37.5,0,0.00%,37.5,0.03%,0.05%
KAGI SWISS WAFERS MINI GIFT BOX ,CS Mint & Gum,FOOD,1,37.25,0,0.00%,37.25,0.01%,0.05%
16 OZ ICED VANILLA LATTE,Starbucks,FOOD,2,37,0,0.00%,37,0.02%,0.05%
NECTAFLOR SOFT CRANBERRIES 200GM,CS Dry Fruits,FOOD,2,36.5,0,0.00%,36.5,0.02%,0.05%
OREO ORIGINAL 16 PACK 44GM,Biscuit & Cookies,FOOD,2,36.5,0,0.00%,36.5,0.02%,0.05%
16 OZ ICED CARAMEL LATTE,Starbucks,FOOD,2,36,0,0.00%,36,0.02%,0.05%
16 OZ ICED CHOCOLATE,Starbucks,FOOD,2,36,0,0.00%,36,0.02%,0.05%
BAYARA SALTED PISTACHIOS 150G,CS Nuts & Seeds,FOOD,3,36,0,0.00%,36,0.03%,0.05%
BEST CAN SUPER PISTACHIO 110GM,CS Nuts & Seeds,FOOD,2,36,0,0.00%,36,0.02%,0.05%
BRIE & BACON S/W,Sandwiches,FOOD,1,36,0,0.00%,36,0.01%,0.05%
Chai Masala,Tea,BEVERAGE,2,36,0,0.00%,36,0.02%,0.05%
CheseTomatoCrossiant,Sandwiches,FOOD,2,36,0,0.00%,36,0.02%,0.05%
FLAT WHITE,Coffee,BEVERAGE,2,36,0,0.00%,36,0.02%,0.05%
Jalapenos,Pizza,FOOD,6,36,0,0.00%,36,0.07%,0.05%
LABELLO FRUITY SHINE 4.8GM,CS Facial Care,NON FOOD,3,36,0,0.00%,36,0.03%,0.05%
Lacnor Full Fat Milk 1L ,CS Dairy ,BEVERAGE,9,36,0,0.00%,36,0.10%,0.05%
LACNOR MILK BANANA,Flavoured Milk,BEVERAGE,9,36,0,0.00%,36,0.10%,0.05%
Lemon Drizzle,Dessert,FOOD,3,36,0,0.00%,36,0.03%,0.05%
LUX BW SILK SENSATION 250ML,CS Bath & Shower,NON FOOD,3,36,0,0.00%,36,0.03%,0.05%
LUX BW VELVET TOUCH 250ML,CS Body Care,NON FOOD,3,36,0,0.00%,36,0.03%,0.05%
MOROCCAN LAMB BURGER,Burgers,FOOD,1,36,0,0.00%,36,0.01%,0.05%
Muture Cheddar(V),Sandwiches,FOOD,2,36,0,0.00%,36,0.02%,0.05%
HONEY MOON SQUEEZY HONEY 500G,CS Can & Jar Food,FOOD,1,35.75,0,0.00%,35.75,0.01%,0.05%
AL AIN WATER 500ML,Water,BEVERAGE,35,35,0,0.00%,35,0.38%,0.05%
Bagels w/Cr.Cheese,Breakfast,FOOD,5,35,0,0.00%,35,0.05%,0.05%
CARTE D'OR PINT STRAWBERRY,CS Ice Cream,FOOD,2,35,0,0.00%,35,0.02%,0.05%
Full Breakfast,Breakfast,FOOD,1,35,0,0.00%,35,0.01%,0.05%
GATORADE LEMON PET 500ML,CS Sports & Energy Drinks,BEVERAGE,7,35,0,0.00%,35,0.08%,0.05%
POCARI SWEAT PET 500ML,CS Sports & Energy Drinks,BEVERAGE,7,35,0,0.00%,35,0.08%,0.05%
WALKERS SB CHOCO CHIPS 40G,Biscuit & Cookies,FOOD,10,35,0,0.00%,35,0.11%,0.05%
BEST CAN SUPER CASHEW 110GM,CS Nuts & Seeds,FOOD,2,34.5,0,0.00%,34.5,0.02%,0.05%
DOVE INTENSIVE CREAM NOURISHING ,CS Body Care,NON FOOD,3,34.5,0,0.00%,34.5,0.03%,0.05%
AL AIN WATER 1.5 LITER,Water,BEVERAGE,17,34,0,0.00%,34,0.19%,0.05%
NIVEA DEO PEARL & BEAUTY 200ML,CS Deodrants,NON FOOD,2,34,0,0.00%,34,0.02%,0.05%
NIVEA DEO POWDER TOUCH 200ML,CS Deodrants,NON FOOD,2,34,0,0.00%,34,0.02%,0.05%
Open Food,Open Food,FOOD,2,34,0,0.00%,34,0.02%,0.05%
Orange Pcs,CS Fresh Fruit,FOOD,17,34,0,0.00%,34,0.19%,0.05%
AL AIN PINEAPPLE YOGHURT 125GM,CS Dairy ,FOOD,19,33.25,0,0.00%,33.25,0.21%,0.05%
AL AIN MORNING BLACKBERRY MUSELI,CS Dairy ,FOOD,11,33,0,0.00%,33,0.12%,0.05%
BEST CAN SUPER MIX NUTS 110GM,CS Nuts & Seeds,FOOD,2,33,0,0.00%,33,0.02%,0.05%
LUX HW SECRET BLISS 250ML,CS Soap & Handwash,NON FOOD,3,33,0,0.00%,33,0.03%,0.05%
PANTENE SH COLORED HAIR REPAIR 2,CS Shampoo & Conditioner,NON FOOD,3,33,0,0.00%,33,0.03%,0.05%
ILE DE FRANCE CHEESE PETIT BRIE ,CS Dairy ,FOOD,2,32.5,0,0.00%,32.5,0.02%,0.05%
YUM YUM NO SUGAR PEANUT BUTTER 4,CS Can & Jar Food,FOOD,3,32.25,0,0.00%,32.25,0.03%,0.05%
Crab Sushi,Sushi,FOOD,1,32,0,0.00%,32,0.01%,0.04%
FRIED CHICKEN WRAP,Burgers,FOOD,1,32,0,0.00%,32,0.01%,0.04%
Hawaiian,Pizza,FOOD,1,32,0,0.00%,32,0.01%,0.04%
Lays Chips,Extras,FOOD,16,32,0,0.00%,32,0.18%,0.04%
BEST 30GM SALTED CASHEWS,CS Nuts & Seeds,FOOD,8,31.5,0,0.00%,31.5,0.09%,0.04%
KELLOGS BARS MILK CHOCO 04PCX1PK,CS Cereal,FOOD,2,31.5,0,0.00%,31.5,0.02%,0.04%
WEETABIX ORIGINAL 430GM,CS Cereal,FOOD,2,31.5,0,0.00%,31.5,0.02%,0.04%
MARS BAR 51GM,CS Chocolate ,FOOD,9,31,0,0.00%,31,0.10%,0.04%
Apple Green,CS Fresh Fruit,FOOD,15,30,0,0.00%,30,0.16%,0.04%
CROISSANT HI BUTTER CHEESE,CS Bakery,FOOD,10,30,0,0.00%,30,0.11%,0.04%
FOUNTAIN SODA LARGE,Softdrinks,BEVERAGE,10,30,0,0.00%,30,0.11%,0.04%
Lungo,Coffee,BEVERAGE,3,30,0,0.00%,30,0.03%,0.04%
Penne,pasta,FOOD,3,30,0,0.00%,30,0.03%,0.04%
Peppers,Pizza,FOOD,5,30,0,0.00%,30,0.05%,0.04%
SCONES,Dessert,FOOD,3,30,0,0.00%,30,0.03%,0.04%
VOCHELLE TIN DUBAI MARINA 205GM,CS Chocolate ,FOOD,1,30,0,0.00%,30,0.01%,0.04%
NIVEA SCRUB SKIN REFINING 150ML,CS Facial Care,NON FOOD,1,29,0,0.00%,29,0.01%,0.04%
GALAXY THICK SHAKE CARAMEL 300ML,Convenience Beverages,BEVERAGE,3,28.5,0,0.00%,28.5,0.03%,0.04%
16 OZ ICED CAFFE MOCHA,Starbucks,FOOD,2,28,0,0.00%,28,0.02%,0.04%
ADD FLAVOURED SYRUP,Starbucks,FOOD,7,28,0,0.00%,28,0.08%,0.04%
ALO ALLURE MANGO JUICE,Fresh Juices,FOOD,2,28,0,0.00%,28,0.02%,0.04%
ALO ENRICH POMEGRANATE JUICE,Fresh Juices,FOOD,2,28,0,0.00%,28,0.02%,0.04%
ALO EXPOSED ALO JUICE,Fresh Juices,FOOD,2,28,0,0.00%,28,0.02%,0.04%
AMERICAN 4 OZ,Burgers,FOOD,1,28,0,0.00%,28,0.01%,0.04%
CHUCKS MAN OH MANGO,Smoothies,BEVERAGE,1,28,0,0.00%,28,0.01%,0.04%
Coke,Softdrinks,BEVERAGE,7,28,0,0.00%,28,0.08%,0.04%
JAMIES BERRY BURST,Smoothies,BEVERAGE,1,28,0,0.00%,28,0.01%,0.04%
MilkHalfCrem1Ltr ,CS Dairy ,FOOD,7,28,0,0.00%,28,0.08%,0.04%
MIRINDA ORANGE CAN,Softdrinks,BEVERAGE,7,28,0,0.00%,28,0.08%,0.04%
MUFFIN APPLE,CS Bakery,FOOD,8,28,0,0.00%,28,0.09%,0.04%
ROASTED TOMATO,Wraps,FOOD,1,28,0,0.00%,28,0.01%,0.04%
UAE Balloon RGB,CS Festival Non Food,NON FOOD,2,28,0,0.00%,28,0.02%,0.04%
VANIAS SPRING GREEN,Smoothies,BEVERAGE,1,28,0,0.00%,28,0.01%,0.04%
AL SHIFA 400GM SQUEEZE HONEY,CS Can & Jar Food,FOOD,1,27.75,0,0.00%,27.75,0.01%,0.04%
BJORG ORGANIC SUGAR FREE ALMOND ,CS Organic Food,FOOD,1,27.75,0,0.00%,27.75,0.01%,0.04%
KIT KAT CHUNKY 46GM,CS Chocolate ,FOOD,10,27.5,0,0.00%,27.5,0.11%,0.04%
LINDT EXCELLENCE 85% CACOA 100GM,CS Chocolate ,FOOD,2,27.5,0,0.00%,27.5,0.02%,0.04%
BERRY CO BLUEBERRY JUICE 1L,CS Packet Juice,BEVERAGE,2,27,0,0.00%,27,0.02%,0.04%
CERES RUBY GRAPE FRUIT JUICE 1L,CS Packet Juice,BEVERAGE,3,27,0,0.00%,27,0.03%,0.04%
FAIR & LOVELY FW ANTI MARKS 100G,CS Facial Care,NON FOOD,2,27,0,0.00%,27,0.02%,0.04%
KRAFT CHEESE ORIGINAL 12 SLICES,CS Dairy ,FOOD,2,27,0,0.00%,27,0.02%,0.04%
Mash and Gravy,Extras,FOOD,3,27,0,0.00%,27,0.03%,0.04%
QUAKER WHITE OATS TIN 500GM,CS Cereal,FOOD,3,27,0,0.00%,27,0.03%,0.04%
NIVEA DOUBLE EFFECT MAKEUP REMOV,CS Deodrants,NON FOOD,1,26.25,0,0.00%,26.25,0.01%,0.04%
BRIGHT BREAKFAST,Smoothies,BEVERAGE,1,26,0,0.00%,26,0.01%,0.04%
ILE DE FRANCE CHEESE PETIT CAMEM,CS Dairy ,FOOD,1,26,0,0.00%,26,0.01%,0.04%
JOHNSONS COTTON BUDS 100PCS,CS Others,NON FOOD,2,26,0,0.00%,26,0.02%,0.04%
TRESEMME SH KERATIN SMOOTH 500ML,CS Shampoo & Conditioner,NON FOOD,1,25.5,0,0.00%,25.5,0.01%,0.04%
GATORADE TOPICL FRUIT PET 500ML,CS Sports & Energy Drinks,BEVERAGE,5,25,0,0.00%,25,0.05%,0.04%
MentoFruitLime,CS Mint & Gum,FOOD,5,25,0,0.00%,25,0.05%,0.04%
SNICKERS BAR,Chocolate,FOOD,5,25,0,0.00%,25,0.05%,0.04%
Tamago Nigiri,Sushi,FOOD,5,25,0,0.00%,25,0.05%,0.04%
UAE Flag wd polyster,CS Festival Non Food,NON FOOD,5,25,0,0.00%,25,0.05%,0.04%
RACHELS APPLE & CINNAMON YOGHURT,CS Organic Food,FOOD,1,24.5,0,0.00%,24.5,0.01%,0.03%
7 UP DIET CAN,Softdrinks,BEVERAGE,6,24,0,0.00%,24,0.07%,0.03%
ADD ESPRESSO SHOT,Starbucks,FOOD,6,24,0,0.00%,24,0.07%,0.03%
Alain Small Wtr500ml,Water,BEVERAGE,24,24,0,0.00%,24,0.26%,0.03%
AlpenMuslie625g,CS Cereal,FOOD,1,24,0,0.00%,24,0.01%,0.03%
CAKE OF THE DAY,Dessert,FOOD,2,24,0,0.00%,24,0.02%,0.03%
CHOCOLATE BROWNIE ,Dessert,FOOD,2,24,0,0.00%,24,0.02%,0.03%
CROISSANT HI BUTTER CHOCOLATE,CS Bakery,FOOD,6,24,0,0.00%,24,0.07%,0.03%
FUN PLASTIC PLATE FUCHSIA 10PCS ,CS Disposable,NON FOOD,3,24,0,0.00%,24,0.03%,0.03%
JOHNSONS SHOWER GEL IMAGINE 250M,CS Bath & Shower,NON FOOD,2,24,0,0.00%,24,0.02%,0.03%
MCVITIES DIGESTIVE 250GM LIGHT,Biscuit & Cookies,FOOD,2,24,0,0.00%,24,0.02%,0.03%
Pepperoni,Pizza,FOOD,4,24,0,0.00%,24,0.04%,0.03%
Portion Starch,Main course,FOOD,3,24,0,0.00%,24,0.03%,0.03%
SCHOGETTEN TROLOGIA 100GM,CS Chocolate ,FOOD,4,24,0,0.00%,24,0.04%,0.03%
THE 3RD DATE,Milk Shake,BEVERAGE,1,24,0,0.00%,24,0.01%,0.03%
THE BERRY CO ACAI BERRY JUICE,Packet Juice,BEVERAGE,3,24,0,0.00%,24,0.03%,0.03%
The Big Apple,Milk Shake,BEVERAGE,1,24,0,0.00%,24,0.01%,0.03%
Tuna maki(6Pcs) W/Sundried Tomat,Sushi,FOOD,1,24,0,0.00%,24,0.01%,0.03%
Veg Noodle Soup,Soup ,FOOD,2,24,0,0.00%,24,0.02%,0.03%
AL AIN YOGHURT FULL CREAM 170GM,CS Dairy ,FOOD,19,23.75,0,0.00%,23.75,0.21%,0.03%
PRO BAR MEAL SUPERFRUIT SLAM 85G,CS Cereal,FOOD,1,22.75,0,0.00%,22.75,0.01%,0.03%
TideReg Original1.5Kg ,CS Laundry Care,NON FOOD,1,22.75,0,0.00%,22.75,0.01%,0.03%
OREO 704g,Biscuit & Cookies,FOOD,1,22.5,0,0.00%,22.5,0.01%,0.03%
VOLVIC WATER 500ML,CS Water,BEVERAGE,5,22.5,0,0.00%,22.5,0.05%,0.03%
ANTIDOTE,Fresh Juices,BEVERAGE,1,22,0,0.00%,22,0.01%,0.03%
Banana Shake,Milk Shake,BEVERAGE,1,22,0,0.00%,22,0.01%,0.03%
COKE LIGHT PET 500ML,CS Soft Drinks,BEVERAGE,11,22,0,0.00%,22,0.12%,0.03%
DOCTOR'S ORDERS,Fresh Juices,BEVERAGE,1,22,0,0.00%,22,0.01%,0.03%
DOVE BEAUTY CREAM 150ML,CS Body Care,NON FOOD,2,22,0,0.00%,22,0.02%,0.03%
JOHNSONS COTTON PADS 80 PCS,CS Facial Care,NON FOOD,2,22,0,0.00%,22,0.02%,0.03%
Pure Honey Acasia250g,CS Can & Jar Food,FOOD,1,22,0,0.00%,22,0.01%,0.03%
SNAPPLE FRUIT PUNCH JUICE,CS Packet Juice,BEVERAGE,4,22,0,0.00%,22,0.04%,0.03%
THAI SODA,BOTANICAL SODAS,BEVERAGE,1,22,0,0.00%,22,0.01%,0.03%
BARILLA PASTA SPAGHETTI NO.3 500,CS Pasta & Noodles,FOOD,3,21.75,0,0.00%,21.75,0.03%,0.03%
FANTA APPLE CAN,Softdrinks,BEVERAGE,6,21.5,0,0.00%,21.5,0.07%,0.03%
BEST CAN MACADEMIA 110G,CS Dry Fruits,FOOD,1,21.25,0,0.00%,21.25,0.01%,0.03%
TAFT TITANE POWER GEL 150ML,CS Hair Styling & Spray,NON FOOD,1,21.25,0,0.00%,21.25,0.01%,0.03%
BAYARA EXTRA MIXED NUTS 300GM,CS Dry Fruits,FOOD,1,21,0,0.00%,21,0.01%,0.03%
LISTERINE MW FRESH BURST 250ML,CS Oral Care,NON FOOD,1,21,0,0.00%,21,0.01%,0.03%
M&M CHOCOLATE 45GM,CS Chocolate ,FOOD,7,21,0,0.00%,21,0.08%,0.03%
MUFFIN CHOCOLATE,CS Bakery,FOOD,6,21,0,0.00%,21,0.07%,0.03%
Salmon Chirashi,Sushi,FOOD,1,21,0,0.00%,21,0.01%,0.03%
Tuna Mayo,Sandwiches,FOOD,1,21,0,0.00%,21,0.01%,0.03%
BONNE MANAM APRICOT PRESERVE 370,CS Can & Jar Food,FOOD,1,20.5,0,0.00%,20.5,0.01%,0.03%
BONNE MANAM ORANGE MARMALADE 370,CS Can & Jar Food,FOOD,1,20.5,0,0.00%,20.5,0.01%,0.03%
JOHN WEST WHITE TUNA SOLID WATER,CS Can & Jar Food,FOOD,2,20.5,0,0.00%,20.5,0.02%,0.03%
karimOilCorn1.8L,CS Coocking & Baking,FOOD,1,20.5,0,0.00%,20.5,0.01%,0.03%
ADD CARAMEL DRIZZLE,Starbucks,FOOD,5,20,0,0.00%,20,0.05%,0.03%
AL AIN FRESH ORANGE JUICE 330ML,CS Packet Juice,BEVERAGE,5,20,0,0.00%,20,0.05%,0.03%
BARILA FARFALE500g,CS Pasta & Noodles,FOOD,2,20,0,0.00%,20,0.02%,0.03%
Chicken Maki(6pcs),Sushi,FOOD,1,20,0,0.00%,20,0.01%,0.03%
CROISSANT CHOCOLATE,CS Bakery,FOOD,8,20,0,0.00%,20,0.09%,0.03%
CROISSANT HI BUTTER ZATAR,CS Bakery,FOOD,5,20,0,0.00%,20,0.05%,0.03%
D Coke,Softdrinks,BEVERAGE,5,20,0,0.00%,20,0.05%,0.03%
DOUGHNUT CHOCOLATE,CS Bakery,FOOD,8,20,0,0.00%,20,0.09%,0.03%
Espresso,Coffee,BEVERAGE,2,20,0,0.00%,20,0.02%,0.03%
ESPRESSO MACCHIATO SINGLE,Starbucks,FOOD,2,20,0,0.00%,20,0.02%,0.03%
LABELLO SUN PROTECTION SPF 30 4.,CS Facial Care,NON FOOD,2,20,0,0.00%,20,0.02%,0.03%
LAYS 40GM SALT VINEGAR,CS Chips & Snacks,FOOD,10,20,0,0.00%,20,0.11%,0.03%
Lemon,CS Fresh Vegatables,FOOD,10,20,0,0.00%,20,0.11%,0.03%
Lungo,Nespresso,FOOD,2,20,0,0.00%,20,0.02%,0.03%
Mixed Green Salad(V),Salads,FOOD,1,20,0,0.00%,20,0.01%,0.03%
MIXED NUT & CEREAL 8 OZ,Peannuts,FOOD,2,20,0,0.00%,20,0.02%,0.03%
PEAR DRAGON LOOSE TEA,Tea,FOOD,2,20,0,0.00%,20,0.02%,0.03%
PEPPERMEIN LOOSE TEA,Tea,FOOD,2,20,0,0.00%,20,0.02%,0.03%
SPRITE LIGHT CAN,Softdrinks,BEVERAGE,5,20,0,0.00%,20,0.05%,0.03%
SWEET POTATO WEDGES,Main course,FOOD,2,20,0,0.00%,20,0.02%,0.03%
Tuna Maki(6pcs),Sushi,FOOD,1,20,0,0.00%,20,0.01%,0.03%
OB TAMPONS SUPER 16PCS,CS Sanitary Care,NON FOOD,1,19.75,0,0.00%,19.75,0.01%,0.03%
EXTRA PROFESSIONAL STRONG MINT G,CS Mint & Gum,FOOD,6,19.5,0,0.00%,19.5,0.07%,0.03%
SMACKS HONEY KELLOGS 375GM,CS Cereal,FOOD,1,19.5,0,0.00%,19.5,0.01%,0.03%
DOVE SHOWER NOURISHING 250ML,CS Bath & Shower,NON FOOD,1,19.25,0,0.00%,19.25,0.01%,0.03%
Barilla Zucchini400g,CS Sauce,FOOD,1,19,0,0.00%,19,0.01%,0.03%
DOVE HW FRESH TOUCH CUCUM & G.TE,CS Soap & Handwash,NON FOOD,1,19,0,0.00%,19,0.01%,0.03%
STREPSILS ORANGE PACKET,CS Chocolate ,FOOD,1,19,0,0.00%,19,0.01%,0.03%
STREPSILS REGULAR PACKET,CS Chocolate ,FOOD,1,19,0,0.00%,19,0.01%,0.03%
BAYARA SALTED PISTACHIOS 50GM,CS Dry Fruits,FOOD,5,18.75,0,0.00%,18.75,0.05%,0.03%
DORITOS 180GM SWEET CHILI PEPPER,CS Chips & Snacks,FOOD,3,18.75,0,0.00%,18.75,0.03%,0.03%
EXTRA TABS SPEARMINT GUM,CS Mint & Gum,FOOD,5,18.75,0,0.00%,18.75,0.05%,0.03%
NECTAFLOR SOFT APRICOTS 200GM,CS Dry Fruits,FOOD,1,18.25,0,0.00%,18.25,0.01%,0.03%
BarilPastaSuceBolognais,CS Sauce,FOOD,1,18,0,0.00%,18,0.01%,0.03%
CERES APPLE JUICE 1L,CS Packet Juice,BEVERAGE,2,18,0,0.00%,18,0.02%,0.03%
GLADZprSandwichBg,CS Bags/Foil/Wraps,NON FOOD,2,18,0,0.00%,18,0.02%,0.03%
GLASS OF SOYA MILK,Soya Milk,FOOD,3,18,0,0.00%,18,0.03%,0.03%
Grilled Chicken,Pizza,FOOD,3,18,0,0.00%,18,0.03%,0.03%
Hot Chocolate Coconut,Tea,BEVERAGE,1,18,0,0.00%,18,0.01%,0.03%
LAYS 40GM FRENCH CHEESE,CS Chips & Snacks,FOOD,9,18,0,0.00%,18,0.10%,0.03%
LIFEBUOY 40 WET WIPES,CS Tissue & Toilet Rolls,NON FOOD,1,18,0,0.00%,18,0.01%,0.03%
Manakeesh(V),Pizza,FOOD,1,18,0,0.00%,18,0.01%,0.03%
PERRIER WATER 330ML,Water,BEVERAGE,3,18,0,0.00%,18,0.03%,0.03%
ALWAYS DIAMOND ULTRA THIN 14 PCS,CS Sanitary Care,NON FOOD,1,17.75,0,0.00%,17.75,0.01%,0.02%
AL AIN WATER 5 LTR,CS Water,BEVERAGE,7,17.5,0,0.00%,17.5,0.08%,0.02%
AL RABIE MANGO PASSION 330ML,CS Fresh Juice,BEVERAGE,7,17.5,0,0.00%,17.5,0.08%,0.02%
Alrabi PineApple/Coconut330M,Fresh Juices,FOOD,7,17.5,0,0.00%,17.5,0.08%,0.02%
KOKA CUP MUSHROOM,CS Pasta & Noodles,FOOD,5,17.5,0,0.00%,17.5,0.05%,0.02%
MUFFIN BLUEBERRY,CS Bakery,FOOD,5,17.5,0,0.00%,17.5,0.05%,0.02%
ALWAYS PANTYR LINER 40 NORMAL,CS Sanitary Care,NON FOOD,1,17.25,0,0.00%,17.25,0.01%,0.02%
COEUR DE LION PETIT CAMEMBERT 15,CS Dairy ,FOOD,1,17.25,0,0.00%,17.25,0.01%,0.02%
FRUIT & FIBRE KELLOGS 375GM,CS Cereal,FOOD,1,17.25,0,0.00%,17.25,0.01%,0.02%
12 OZ FRAPPE TOFFEE NUT LATTE,Coffee,FOOD,1,17,0,0.00%,17,0.01%,0.02%
12 OZ SIGNATURE HOT CHOCOLATE,Starbucks,FOOD,1,17,0,0.00%,17,0.01%,0.02%
BrilNapolitana400g,CS Sauce,FOOD,1,17,0,0.00%,17,0.01%,0.02%
NECTAFLOR PREMIUM FRUIT MIX 200G,CS Dry Fruits,FOOD,1,17,0,0.00%,17,0.01%,0.02%
NIVEA DEO FEMALE BLACK & WHITE 2,CS Deodrants,NON FOOD,1,17,0,0.00%,17,0.01%,0.02%
UAE Ribbon,CS Festival Non Food,NON FOOD,1,17,0,0.00%,17,0.01%,0.02%
ALPEN MUESLI ORIGINAL 375GM,CS Cereal,FOOD,1,16.5,0,0.00%,16.5,0.01%,0.02%
FANTA ORANGE CAN,Softdrinks,BEVERAGE,6,16.5,0,0.00%,16.5,0.07%,0.02%
GROWERS PACKET ORIENTAL PEANUTS,CS Nuts & Seeds,FOOD,3,16.5,0,0.00%,16.5,0.03%,0.02%
LIFEBUOY BODYWASH COOL FRESH 300,CS Bath & Shower,NON FOOD,1,16.5,0,0.00%,16.5,0.01%,0.02%
BUNALUN ORGANIC CHOPPED TOMATOES,CS Organic Food,FOOD,1,16.25,0,0.00%,16.25,0.01%,0.02%
COCO TREE JUICE 330ML,CS Packet Juice,BEVERAGE,5,16.25,0,0.00%,16.25,0.05%,0.02%
JUNGLE OAT APPLE & CINAMON 500G,CS Cereal,FOOD,1,16.25,0,0.00%,16.25,0.01%,0.02%
JUNGLE OAT STRAWBERRY YOGHURT 50,CS Cereal,FOOD,1,16.25,0,0.00%,16.25,0.01%,0.02%
12 OZ SOYA CAFFE LATTE,Coffee,FOOD,1,16,0,0.00%,16,0.01%,0.02%
ADD FLAVOURED SYRUP,Starbucks,FOOD,4,16,0,0.00%,16,0.04%,0.02%
ALL BRAN ORIGINAL 500GM,CS Cereal,FOOD,1,16,0,0.00%,16,0.01%,0.02%
CLOROX WIPES DISINFECTING FRESH ,CS Cleaning Supplies,NON FOOD,1,16,0,0.00%,16,0.01%,0.02%
Espresso Doppio,Coffee,BEVERAGE,1,16,0,0.00%,16,0.01%,0.02%
Fresh Orange Juice,Fresh Juices,BEVERAGE,2,16,0,0.00%,16,0.02%,0.02%
Granola,Dessert,FOOD,2,16,0,0.00%,16,0.02%,0.02%
Lacnor Low Fat Milk 1L,CS Dairy ,BEVERAGE,4,16,0,0.00%,16,0.04%,0.02%
LACNOR MANGO 180ML,Fresh Juices,BEVERAGE,4,16,0,0.00%,16,0.04%,0.02%
LEMON DRIZZLE CAKE,Dessert,FOOD,2,16,0,0.00%,16,0.02%,0.02%
Masafi Water1.5Ltr,Water,BEVERAGE,8,16,0,0.00%,16,0.09%,0.02%
Mixed Juice,Fresh Juices,BEVERAGE,1,16,0,0.00%,16,0.01%,0.02%
PERRIER WATER 330ML,CS Water,BEVERAGE,4,16,0,0.00%,16,0.04%,0.02%
RED BULL 250ML,CS Sports & Energy Drinks,BEVERAGE,2,16,0,0.00%,16,0.02%,0.02%
REDBULL SUGAR FREE,Energy Drinks,BEVERAGE,2,16,0,0.00%,16,0.02%,0.02%
SLICED BREAD WHITE JUMBO,CS Bakery,FOOD,4,16,0,0.00%,16,0.04%,0.02%
SUPREME CEYLON TEA BAG,Tea,FOOD,2,16,0,0.00%,16,0.02%,0.02%
SCHOGETTEN PRALINE NOISETTES 100,CS Chocolate ,FOOD,3,15.75,0,0.00%,15.75,0.03%,0.02%
ALWAYS NIGHT WINGS 8 PCS,CS Sanitary Care,NON FOOD,2,15.5,0,0.00%,15.5,0.02%,0.02%
CAREFREE PLUS FRESH LARGE 20PCS,CS Sanitary Care,NON FOOD,1,15.5,0,0.00%,15.5,0.01%,0.02%
COMFORT BABY CONCENTRATE 750ML,CS Laundry Care,NON FOOD,1,15.25,0,0.00%,15.25,0.01%,0.02%
LIPTON PYRAMID LEMON MINT TEA BA,CS Tea,FOOD,1,15.25,0,0.00%,15.25,0.01%,0.02%
AL AIN MORNING CRANBERRY MUSELI ,CS Dairy ,FOOD,5,15,0,0.00%,15,0.05%,0.02%
AL AIN YOGHURT LOW FAT 170GM,CS Dairy ,FOOD,12,15,0,0.00%,15,0.13%,0.02%
AL RABIE LIME KIWI 330ML,CS Packet Juice,BEVERAGE,6,15,0,0.00%,15,0.07%,0.02%
BAYARA MIXED NUTS 150G,CS Nuts & Seeds,FOOD,2,15,0,0.00%,15,0.02%,0.02%
COKE CAN 300ML,CS Soft Drinks,BEVERAGE,10,15,0,0.00%,15,0.11%,0.02%
CORNETTO I/C CLASSICO CREAM,CS Ice Cream,FOOD,3,15,0,0.00%,15,0.03%,0.02%
DOVE BODY CREAM GO FRESH NOURISH,CS Body Care,NON FOOD,1,15,0,0.00%,15,0.01%,0.02%
ENERGIZER AA 4 PCS,CS Others,NON FOOD,1,15,0,0.00%,15,0.01%,0.02%
MOMA CUP POREIDGE CRANBERRY RAIS,CS Cereal,FOOD,1,15,0,0.00%,15,0.01%,0.02%
NIVEA MEN SHOWER ENERGY 250ML,CS Bath & Shower,NON FOOD,1,15,0,0.00%,15,0.01%,0.02%
NIVEA SHOWER CR�ME SOFT 250ML,CS Bath & Shower,NON FOOD,1,15,0,0.00%,15,0.01%,0.02%
POKKA ICED TEA PEACH 500ML,CS Packet Juice,BEVERAGE,5,15,0,0.00%,15,0.05%,0.02%
SCHOGETTEN STRAWBERRY YOGURT100G,CS Chocolate ,FOOD,3,15,0,0.00%,15,0.03%,0.02%
NIVEA STICK WOMEN POWDER TOUCH 4,CS Deodrants,NON FOOD,1,14.5,0,0.00%,14.5,0.01%,0.02%
NIVEA STICK WOMEN STRESS PROTECT,CS Deodrants,NON FOOD,1,14.5,0,0.00%,14.5,0.01%,0.02%
CASTANIA KRI KRI 60G,CS Nuts & Seeds,FOOD,3,14.25,0,0.00%,14.25,0.03%,0.02%
JIF EASY CLEAN FLOWER BREEZE 1LI,CS Cleaning Supplies,NON FOOD,1,14.25,0,0.00%,14.25,0.01%,0.02%
REXONA DEO INVISIBLE 150ML,CS Deodrants,NON FOOD,1,14.25,0,0.00%,14.25,0.01%,0.02%
VASELINE LOTION ESSENTIAL HEALIN,CS Body Care,NON FOOD,1,14.25,0,0.00%,14.25,0.01%,0.02%
ALO APPEAL POMELO JUICE,Fresh Juices,FOOD,1,14,0,0.00%,14,0.01%,0.02%
Espresso Doppio,Nespresso,FOOD,1,14,0,0.00%,14,0.01%,0.02%
FIREFLY DETOX LEMON ,Tea,BEVERAGE,1,14,0,0.00%,14,0.01%,0.02%
FIREFLY RECHARGE POMEGRANATE,Tea,BEVERAGE,1,14,0,0.00%,14,0.01%,0.02%
FIREFLY WAKE UP PEACH,Tea,BEVERAGE,1,14,0,0.00%,14,0.01%,0.02%
GALLON WATER COUPON,CS Water,BEVERAGE,2,14,0,0.00%,14,0.02%,0.02%
Green Jasmine Flowers,Tea,BEVERAGE,1,14,0,0.00%,14,0.01%,0.02%
JIF CREAM ORIGINAL REGULAR 250ML,CS Dishwashing,NON FOOD,2,14,0,0.00%,14,0.02%,0.02%
Khubus Bread,Breakfast,FOOD,7,14,0,0.00%,14,0.08%,0.02%
Lemon & Mint,Fresh Juices,BEVERAGE,1,14,0,0.00%,14,0.01%,0.02%
ORGANIC TOTMATO PACKET,CS Fresh Fruit,FOOD,1,14,0,0.00%,14,0.01%,0.02%
SMALL GREEN SALAD ,Salads,FOOD,2,14,0,0.00%,14,0.02%,0.02%
Tide HS MB260g ,CS Laundry Care,NON FOOD,4,14,0,0.00%,14,0.04%,0.02%
VASELINE BODY LOTION ALOESOOTHE ,CS Body Care,NON FOOD,1,14,0,0.00%,14,0.01%,0.02%
KIT KAT 2 FINGERS,CS Chocolate ,FOOD,11,13.75,0,0.00%,13.75,0.12%,0.02%
LINDT EXCELLENCE MINT INTENSE 10,CS Chocolate ,FOOD,1,13.75,0,0.00%,13.75,0.01%,0.02%
ARIEL 260GM BLUE,CS Laundry Care,NON FOOD,3,13.5,0,0.00%,13.5,0.03%,0.02%
BERRY CO POMEGRANTE JUICE 1L,CS Packet Juice,BEVERAGE,1,13.5,0,0.00%,13.5,0.01%,0.02%
COKE LIGHT CAN 300ML,CS Soft Drinks,BEVERAGE,9,13.5,0,0.00%,13.5,0.10%,0.02%
LIPTON GREEN TEA CLASSIC TEA BAG,CS Tea,FOOD,2,13.5,0,0.00%,13.5,0.02%,0.02%
SIGNAL TOOTHPASTE FRESH GREEN 12,CS Oral Care,NON FOOD,2,13.5,0,0.00%,13.5,0.02%,0.02%
SPRITE CAN 355ML,CS Soft Drinks,BEVERAGE,9,13.5,0,0.00%,13.5,0.10%,0.02%
SPRITE LIGHT CAN 330ML ,CS Soft Drinks,BEVERAGE,9,13.5,0,0.00%,13.5,0.10%,0.02%
THAI CHOICE SHRIMP,CS Pasta & Noodles,FOOD,3,13.5,0,0.00%,13.5,0.03%,0.02%
DOVE SH MEN CARE ANTI DANDRUF 20,CS Shampoo & Conditioner,NON FOOD,1,13.25,0,0.00%,13.25,0.01%,0.02%
ClearHerbFusionWmen,CS Shampoo & Conditioner,NON FOOD,1,13,0,0.00%,13,0.01%,0.02%
CORNETTO I/C LOVE TOFFEE,CS Ice Cream,FOOD,2,13,0,0.00%,13,0.02%,0.02%
EXTRA PROFESSIONAL WHITE GUM,CS Mint & Gum,FOOD,4,13,0,0.00%,13,0.04%,0.02%
H&S SH MOISTURIZING SCALP CARE A,CS Shampoo & Conditioner,NON FOOD,1,13,0,0.00%,13,0.01%,0.02%
JOHNSONS BODY WASH RASPBERRY 250,CS Bath & Shower,NON FOOD,1,13,0,0.00%,13,0.01%,0.02%
NIVEA ROLL ON MEN INVISIBLE 50ML,CS Deodrants,NON FOOD,1,13,0,0.00%,13,0.01%,0.02%
BAYARA SALTED PEANUTS 300GM,CS Dry Fruits,FOOD,3,12.75,0,0.00%,12.75,0.03%,0.02%
CLEARLY SCRUMPTIOUS GOLDEN BERRI,CS Dry Fruits,FOOD,1,12.75,0,0.00%,12.75,0.01%,0.02%
DR OETEKER PARTY CANDLE,CS Disposable,NON FOOD,1,12.75,0,0.00%,12.75,0.01%,0.02%
FA SHOWER GEL YOGHURT COCONUT 25,CS Bath & Shower,NON FOOD,1,12.75,0,0.00%,12.75,0.01%,0.02%
AL RABIE PINEAPPLE 330ML,CS Packet Juice,BEVERAGE,5,12.5,0,0.00%,12.5,0.05%,0.02%
CAREFREE FLEXIFORM 18PCS,CS Sanitary Care,NON FOOD,1,12.5,0,0.00%,12.5,0.01%,0.02%
CLOROX HEAVY DUTY SCOURER 1PCS,CS Cleaning Supplies,NON FOOD,5,12.5,0,0.00%,12.5,0.05%,0.02%
EXTRA BIG BOTTLE PEPPERMINT,CS Mint & Gum,FOOD,1,12.5,0,0.00%,12.5,0.01%,0.02%
JOHNSONS COTTON BALLS 50 PCS,CS Facial Care,NON FOOD,1,12.5,0,0.00%,12.5,0.01%,0.02%
JOHN WEST LIGHT TUNA CHUNKS BRIN,CS Coocking & Baking,FOOD,2,12.5,0,0.00%,12.5,0.02%,0.02%
LAYS CHILI 185GM,CS Chips & Snacks,FOOD,2,12.5,0,0.00%,12.5,0.02%,0.02%
LAYS FORNO BLACK PEPPER 43GM,CS Chips & Snacks,FOOD,5,12.5,0,0.00%,12.5,0.05%,0.02%
LAYS TOMATO KETCHUP 185GM,CS Chips & Snacks,FOOD,2,12.5,0,0.00%,12.5,0.02%,0.02%
LUX SUNLIGHT LEMON 400ML,CS Dishwashing,NON FOOD,2,12.5,0,0.00%,12.5,0.02%,0.02%
DOVE HAIR CONDITIONER DAILY CARE,CS Shampoo & Conditioner,NON FOOD,1,12.25,0,0.00%,12.25,0.01%,0.02%
BEACON MARSHMALLOWS TWISTERS 150,CS Coffee,FOOD,3,12,0,0.00%,12,0.03%,0.02%
Beef Noodle Soup,Soup ,FOOD,1,12,0,0.00%,12,0.01%,0.02%
CADBURY DM HAZELNUT 37GM,CS Chocolate ,FOOD,4,12,0,0.00%,12,0.04%,0.02%
Choc Caramel Eclair,Dessert,FOOD,1,12,0,0.00%,12,0.01%,0.02%
DOVE SH DAMAGE INTENSIVE REPAIR ,CS Shampoo & Conditioner,NON FOOD,1,12,0,0.00%,12,0.01%,0.02%
ESPRESSO MACCHIATO,Starbucks,FOOD,1,12,0,0.00%,12,0.01%,0.02%
Fanta,Softdrinks,BEVERAGE,3,12,0,0.00%,12,0.03%,0.02%
FANTA STRAWBERRY CAN,Softdrinks,BEVERAGE,3,12,0,0.00%,12,0.03%,0.02%
GLAD GARBAGE BAG MEDIUM 35L X 30,CS Tissue & Toilet Rolls,NON FOOD,1,12,0,0.00%,12,0.01%,0.02%
GranAppleCunch,CS Cereal,FOOD,4,12,0,0.00%,12,0.04%,0.02%
KAGI SWISS WAFERS SINGLE MINI 25,CS Mint & Gum,FOOD,4,12,0,0.00%,12,0.04%,0.02%
LIP GREEN MINT 25 TB,CS Tea,FOOD,2,12,0,0.00%,12,0.02%,0.02%
LUX BW DREAM DELIGHT 250ML,CS Bath & Shower,NON FOOD,1,12,0,0.00%,12,0.01%,0.02%
MINI CARROT CAKE,Dessert,FOOD,1,12,0,0.00%,12,0.01%,0.02%
NECTAFLOR PREMIUM RAISINS 200GM,CS Dry Fruits,FOOD,1,12,0,0.00%,12,0.01%,0.02%
PEPSI DIET 500ML,Softdrinks,BEVERAGE,2,12,0,0.00%,12,0.02%,0.02%
RAINBOWEvpMilk160ML ,CS Dairy ,FOOD,4,12,0,0.00%,12,0.04%,0.02%
Short Bread,Dessert,FOOD,1,12,0,0.00%,12,0.01%,0.02%
SUBSTITUTE SOYA ALMOND,Soya Milk,FOOD,3,12,0,0.00%,12,0.03%,0.02%
Yardly Jasmine200ml,CS Deodrants,NON FOOD,1,12,0,0.00%,12,0.01%,0.02%
DOLMIO BOLOGNESE SPICY SAUCE 500,CS Sauce,FOOD,1,11.5,0,0.00%,11.5,0.01%,0.02%
ORAL B TP COMPLETE EXTRA FRESH M,CS Oral Care,NON FOOD,1,11.5,0,0.00%,11.5,0.01%,0.02%
CLOROX FLORAL 1.89L 1/2 GALLON,CS Laundry Care,NON FOOD,1,11.25,0,0.00%,11.25,0.01%,0.02%
KIT KAT 4 FINGERS,CS Chocolate ,FOOD,5,11.25,0,0.00%,11.25,0.05%,0.02%
BAHLSEN LEIBNIZ ZOO 100GM,Biscuit & Cookies,FOOD,2,11,0,0.00%,11,0.02%,0.02%
BEST 30GM SALTED PISTACHIO,CS Nuts & Seeds,FOOD,4,11,0,0.00%,11,0.04%,0.02%
LUX HW SOFT TOUCH 250ML,CS Soap & Handwash,NON FOOD,1,11,0,0.00%,11,0.01%,0.02%
MANI 20G ALMONDS SMOKED BBQ,CS Dry Fruits,FOOD,4,11,0,0.00%,11,0.04%,0.02%
MODERN BAKE MANGO PISTA ENERGY B,CS Cereal,FOOD,2,11,0,0.00%,11,0.02%,0.02%
MODERN BAKE PEANUT PEACAN ENERGY,CS Cereal,FOOD,2,11,0,0.00%,11,0.02%,0.02%
PANTENE SH SHEER VOLUME 200ML,CS Shampoo & Conditioner,NON FOOD,1,11,0,0.00%,11,0.01%,0.02%
Sugar Granul2Kg ,CS Coocking & Baking,FOOD,1,11,0,0.00%,11,0.01%,0.02%
BISCUITSDIGES250 ,Biscuit & Cookies,FOOD,1,10.5,0,0.00%,10.5,0.01%,0.01%
BREAD ROLL ENGLISH BROWN,CS Bakery,FOOD,3,10.5,0,0.00%,10.5,0.03%,0.01%
DOUGHNUT JAM,CS Bakery,FOOD,7,10.5,0,0.00%,10.5,0.08%,0.01%
SCHWEPPES SODA CAN 300M,CS Soft Drinks,BEVERAGE,7,10.5,0,0.00%,10.5,0.08%,0.01%
VITA COCO LEMONADE COCONUT 330ML,CS Packet Juice,BEVERAGE,1,10.5,0,0.00%,10.5,0.01%,0.01%
LABELLO MEN ACTIVE CARE 4.8G,CS Facial Care,NON FOOD,1,10.25,0,0.00%,10.25,0.01%,0.01%
AL RABIE MANGO 330ML,CS Packet Juice,BEVERAGE,4,10,0,0.00%,10,0.04%,0.01%
CARTE DOR CHOCOLATE 1 SCOOP,Ice cream,FOOD,2,10,0,0.00%,10,0.02%,0.01%
Castania Peanut 60g,CS Nuts & Seeds,FOOD,2,10,0,0.00%,10,0.02%,0.01%
CERES CRANBERRY KIWI JUICE 1L,CS Packet Juice,BEVERAGE,1,10,0,0.00%,10,0.01%,0.01%
COKE PET 500ML,CS Soft Drinks,BEVERAGE,5,10,0,0.00%,10,0.05%,0.01%
Cookie,Dessert,FOOD,2,10,0,0.00%,10,0.02%,0.01%
CROISSANT CHEESE,CS Bakery,FOOD,5,10,0,0.00%,10,0.05%,0.01%
DOUGHNUT PLAIN,CS Bakery,FOOD,5,10,0,0.00%,10,0.05%,0.01%
Fresh Water Melon,Fresh Juices,BEVERAGE,1,10,0,0.00%,10,0.01%,0.01%
GATORADE BLUE BOLT PET 500ML,CS Sports & Energy Drinks,BEVERAGE,2,10,0,0.00%,10,0.02%,0.01%
GATORADE ORANGE PET 500ML,CS Sports & Energy Drinks,BEVERAGE,2,10,0,0.00%,10,0.02%,0.01%
GREEN TEA LOOSE ,Tea,FOOD,1,10,0,0.00%,10,0.01%,0.01%
KAGI SWISS WAFERS CHOCOLATE 50G,CS Mint & Gum,FOOD,2,10,0,0.00%,10,0.02%,0.01%
MentoGmWatrMelon,CS Mint & Gum,FOOD,2,10,0,0.00%,10,0.02%,0.01%
Open Beverage,Open Beverage,BEVERAGE,1,10,0,0.00%,10,0.01%,0.01%
PERRIER SMALL ,Water,BEVERAGE,1,10,0,0.00%,10,0.01%,0.01%
PERRIER WATER LEMON 330ML,CS Water,BEVERAGE,2,10,0,0.00%,10,0.02%,0.01%
SENCHA GREEN LOOSE TEA,Tea,FOOD,1,10,0,0.00%,10,0.01%,0.01%
Spaghetti or Farfalle,pasta,FOOD,1,10,0,0.00%,10,0.01%,0.01%
ALMARAI JAR CREAM SPREAD CHEESE ,CS Dairy ,FOOD,1,9.75,0,0.00%,9.75,0.01%,0.01%
GILLETTE FOAM MENTHOL,CS Mens Care,NON FOOD,1,9.75,0,0.00%,9.75,0.01%,0.01%
M&M PEANUT 45GM,CS Chocolate ,FOOD,3,9.75,0,0.00%,9.75,0.03%,0.01%
VOCHELLE BLOCK ALMOND 180G,CS Chocolate ,FOOD,1,9.75,0,0.00%,9.75,0.01%,0.01%
VOCHELLE BLOCK HAZELNUT 180G,CS Chocolate ,FOOD,1,9.75,0,0.00%,9.75,0.01%,0.01%
BEST CAN MIXED NUTS 110GM,CS Nuts & Seeds,FOOD,1,9.5,0,0.00%,9.5,0.01%,0.01%
LIPTON EARL GREY 25 TB,CS Tea,FOOD,1,9.5,0,0.00%,9.5,0.01%,0.01%
LUX SUNLIGHT LEMON 750ML,CS Dishwashing,NON FOOD,1,9.5,0,0.00%,9.5,0.01%,0.01%
PRINGLES SALT VINEGAR 165GM,CS Chips & Snacks,FOOD,1,9.25,0,0.00%,9.25,0.01%,0.01%
BAHLSEN LEIBNIZ,Biscuit & Cookies,FOOD,2,9,0,0.00%,9,0.02%,0.01%
CERES ORANGE JUICE 1L,CS Packet Juice,BEVERAGE,1,9,0,0.00%,9,0.01%,0.01%
CERES PEAR JUICE 1L,CS Packet Juice,BEVERAGE,1,9,0,0.00%,9,0.01%,0.01%
EXT BAR PEANUT,CS Cereal,FOOD,1,9,0,0.00%,9,0.01%,0.01%
LACNOR MILK STRAWBERRY 180ML,CS Packet Juice,BEVERAGE,6,9,0,0.00%,9,0.07%,0.01%
Potato Wedges,Extras,FOOD,1,9,0,0.00%,9,0.01%,0.01%
BAYARA PAPRIKA BOTTLE 100ML,CS Spices & Herbs,FOOD,2,8.5,0,0.00%,8.5,0.02%,0.01%
BROOKBOND TEA BAG 25 PCS,CS Tea,FOOD,2,8.5,0,0.00%,8.5,0.02%,0.01%
CLOSE UP DEEP ACTION120ml,CS Oral Care,NON FOOD,1,8.5,0,0.00%,8.5,0.01%,0.01%
7 Up,Softdrinks,BEVERAGE,2,8,0,0.00%,8,0.02%,0.01%
ADD WHIPPED CREAM,Starbucks,FOOD,2,8,0,0.00%,8,0.02%,0.01%
BEACON MARSHMALLOWS PINK & WHITE,CS Packet Food,FOOD,2,8,0,0.00%,8,0.02%,0.01%
BEACON MARSHMALLOWS WHITE 150GM,CS Packet Food,FOOD,2,8,0,0.00%,8,0.02%,0.01%
BOGUTTI CHOCOFIT CHOCO CRANBERRY,Biscuit & Cookies,FOOD,1,8,0,0.00%,8,0.01%,0.01%
BOGUTTI CHOCOFIT GOJI CRAN WHITE,Biscuit & Cookies,FOOD,1,8,0,0.00%,8,0.01%,0.01%
BREAD BASKET,Condiments,FOOD,1,8,0,0.00%,8,0.01%,0.01%
CORN ON THE COB,Salads,FOOD,1,8,0,0.00%,8,0.01%,0.01%
CROISSANT HI BUTTER ALMOND,CS Bakery,FOOD,2,8,0,0.00%,8,0.02%,0.01%
FUN WOODEN FORK 25PCS,CS Disposable,NON FOOD,2,8,0,0.00%,8,0.02%,0.01%
HEINZ TUNA CHUNKS OIL TIN 185GM,CS Can & Jar Food,FOOD,1,8,0,0.00%,8,0.01%,0.01%
JASMINE ICED TEA,Tea,FOOD,1,8,0,0.00%,8,0.01%,0.01%
KNORR CREAM OF CORN80G,CS Packet Food,FOOD,1,8,0,0.00%,8,0.01%,0.01%
LAYS 40GM CHILLI,CS Chips & Snacks,FOOD,4,8,0,0.00%,8,0.04%,0.01%
LAYS KETCHUP 40G,CHIPS,FOOD,2,8,0,0.00%,8,0.02%,0.01%
LAYS SALT & VINEGAR 40G,CHIPS,FOOD,2,8,0,0.00%,8,0.02%,0.01%
Lemon Iced Tea,Tea,BEVERAGE,1,8,0,0.00%,8,0.01%,0.01%
LifebyHndSnitzrHul55m,CS Soap & Handwash,NON FOOD,1,8,0,0.00%,8,0.01%,0.01%
Mixed Salad&Pitta,Extras,FOOD,1,8,0,0.00%,8,0.01%,0.01%
Pear,CS Fresh Fruit,FOOD,4,8,0,0.00%,8,0.04%,0.01%
RASPBERRY ICED TEA,Tea,FOOD,1,8,0,0.00%,8,0.01%,0.01%
SMINT CANDY GUM MINT 14.2G,CS Mint & Gum,FOOD,2,8,0,0.00%,8,0.02%,0.01%
SMINT CANDY GUM STRAWBERRY 14.2G,CS Mint & Gum,FOOD,2,8,0,0.00%,8,0.02%,0.01%
Sprite,Softdrinks,BEVERAGE,2,8,0,0.00%,8,0.02%,0.01%
Steamed Rice,Main course,FOOD,1,8,0,0.00%,8,0.01%,0.01%
TEA BAG GREEN,Tea,FOOD,1,8,0,0.00%,8,0.01%,0.01%
THE BERRY CO GOJI BERRY JUICE,Packet Juice,BEVERAGE,1,8,0,0.00%,8,0.01%,0.01%
THE BERRY CO GREEN TEA ,Packet Juice,BEVERAGE,1,8,0,0.00%,8,0.01%,0.01%
THE BERRY CO PURPLE SUPERBERRY J,Packet Juice,BEVERAGE,1,8,0,0.00%,8,0.01%,0.01%
THE BERRY CO RED SUPEBERRY JUICE,Packet Juice,BEVERAGE,1,8,0,0.00%,8,0.01%,0.01%
Veg Fried Rice,Main course,FOOD,1,8,0,0.00%,8,0.01%,0.01%
FUN PLASTIC SPOON PLUM 18PCS,CS Disposable,NON FOOD,1,7.75,0,0.00%,7.75,0.01%,0.01%
AL RABIE ORANGE PEACH 330ML,Fresh Juices,BEVERAGE,3,7.5,0,0.00%,7.5,0.03%,0.01%
AlwaysUltraNightFresh6,CS Sanitary Care,NON FOOD,1,7.5,0,0.00%,7.5,0.01%,0.01%
CROISSANT PLAIN,CS Bakery,FOOD,5,7.5,0,0.00%,7.5,0.05%,0.01%
DOUGHNUT ICING WHITE,CS Bakery,FOOD,5,7.5,0,0.00%,7.5,0.05%,0.01%
KOKA PILLOW 5 PCS TOM YUM,CS Pasta & Noodles,FOOD,1,7.5,0,0.00%,7.5,0.01%,0.01%
MENTOS ICE CHERRY MINT 10G,CS Mint & Gum,FOOD,6,7.5,0,0.00%,7.5,0.07%,0.01%
MENTOS MINIS ASSORTED PACKET 250,CS Mint & Gum,FOOD,1,7.5,0,0.00%,7.5,0.01%,0.01%
SCHWEPPES GINGER ALE 300M,CS Soft Drinks,BEVERAGE,5,7.5,0,0.00%,7.5,0.05%,0.01%
AL MARAI FRESH MILK LOW FAT 1L,CS Dairy ,FOOD,1,7,0,0.00%,7,0.01%,0.01%
ALMARAI MILK FAT FREE1L,CS Dairy ,FOOD,1,7,0,0.00%,7,0.01%,0.01%
CROISSANT HI BUTTER PLAIN,CS Bakery,FOOD,2,7,0,0.00%,7,0.02%,0.01%
FAMILIA 50GM MUESLI CRUNCH,CS Cereal,FOOD,2,7,0,0.00%,7,0.02%,0.01%
FITA CRACKERS 150G,Biscuit & Cookies,FOOD,2,7,0,0.00%,7,0.02%,0.01%
GLADClingWrap100sqft,CS Bags/Foil/Wraps,NON FOOD,1,7,0,0.00%,7,0.01%,0.01%
GOJI WITH SODA,Fresh Juices,FOOD,1,7,0,0.00%,7,0.01%,0.01%
LARGE GLASS FRESH MILK,Coffee,FOOD,1,7,0,0.00%,7,0.01%,0.01%
PEPSODENT TP GERMICHECK+BRUSH 15,CS Oral Care,NON FOOD,1,7,0,0.00%,7,0.01%,0.01%
NESCAFE CAPPUCINO SACHET 1PCS,CS Coffee,FOOD,3,6.75,0,0.00%,6.75,0.03%,0.01%
A/G Leaf Spinach Tin 425g,CS Can & Jar Food,FOOD,1,6.5,0,0.00%,6.5,0.01%,0.01%
CARTE DOR PISTACIO 1 SCOOP,Ice cream,FOOD,1,6.5,0,0.00%,6.5,0.01%,0.01%
CORNETTO I/C LOVE COOKIE,CS Ice Cream,FOOD,1,6.5,0,0.00%,6.5,0.01%,0.01%
DR OETEKER NO.2 CANDLE,CS Disposable,NON FOOD,1,6.5,0,0.00%,6.5,0.01%,0.01%
DR OETKER NO.3 CANDLE,CS Disposable,NON FOOD,1,6.5,0,0.00%,6.5,0.01%,0.01%
DR OETKER NO.9 CANDLE,CS Disposable,NON FOOD,1,6.5,0,0.00%,6.5,0.01%,0.01%
LAYS FRENCH CHEESE 185GM,CS Chips & Snacks,FOOD,1,6.25,0,0.00%,6.25,0.01%,0.01%
LAYS SALT VINEGAR 185GM,CS Chips & Snacks,FOOD,1,6.25,0,0.00%,6.25,0.01%,0.01%
Add Mini PastryCombo,Dessert,FOOD,6,6,0,0.00%,6,0.07%,0.01%
BEST 30GM SALTED PEANUTS,CS Nuts & Seeds,FOOD,4,6,0,0.00%,6,0.04%,0.01%
CocoPopsCMB20g,CS Cereal,FOOD,2,6,0,0.00%,6,0.02%,0.01%
Diet Coke,Softdrinks,BEVERAGE,1,6,0,0.00%,6,0.01%,0.01%
FANTA STRAWBERRY 355M,CS Soft Drinks,BEVERAGE,4,6,0,0.00%,6,0.04%,0.01%
Fruit&NCadbry40g,CS Chocolate ,FOOD,2,6,0,0.00%,6,0.02%,0.01%
Grilled Veg Olives,Pizza,FOOD,1,6,0,0.00%,6,0.01%,0.01%
LIP MAGIC AROMA 25TB,CS Tea,FOOD,1,6,0,0.00%,6,0.01%,0.01%
NATURE VALLEY CANADIAN MAPLE SYR,CS Cereal,FOOD,2,6,0,0.00%,6,0.02%,0.01%
NATURE VALLEY OATS & HONEY,CS Cereal,FOOD,2,6,0,0.00%,6,0.02%,0.01%
NATURE VALLEY ROASTED ALMOND,CS Cereal,FOOD,2,6,0,0.00%,6,0.02%,0.01%
OAT & RAISIN COOKIE,Dessert,FOOD,1,6,0,0.00%,6,0.01%,0.01%
PEPSI CAN 355ML ,CS Soft Drinks,BEVERAGE,4,6,0,0.00%,6,0.04%,0.01%
PEPSI PET 500M,CS Soft Drinks,BEVERAGE,3,6,0,0.00%,6,0.03%,0.01%
Pineapple,Pizza,FOOD,1,6,0,0.00%,6,0.01%,0.01%
POKKA LEMON ICED TEA 330ML,CS Soft Drinks,BEVERAGE,2,6,0,0.00%,6,0.02%,0.01%
SCHOGETTEN CAPPUCCINO 100G,CS Chocolate ,FOOD,1,6,0,0.00%,6,0.01%,0.01%
SCHOGETTEN DARK CHOCOLATE 100GM,CS Chocolate ,FOOD,1,6,0,0.00%,6,0.01%,0.01%
SgnlToothpaste120ML,CS Oral Care,NON FOOD,1,6,0,0.00%,6,0.01%,0.01%
SMINT POCKET WILDBERRY,CS Mint & Gum,FOOD,1,5.75,0,0.00%,5.75,0.01%,0.01%
A/G Red Grape Vinegar 16oz,CS Can & Jar Food,FOOD,1,5.25,0,0.00%,5.25,0.01%,0.01%
AL AIN KIWI APPLE YOGHURT 125GM,CS Dairy ,FOOD,3,5.25,0,0.00%,5.25,0.03%,0.01%
MANI PISTACHIOS SALT PEPPER 40G,CS Dry Fruits,FOOD,1,5.25,0,0.00%,5.25,0.01%,0.01%
7UP LARGE 2.25L,CS Soft Drinks,BEVERAGE,1,5,0,0.00%,5,0.01%,0.01%
CARTE DOR BANANA 1 SCOOP,Ice cream,FOOD,1,5,0,0.00%,5,0.01%,0.01%
CARTE DOR CARAMEL 1 SCOOP,Ice cream,FOOD,1,5,0,0.00%,5,0.01%,0.01%
CARTE DOR VANILLA 1 SCOOP,Ice cream,FOOD,1,5,0,0.00%,5,0.01%,0.01%
COKE LARGE 2.25L,CS Soft Drinks,BEVERAGE,1,5,0,0.00%,5,0.01%,0.01%
CROISSANT ZATAR,CS Bakery,FOOD,2,5,0,0.00%,5,0.02%,0.01%
FANTA LARGE 2.25L,CS Soft Drinks,BEVERAGE,1,5,0,0.00%,5,0.01%,0.01%
Kit Kat,Chocolate,FOOD,1,5,0,0.00%,5,0.01%,0.01%
MAGGI STOCK CUBE CHICKEN,CS Sauce,FOOD,5,5,0,0.00%,5,0.05%,0.01%
MENTOS CHEWY MINT 30GM,CS Mint & Gum,FOOD,4,5,0,0.00%,5,0.04%,0.01%
ORAL B BRUSH KIDS,CS Oral Care,NON FOOD,1,5,0,0.00%,5,0.01%,0.01%
SPRITE LARGE 2.25L,CS Soft Drinks,BEVERAGE,1,5,0,0.00%,5,0.01%,0.01%
VOLVIC WATER 500ML,Water,BEVERAGE,1,5,0,0.00%,5,0.01%,0.01%
WHOLE FRUIT,Dessert,FOOD,1,5,0,0.00%,5,0.01%,0.01%
SCRUMMIES BLUEBERRY CRANBERRIES ,CS Dry Fruits,FOOD,1,4.75,0,0.00%,4.75,0.01%,0.01%
SCRUMMIES RASPBERRY CRANBERRIES ,CS Dry Fruits,FOOD,1,4.75,0,0.00%,4.75,0.01%,0.01%
AmricanGardenCarrot411g,CS Packet Food,FOOD,1,4.5,0,0.00%,4.5,0.01%,0.01%
COKE ZERO CAN 300M,CS Soft Drinks,BEVERAGE,3,4.5,0,0.00%,4.5,0.03%,0.01%
DETTOL ORIGINAL SOAP110g,CS Soap & Handwash,NON FOOD,1,4.5,0,0.00%,4.5,0.01%,0.01%
HeinzBaked Beans415g ,CS Can & Jar Food,FOOD,1,4.5,0,0.00%,4.5,0.01%,0.01%
LACNOR MILK BANANA 180ML,CS Packet Juice,BEVERAGE,3,4.5,0,0.00%,4.5,0.03%,0.01%
LACNOR PEACH 180ML,CS Packet Juice,BEVERAGE,3,4.5,0,0.00%,4.5,0.03%,0.01%
NESCAFE SACHET RED MUG 1 PCS,CS Coffee,FOOD,6,4.5,0,0.00%,4.5,0.07%,0.01%
THAI CHOICE BEEF ,CS Pasta & Noodles,FOOD,1,4.5,0,0.00%,4.5,0.01%,0.01%
A/G TOMATOES DICED 15OZ,CS Can & Jar Food,FOOD,1,4,0,0.00%,4,0.01%,0.01%
BAYARA CHICK PEAS 400GM,CS Coocking & Baking,FOOD,1,4,0,0.00%,4,0.01%,0.01%
BAYARA CINNAMON POWDER BOTTLE 10,CS Spices & Herbs,FOOD,1,4,0,0.00%,4,0.01%,0.01%
Coke Zero,Softdrinks,BEVERAGE,1,4,0,0.00%,4,0.01%,0.01%
Extra Cheese,Cheese,FOOD,1,4,0,0.00%,4,0.01%,0.01%
FacialTissuewhit,CS Tissue & Toilet Rolls,NON FOOD,2,4,0,0.00%,4,0.02%,0.01%
FUN WOODEN SPOON 25PCS,CS Disposable,NON FOOD,1,4,0,0.00%,4,0.01%,0.01%
LAYS SALT 40G,CHIPS,FOOD,1,4,0,0.00%,4,0.01%,0.01%
LIPTON PEACH ICED TEA,Tea,BEVERAGE,1,4,0,0.00%,4,0.01%,0.01%
Pepsi,Softdrinks,BEVERAGE,1,4,0,0.00%,4,0.01%,0.01%
Pepsi Light,Softdrinks,BEVERAGE,1,4,0,0.00%,4,0.01%,0.01%
STILL WATER REG,Water,BEVERAGE,2,4,0,0.00%,4,0.02%,0.01%
TIDE 110GM ORIGINAL SCENT,CS Laundry Care,NON FOOD,2,4,0,0.00%,4,0.02%,0.01%
ALMARAI CUSTARD VANILLA 100G,CS Dairy ,FOOD,3,3.75,0,0.00%,3.75,0.03%,0.01%
DURACELL BATTERY AA BASIC 2S,CS Others,NON FOOD,1,3.75,0,0.00%,3.75,0.01%,0.01%
A/G BAKED BEANS TOMATO SAUCE 420,CS Can & Jar Food,FOOD,1,3.5,0,0.00%,3.5,0.01%,0.00%
FAMILIA 50GM MUESLI CHOCO,CS Cereal,FOOD,1,3.5,0,0.00%,3.5,0.01%,0.00%
KOKA CUP CHICKEN CORN,CS Pasta & Noodles,FOOD,1,3.5,0,0.00%,3.5,0.01%,0.00%
LUX BAR CREAMY PERFECTION 120GM,CS Soap & Handwash,NON FOOD,1,3.5,0,0.00%,3.5,0.01%,0.00%
LUX BAR MAGICAL BEAUTY 120GM,CS Oral Care,NON FOOD,1,3.5,0,0.00%,3.5,0.01%,0.00%
VOLVIC WATER 330ML,CS Water,BEVERAGE,1,3.5,0,0.00%,3.5,0.01%,0.00%
WalkersChocolate Chips40g,Biscuits,FOOD,1,3.5,0,0.00%,3.5,0.01%,0.00%
WALKERS SB HIGHLANDERS 40G,Biscuit & Cookies,FOOD,1,3.5,0,0.00%,3.5,0.01%,0.00%
DAILY FRESH HOMMOS TAHINEH 400GM,CS Can & Jar Food,FOOD,1,3.25,0,0.00%,3.25,0.01%,0.00%
GALAXY SMOOTH MILK 40GM,CS Chocolate ,FOOD,1,3.25,0,0.00%,3.25,0.01%,0.00%
INDOMIE CUP BEEF,CS Pasta & Noodles,FOOD,1,3.25,0,0.00%,3.25,0.01%,0.00%
INDOMIE CUP VEGETABLE,CS Pasta & Noodles,FOOD,1,3.25,0,0.00%,3.25,0.01%,0.00%
AL AIN MORNING PEACH MUSELI 250G,CS Dairy ,FOOD,1,3,0,0.00%,3,0.01%,0.00%
BEST 13GM ALMOND,CS Nuts & Seeds,FOOD,1,3,0,0.00%,3,0.01%,0.00%
Best Salted Peanut30g,Peannuts,FOOD,1,3,0,0.00%,3,0.01%,0.00%
Canadian Maple Syrup,Cereal Bar,FOOD,1,3,0,0.00%,3,0.01%,0.00%
COKE CAN 330ML ,CS Soft Drinks,BEVERAGE,2,3,0,0.00%,3,0.02%,0.00%
Fountain Drink,Softdrinks,BEVERAGE,1,3,0,0.00%,3,0.01%,0.00%
FrostiesCMB25g,CS Cereal,FOOD,1,3,0,0.00%,3,0.01%,0.00%
LacnorMango180ML ,CS Packet Juice,BEVERAGE,2,3,0,0.00%,3,0.02%,0.00%
LacnorMixFruit ,CS Packet Juice,BEVERAGE,2,3,0,0.00%,3,0.02%,0.00%
LACNOR PINEAPPLE180ml,CS Packet Juice,BEVERAGE,2,3,0,0.00%,3,0.02%,0.00%
POKKA PEACH ICED TEA 330ML,CS Soft Drinks,BEVERAGE,1,3,0,0.00%,3,0.01%,0.00%
Salted Pistachios30g,Peannuts,FOOD,1,3,0,0.00%,3,0.01%,0.00%
SCHWEPPES TONIC WATER CAN 300M,CS Soft Drinks,BEVERAGE,2,3,0,0.00%,3,0.02%,0.00%
SLICED BREAD WHITE MEDIUM,CS Bakery,FOOD,1,3,0,0.00%,3,0.01%,0.00%
CHEESE,Condiments,FOOD,1,2.5,0,0.00%,2.5,0.01%,0.00%
Nail Cutter ,CS Others,NON FOOD,1,2.5,0,0.00%,2.5,0.01%,0.00%
SAFA BAKING PWDR100G,CS Coocking & Baking,FOOD,1,2.5,0,0.00%,2.5,0.01%,0.00%
LAYS FORNO CHEESE 43GM,CS Chips & Snacks,FOOD,1,2.25,0,0.00%,2.25,0.01%,0.00%
AL AIN PEACH APRICOT YOGHURT 125,CS Dairy ,FOOD,1,2,0,0.00%,2,0.01%,0.00%
CAPRISUN MANGO,CS Packet Juice,BEVERAGE,2,2,0,0.00%,2,0.02%,0.00%
CAPRISUN MIXED FRUIT,CS Packet Juice,BEVERAGE,2,2,0,0.00%,2,0.02%,0.00%
LAYS 40GM TOMATO KETCHUP,CS Chips & Snacks,FOOD,1,2,0,0.00%,2,0.01%,0.00%
PEPSI DIET PET 500M,CS Soft Drinks,BEVERAGE,1,2,0,0.00%,2,0.01%,0.00%
SPRITE PET 500ML,CS Soft Drinks,BEVERAGE,1,2,0,0.00%,2,0.01%,0.00%
TEA,Tea,FOOD,1,2,0,0.00%,2,0.01%,0.00%
SAFETY MATCH STICK BOX,CS Non Food,NON FOOD,1,1.75,0,0.00%,1.75,0.01%,0.00%
SUPER GLUE 3G,CS Others,NON FOOD,1,1.75,0,0.00%,1.75,0.01%,0.00%
7 UP CAN 355 ML,CS Soft Drinks,BEVERAGE,1,1.5,0,0.00%,1.5,0.01%,0.00%
LACNOR APPLE 180ML,CS Packet Juice,BEVERAGE,1,1.5,0,0.00%,1.5,0.01%,0.00%
Lacnor Cocktail180ML,Fresh Juices,FOOD,1,1.5,0,0.00%,1.5,0.01%,0.00%
LacnorGuava180ML ,CS Packet Juice,BEVERAGE,1,1.5,0,0.00%,1.5,0.01%,0.00%
SAFETY MATCH STICK BOX 2PCS,CS Others,NON FOOD,3,1.5,0,0.00%,1.5,0.03%,0.00%
SCHWEPPES BITTER LEMON 300M,CS Soft Drinks,BEVERAGE,1,1.5,0,0.00%,1.5,0.01%,0.00%
Espresso Macchiato,Nespresso,FOOD,2,0,0,0.00%,0,0.02%,0.00%
LARGE STILL WATER PREMIUM,Water,BEVERAGE,1,-40,0,0.00%,-40,0.01%,-0.06%
TOTAL*,,,"7,422","71,419.50",0,0.00%,"71,419.50",81.48%,100.00%
,,,,,,,,,
