Menu Engineering Items Summary,,,,,,,,,
,,,,,,,,,
Business Dates,11/20/2015,,,,,,,,
Locations,"DEMO,UAE",,,,,,,,
Revenue Centers,All,,,,,,,,
Menu Items,All,,,,,,,,
,,,,,,,,,
Menu Item Name,Family Group,Major Group,Qty Sold,Net Sales,Prep Cost,Cost %,Margin Less Item Disc,% Qty,% Margin
Stud Meal Combo,Main course,FOOD,213,"6,390.00",0,0.00%,"6,390.00",3.41%,15.06%
Classic Angus Burger,Burgers,FOOD,65,"1,950.00",0,0.00%,"1,950.00",1.04%,4.60%
Student Breakfast,Breakfast,FOOD,63,"1,890.00",0,0.00%,"1,890.00",1.01%,4.46%
CHICKEN MEAL ,Main course,FOOD,52,"1,300.00",0,0.00%,"1,300.00",0.83%,3.06%
BBQ Glazed Chicken,Sandwiches,FOOD,45,945,0,0.00%,945,0.72%,2.23%
BEEF MEAL,Main course,FOOD,29,725,0,0.00%,725,0.46%,1.71%
Tenderloin Steak,Burgers,FOOD,24,720,0,0.00%,720,0.38%,1.70%
Buffet Meal,Main course,FOOD,34,704,0,0.00%,704,0.54%,1.66%
Homemade Beef Burger,Burgers,FOOD,33,660,0,0.00%,660,0.53%,1.56%
SERCO LUNCH,SERCO LUNCH,FOOD,43,645,0,0.00%,645,0.69%,1.52%
Smoked Salmon,Sandwiches,FOOD,25,625,0,0.00%,625,0.40%,1.47%
Chicken Tikka,Sandwiches,FOOD,25,600,0,0.00%,600,0.40%,1.41%
MARINATED SALMON STEAK,Grill,FOOD,19,570,0,0.00%,570,0.30%,1.34%
COOKED TURKEY PER KG @ 29,CS Festival Food,FOOD,3,565.5,0,0.00%,565.5,0.05%,1.33%
Chicken Steak,Grill,FOOD,22,528,0,0.00%,528,0.35%,1.24%
BUTTER FLY CHICKEN BREAST ,Grill,FOOD,21,504,0,0.00%,504,0.34%,1.19%
Chicken Caesar,Salads,FOOD,18,450,0,0.00%,450,0.29%,1.06%
Falafel Tomato & Hummus(V),Sandwiches,FOOD,25,450,0,0.00%,450,0.40%,1.06%
SERCO DINNER,SERCO DINNER,FOOD,30,450,0,0.00%,450,0.48%,1.06%
Masafi Water500ml,Water,BEVERAGE,438,438,0,0.00%,438,7.02%,1.03%
Chocolate Bar,Extras,FOOD,87,435,0,0.00%,435,1.39%,1.03%
Take Away Box,Take Away Boxes,NON FOOD,145,435,0,0.00%,435,2.32%,1.03%
VEGGIE MEAL,Veggie,FOOD,19,418,0,0.00%,418,0.30%,0.99%
Grilled Chicken Burger,Burgers,FOOD,16,384,0,0.00%,384,0.26%,0.91%
Cappuccino,Nespresso,FOOD,31,372,0,0.00%,372,0.50%,0.88%
SERCO BREAKFAST,SERCO BREAKFAST,FOOD,21,315,0,0.00%,315,0.34%,0.74%
Dessert,Dessert,FOOD,78,312,0,0.00%,312,1.25%,0.74%
Buffet Fruit Salad,Salads,FOOD,60,300,0,0.00%,300,0.96%,0.71%
Latte Macchiato,Nespresso,FOOD,25,300,0,0.00%,300,0.40%,0.71%
Two Eggs ,Breakfast,FOOD,60,300,0,0.00%,300,0.96%,0.71%
TAMRAH CHOCO MILK ZIPPER BAG 100,CS Dry Fruits,FOOD,27,243,0,0.00%,243,0.43%,0.57%
COCA COLA CAN,Softdrinks,BEVERAGE,52,208,0,0.00%,208,0.83%,0.49%
Lungo,Nespresso,FOOD,20,200,0,0.00%,200,0.32%,0.47%
Smoked Turkey Ham Pasta,Salads,FOOD,9,198,0,0.00%,198,0.14%,0.47%
Super Food Salad (V),Salads,FOOD,8,192,0,0.00%,192,0.13%,0.45%
Extra Portion Grill,Main course,FOOD,15,180,0,0.00%,180,0.24%,0.42%
Side Salad,Salads,FOOD,45,180,0,0.00%,180,0.72%,0.42%
Yogurt Blueberry,Yoghurt Pots,FOOD,10,180,0,0.00%,180,0.16%,0.42%
Salmon Salad,Salads,FOOD,7,175,0,0.00%,175,0.11%,0.41%
OREO MINI CUP 115GM,CS Food,FOOD,18,171,0,0.00%,171,0.29%,0.40%
FRESH JUICE SMALL,Breakfast,FOOD,40,160,0,0.00%,160,0.64%,0.38%
AL AIN WATER 500ml,CS Water,BEVERAGE,156,156,0,0.00%,156,2.50%,0.37%
Soup,Extras,FOOD,26,156,0,0.00%,156,0.42%,0.37%
Fresh Fruit Pcs,Extras,FOOD,49,147,0,0.00%,147,0.79%,0.35%
Guest Meal Combo,Main course,FOOD,5,140,0,0.00%,140,0.08%,0.33%
IcedChoclateMachiato,Nespresso,FOOD,10,140,0,0.00%,140,0.16%,0.33%
Greek Salad,Salads,FOOD,6,132,0,0.00%,132,0.10%,0.31%
LACNOR MILK STRAWBERRY,Flavoured Milk,BEVERAGE,33,132,0,0.00%,132,0.53%,0.31%
Filter Tea,Tea,FOOD,26,130,0,0.00%,130,0.42%,0.31%
Espresso Doppio,Nespresso,FOOD,9,126,0,0.00%,126,0.14%,0.30%
LACNOR MILK BANANA,Flavoured Milk,BEVERAGE,30,120,0,0.00%,120,0.48%,0.28%
VEG BURGER,Burgers,FOOD,6,120,0,0.00%,120,0.10%,0.28%
P.BAR KOKA 85g,CS Cereal,FOOD,5,115,0,0.00%,115,0.08%,0.27%
Pesto Roasted Chicken,Sandwiches,FOOD,5,115,0,0.00%,115,0.08%,0.27%
IcedRsberyMachiato,Nespresso,FOOD,8,112,0,0.00%,112,0.13%,0.26%
Yogurt Muesli Honey,Yoghurt Pots,FOOD,7,112,0,0.00%,112,0.11%,0.26%
Tuna Cheese Melt,Sandwiches,FOOD,5,110,0,0.00%,110,0.08%,0.26%
LACNOR MILK CHOCOLATE,Flavoured Milk,BEVERAGE,27,108,0,0.00%,108,0.43%,0.25%
GILLETTE BLADE MACH 3 TURBO 2PCS,CS Mens Care,NON FOOD,4,104,0,0.00%,104,0.06%,0.25%
Banana Pcs,CS Fresh Fruit,FOOD,103,103,0,0.00%,103,1.65%,0.24%
CROISSANT MINI,Dessert,FOOD,34,102,0,0.00%,102,0.54%,0.24%
Valley Crunchy,Cereal Bar,FOOD,34,102,0,0.00%,102,0.54%,0.24%
Grilled Halloumi(V),Sandwiches,FOOD,5,100,0,0.00%,100,0.08%,0.24%
Hash Browns,Breakfast,FOOD,25,100,0,0.00%,100,0.40%,0.24%
Yogurt Mango,Yoghurt Pots,FOOD,10,100,0,0.00%,100,0.16%,0.24%
Cereal Portion,Breakfast,FOOD,14,98,0,0.00%,98,0.22%,0.23%
FRESH JUICE LARGE,Fresh Juices,FOOD,14,98,0,0.00%,98,0.22%,0.23%
IcedHazlnutmachiato,Nespresso,FOOD,7,98,0,0.00%,98,0.11%,0.23%
RACHELS GREEK YOGHURT NATURAL 45,CS Dairy ,FOOD,4,98,0,0.00%,98,0.06%,0.23%
Buffalo Chicken,Grill,FOOD,6,96,0,0.00%,96,0.10%,0.23%
Fruit Salad,Yoghurt Pots,FOOD,8,96,0,0.00%,96,0.13%,0.23%
Iced Macchiato,Nespresso,FOOD,8,96,0,0.00%,96,0.13%,0.23%
Peanut Butter & Jelly(V),Sandwiches,FOOD,6,96,0,0.00%,96,0.10%,0.23%
Small Salad,Salads,FOOD,8,96,0,0.00%,96,0.13%,0.23%
SPRITE LIGHT CAN,Softdrinks,BEVERAGE,24,96,0,0.00%,96,0.38%,0.23%
Digest dark200,Biscuit & Cookies,FOOD,7,94.5,0,0.00%,94.5,0.11%,0.22%
SELPAK TOILET ROLL 7+2,CS Tissue & Toilet Rolls,NON FOOD,4,93,0,0.00%,93,0.06%,0.22%
PEPSI CAN,Softdrinks,BEVERAGE,23,92,0,0.00%,92,0.37%,0.22%
Chicken Nuggets,Extras,FOOD,9,90,0,0.00%,90,0.14%,0.21%
CocoPopsCMB20g,CS Cereal,FOOD,30,90,0,0.00%,90,0.48%,0.21%
LACNOR APPLE 180ML,Fresh Juices,BEVERAGE,22,88,0,0.00%,88,0.35%,0.21%
PAPER BAG,BAGS,NON FOOD,88,88,0,0.00%,88,1.41%,0.21%
Apple Red,CS Fresh Fruit,FOOD,43,86,0,0.00%,86,0.69%,0.20%
Croissant,Breakfast,FOOD,12,84,0,0.00%,84,0.19%,0.20%
ALPROMilkFlvrChoc 1L,CS Dairy ,BEVERAGE,5,83.75,0,0.00%,83.75,0.08%,0.20%
Mixed Green Salad(V),Salads,FOOD,4,80,0,0.00%,80,0.06%,0.19%
Orange Pcs,CS Fresh Fruit,FOOD,40,80,0,0.00%,80,0.64%,0.19%
DR OETKER MOZZRELLA PIZZA,CS Frozen Food,FOOD,3,78.75,0,0.00%,78.75,0.05%,0.19%
French Fries,Extras,FOOD,13,78,0,0.00%,78,0.21%,0.18%
AL AIN WATER 1.5L,CS Water,BEVERAGE,51,76.5,0,0.00%,76.5,0.82%,0.18%
BEST CAN PECAN SALTED 110GM,CS Nuts & Seeds,FOOD,3,76.5,0,0.00%,76.5,0.05%,0.18%
LACNOR COCKTAIL 180ML,Fresh Juices,BEVERAGE,19,76,0,0.00%,76,0.30%,0.18%
PRINGLES CHEESE 165GM,CS Chips & Snacks,FOOD,8,74,0,0.00%,74,0.13%,0.17%
FINE TOILET ROLLS 2PLY X 10 PCS ,CS Tissue & Toilet Rolls,NON FOOD,5,73.75,0,0.00%,73.75,0.08%,0.17%
RACHELS APPLE & CINNAMON YOGHURT,CS Organic Food,FOOD,3,73.5,0,0.00%,73.5,0.05%,0.17%
AL AIN FRESH MANGO JUICE 330ML,CS Packet Juice,BEVERAGE,9,72,0,0.00%,72,0.14%,0.17%
Gatorade,Softdrinks,BEVERAGE,6,72,0,0.00%,72,0.10%,0.17%
MAGNUM I/C DOUBLE CHOCOLATE,CS Ice Cream,FOOD,8,72,0,0.00%,72,0.13%,0.17%
Muture Cheddar(V),Sandwiches,FOOD,4,72,0,0.00%,72,0.06%,0.17%
AL AIN FRESH MILK FULL FAT 2L,CS Dairy ,FOOD,7,70,0,0.00%,70,0.11%,0.17%
Full Breakfast,Breakfast,FOOD,2,70,0,0.00%,70,0.03%,0.17%
GALLON WATER COUPON,CS Water,BEVERAGE,10,70,0,0.00%,70,0.16%,0.17%
AUSLESE MELITTA CLASSIC COFFEE 2,CS Coffee,FOOD,4,68,0,0.00%,68,0.06%,0.16%
MIRINDA ORANGE CAN,Softdrinks,BEVERAGE,17,68,0,0.00%,68,0.27%,0.16%
MOUNTAIN DEW,Softdrinks,BEVERAGE,17,68,0,0.00%,68,0.27%,0.16%
Portion Vegetable,Main course,FOOD,13,65,0,0.00%,65,0.21%,0.15%
COCA COLA ZERO CAN,Softdrinks,BEVERAGE,16,64,0,0.00%,64,0.26%,0.15%
Frid Rice W Chicken,Fried Rice,FOOD,2,64,0,0.00%,64,0.03%,0.15%
RED BULL 250ML,CS Sports & Energy Drinks,BEVERAGE,9,63,0,0.00%,63,0.14%,0.15%
RED BULL SUGAR FREE 250ML,CS Sports & Energy Drinks,BEVERAGE,9,63,0,0.00%,63,0.14%,0.15%
ALPRO ALMOND MILK 1L,CS Dairy ,FOOD,3,61.5,0,0.00%,61.5,0.05%,0.14%
NECTAFLOR SOFT FIGS 200GM,CS Dry Fruits,FOOD,3,60.75,0,0.00%,60.75,0.05%,0.14%
B.BAG SEA SALT150g,CS Chips & Snacks,FOOD,5,60,0,0.00%,60,0.08%,0.14%
Baked beans,Breakfast,FOOD,12,60,0,0.00%,60,0.19%,0.14%
Chicken Tandoori,Pre Packed Sandwiches,FOOD,6,60,0,0.00%,60,0.10%,0.14%
Filter Coffee,Tea,FOOD,12,60,0,0.00%,60,0.19%,0.14%
MAGNUM I/C ALMOND,CS Ice Cream,FOOD,8,60,0,0.00%,60,0.13%,0.14%
MAGNUM I/C WHITE,CS Ice Cream,FOOD,8,60,0,0.00%,60,0.13%,0.14%
Open Food,Open Food,FOOD,3,60,0,0.00%,60,0.05%,0.14%
GLADE AIR INFUSIONS PINK PEONY 3,CS Air Freshner,NON FOOD,4,58,0,0.00%,58,0.06%,0.14%
BAYARA 1KG ALMOND,CS Nuts & Seeds,FOOD,1,57.75,0,0.00%,57.75,0.02%,0.14%
EGG Mayo & Spring Onion,Sandwiches,FOOD,3,57,0,0.00%,57,0.05%,0.13%
PHILADELPHIA CHEESE SPREAD 200GM,CS Dairy ,FOOD,5,56.25,0,0.00%,56.25,0.08%,0.13%
IcedVanillaMachiato,Nespresso,FOOD,4,56,0,0.00%,56,0.06%,0.13%
NIVEA SUN LOTION SPF 30 200ML,CS Body Care,NON FOOD,1,56,0,0.00%,56,0.02%,0.13%
AL SHIFA 400GM SQUEEZE HONEY,CS Can & Jar Food,FOOD,2,55.5,0,0.00%,55.5,0.03%,0.13%
ARIEL 260GM GREEN,CS Laundry Care,NON FOOD,11,55,0,0.00%,55,0.18%,0.13%
MentoFruitLime,CS Mint & Gum,FOOD,11,55,0,0.00%,55,0.18%,0.13%
MODERN BAKE CRANBERRY ENERGY BAR,CS Cereal,FOOD,10,55,0,0.00%,55,0.16%,0.13%
OREO ORIGINAL 16 PACK 44GM,Biscuit & Cookies,FOOD,3,54.75,0,0.00%,54.75,0.05%,0.13%
BAYARA SALTED CASHEWS 300GM,CS Nuts & Seeds,FOOD,3,54,0,0.00%,54,0.05%,0.13%
TAMRAH COCO DATES ZIPPER BAG 100,CS Dry Fruits,FOOD,6,54,0,0.00%,54,0.10%,0.13%
CARTE D'OR PINT STRAWBERRY,CS Ice Cream,FOOD,3,52.5,0,0.00%,52.5,0.05%,0.12%
DR OETKER VEGETABLE PIZZA,CS Frozen Food,FOOD,2,52.5,0,0.00%,52.5,0.03%,0.12%
SWISS DELICE CHOCARRE BISCUITS 1,CS Chocolate ,FOOD,3,52.5,0,0.00%,52.5,0.05%,0.12%
COCA COLA DIET CAN,Softdrinks,BEVERAGE,13,52,0,0.00%,52,0.21%,0.12%
PEPSI DIET CAN,Softdrinks,BEVERAGE,13,52,0,0.00%,52,0.21%,0.12%
FRUIT & FIBRE KELLOGS 375GM,CS Cereal,FOOD,3,51.75,0,0.00%,51.75,0.05%,0.12%
KAGI SWISS WAFERS ORIGINAL MINI ,CS Mint & Gum,FOOD,3,51.75,0,0.00%,51.75,0.05%,0.12%
TOBLERONE MILK 100GM,CS Chocolate ,FOOD,6,51,0,0.00%,51,0.10%,0.12%
Asst. Rolls Two,Breakfast,FOOD,25,50,0,0.00%,50,0.40%,0.12%
Beef sausage,Breakfast,FOOD,10,50,0,0.00%,50,0.16%,0.12%
Three Cheese Spring Onion,Pre Packed Sandwiches,FOOD,5,50,0,0.00%,50,0.08%,0.12%
FARM FRESH EGGS WHITE 6PCS,CS Eggs,FOOD,11,49.5,0,0.00%,49.5,0.18%,0.12%
AL AIN FRESH MILK 1L FULL CREAM,CS Dairy ,FOOD,7,49,0,0.00%,49,0.11%,0.12%
NUTELLA 400GM,CS Can & Jar Food,FOOD,2,49,0,0.00%,49,0.03%,0.12%
PERSIL LIQUID GREEN POWER GEL 3L,CS Laundry Care,NON FOOD,1,48.75,0,0.00%,48.75,0.02%,0.11%
Pancakes,Breakfast,FOOD,16,48,0,0.00%,48,0.26%,0.11%
ALPRO SOYA ORIGINAL1L,CS Dairy ,BEVERAGE,3,46.5,0,0.00%,46.5,0.05%,0.11%
Add Cheese,Extras,FOOD,15,45,0,0.00%,45,0.24%,0.11%
CastaniaCashew,CS Nuts & Seeds,FOOD,2,45,0,0.00%,45,0.03%,0.11%
Espresso,Nespresso,FOOD,5,45,0,0.00%,45,0.08%,0.11%
GATORADE LEMON PET 500ML,CS Sports & Energy Drinks,BEVERAGE,9,45,0,0.00%,45,0.14%,0.11%
MAGNUM I/C CLASSIC,CS Ice Cream,FOOD,6,45,0,0.00%,45,0.10%,0.11%
Maple Joe250gm,CS Can & Jar Food,FOOD,1,45,0,0.00%,45,0.02%,0.11%
7 UP CAN,Softdrinks,BEVERAGE,11,44,0,0.00%,44,0.18%,0.10%
COCONUT WATER CAN,Packet Juice,BEVERAGE,11,44,0,0.00%,44,0.18%,0.10%
FARM FRESH EGGS WHITE 15PCS,CS Eggs,FOOD,4,44,0,0.00%,44,0.06%,0.10%
French Toast,Breakfast,FOOD,11,44,0,0.00%,44,0.18%,0.10%
POKKA PEACH ICED TEA CAN,Packet Juice,BEVERAGE,11,44,0,0.00%,44,0.18%,0.10%
Pure Honey Acasia250g,CS Can & Jar Food,FOOD,2,44,0,0.00%,44,0.03%,0.10%
FOOD DOCTOR BAR APPLE WALNUT 35G,CS Organic Food,FOOD,5,43.75,0,0.00%,43.75,0.08%,0.10%
BEST CAN MACADEMIA 110G,CS Dry Fruits,FOOD,2,42.5,0,0.00%,42.5,0.03%,0.10%
Apple Green,CS Fresh Fruit,FOOD,21,42,0,0.00%,42,0.34%,0.10%
IcedGingerMachiato,Nespresso,FOOD,3,42,0,0.00%,42,0.05%,0.10%
PERRIER WATER 330ML,Water,BEVERAGE,7,42,0,0.00%,42,0.11%,0.10%
SLICED BREAD MULTI GRAIN MEDIUM,CS Bakery,FOOD,7,42,0,0.00%,42,0.11%,0.10%
VITA COCO PURE COCONUT WATER 330,CS Packet Juice,BEVERAGE,4,42,0,0.00%,42,0.06%,0.10%
BEST CAN PISTACHIOS SALTED 110GM,CS Nuts & Seeds,FOOD,3,41.25,0,0.00%,41.25,0.05%,0.10%
LINDT EXCELLENCE 85% CACOA 100GM,CS Chocolate ,FOOD,3,41.25,0,0.00%,41.25,0.05%,0.10%
LINDT EXCELLENCE LIME INTENSE 10,CS Chocolate ,FOOD,3,41.25,0,0.00%,41.25,0.05%,0.10%
EMMENTHAL CHEESE PORTION 150G,CS Dairy ,FOOD,3,40.5,0,0.00%,40.5,0.05%,0.10%
AL AIN FRESH MILK LOW FAT 2L,CS Dairy ,FOOD,4,40,0,0.00%,40,0.06%,0.09%
Beef Bacon,Breakfast,FOOD,8,40,0,0.00%,40,0.13%,0.09%
CERES CRANBERRY KIWI JUICE 1L,CS Packet Juice,BEVERAGE,4,40,0,0.00%,40,0.06%,0.09%
Chicken Sweetcorn,Pre Packed Sandwiches,FOOD,4,40,0,0.00%,40,0.06%,0.09%
Cold Cuts,Breakfast,FOOD,8,40,0,0.00%,40,0.13%,0.09%
Delivery Charges,Delivery charge,LABOR CHARGE,8,40,0,0.00%,40,0.13%,0.09%
GATORADE BLUE BOLT PET 500ML,CS Sports & Energy Drinks,BEVERAGE,8,40,0,0.00%,40,0.13%,0.09%
LACNOR ORANGE 180ML,Fresh Juices,BEVERAGE,10,40,0,0.00%,40,0.16%,0.09%
Portion Protein,Main course,FOOD,4,40,0,0.00%,40,0.06%,0.09%
Portion Starch,Main course,FOOD,5,40,0,0.00%,40,0.08%,0.09%
WALK IN LUNCH,WALK IN LUNCH,FOOD,4,40,0,0.00%,40,0.06%,0.09%
CORNETTO I/C LOVE TOFFEE,CS Ice Cream,FOOD,6,39,0,0.00%,39,0.10%,0.09%
CROISSANT HI BUTTER PLAIN,CS Bakery,FOOD,11,38.5,0,0.00%,38.5,0.18%,0.09%
MODERN BAKE PEANUT PEACAN ENERGY,CS Cereal,FOOD,7,38.5,0,0.00%,38.5,0.11%,0.09%
NESCAFE RED MUG COFFEE 200GM,CS Coffee,FOOD,1,36.5,0,0.00%,36.5,0.02%,0.09%
AL AIN MORNING BLACKBERRY MUSELI,CS Dairy ,FOOD,12,36,0,0.00%,36,0.19%,0.08%
Best Salted Peanut30g,Peannuts,FOOD,12,36,0,0.00%,36,0.19%,0.08%
Espresso Macchiato,Nespresso,FOOD,3,36,0,0.00%,36,0.05%,0.08%
Glazed Veg,Sandwiches,FOOD,2,36,0,0.00%,36,0.03%,0.08%
MilkHalfCrem1Ltr ,CS Dairy ,FOOD,9,36,0,0.00%,36,0.14%,0.08%
TAMRAH CHOCO CARAMEL ZIPPER BAG ,CS Dry Fruits,FOOD,4,36,0,0.00%,36,0.06%,0.08%
A/G POP CORN MICROWAVE BUTTER 29,CS Can & Jar Food,FOOD,4,35,0,0.00%,35,0.06%,0.08%
WALKERS SB FINGERS 40G,Biscuit & Cookies,FOOD,10,35,0,0.00%,35,0.16%,0.08%
SELPAK KITCHEN ROLL 2 PCS,CS Tissue & Toilet Rolls,NON FOOD,3,34.5,0,0.00%,34.5,0.05%,0.08%
NUTELLA JAR 750GM,CS Can & Jar Food,FOOD,1,34.25,0,0.00%,34.25,0.02%,0.08%
BARILA BASILICO400g,CS Pasta & Noodles,FOOD,2,34,0,0.00%,34,0.03%,0.08%
BarillaBolognese400g,CS Sauce,FOOD,2,34,0,0.00%,34,0.03%,0.08%
UAE Ribbon,CS Festival Non Food,NON FOOD,2,34,0,0.00%,34,0.03%,0.08%
ALPROSoyaMilkUnswtnd1L,CS Packet Juice,BEVERAGE,2,33.5,0,0.00%,33.5,0.03%,0.08%
BEST CAN SUPER MIX NUTS 110GM,CS Nuts & Seeds,FOOD,2,33,0,0.00%,33,0.03%,0.08%
CADBURY DM FRUIT & NUT 100GM,CS Chocolate ,FOOD,6,33,0,0.00%,33,0.10%,0.08%
LUX HW SECRET BLISS 250ML,CS Soap & Handwash,NON FOOD,3,33,0,0.00%,33,0.05%,0.08%
JUNGLE OAT CHOCOLATE 500G,CS Cereal,FOOD,2,32.5,0,0.00%,32.5,0.03%,0.08%
C&C FACE SCRUB MORNING ENERGY 15,CS Facial Care,NON FOOD,1,32.25,0,0.00%,32.25,0.02%,0.08%
7 UP DIET CAN,Softdrinks,BEVERAGE,8,32,0,0.00%,32,0.13%,0.08%
CROISSANT HI BUTTER ALMOND,CS Bakery,FOOD,8,32,0,0.00%,32,0.13%,0.08%
Lacnor Low Fat Milk 1L,CS Dairy ,BEVERAGE,8,32,0,0.00%,32,0.13%,0.08%
FAMILIA A.C.E BALANCE 600GM,CS Cereal,FOOD,1,31.25,0,0.00%,31.25,0.02%,0.07%
SELPAK FACIAL TISSUE 100 SHEET,CS Tissue & Toilet Rolls,NON FOOD,5,31.25,0,0.00%,31.25,0.08%,0.07%
COMFORT BABY CONCENTRATE 750ML,CS Laundry Care,NON FOOD,2,30.5,0,0.00%,30.5,0.03%,0.07%
AL AIN FRESH MILK 1L LOW FAT,CS Dairy ,FOOD,5,30,0,0.00%,30,0.08%,0.07%
GATORADE PINK LEMONDAE PET 500ML,CS Sports & Energy Drinks,BEVERAGE,6,30,0,0.00%,30,0.10%,0.07%
Punjb V Samosa,Veggie,FOOD,3,30,0,0.00%,30,0.05%,0.07%
NIVEA STICK WOMEN POWDER TOUCH 4,CS Deodrants,NON FOOD,2,29,0,0.00%,29,0.03%,0.07%
OAT KING BAR APPLE STRUDEL 95GM,CS Cereal,FOOD,2,29,0,0.00%,29,0.03%,0.07%
AL AIN YOGHURT LOW FAT 170GM,CS Dairy ,FOOD,19,28.5,0,0.00%,28.5,0.30%,0.07%
BEST CAN MIXED NUTS 110GM,CS Nuts & Seeds,FOOD,3,28.5,0,0.00%,28.5,0.05%,0.07%
CastaniaExtMixNuts350G,CS Nuts & Seeds,FOOD,1,28.5,0,0.00%,28.5,0.02%,0.07%
AL AIN FRESH GRAPEFRUIT JUICE330,CS Packet Juice,BEVERAGE,4,28,0,0.00%,28,0.06%,0.07%
AL MARAI FRESH MILK FULL FAT 1L,CS Dairy ,FOOD,4,28,0,0.00%,28,0.06%,0.07%
ARIEL GREEN 1.5KG,CS Laundry Care,NON FOOD,1,28,0,0.00%,28,0.02%,0.07%
CROISSANT HI BUTTER CHOCOLATE,CS Bakery,FOOD,7,28,0,0.00%,28,0.11%,0.07%
NIVEA WIPES GENTLE CLEANSING 25P,CS Tissue & Toilet Rolls,NON FOOD,1,28,0,0.00%,28,0.02%,0.07%
SPRITE CAN,Softdrinks,BEVERAGE,7,28,0,0.00%,28,0.11%,0.07%
A/G POP CORN MICROWAV EXTRA BUTT,CS Can & Jar Food,FOOD,3,27.75,0,0.00%,27.75,0.05%,0.07%
PRINGLES SALT VINEGAR 165GM,CS Chips & Snacks,FOOD,3,27.75,0,0.00%,27.75,0.05%,0.07%
BERRY CO BLUEBERRY JUICE 1L,CS Packet Juice,BEVERAGE,2,27,0,0.00%,27,0.03%,0.06%
BERRY CO POMEGRANTE JUICE 1L,CS Packet Juice,BEVERAGE,2,27,0,0.00%,27,0.03%,0.06%
CERES PEAR JUICE 1L,CS Packet Juice,BEVERAGE,3,27,0,0.00%,27,0.05%,0.06%
CERES PINE APPLE JUICE 1L,CS Packet Juice,BEVERAGE,3,27,0,0.00%,27,0.05%,0.06%
CROISSANT HI BUTTER CHEESE,CS Bakery,FOOD,9,27,0,0.00%,27,0.14%,0.06%
KRAFT CHEESE ORIGINAL 12 SLICES,CS Dairy ,FOOD,2,27,0,0.00%,27,0.03%,0.06%
Oatmeal Porridge,Breakfast,FOOD,9,27,0,0.00%,27,0.14%,0.06%
SAN PELLEGRINO WATER 1000ML,CS Water,BEVERAGE,3,27,0,0.00%,27,0.05%,0.06%
SNICKERS SINGLE BAR,CS Chocolate ,FOOD,9,27,0,0.00%,27,0.14%,0.06%
C&C MAKEUP REMOVER DEEP CLEAN 15,CS Facial Care,NON FOOD,1,26.75,0,0.00%,26.75,0.02%,0.06%
DDR OETKER PEPPRONI PIZZA,CS Frozen Food,FOOD,1,26.25,0,0.00%,26.25,0.02%,0.06%
NIVEA DOUBLE EFFECT MAKEUP REMOV,CS Deodrants,NON FOOD,1,26.25,0,0.00%,26.25,0.02%,0.06%
BOGUTTI AMERICAN COOKIES RAISINS,Biscuit & Cookies,FOOD,4,26,0,0.00%,26,0.06%,0.06%
COCO TREE JUICE 330ML,CS Packet Juice,BEVERAGE,8,26,0,0.00%,26,0.13%,0.06%
CORNETTO I/C LOVE COOKIE,CS Ice Cream,FOOD,4,26,0,0.00%,26,0.06%,0.06%
FAMILIA BIO ORGANIC AMARANTH 375,CS Organic Food,FOOD,1,26,0,0.00%,26,0.02%,0.06%
PRINGLES 40GM HOT & SPICY,CS Chips & Snacks,FOOD,8,26,0,0.00%,26,0.13%,0.06%
PRINGLES 40GM ORIGINAL,CS Chips & Snacks,FOOD,8,26,0,0.00%,26,0.13%,0.06%
BEST 13GM ALMOND,CS Nuts & Seeds,FOOD,17,25.5,0,0.00%,25.5,0.27%,0.06%
CLEARLY SCRUMPTIOUS CRANBERRY 30,CS Dry Fruits,FOOD,2,25.5,0,0.00%,25.5,0.03%,0.06%
LIPTON PYRAMID PEACH MANGO TEA B,CS Tea,FOOD,2,25.5,0,0.00%,25.5,0.03%,0.06%
Bagel S. Salmon,Sandwiches,FOOD,1,25,0,0.00%,25,0.02%,0.06%
CAREFREE FLEXIFORM 18PCS,CS Sanitary Care,NON FOOD,2,25,0,0.00%,25,0.03%,0.06%
NIVEA EYE MAKEUP REMOVER 125ML,CS Facial Care,NON FOOD,1,25,0,0.00%,25,0.02%,0.06%
Toast,Breakfast,FOOD,25,25,0,0.00%,25,0.40%,0.06%
RACHELS NATURAL LOW FAT YOUGHURT,CS Organic Food,FOOD,1,24.5,0,0.00%,24.5,0.02%,0.06%
FAMILIA BIO ORGANIC HONEY ALMOND,CS Organic Food,FOOD,1,24.25,0,0.00%,24.25,0.02%,0.06%
AlpenMuslie625g,CS Cereal,FOOD,1,24,0,0.00%,24,0.02%,0.06%
BAHLSEN LEIBNIZ MINIS CHOCO 100G,Biscuit & Cookies,FOOD,4,24,0,0.00%,24,0.06%,0.06%
FANTA ORANGE CAN,Softdrinks,BEVERAGE,6,24,0,0.00%,24,0.10%,0.06%
Frid Rice W Vegetable,Fried Rice,FOOD,1,24,0,0.00%,24,0.02%,0.06%
JOHNSONS SHOWER GEL INDULGE 250M,CS Bath & Shower,NON FOOD,2,24,0,0.00%,24,0.03%,0.06%
Lacnor Full Fat Milk 1L ,CS Dairy ,BEVERAGE,6,24,0,0.00%,24,0.10%,0.06%
MCVITIES DIGESTIVE 250GM LIGHT,Biscuit & Cookies,FOOD,2,24,0,0.00%,24,0.03%,0.06%
Mixed Salad&Pitta,Extras,FOOD,3,24,0,0.00%,24,0.05%,0.06%
Vegetable Noodles,Main course,FOOD,3,24,0,0.00%,24,0.05%,0.06%
Veg Fried Rice,Main course,FOOD,3,24,0,0.00%,24,0.05%,0.06%
FAMILIA CHOCO 500GM,CS Cereal,FOOD,1,23.75,0,0.00%,23.75,0.02%,0.06%
FAMILIA CRUNCH 500GM,CS Cereal,FOOD,1,23.75,0,0.00%,23.75,0.02%,0.06%
GILLETTE GEL FUSION HYDRATING,CS Mens Care,NON FOOD,1,23.75,0,0.00%,23.75,0.02%,0.06%
BARILA FETTUCINE500g,CS Pasta & Noodles,FOOD,1,23,0,0.00%,23,0.02%,0.05%
BARILLA RICOTTA400G,CS Sauce,FOOD,1,23,0,0.00%,23,0.02%,0.05%
PHILADELPHIA LIGHT CHEESE SPREAD,CS Dairy ,FOOD,2,23,0,0.00%,23,0.03%,0.05%
PRO BAR MEAL PEANUT BUTTER CHOCO,CS Cereal,FOOD,1,22.75,0,0.00%,22.75,0.02%,0.05%
TideReg Original1.5Kg ,CS Laundry Care,NON FOOD,1,22.75,0,0.00%,22.75,0.02%,0.05%
CastaniaPnutRostd,CS Nuts & Seeds,FOOD,3,22.5,0,0.00%,22.5,0.05%,0.05%
RICE KRISPIES KELLOGS 510GM,CS Cereal,FOOD,1,22.5,0,0.00%,22.5,0.02%,0.05%
JOHNSONS COTTON PADS 80 PCS,CS Facial Care,NON FOOD,2,22,0,0.00%,22,0.03%,0.05%
Roast Beef,Sandwiches,FOOD,1,22,0,0.00%,22,0.02%,0.05%
SNAPPLE FRUIT PUNCH JUICE,CS Packet Juice,BEVERAGE,4,22,0,0.00%,22,0.06%,0.05%
AL AIN FRESH MILK 1L SKIMMED,CS Dairy ,FOOD,3,21,0,0.00%,21,0.05%,0.05%
Bagels w/Cr.Cheese,Breakfast,FOOD,3,21,0,0.00%,21,0.05%,0.05%
VITA COCO LEMONADE COCONUT 330ML,CS Packet Juice,BEVERAGE,2,21,0,0.00%,21,0.03%,0.05%
VITA COCO PEACH & MANGO 330ML,Convenience Beverages,BEVERAGE,2,21,0,0.00%,21,0.03%,0.05%
BONNE MANAM STRAWBERRY PRESERVE ,CS Can & Jar Food,FOOD,1,20.5,0,0.00%,20.5,0.02%,0.05%
COCO POPS KELLOGS 375GM,CS Cereal,FOOD,1,20.5,0,0.00%,20.5,0.02%,0.05%
ORAL B MOUTH WASH MULTI PROTECT ,CS Oral Care,NON FOOD,1,20.5,0,0.00%,20.5,0.02%,0.05%
ALMARAI SANDWICH SLICE CHEESE 20,CS Dairy ,FOOD,3,20.25,0,0.00%,20.25,0.05%,0.05%
AL AIN WATER 5 LTR,CS Water,BEVERAGE,8,20,0,0.00%,20,0.13%,0.05%
KAGI SWISS WAFERS CHOCOLATE 50G,CS Mint & Gum,FOOD,4,20,0,0.00%,20,0.06%,0.05%
LACNOR MANGO 180ML,Fresh Juices,BEVERAGE,5,20,0,0.00%,20,0.08%,0.05%
LAYS 40GM FRENCH CHEESE,CS Chips & Snacks,FOOD,10,20,0,0.00%,20,0.16%,0.05%
Lemon,CS Fresh Vegatables,FOOD,10,20,0,0.00%,20,0.16%,0.05%
Sweet Potato Wedges,Extras,FOOD,2,20,0,0.00%,20,0.03%,0.05%
UAE Tatto,CS Festival Non Food,NON FOOD,1,20,0,0.00%,20,0.02%,0.05%
COKE CAN 300ML,CS Soft Drinks,BEVERAGE,13,19.5,0,0.00%,19.5,0.21%,0.05%
SMACKS HONEY KELLOGS 375GM,CS Cereal,FOOD,1,19.5,0,0.00%,19.5,0.02%,0.05%
DOVE SHOWER NOURISHING 250ML,CS Bath & Shower,NON FOOD,1,19.25,0,0.00%,19.25,0.02%,0.05%
STREPSILS MENTHOL PACKET,CS Chocolate ,FOOD,1,19,0,0.00%,19,0.02%,0.04%
CREST TP MILD MINT 125ML,CS Oral Care,NON FOOD,3,18.75,0,0.00%,18.75,0.05%,0.04%
OREO MILK & CHOCOLATE 16 PACK 44,Biscuit & Cookies,FOOD,1,18.25,0,0.00%,18.25,0.02%,0.04%
AL AIN MORNING PEACH MUSELI 250G,CS Dairy ,FOOD,6,18,0,0.00%,18,0.10%,0.04%
BEST CAN SUPER PISTACHIO 110GM,CS Nuts & Seeds,FOOD,1,18,0,0.00%,18,0.02%,0.04%
BOUNTY BAR 57GM,CS Chocolate ,FOOD,6,18,0,0.00%,18,0.10%,0.04%
CORN FLAKES KELLOGS 500GM,CS Cereal,FOOD,1,18,0,0.00%,18,0.02%,0.04%
DOVE BODY LOTION SHEA BUTTER 250,CS Body Care,NON FOOD,1,18,0,0.00%,18,0.02%,0.04%
FUNBLLOONPMP,CS Disposable,NON FOOD,1,18,0,0.00%,18,0.02%,0.04%
Large Salad,Salads,FOOD,1,18,0,0.00%,18,0.02%,0.04%
LIFEBUOY 40 WET WIPES,CS Tissue & Toilet Rolls,NON FOOD,1,18,0,0.00%,18,0.02%,0.04%
PERRIER WATER 750ML,Water,BEVERAGE,2,18,0,0.00%,18,0.03%,0.04%
Potato Wedges,Extras,FOOD,2,18,0,0.00%,18,0.03%,0.04%
SCHWEPPES GINGER ALE 300M,CS Soft Drinks,BEVERAGE,12,18,0,0.00%,18,0.19%,0.04%
TAMRAH CHOCO DARK ZIPPER BAG 100,CS Dry Fruits,FOOD,2,18,0,0.00%,18,0.03%,0.04%
VOLVIC WATER 500ML,CS Water,BEVERAGE,4,18,0,0.00%,18,0.06%,0.04%
ALWAYS DIAMOND ULTRA THIN 14 PCS,CS Sanitary Care,NON FOOD,1,17.75,0,0.00%,17.75,0.02%,0.04%
CARTE D'OR PINT CHOCOLATE,CS Ice Cream,FOOD,1,17.5,0,0.00%,17.5,0.02%,0.04%
FUNHAPBRTHDYBAL,CS Disposable,NON FOOD,2,17,0,0.00%,17,0.03%,0.04%
NIVEA DEO FEMALE BLACK & WHITE 2,CS Deodrants,NON FOOD,1,17,0,0.00%,17,0.02%,0.04%
ALPRO SOYAMilkVanilaFlvr1L,CS Packet Juice,BEVERAGE,1,16.75,0,0.00%,16.75,0.02%,0.04%
AL AIN YOGHURT FULL CREAM 170GM,CS Dairy ,FOOD,11,16.5,0,0.00%,16.5,0.18%,0.04%
ALPEN MUESLI ORIGINAL 375GM,CS Cereal,FOOD,1,16.5,0,0.00%,16.5,0.02%,0.04%
MamanWildBlubryPrsrv,CS Can & Jar Food,FOOD,1,16.5,0,0.00%,16.5,0.02%,0.04%
FUN PLASTIC PLATE WHITE 25PCS 26,CS Disposable,NON FOOD,1,16.25,0,0.00%,16.25,0.02%,0.04%
JUNGLE OAT APPLE & CINAMON 500G,CS Cereal,FOOD,1,16.25,0,0.00%,16.25,0.02%,0.04%
OB TAMPONS LIGHT DAYS 16PCS,CS Sanitary Care,NON FOOD,1,16.25,0,0.00%,16.25,0.02%,0.04%
AL AIN FRESH ORANGE JUICE 330ML,CS Packet Juice,BEVERAGE,4,16,0,0.00%,16,0.06%,0.04%
AL AIN KIWI APPLE YOGHURT 125GM,CS Dairy ,FOOD,8,16,0,0.00%,16,0.13%,0.04%
BOGUTTI CHOCOFIT CHOCO HAZELNUT,Biscuit & Cookies,FOOD,2,16,0,0.00%,16,0.03%,0.04%
CLOROX WIPES DISINFECTING CITRUS,CS Cleaning Supplies,NON FOOD,1,16,0,0.00%,16,0.02%,0.04%
FANTA STRAWBERRY CAN,Softdrinks,BEVERAGE,4,16,0,0.00%,16,0.06%,0.04%
LAYS 40GM TOMATO KETCHUP,CS Chips & Snacks,FOOD,8,16,0,0.00%,16,0.13%,0.04%
Lays Chips,Extras,FOOD,8,16,0,0.00%,16,0.13%,0.04%
SLICED BREAD WHITE JUMBO,CS Bakery,FOOD,4,16,0,0.00%,16,0.06%,0.04%
Steamed Rice,Main course,FOOD,2,16,0,0.00%,16,0.03%,0.04%
Tuna Sweetcorn,Pre Packed Sandwiches,FOOD,1,16,0,0.00%,16,0.02%,0.04%
KELLOGS BARS DARK CHOCO 04PCX1PK,CS Cereal,FOOD,1,15.75,0,0.00%,15.75,0.02%,0.04%
VASELINE BW MEN 2 IN 1 220ML,CS Bath & Shower,NON FOOD,1,15.5,0,0.00%,15.5,0.02%,0.04%
COMFORT IRIS JASMINE CONCENTRATE,CS Laundry Care,NON FOOD,1,15.25,0,0.00%,15.25,0.02%,0.04%
AL RABIE LIME KIWI 330ML,CS Packet Juice,BEVERAGE,6,15,0,0.00%,15,0.10%,0.04%
AL RABIE ORANGE PEACH 330ML,Fresh Juices,BEVERAGE,6,15,0,0.00%,15,0.10%,0.04%
AlwaysUltraNightFresh6,CS Sanitary Care,NON FOOD,2,15,0,0.00%,15,0.03%,0.04%
CHICKEN MAIN,Main course,FOOD,1,15,0,0.00%,15,0.02%,0.04%
COKE LARGE 2.25L,CS Soft Drinks,BEVERAGE,3,15,0,0.00%,15,0.05%,0.04%
COKE LIGHT LARGE 2.25L,CS Soft Drinks,BEVERAGE,3,15,0,0.00%,15,0.05%,0.04%
ENERGIZER AA 4 PCS,CS Others,NON FOOD,1,15,0,0.00%,15,0.02%,0.04%
FANTA LARGE 2.25L,CS Soft Drinks,BEVERAGE,3,15,0,0.00%,15,0.05%,0.04%
POCARI SWEAT PET 500ML,CS Sports & Energy Drinks,BEVERAGE,3,15,0,0.00%,15,0.05%,0.04%
REXONA DEO WOMEN B&W DIAMOND ,CS Deodrants,NON FOOD,1,15,0,0.00%,15,0.02%,0.04%
BARILLA PASTA SPAGHETTI NO.5 500,CS Pasta & Noodles,FOOD,2,14.5,0,0.00%,14.5,0.03%,0.03%
GLADE AIR INFUSIONS LILY & JASMI,CS Air Freshner,NON FOOD,1,14.5,0,0.00%,14.5,0.02%,0.03%
OAT KING BAR PEANUT BUTTER 95GM,CS Cereal,FOOD,1,14.5,0,0.00%,14.5,0.02%,0.03%
OAT KING BAR TASTY CHOCOLATE 95G,CS Cereal,FOOD,1,14.5,0,0.00%,14.5,0.02%,0.03%
AL MARAI FRESH MILK LOW FAT 1L,CS Dairy ,FOOD,2,14,0,0.00%,14,0.03%,0.03%
AMLacto Free Milk 1L,CS Dairy ,FOOD,2,14,0,0.00%,14,0.03%,0.03%
AXE SHOWER GEL DARK TEMPTATION 2,CS Bath & Shower,NON FOOD,1,14,0,0.00%,14,0.02%,0.03%
CAPRISUN STRAWBERY ,CS Packet Juice,BEVERAGE,14,14,0,0.00%,14,0.22%,0.03%
DOVE ROLLON MEN CLEAN COMFORT 50,CS Deodrants,NON FOOD,1,14,0,0.00%,14,0.02%,0.03%
GALLO RISOTTO PRONTO MUSHROOM 17,CS Coocking & Baking,FOOD,1,14,0,0.00%,14,0.02%,0.03%
LAYS 40GM CHILLI,CS Chips & Snacks,FOOD,7,14,0,0.00%,14,0.11%,0.03%
Masafi Water1.5Ltr,Water,BEVERAGE,7,14,0,0.00%,14,0.11%,0.03%
VASELINE BODY LOTION ALOESOOTHE ,CS Body Care,NON FOOD,1,14,0,0.00%,14,0.02%,0.03%
LINDT EXCELLENCE 70% CACOA 100GM,CS Chocolate ,FOOD,1,13.75,0,0.00%,13.75,0.02%,0.03%
LINDT EXCELLENCE 90% CACOA 100GM,CS Chocolate ,FOOD,1,13.75,0,0.00%,13.75,0.02%,0.03%
LINDT EXCELLENCE SEA SALT 100GM,CS Chocolate ,FOOD,1,13.75,0,0.00%,13.75,0.02%,0.03%
LINDT EXCELLENCE SESAME ROASTED ,CS Organic Food,FOOD,1,13.75,0,0.00%,13.75,0.02%,0.03%
BERRY CO GOJI BERRY JUICE 1L,CS Packet Juice,BEVERAGE,1,13.5,0,0.00%,13.5,0.02%,0.03%
CLEAR SH WOMEN ICE COOL 200ML,CS Deodrants,NON FOOD,1,13.5,0,0.00%,13.5,0.02%,0.03%
HANSAPLAST DISNEY PRINCESS 16 ST,CS Others,NON FOOD,1,13.5,0,0.00%,13.5,0.02%,0.03%
BISQUINI TIN CRANBERRY COOKIES 1,Biscuit & Cookies,FOOD,1,13,0,0.00%,13,0.02%,0.03%
CLOROX SPONGE SCOURER 4PCS,CS Cleaning Supplies,NON FOOD,2,13,0,0.00%,13,0.03%,0.03%
ClrDpCleanseMen,CS Shampoo & Conditioner,NON FOOD,1,13,0,0.00%,13,0.02%,0.03%
CORNETTO I/C LOVE VANILLA RASPBE,CS Ice Cream,FOOD,2,13,0,0.00%,13,0.03%,0.03%
LADY CHOICE CREAMY PEANUT BUTTER,CS Can & Jar Food,FOOD,1,13,0,0.00%,13,0.02%,0.03%
NIVEA ROLL ON WOMEN INVISIBLE 50,CS Deodrants,NON FOOD,1,13,0,0.00%,13,0.02%,0.03%
DR OETEKER PARTY CANDLE,CS Disposable,NON FOOD,1,12.75,0,0.00%,12.75,0.02%,0.03%
LAYS FRENCH CHEESE 185GM,CS Chips & Snacks,FOOD,2,12.5,0,0.00%,12.5,0.03%,0.03%
ADD ESPRESSO SHOT,Starbucks,FOOD,3,12,0,0.00%,12,0.05%,0.03%
AL AIN MORNING CRANBERRY MUSELI ,CS Dairy ,FOOD,4,12,0,0.00%,12,0.06%,0.03%
AL MARAI FRESH MILK LOW FAT 500M,CS Dairy ,FOOD,4,12,0,0.00%,12,0.06%,0.03%
ALPEN BAR FRUIT NUT 28GM,CS Cereal,FOOD,3,12,0,0.00%,12,0.05%,0.03%
CAPRISUN MIXED FRUIT,CS Packet Juice,BEVERAGE,12,12,0,0.00%,12,0.19%,0.03%
FrostiesCMB25g,CS Cereal,FOOD,4,12,0,0.00%,12,0.06%,0.03%
GLASS OF SOYA MILK,Soya Milk,FOOD,2,12,0,0.00%,12,0.03%,0.03%
JOHNSONS SHOWER GEL ENERGISE 250,CS Bath & Shower,NON FOOD,1,12,0,0.00%,12,0.02%,0.03%
KIT KAT CHUNKY 46GM,CS Chocolate ,FOOD,4,12,0,0.00%,12,0.06%,0.03%
LIPTON YELLOW LABEL TEA BAG 25PC,CS Tea,FOOD,2,12,0,0.00%,12,0.03%,0.03%
MARS BAR 51GM,CS Chocolate ,FOOD,4,12,0,0.00%,12,0.06%,0.03%
ORAL B BRUSH MAXI CLEAN,CS Oral Care,NON FOOD,2,12,0,0.00%,12,0.03%,0.03%
POKKA PEACH ICED TEA 330ML,CS Soft Drinks,BEVERAGE,4,12,0,0.00%,12,0.06%,0.03%
Salted Pistachios30g,Peannuts,FOOD,4,12,0,0.00%,12,0.06%,0.03%
SCHOGETTEN DARK CHOCOLATE 100GM,CS Chocolate ,FOOD,2,12,0,0.00%,12,0.03%,0.03%
SCHWEPPES TONIC WATER CAN 300M,CS Soft Drinks,BEVERAGE,8,12,0,0.00%,12,0.13%,0.03%
SMINT POCKET LEMON ,CS Mint & Gum,FOOD,2,12,0,0.00%,12,0.03%,0.03%
Yoghurt,Yogurt,FOOD,3,12,0,0.00%,12,0.05%,0.03%
BAYARA MIXED NUTS 300GM,CS Nuts & Seeds,FOOD,1,11.75,0,0.00%,11.75,0.02%,0.03%
BEST CAN ALMONDS SALTED 110GM,CS Nuts & Seeds,FOOD,1,11.75,0,0.00%,11.75,0.02%,0.03%
CADBURY DM FRUIT & NUT 230GM,CS Chocolate ,FOOD,1,11.75,0,0.00%,11.75,0.02%,0.03%
DOVE HAIR CONDITIONER MOISTURIZI,CS Shampoo & Conditioner,NON FOOD,1,11.75,0,0.00%,11.75,0.02%,0.03%
Dolmio Bolognaise Sauce 500g,CS Sauce,FOOD,1,11.5,0,0.00%,11.5,0.02%,0.03%
ORAL B TP COMPLETE EXTREME MINT ,CS Oral Care,NON FOOD,1,11.5,0,0.00%,11.5,0.02%,0.03%
SMINT POCKET WILDBERRY,CS Mint & Gum,FOOD,2,11.5,0,0.00%,11.5,0.03%,0.03%
BAYARA SALTED PISTACHIOS 50GM,CS Dry Fruits,FOOD,3,11.25,0,0.00%,11.25,0.05%,0.03%
BAHLSEN LEIBNIZ ZOO 100GM,Biscuit & Cookies,FOOD,2,11,0,0.00%,11,0.03%,0.03%
COLGATE TP 125ML,CS Oral Care,NON FOOD,2,11,0,0.00%,11,0.03%,0.03%
H&S SH LIVELY SILKY 2 IN 1 200ML,CS Shampoo & Conditioner,NON FOOD,1,11,0,0.00%,11,0.02%,0.03%
LUX HW MAGICAL BEAUTY 250ML,CS Soap & Handwash,NON FOOD,1,11,0,0.00%,11,0.02%,0.03%
LUX HW VELVET TOUCH 250ML,CS Soap & Handwash,NON FOOD,1,11,0,0.00%,11,0.02%,0.03%
Sugar Granul2Kg ,CS Coocking & Baking,FOOD,1,11,0,0.00%,11,0.02%,0.03%
TAMPAX REGULAR,CS Sanitary Care,NON FOOD,1,11,0,0.00%,11,0.02%,0.03%
AL MARAI FRESH MILK FULL FAT 500,CS Dairy ,FOOD,3,10.5,0,0.00%,10.5,0.05%,0.02%
EMMENTHAL CHEESE GRATED 150G,CS Dairy ,FOOD,1,10.5,0,0.00%,10.5,0.02%,0.02%
KOKA CUP CHICKEN CORN,CS Pasta & Noodles,FOOD,3,10.5,0,0.00%,10.5,0.05%,0.02%
Lacnor Cocktail180ML,Fresh Juices,FOOD,7,10.5,0,0.00%,10.5,0.11%,0.02%
MOUNTAIN DEW CAN 335ML ,CS Soft Drinks,BEVERAGE,7,10.5,0,0.00%,10.5,0.11%,0.02%
SCHOGETTEN PRALINE NOISETTES 100,CS Chocolate ,FOOD,2,10.5,0,0.00%,10.5,0.03%,0.02%
WALKERS SB CHOCO CHIPS 40G,Biscuit & Cookies,FOOD,3,10.5,0,0.00%,10.5,0.05%,0.02%
Alrabi PineApple/Coconut330M,Fresh Juices,FOOD,4,10,0,0.00%,10,0.06%,0.02%
EXTRA PELLET PEPPERMINT GUM,CS Mint & Gum,FOOD,5,10,0,0.00%,10,0.08%,0.02%
KOKA BOWL MUSHROOM,CS Pasta & Noodles,FOOD,2,10,0,0.00%,10,0.03%,0.02%
LABELLO SUN PROTECTION SPF 30 4.,CS Facial Care,NON FOOD,1,10,0,0.00%,10,0.02%,0.02%
LAYS 40GM SALT VINEGAR,CS Chips & Snacks,FOOD,5,10,0,0.00%,10,0.08%,0.02%
MENTOS CHEWY MINT 30GM,CS Mint & Gum,FOOD,8,10,0,0.00%,10,0.13%,0.02%
ORAL B BRUSH NATURAL FRESH,CS Oral Care,NON FOOD,1,10,0,0.00%,10,0.02%,0.02%
PERRIER WATER LEMON 330ML,CS Water,BEVERAGE,2,10,0,0.00%,10,0.03%,0.02%
SCHOGETTEN HAZELNUT100G,CS Chocolate ,FOOD,2,10,0,0.00%,10,0.03%,0.02%
SCHOGETTEN KIDS 100GM,CS Chocolate ,FOOD,2,10,0,0.00%,10,0.03%,0.02%
SILVER SWAN JASMINE RICE 1KG,CS Coocking & Baking,FOOD,1,10,0,0.00%,10,0.02%,0.02%
ALMARAI JAR CREAM SPREAD CHEESE ,CS Dairy ,FOOD,1,9.75,0,0.00%,9.75,0.02%,0.02%
GILLETTE FOAM CLASSIC CLEAN,CS Mens Care,NON FOOD,1,9.75,0,0.00%,9.75,0.02%,0.02%
GILLETTE FOAM REGULAR,CS Mens Care,NON FOOD,1,9.75,0,0.00%,9.75,0.02%,0.02%
INDOMIE CUP TOMATO NOODLES,CS Pasta & Noodles,FOOD,3,9.75,0,0.00%,9.75,0.05%,0.02%
VOCHELLE BLOCK DAIRY MILK 180G,CS Chocolate ,FOOD,1,9.75,0,0.00%,9.75,0.02%,0.02%
VOCHELLE BLOCK FRUIT&NUTS 180G,CS Chocolate ,FOOD,1,9.75,0,0.00%,9.75,0.02%,0.02%
GALAXY THICK SHAKE CARAMEL 300ML,Convenience Beverages,BEVERAGE,1,9.5,0,0.00%,9.5,0.02%,0.02%
GLAD GARBAGE BAG SMALL 20L X 30,CS Bags/Foil/Wraps,NON FOOD,1,9.25,0,0.00%,9.25,0.02%,0.02%
PRINGLES HOT & SPICY 165GM,CS Chips & Snacks,FOOD,1,9.25,0,0.00%,9.25,0.02%,0.02%
PRINGLES KETCHUP 165GM,CS Chips & Snacks,FOOD,1,9.25,0,0.00%,9.25,0.02%,0.02%
CERES APPLE JUICE 1L,CS Packet Juice,BEVERAGE,1,9,0,0.00%,9,0.02%,0.02%
KIT KAT 4 FINGERS,CS Chocolate ,FOOD,3,9,0,0.00%,9,0.05%,0.02%
QUAKER WHITE OATS TIN 500GM,CS Cereal,FOOD,1,9,0,0.00%,9,0.02%,0.02%
Ristretto,Nespresso,FOOD,1,9,0,0.00%,9,0.02%,0.02%
BROOKBOND TEA BAG 25 PCS,CS Tea,FOOD,2,8.5,0,0.00%,8.5,0.03%,0.02%
CLOSE UP DEEP ACTION120ml,CS Oral Care,NON FOOD,1,8.5,0,0.00%,8.5,0.02%,0.02%
VASELINE PETROLEUM JELLY 120M,CS Body Care,NON FOOD,1,8.5,0,0.00%,8.5,0.02%,0.02%
MANI 20G ALMONDS SMOKED BBQ,CS Dry Fruits,FOOD,3,8.25,0,0.00%,8.25,0.05%,0.02%
ADD FLAVOURED SYRUP,Starbucks,FOOD,2,8,0,0.00%,8,0.03%,0.02%
Add Mini PastryCombo,Dessert,FOOD,8,8,0,0.00%,8,0.13%,0.02%
ALPEN BAR FRUIT NUT MILK CHOCOLA,CS Cereal,FOOD,2,8,0,0.00%,8,0.03%,0.02%
BEACON MARSHMALLOWS WHITE 150GM,CS Packet Food,FOOD,2,8,0,0.00%,8,0.03%,0.02%
BOGUTTI CHOCOFIT CHOCO CRANBERRY,Biscuit & Cookies,FOOD,1,8,0,0.00%,8,0.02%,0.02%
CLOROX SPONGE SCOURER 1PCS,CS Cleaning Supplies,NON FOOD,2,8,0,0.00%,8,0.03%,0.02%
Coca Cola Light Can,Softdrinks,BEVERAGE,2,8,0,0.00%,8,0.03%,0.02%
HEINZ TUNA LIGHT SOLID OIL TIN 1,CS Can & Jar Food,FOOD,1,8,0,0.00%,8,0.02%,0.02%
INDOMIE PILLOW 5 PCS CHICKEN CUR,CS Pasta & Noodles,FOOD,1,8,0,0.00%,8,0.02%,0.02%
INDOMIE PILLOW 5 PCS PANCIT CANT,CS Pasta & Noodles,FOOD,1,8,0,0.00%,8,0.02%,0.02%
INDOMIE PILLOW 5 PCS SATAY FRIED,CS Pasta & Noodles,FOOD,1,8,0,0.00%,8,0.02%,0.02%
PERRIER WATER 330ML,CS Water,BEVERAGE,2,8,0,0.00%,8,0.03%,0.02%
SMINT CANDY GUM BLACKBERRY 14.2G,CS Mint & Gum,FOOD,2,8,0,0.00%,8,0.03%,0.02%
SUBSTITUTE SOYA,Soya Milk,FOOD,2,8,0,0.00%,8,0.03%,0.02%
AM Chd Sli 200,CS Dairy ,FOOD,1,7.5,0,0.00%,7.5,0.02%,0.02%
KOKA PILLOW 5 PCS MUSHROOM,CS Pasta & Noodles,FOOD,1,7.5,0,0.00%,7.5,0.02%,0.02%
KOKA PILLOW 5 PCS VEGETABLE,CS Pasta & Noodles,FOOD,1,7.5,0,0.00%,7.5,0.02%,0.02%
ALMARAI MILK FAT FREE1L,CS Dairy ,FOOD,1,7,0,0.00%,7,0.02%,0.02%
"BUN BREAD SEASAME 4"" 6 PCS",CS Bakery,FOOD,2,7,0,0.00%,7,0.03%,0.02%
FERRARELLE WATER 330ML,Water,BEVERAGE,1,7,0,0.00%,7,0.02%,0.02%
FRUIT TELLA STRAWBERRY 39G,CS Mint & Gum,FOOD,4,7,0,0.00%,7,0.06%,0.02%
DR OETKER NO.0 CANDLE,CS Disposable,NON FOOD,1,6.5,0,0.00%,6.5,0.02%,0.02%
DR OETKER NO.3 CANDLE,CS Disposable,NON FOOD,1,6.5,0,0.00%,6.5,0.02%,0.02%
M&M PEANUT 45GM,CS Chocolate ,FOOD,2,6.5,0,0.00%,6.5,0.03%,0.02%
PRINGLES 40GM SOUR CREAM,CS Chips & Snacks,FOOD,2,6.5,0,0.00%,6.5,0.03%,0.02%
TOBLERONE WHITE 35GM,CS Chocolate ,FOOD,2,6.5,0,0.00%,6.5,0.03%,0.02%
JOHN WEST LIGHT TUNA CHUNK OIL 1,CS Can & Jar Food,FOOD,1,6.25,0,0.00%,6.25,0.02%,0.01%
LAYS CHILI 185GM,CS Chips & Snacks,FOOD,1,6.25,0,0.00%,6.25,0.02%,0.01%
LAYS SALT VINEGAR 185GM,CS Chips & Snacks,FOOD,1,6.25,0,0.00%,6.25,0.02%,0.01%
LAYS TOMATO KETCHUP 185GM,CS Chips & Snacks,FOOD,1,6.25,0,0.00%,6.25,0.02%,0.01%
AL AIN PINEAPPLE YOGHURT 125GM,CS Dairy ,FOOD,3,6,0,0.00%,6,0.05%,0.01%
AL MARAI LABAN FULL FAT 360ML,CS Dairy ,FOOD,2,6,0,0.00%,6,0.03%,0.01%
Best SaltedCashew30g,Peannuts,FOOD,2,6,0,0.00%,6,0.03%,0.01%
COKE LIGHT PET 500ML,CS Soft Drinks,BEVERAGE,3,6,0,0.00%,6,0.05%,0.01%
COKE PET 500ML,CS Soft Drinks,BEVERAGE,3,6,0,0.00%,6,0.05%,0.01%
DOUGHNUT PLAIN,CS Bakery,FOOD,3,6,0,0.00%,6,0.05%,0.01%
EXTRA PELLET WHITE GUM,CS Mint & Gum,FOOD,3,6,0,0.00%,6,0.05%,0.01%
GranAppleCunch,CS Cereal,FOOD,2,6,0,0.00%,6,0.03%,0.01%
M&M CHOCOLATE 45GM,CS Chocolate ,FOOD,2,6,0,0.00%,6,0.03%,0.01%
POKKA ICED TEA PEACH 500ML,CS Packet Juice,BEVERAGE,2,6,0,0.00%,6,0.03%,0.01%
POKKA LEMON ICED TEA 330ML,CS Soft Drinks,BEVERAGE,2,6,0,0.00%,6,0.03%,0.01%
Rainbow Low Cholestrol160ml,CS Dairy ,FOOD,2,6,0,0.00%,6,0.03%,0.01%
SCHOGETTEN TROLOGIA 100GM,CS Chocolate ,FOOD,1,6,0,0.00%,6,0.02%,0.01%
BAHLSEN LEIBNIZ MINIS BUTTER 100,Biscuit & Cookies,FOOD,1,5.5,0,0.00%,5.5,0.02%,0.01%
VOCHELLE DARK CHOC FRUIT & NUTS ,CS Chocolate ,FOOD,1,5.5,0,0.00%,5.5,0.02%,0.01%
A/G U.S MUSTARD SQUEEZE 8OZ,CS Can & Jar Food,FOOD,1,5.25,0,0.00%,5.25,0.02%,0.01%
AL RABIE MANGO PASSION 330ML,CS Fresh Juice,BEVERAGE,2,5,0,0.00%,5,0.03%,0.01%
AL RABIE ORANGE 330ML,CS Packet Juice,BEVERAGE,2,5,0,0.00%,5,0.03%,0.01%
Castania Fried Peanut 60g,CS Nuts & Seeds,FOOD,1,5,0,0.00%,5,0.02%,0.01%
Castania Peanut 60g,CS Nuts & Seeds,FOOD,1,5,0,0.00%,5,0.02%,0.01%
CORNETTO I/C CLASSICO CHOCOLATE,CS Ice Cream,FOOD,1,5,0,0.00%,5,0.02%,0.01%
CROISSANT CHOCOLATE,CS Bakery,FOOD,2,5,0,0.00%,5,0.03%,0.01%
GATORADE TOPICL FRUIT PET 500ML,CS Sports & Energy Drinks,BEVERAGE,1,5,0,0.00%,5,0.02%,0.01%
MentoGmWatrMelon,CS Mint & Gum,FOOD,1,5,0,0.00%,5,0.02%,0.01%
SCHOGETTEN STARCIA 100GM,CS Chocolate ,FOOD,1,5,0,0.00%,5,0.02%,0.01%
SCHOGETTEN STRAWBERRY YOGURT100G,CS Chocolate ,FOOD,1,5,0,0.00%,5,0.02%,0.01%
VASELINE PETROLEUM JELLY 60ML,CS Body Care,NON FOOD,1,5,0,0.00%,5,0.02%,0.01%
SCRUMMIES BLACKCURRANT CRANBERRI,CS Dry Fruits,FOOD,1,4.75,0,0.00%,4.75,0.02%,0.01%
SCRUMMIES CHERRY CRANBERRIES 20G,CS Dry Fruits,FOOD,1,4.75,0,0.00%,4.75,0.02%,0.01%
SCRUMMIES RASPBERRY CRANBERRIES ,CS Dry Fruits,FOOD,1,4.75,0,0.00%,4.75,0.02%,0.01%
BAHLSEN LEIBNIZ,Biscuit & Cookies,FOOD,1,4.5,0,0.00%,4.5,0.02%,0.01%
FUNWDTOOTHPICK,CS Disposable,NON FOOD,1,4.5,0,0.00%,4.5,0.02%,0.01%
HNZTomatKetchup300g ,CS Sauce,FOOD,1,4.5,0,0.00%,4.5,0.02%,0.01%
LACNOR PEACH 180ML,CS Packet Juice,BEVERAGE,3,4.5,0,0.00%,4.5,0.05%,0.01%
MUDHISH CHIPS CHILLI RIPPLES 15G,CS Chips & Snacks,FOOD,6,4.5,0,0.00%,4.5,0.10%,0.01%
SCHWEPPES SODA CAN 300M,CS Soft Drinks,BEVERAGE,3,4.5,0,0.00%,4.5,0.05%,0.01%
SPRIGHT LIGHT CAN 355M,CS Soft Drinks,BEVERAGE,3,4.5,0,0.00%,4.5,0.05%,0.01%
AL AIN FRUIT FOREST YOGHURT 125G,CS Dairy ,FOOD,2,4,0,0.00%,4,0.03%,0.01%
CROISSANT CHEESE,CS Bakery,FOOD,2,4,0,0.00%,4,0.03%,0.01%
EXTRA PROFESSIONAL STRONG MINT G,CS Mint & Gum,FOOD,1,4,0,0.00%,4,0.02%,0.01%
EXTRA PROFESSIONAL WHITE GUM,CS Mint & Gum,FOOD,1,4,0,0.00%,4,0.02%,0.01%
FANTA APPLE CAN,Softdrinks,BEVERAGE,1,4,0,0.00%,4,0.02%,0.01%
Lacnor Skim Milk 1 L,CS Dairy ,BEVERAGE,1,4,0,0.00%,4,0.02%,0.01%
Nutra Van90gm,Biscuit & Cookies,FOOD,2,4,0,0.00%,4,0.03%,0.01%
NutroLemon90g,Biscuit & Cookies,FOOD,2,4,0,0.00%,4,0.03%,0.01%
SMINT CANDY GUM MINT 14.2G,CS Mint & Gum,FOOD,1,4,0,0.00%,4,0.02%,0.01%
SMINT CANDY GUM PEPPERMINT 14.2G,CS Mint & Gum,FOOD,1,4,0,0.00%,4,0.02%,0.01%
SPRITE PET 500ML,CS Soft Drinks,BEVERAGE,2,4,0,0.00%,4,0.03%,0.01%
TIDE 110GM ORIGINAL SCENT,CS Laundry Care,NON FOOD,2,4,0,0.00%,4,0.03%,0.01%
BREAD ROLL ENGLISH BROWN,CS Bakery,FOOD,1,3.5,0,0.00%,3.5,0.02%,0.01%
"BUN BREAD PLAIN 4"" 6 PCS",CS Bakery,FOOD,1,3.5,0,0.00%,3.5,0.02%,0.01%
KOKA CUP NODLE VEG,CS Pasta & Noodles,FOOD,1,3.5,0,0.00%,3.5,0.02%,0.01%
MUFFIN APPLE,CS Bakery,FOOD,1,3.5,0,0.00%,3.5,0.02%,0.01%
MUFFIN BLUEBERRY,CS Bakery,FOOD,1,3.5,0,0.00%,3.5,0.02%,0.01%
MUFFIN CHOCOLATE,CS Bakery,FOOD,1,3.5,0,0.00%,3.5,0.02%,0.01%
Tide HS MB260g ,CS Laundry Care,NON FOOD,1,3.5,0,0.00%,3.5,0.02%,0.01%
PRINGLES 40GM BBQ,CS Chips & Snacks,FOOD,1,3.25,0,0.00%,3.25,0.02%,0.01%
AL MARAI YOGHURT FULL CREAM 170G,CS Dairy ,FOOD,2,3,0,0.00%,3,0.03%,0.01%
BEST 30GM SALTED PEANUTS,CS Nuts & Seeds,FOOD,2,3,0,0.00%,3,0.03%,0.01%
CADBURY DM HAZELNUT 37GM,CS Chocolate ,FOOD,1,3,0,0.00%,3,0.02%,0.01%
DOUGHNUT ICING WHITE,CS Bakery,FOOD,2,3,0,0.00%,3,0.03%,0.01%
DOUGHNUT JAM,CS Bakery,FOOD,2,3,0,0.00%,3,0.03%,0.01%
KAGI SWISS WAFERS SINGLE MINI 25,CS Mint & Gum,FOOD,1,3,0,0.00%,3,0.02%,0.01%
LACNOR MILK BANANA 180ML,CS Packet Juice,BEVERAGE,2,3,0,0.00%,3,0.03%,0.01%
LACNOR MILK CHOCOLATE 180ML,CS Packet Juice,BEVERAGE,2,3,0,0.00%,3,0.03%,0.01%
PEPSI DIET CAN 335ML ,CS Soft Drinks,BEVERAGE,2,3,0,0.00%,3,0.03%,0.01%
RiceKrispiesCMB20g,CS Cereal,FOOD,1,3,0,0.00%,3,0.02%,0.01%
TOBLETOBLERONE MILK 35GM,CS Chocolate ,FOOD,1,3,0,0.00%,3,0.02%,0.01%
AL RABIE MANGO 330ML,CS Packet Juice,BEVERAGE,1,2.5,0,0.00%,2.5,0.02%,0.01%
AL RABIE PINEAPPLE 330ML,CS Packet Juice,BEVERAGE,1,2.5,0,0.00%,2.5,0.02%,0.01%
CROISSANT ZATAR,CS Bakery,FOOD,1,2.5,0,0.00%,2.5,0.02%,0.01%
DOUGHNUT CHOCOLATE,CS Bakery,FOOD,1,2.5,0,0.00%,2.5,0.02%,0.01%
TWIX TWIN BAR 50GM,CS Chocolate ,FOOD,1,2.5,0,0.00%,2.5,0.02%,0.01%
SALT 1KG IODIZED ,CS Coocking & Baking,FOOD,1,2.25,0,0.00%,2.25,0.02%,0.01%
AL AIN MANGO YOGHURT 125GM,CS Dairy ,FOOD,1,2,0,0.00%,2,0.02%,0.00%
EXTRA PELLET STRAWBERRY GUM,Biscuit & Cookies,FOOD,1,2,0,0.00%,2,0.02%,0.00%
Khubus Bread,Breakfast,FOOD,1,2,0,0.00%,2,0.02%,0.00%
KIT KAT 2 FINGERS,CS Chocolate ,FOOD,2,2,0,0.00%,2,0.03%,0.00%
Nutro Straw90gm,Biscuit & Cookies,FOOD,1,2,0,0.00%,2,0.02%,0.00%
Panadol96 ,CS Others,NON FOOD,2,2,0,0.00%,2,0.03%,0.00%
SUPER GLUE 3G,CS Others,NON FOOD,1,1.75,0,0.00%,1.75,0.02%,0.00%
CROISSANT PLAIN,CS Bakery,FOOD,1,1.5,0,0.00%,1.5,0.02%,0.00%
LACNOR MILK STRAWBERRY 180ML,CS Packet Juice,BEVERAGE,1,1.5,0,0.00%,1.5,0.02%,0.00%
LacnorOrange180ML ,CS Packet Juice,BEVERAGE,1,1.5,0,0.00%,1.5,0.02%,0.00%
PEPSI CAN 355ML ,CS Soft Drinks,BEVERAGE,1,1.5,0,0.00%,1.5,0.02%,0.00%
SAFETY MATCH STICK BOX 2PCS,CS Others,NON FOOD,3,1.5,0,0.00%,1.5,0.05%,0.00%
SPRITE CAN 355ML,CS Soft Drinks,BEVERAGE,1,1.5,0,0.00%,1.5,0.02%,0.00%
CAPRISUN APPLE,CS Packet Juice,BEVERAGE,1,1,0,0.00%,1,0.02%,0.00%
MAGGI STOCK CUBE CHICKEN,CS Sauce,FOOD,1,1,0,0.00%,1,0.02%,0.00%
TOTAL*,,,"4,761","42,420.75",0,0.00%,"42,420.75",76.27%,100.00%
,,,,,,,,,
