Menu Engineering Items Summary,,,,,,,,,
,,,,,,,,,
Business Dates,12/2/2015,,,,,,,,
Locations,"DEMO,UAE",,,,,,,,
Revenue Centers,All,,,,,,,,
Menu Items,All,,,,,,,,
,,,,,,,,,
Menu Item Name,Family Group,Major Group,Qty Sold,Net Sales,Prep Cost,Cost %,Margin Less Item Disc,% Qty,% Margin
Stud Meal Combo,Main course,FOOD,349,"10,470.00",0,0.00%,"10,470.00",4.52%,18.44%
MARINATED SALMON STEAK,Grill,FOOD,87,"2,610.00",0,0.00%,"2,610.00",1.13%,4.60%
Student Breakfast,Breakfast,FOOD,76,"2,280.00",0,0.00%,"2,280.00",0.98%,4.02%
Buffet Meal,Main course,FOOD,79,"1,738.00",0,0.00%,"1,738.00",1.02%,3.06%
Classic Angus Burger,Burgers,FOOD,50,"1,500.00",0,0.00%,"1,500.00",0.65%,2.64%
Chicken Steak,Grill,FOOD,42,984,0,0.00%,984,0.54%,1.73%
Chicken Caesar,Salads,FOOD,36,900,0,0.00%,900,0.47%,1.58%
Slice of the Day,Pizza,FOOD,174,870,0,0.00%,870,2.25%,1.53%
Tenderloin Steak,Burgers,FOOD,24,720,0,0.00%,720,0.31%,1.27%
BBQ Glazed Chicken,Sandwiches,FOOD,34,714,0,0.00%,714,0.44%,1.26%
Margherita(V),Pizza,FOOD,27,675,0,0.00%,675,0.35%,1.19%
SERCO LUNCH,SERCO LUNCH,FOOD,43,645,0,0.00%,645,0.56%,1.14%
Dessert,Dessert,FOOD,162,632,0,0.00%,632,2.10%,1.11%
SERCO DINNER,SERCO DINNER,FOOD,42,630,0,0.00%,630,0.54%,1.11%
FG MEDIUM BOWL,FEEL GOOD,FOOD,34,612,0,0.00%,612,0.44%,1.08%
BUTTER FLY CHICKEN BREAST ,Grill,FOOD,22,528,0,0.00%,528,0.28%,0.93%
Masafi Water500ml,Water,BEVERAGE,511,511,0,0.00%,511,6.61%,0.90%
Smoked Salmon,Sandwiches,FOOD,20,500,0,0.00%,500,0.26%,0.88%
Two Eggs ,Breakfast,FOOD,100,500,0,0.00%,500,1.29%,0.88%
Take Away Box,Take Away Boxes,NON FOOD,157,471,0,0.00%,471,2.03%,0.83%
Chicken Tikka,Sandwiches,FOOD,19,456,0,0.00%,456,0.25%,0.80%
FG LARGE BOWL,FEEL GOOD,FOOD,18,442,0,0.00%,442,0.23%,0.78%
Falafel Tomato & Hummus(V),Sandwiches,FOOD,23,414,0,0.00%,414,0.30%,0.73%
Chocolate Bar,Extras,FOOD,82,410,0,0.00%,410,1.06%,0.72%
FRESH JUICE SMALL,Breakfast,FOOD,99,396,0,0.00%,396,1.28%,0.70%
Extra Portion Grill,Main course,FOOD,32,384,0,0.00%,384,0.41%,0.68%
Smoked Turkey Ham Pasta,Salads,FOOD,17,374,0,0.00%,374,0.22%,0.66%
Fresh Fruit Pcs,Extras,FOOD,123,369,0,0.00%,369,1.59%,0.65%
Grilled Chicken Burger,Burgers,FOOD,15,360,0,0.00%,360,0.19%,0.63%
12 OZ TOFFEE NUT LATTE,Coffee,FOOD,21,357,0,0.00%,357,0.27%,0.63%
7 OZ DOUBLE SHOT ICED SHAKEN,Starbucks,FOOD,25,350,0,0.00%,350,0.32%,0.62%
GALLON WATER COUPON,CS Water,BEVERAGE,45,315,0,0.00%,315,0.58%,0.55%
Guest Meal Combo,Main course,FOOD,12,315,0,0.00%,315,0.16%,0.55%
16 OZ CAFFE AMERICANO,Starbucks,FOOD,26,312,0,0.00%,312,0.34%,0.55%
Super Food Salad (V),Salads,FOOD,13,312,0,0.00%,312,0.17%,0.55%
Homemade Beef Burger,Burgers,FOOD,15,300,0,0.00%,300,0.19%,0.53%
PRO BAR MEAL PEANUT BUTTER CHOCO,CS Cereal,FOOD,12,273,0,0.00%,273,0.16%,0.48%
Side Salad,Salads,FOOD,64,256,0,0.00%,256,0.83%,0.45%
SERCO BREAKFAST,SERCO BREAKFAST,FOOD,17,255,0,0.00%,255,0.22%,0.45%
16 OZ ICED WHITE CHOCOLATE MOCHA,Starbucks,FOOD,14,252,0,0.00%,252,0.18%,0.44%
Bagel S. Salmon,Sandwiches,FOOD,10,250,0,0.00%,250,0.13%,0.44%
Buffet Fruit Salad,Salads,FOOD,51,250,0,0.00%,250,0.66%,0.44%
Go Large,Pizza,FOOD,30,240,0,0.00%,240,0.39%,0.42%
16 OZ ICED CARAMEL MACCHIATO,Starbucks,FOOD,14,238,0,0.00%,238,0.18%,0.42%
TAMRAH CHOCO MILK ZIPPER BAG 100,CS Dry Fruits,FOOD,26,234,0,0.00%,234,0.34%,0.41%
16 OZ CAFFE LATTE,Starbucks,FOOD,16,224,0,0.00%,224,0.21%,0.39%
Buffalo Chicken,Grill,FOOD,14,224,0,0.00%,224,0.18%,0.39%
LACNOR COCKTAIL 180ML,Fresh Juices,BEVERAGE,55,220,0,0.00%,220,0.71%,0.39%
Rocco,Pizza,FOOD,6,210,0,0.00%,210,0.08%,0.37%
FRESH JUICE LARGE,Fresh Juices,FOOD,29,203,0,0.00%,203,0.38%,0.36%
CHICKEN MEAL ,Main course,FOOD,8,200,0,0.00%,200,0.10%,0.35%
Cereal Portion,Breakfast,FOOD,28,196,0,0.00%,196,0.36%,0.35%
Fruit Salad,Yoghurt Pots,FOOD,16,192,0,0.00%,192,0.21%,0.34%
Filter Tea,Tea,FOOD,38,190,0,0.00%,190,0.49%,0.33%
Pesto Roasted Chicken,Sandwiches,FOOD,8,184,0,0.00%,184,0.10%,0.32%
Yogurt Blueberry,Yoghurt Pots,FOOD,10,180,0,0.00%,180,0.13%,0.32%
Full Breakfast,Breakfast,FOOD,5,175,0,0.00%,175,0.06%,0.31%
WEIGHT W BAR APPLE CRUMBLE PIE 6,CS Cereal,FOOD,12,171,0,0.00%,171,0.16%,0.30%
16 OZ ICED CAFFE LATTE,Starbucks,FOOD,12,168,0,0.00%,168,0.16%,0.30%
Banana Pcs,CS Fresh Fruit,FOOD,167,167,0,0.00%,167,2.16%,0.29%
DR OETKER MOZZRELLA PIZZA,CS Frozen Food,FOOD,6,157.5,0,0.00%,157.5,0.08%,0.28%
Hash Browns,Breakfast,FOOD,37,148,0,0.00%,148,0.48%,0.26%
Yoghurt,Yogurt,FOOD,37,148,0,0.00%,148,0.48%,0.26%
12 OZ CAFFE LATTE,Starbucks,FOOD,12,144,0,0.00%,144,0.16%,0.25%
12 OZ CAFFE AMERICANO,Starbucks,FOOD,14,140,0,0.00%,140,0.18%,0.25%
16 OZ CAPPUCHINO,Starbucks,FOOD,10,140,0,0.00%,140,0.13%,0.25%
Isabella(V),Pizza,FOOD,4,140,0,0.00%,140,0.05%,0.25%
12 OZ CAPPUCHINO,Starbucks,FOOD,11,132,0,0.00%,132,0.14%,0.23%
12 OZ SOYA TOFFE NUT LATTE,Coffee,FOOD,6,126,0,0.00%,126,0.08%,0.22%
LACNOR APPLE 180ML,Fresh Juices,BEVERAGE,31,124,0,0.00%,124,0.40%,0.22%
CROISSANT MINI,Dessert,FOOD,41,123,0,0.00%,123,0.53%,0.22%
Beef sausage,Breakfast,FOOD,24,120,0,0.00%,120,0.31%,0.21%
FG SMALL BOWL,FEEL GOOD,FOOD,10,120,0,0.00%,120,0.13%,0.21%
Grilled Halloumi(V),Sandwiches,FOOD,6,120,0,0.00%,120,0.08%,0.21%
BJORG ORGANIC FOURRES CHOCOLAT L,CS Organic Food,FOOD,3,116.25,0,0.00%,116.25,0.04%,0.20%
WEIGHT W BAR RASPBERRY 6 BARS,CS Cereal,FOOD,8,114,0,0.00%,114,0.10%,0.20%
Yogurt Muesli Honey,Yoghurt Pots,FOOD,7,112,0,0.00%,112,0.09%,0.20%
16 OZ ICED CAFE AMERICANO,Starbucks,FOOD,9,108,0,0.00%,108,0.12%,0.19%
DOUBLE ESSPRESSO,Starbucks,FOOD,9,108,0,0.00%,108,0.12%,0.19%
TAMRAH CHOCO DARK ZIPPER BAG 100,CS Dry Fruits,FOOD,12,108,0,0.00%,108,0.16%,0.19%
Croissant,Breakfast,FOOD,15,105,0,0.00%,105,0.19%,0.18%
COCA COLA CAN,Softdrinks,BEVERAGE,26,104,0,0.00%,104,0.34%,0.18%
GILLETTE BLADE MACH 3 TURBO 2PCS,CS Mens Care,NON FOOD,4,104,0,0.00%,104,0.05%,0.18%
AL AIN FRESH MILK FULL FAT 2L,CS Dairy ,FOOD,10,100,0,0.00%,100,0.13%,0.18%
Chicken Nuggets,Extras,FOOD,10,100,0,0.00%,100,0.13%,0.18%
WALK IN LUNCH,WALK IN LUNCH,FOOD,10,100,0,0.00%,100,0.13%,0.18%
Yogurt Mango,Yoghurt Pots,FOOD,10,100,0,0.00%,100,0.13%,0.18%
BJORG ORGANIC FOURRES FRAMBOISES,CS Organic Food,FOOD,3,99.75,0,0.00%,99.75,0.04%,0.18%
MAGNUM I/C DOUBLE CHOCOLATE,CS Ice Cream,FOOD,11,99,0,0.00%,99,0.14%,0.17%
RACHELS GREEK YOGHURT NATURAL 45,CS Dairy ,FOOD,4,98,0,0.00%,98,0.05%,0.17%
C&C FW MORNING SHINE CONTROL 150,CS Facial Care,NON FOOD,3,96.75,0,0.00%,96.75,0.04%,0.17%
LACNOR MANGO 180ML,Fresh Juices,BEVERAGE,24,96,0,0.00%,96,0.31%,0.17%
Soup,Extras,FOOD,17,96,0,0.00%,96,0.22%,0.17%
Greek Salad,Salads,FOOD,4,88,0,0.00%,88,0.05%,0.15%
Roast Beef,Sandwiches,FOOD,4,88,0,0.00%,88,0.05%,0.15%
VEGGIE MEAL,Veggie,FOOD,4,88,0,0.00%,88,0.05%,0.15%
16 OZ CARAMEL MACCHIATO,Starbucks,FOOD,5,85,0,0.00%,85,0.06%,0.15%
16 OZ ICED CHOCOLATE,Starbucks,FOOD,5,85,0,0.00%,85,0.06%,0.15%
16 OZ WHITE CHOCOLATE MOCHA,Starbucks,FOOD,5,85,0,0.00%,85,0.06%,0.15%
LACNOR MILK STRAWBERRY,Flavoured Milk,BEVERAGE,21,84,0,0.00%,84,0.27%,0.15%
Valley Crunchy,Cereal Bar,FOOD,28,84,0,0.00%,84,0.36%,0.15%
WASA CRISPBREAD ORIGINAL 275GM,Biscuit & Cookies,FOOD,5,83.75,0,0.00%,83.75,0.06%,0.15%
MAGNUM I/C WHITE,CS Ice Cream,FOOD,11,82.5,0,0.00%,82.5,0.14%,0.15%
ALPRO ALMOND MILK 1L,CS Dairy ,FOOD,4,82,0,0.00%,82,0.05%,0.14%
Pancakes,Breakfast,FOOD,27,81,0,0.00%,81,0.35%,0.14%
Filter Coffee,Tea,FOOD,16,80,0,0.00%,80,0.21%,0.14%
GATORADE PINK LEMONDAE PET 500ML,CS Sports & Energy Drinks,BEVERAGE,16,80,0,0.00%,80,0.21%,0.14%
PEPSI CAN,Softdrinks,BEVERAGE,20,80,0,0.00%,80,0.26%,0.14%
Plum Red,CS Fresh Fruit,FOOD,39,78,0,0.00%,78,0.50%,0.14%
12 OZ CARAMEL MACCHIATO,Starbucks,FOOD,5,75,0,0.00%,75,0.06%,0.13%
CHEFS WORLD UDON NOODLES 200GM,CS Pasta & Noodles,FOOD,8,74,0,0.00%,74,0.10%,0.13%
WASA CRISPBREAD FIBRE 200GM,Biscuit & Cookies,FOOD,5,72.5,0,0.00%,72.5,0.06%,0.13%
16 OZ ICED VANILLA LATTE,Starbucks,FOOD,4,72,0,0.00%,72,0.05%,0.13%
COCA COLA ZERO CAN,Softdrinks,BEVERAGE,18,72,0,0.00%,72,0.23%,0.13%
FG Juice Bottled,FEEL GOOD,FOOD,9,72,0,0.00%,72,0.12%,0.13%
Glazed Veg,Sandwiches,FOOD,4,72,0,0.00%,72,0.05%,0.13%
Open Food,Open Food,FOOD,4,72,0,0.00%,72,0.05%,0.13%
PERRIER WATER 750ML,Water,BEVERAGE,8,72,0,0.00%,72,0.10%,0.13%
Tandoori Chicken,Pizza,FOOD,2,72,0,0.00%,72,0.03%,0.13%
Veg Fried Rice,Main course,FOOD,9,72,0,0.00%,72,0.12%,0.13%
AL AIN FRESH MILK LOW FAT 2L,CS Dairy ,FOOD,7,70,0,0.00%,70,0.09%,0.12%
Extra Topping,Pizza,FOOD,14,70,0,0.00%,70,0.18%,0.12%
FOOD DOCTOR BAR APPLE WALNUT 35G,CS Organic Food,FOOD,8,70,0,0.00%,70,0.10%,0.12%
PAPER BAG,BAGS,NON FOOD,70,70,0,0.00%,70,0.91%,0.12%
BJORG ORGANIC GAUFRES AU MIEL 17,CS Organic Food,FOOD,3,69.75,0,0.00%,69.75,0.04%,0.12%
12 OZ ICED TOFFEE NUT LATTE,Coffee,FOOD,4,68,0,0.00%,68,0.05%,0.12%
MOUNTAIN DEW,Softdrinks,BEVERAGE,17,68,0,0.00%,68,0.22%,0.12%
POKKA PEACH ICED TEA CAN,Packet Juice,BEVERAGE,17,68,0,0.00%,68,0.22%,0.12%
MAGNUM I/C ALMOND,CS Ice Cream,FOOD,9,67.5,0,0.00%,67.5,0.12%,0.12%
French Fries,Extras,FOOD,11,66,0,0.00%,66,0.14%,0.12%
Tuna Cheese Melt,Sandwiches,FOOD,3,66,0,0.00%,66,0.04%,0.12%
MOTHER E OAT SLICE APRICOT CHOCO,CS Dry Fruits,FOOD,4,65,0,0.00%,65,0.05%,0.11%
PRINGLES CHEESE 165GM,CS Chips & Snacks,FOOD,7,64.75,0,0.00%,64.75,0.09%,0.11%
Frid Rice W Chicken,Fried Rice,FOOD,2,64,0,0.00%,64,0.03%,0.11%
Hawaiian,Pizza,FOOD,2,64,0,0.00%,64,0.03%,0.11%
POKKA LEMON ICED TEA CAN,Packet Juice,BEVERAGE,16,64,0,0.00%,64,0.21%,0.11%
Portion Starch,Main course,FOOD,8,64,0,0.00%,64,0.10%,0.11%
Bagels w/Cr.Cheese,Breakfast,FOOD,9,63,0,0.00%,63,0.12%,0.11%
RED BULL SUGAR FREE 250ML,CS Sports & Energy Drinks,BEVERAGE,9,63,0,0.00%,63,0.12%,0.11%
Walkers Short Bread40g,Biscuits,FOOD,18,63,0,0.00%,63,0.23%,0.11%
AL AIN WATER 500ml,CS Water,BEVERAGE,62,62,0,0.00%,62,0.80%,0.11%
Apple Red,CS Fresh Fruit,FOOD,31,62,0,0.00%,62,0.40%,0.11%
COMFORT ORANGE ALOE VERA CONCENT,CS Laundry Care,NON FOOD,4,61,0,0.00%,61,0.05%,0.11%
12 OZ CAFFE MOCHA,Starbucks,FOOD,4,60,0,0.00%,60,0.05%,0.11%
B.BAG CHEDDAR150g,CS Chips & Snacks,FOOD,5,60,0,0.00%,60,0.06%,0.11%
MIRINDA ORANGE CAN,Softdrinks,BEVERAGE,15,60,0,0.00%,60,0.19%,0.11%
Mixed Green Salad(V),Salads,FOOD,3,60,0,0.00%,60,0.04%,0.11%
NIVEA REFRESHING FACE WASH 150ML,CS Facial Care,NON FOOD,2,60,0,0.00%,60,0.03%,0.11%
Pear,CS Fresh Fruit,FOOD,30,60,0,0.00%,60,0.39%,0.11%
Pesto,Pizza,FOOD,2,60,0,0.00%,60,0.03%,0.11%
Small Salad,Salads,FOOD,5,60,0,0.00%,60,0.06%,0.11%
Soda Coke,Softdrinks,BEVERAGE,15,60,0,0.00%,60,0.19%,0.11%
Three Cheese Spring Onion,Pre Packed Sandwiches,FOOD,6,60,0,0.00%,60,0.08%,0.11%
VEG BURGER,Burgers,FOOD,3,60,0,0.00%,60,0.04%,0.11%
WALK IN DINNER,WALK IN DINNER,FOOD,6,60,0,0.00%,60,0.08%,0.11%
AL AIN FRESH MILK 1L LOW FAT,CS Dairy ,FOOD,9,58.5,0,0.00%,58.5,0.12%,0.10%
VOCHELLE BLOCK FRUIT&NUTS 180G,CS Chocolate ,FOOD,6,58.5,0,0.00%,58.5,0.08%,0.10%
ACORSA EXTRA VIRGIN OLIVE OIL 75,CS Coocking & Baking,FOOD,2,57.5,0,0.00%,57.5,0.03%,0.10%
16 OZ SIGNATURE HOT CHOCOLATE,Starbucks,FOOD,3,57,0,0.00%,57,0.04%,0.10%
16 OZ VANILLA LATTE,Starbucks,FOOD,3,57,0,0.00%,57,0.04%,0.10%
CastaniaExtMixNuts350G,CS Nuts & Seeds,FOOD,2,57,0,0.00%,57,0.03%,0.10%
Toast,Breakfast,FOOD,57,57,0,0.00%,57,0.74%,0.10%
AL SHIFA 400GM SQUEEZE HONEY,CS Can & Jar Food,FOOD,2,55.5,0,0.00%,55.5,0.03%,0.10%
Baked beans,Breakfast,FOOD,11,55,0,0.00%,55,0.14%,0.10%
AL AIN WATER 1.5L,CS Water,BEVERAGE,36,54,0,0.00%,54,0.47%,0.10%
KRAFT CHEESE ORIGINAL 12 SLICES,CS Dairy ,FOOD,4,54,0,0.00%,54,0.05%,0.10%
TAMRAH COCO DATES ZIPPER BAG 100,CS Dry Fruits,FOOD,6,54,0,0.00%,54,0.08%,0.10%
MAGNUM I/C CLASSIC,CS Ice Cream,FOOD,7,52.5,0,0.00%,52.5,0.09%,0.09%
7 UP DIET CAN,Softdrinks,BEVERAGE,13,52,0,0.00%,52,0.17%,0.09%
ALWAYS PANTYR LINER 40 NORMAL,CS Sanitary Care,NON FOOD,3,51.75,0,0.00%,51.75,0.04%,0.09%
JDS BUTTER CRISPS,Biscuit & Cookies,FOOD,3,51.75,0,0.00%,51.75,0.04%,0.09%
12 OZ VANILLA LATTE,Starbucks,FOOD,3,51,0,0.00%,51,0.04%,0.09%
BJORG ORGANIC OAT FLAKES 500GM,CS Organic Food,FOOD,2,51,0,0.00%,51,0.03%,0.09%
JDS ALMOND FLORENTINES,Biscuit & Cookies,FOOD,2,51,0,0.00%,51,0.03%,0.09%
WEIGHT W BERRY FLAKES 450GM,CS Cereal,FOOD,2,50.5,0,0.00%,50.5,0.03%,0.09%
WEIGHT W BERRY MUESLI 495GM,CS Cereal,FOOD,2,50.5,0,0.00%,50.5,0.03%,0.09%
AL AIN BENECOL YOGHURT 125GM,CS Dairy ,FOOD,25,50,0,0.00%,50,0.32%,0.09%
BEEF MEAL,Main course,FOOD,2,50,0,0.00%,50,0.03%,0.09%
DORITOS 180GM SWEET CHILI PEPPER,CS Chips & Snacks,FOOD,8,50,0,0.00%,50,0.10%,0.09%
Salmon Salad,Salads,FOOD,2,50,0,0.00%,50,0.03%,0.09%
BJORG ORGANIC LE P'TIT NATURE 20,CS Organic Food,FOOD,2,49.5,0,0.00%,49.5,0.03%,0.09%
CROISSANT HI BUTTER PLAIN,CS Bakery,FOOD,14,49,0,0.00%,49,0.18%,0.09%
NIVEA SUN LOTION SPF 20 200ML,CS Body Care,NON FOOD,1,48.5,0,0.00%,48.5,0.01%,0.09%
French Toast,Breakfast,FOOD,12,48,0,0.00%,48,0.16%,0.08%
MOTHER E OAT SLICE APPLE CRUMBLE,CS Dry Fruits,FOOD,3,48,0,0.00%,48,0.04%,0.08%
MOTHER E OAT SLICE KIWI AFGHAN 6,CS Dry Fruits,FOOD,3,48,0,0.00%,48,0.04%,0.08%
WASA CRISPBREAD SESAM 200GM,Biscuit & Cookies,FOOD,3,46.5,0,0.00%,46.5,0.04%,0.08%
ORAL B TP COMPLETE EXTRA FRESH M,CS Oral Care,NON FOOD,4,46,0,0.00%,46,0.05%,0.08%
TideReg Original1.5Kg ,CS Laundry Care,NON FOOD,2,45.5,0,0.00%,45.5,0.03%,0.08%
CHIABIA MILLED CHIA SEED 150GM,CS Cereal,FOOD,1,45.25,0,0.00%,45.25,0.01%,0.08%
Beef Bacon,Breakfast,FOOD,9,45,0,0.00%,45,0.12%,0.08%
Delivery Charges,Delivery charge,LABOR CHARGE,9,45,0,0.00%,45,0.12%,0.08%
FARM FRESH EGGS WHITE 6PCS,CS Eggs,FOOD,10,45,0,0.00%,45,0.13%,0.08%
Maple Joe250gm,CS Can & Jar Food,FOOD,1,45,0,0.00%,45,0.01%,0.08%
FARM FRESH EGGS WHITE 15PCS,CS Eggs,FOOD,4,44,0,0.00%,44,0.05%,0.08%
LIPTON LEMON ICED TEA,Tea,BEVERAGE,11,44,0,0.00%,44,0.14%,0.08%
Masafi Water1.5Ltr,Water,BEVERAGE,22,44,0,0.00%,44,0.28%,0.08%
Pure Honey Acasia250g,CS Can & Jar Food,FOOD,2,44,0,0.00%,44,0.03%,0.08%
VASELINE LOTION ESSENTIAL HEALIN,CS Body Care,NON FOOD,3,42.75,0,0.00%,42.75,0.04%,0.08%
WEIGHT W BAR APRICOT PIE 6 BARS,CS Cereal,FOOD,3,42.75,0,0.00%,42.75,0.04%,0.08%
WEIGHT W BAR CARAMEL SHORTCAKE 7,CS Cereal,FOOD,3,42.75,0,0.00%,42.75,0.04%,0.08%
WEIGHT W BAR NUT DELUXE 4 BARS,CS Cereal,FOOD,3,42.75,0,0.00%,42.75,0.04%,0.08%
AXE SHOWER GEL DARK TEMPTATION 2,CS Bath & Shower,NON FOOD,3,42,0,0.00%,42,0.04%,0.07%
BRESSE BLEU CHEESE 150G ,CS Dairy ,FOOD,2,42,0,0.00%,42,0.03%,0.07%
LISTERINE MW FRESH BURST 250ML,CS Oral Care,NON FOOD,2,42,0,0.00%,42,0.03%,0.07%
SNICKERS SINGLE BAR,CS Chocolate ,FOOD,14,42,0,0.00%,42,0.18%,0.07%
VITA COCO PEACH & MANGO 330ML,Convenience Beverages,BEVERAGE,4,42,0,0.00%,42,0.05%,0.07%
INA PAARMAN FETA GARLIC DRESSING,CS Sauce,FOOD,2,41.5,0,0.00%,41.5,0.03%,0.07%
LINDT EXCELLENCE CARAMEL 100G,CS Chocolate ,FOOD,3,41.25,0,0.00%,41.25,0.04%,0.07%
ANCHOR BUTTER UNSALTED 454G,CS Dairy ,FOOD,2,41,0,0.00%,41,0.03%,0.07%
ORAL B MOUTH WASH MULTI PROTECT ,CS Oral Care,NON FOOD,2,41,0,0.00%,41,0.03%,0.07%
7 UP CAN,Softdrinks,BEVERAGE,10,40,0,0.00%,40,0.13%,0.07%
Chicken Sweetcorn,Pre Packed Sandwiches,FOOD,4,40,0,0.00%,40,0.05%,0.07%
Chicken Tandoori,Pre Packed Sandwiches,FOOD,4,40,0,0.00%,40,0.05%,0.07%
CORNETTO I/C CLASSICO CREAM,CS Ice Cream,FOOD,8,40,0,0.00%,40,0.10%,0.07%
GATORADE LEMON PET 500ML,CS Sports & Energy Drinks,BEVERAGE,8,40,0,0.00%,40,0.10%,0.07%
LACNOR MILK BANANA,Flavoured Milk,BEVERAGE,10,40,0,0.00%,40,0.13%,0.07%
POCARI SWEAT PET 500ML,CS Sports & Energy Drinks,BEVERAGE,8,40,0,0.00%,40,0.10%,0.07%
Portion Protein,Main course,FOOD,4,40,0,0.00%,40,0.05%,0.07%
Oatmeal Porridge,Breakfast,FOOD,13,39,0,0.00%,39,0.17%,0.07%
DOVE SHOWER POMEGRANTE & LEMON 2,CS Bath & Shower,NON FOOD,2,38.5,0,0.00%,38.5,0.03%,0.07%
MODERN BAKE CRANBERRY ENERGY BAR,CS Cereal,FOOD,7,38.5,0,0.00%,38.5,0.09%,0.07%
DOVE BODY LOTION ALMOND CREAM 25,CS Body Care,NON FOOD,2,38,0,0.00%,38,0.03%,0.07%
Meat Feast,Pizza,FOOD,1,38,0,0.00%,38,0.01%,0.07%
Mexican Melt,Pizza,FOOD,1,38,0,0.00%,38,0.01%,0.07%
Orange Pcs,CS Fresh Fruit,FOOD,19,38,0,0.00%,38,0.25%,0.07%
STREPSILS LEMON SUGAR FREE PACKE,CS Chocolate ,FOOD,2,38,0,0.00%,38,0.03%,0.07%
BJORG ORGANIC CARROT JUICE 75CL,CS ORGANIC BEVERAGE,BEVERAGE,1,37.75,0,0.00%,37.75,0.01%,0.07%
BJORG ORGANIC FOURRES MYRTILLES ,CS Organic Food,FOOD,1,37.75,0,0.00%,37.75,0.01%,0.07%
LAYS FORNO BLACK PEPPER 43GM,CS Chips & Snacks,FOOD,15,37.5,0,0.00%,37.5,0.19%,0.07%
KAGI SWISS WAFERS MINI GIFT BOX ,CS Mint & Gum,FOOD,1,37.25,0,0.00%,37.25,0.01%,0.07%
A/G POP CORN MICROWAV EXTRA BUTT,CS Can & Jar Food,FOOD,4,37,0,0.00%,37,0.05%,0.07%
NESCAFE RED MUG COFFEE 200GM,CS Coffee,FOOD,1,36.5,0,0.00%,36.5,0.01%,0.06%
16 OZ ICED CARAMEL LATTE,Starbucks,FOOD,2,36,0,0.00%,36,0.03%,0.06%
ADD ESPRESSO SHOT,Starbucks,FOOD,9,36,0,0.00%,36,0.12%,0.06%
DOVE SH NUTRITIVE OIL CARE 200ML,CS Shampoo & Conditioner,NON FOOD,3,36,0,0.00%,36,0.04%,0.06%
ESPRESSO MACCHIATO,Starbucks,FOOD,3,36,0,0.00%,36,0.04%,0.06%
Jalapenos,Pizza,FOOD,6,36,0,0.00%,36,0.08%,0.06%
Large Salad,Salads,FOOD,2,36,0,0.00%,36,0.03%,0.06%
Pepperoni,Pizza,FOOD,6,36,0,0.00%,36,0.08%,0.06%
SLICED BREAD MULTI GRAIN MEDIUM,CS Bakery,FOOD,6,36,0,0.00%,36,0.08%,0.06%
SUBSTITUTE SOYA,Soya Milk,FOOD,9,36,0,0.00%,36,0.12%,0.06%
GILLETTE FUSION RAZOR 1 UP,CS Mens Care,NON FOOD,1,35.75,0,0.00%,35.75,0.01%,0.06%
CARTE D'OR PINT STRAWBERRY,CS Ice Cream,FOOD,2,35,0,0.00%,35,0.03%,0.06%
Cold Cuts,Breakfast,FOOD,7,35,0,0.00%,35,0.09%,0.06%
PHILADELPHIA LIGHT CHEESE SPREAD,CS Dairy ,FOOD,3,34.5,0,0.00%,34.5,0.04%,0.06%
12 OZ CARAMEL LATTE,Starbucks,FOOD,2,34,0,0.00%,34,0.03%,0.06%
16 OZ CAFFE MOCHA,Starbucks,FOOD,2,34,0,0.00%,34,0.03%,0.06%
CADBURY DM CHOCOLATE 230GM,CS Chocolate ,FOOD,3,33,0,0.00%,33,0.04%,0.06%
AL AIN FRESH MILK 1L FULL CREAM,CS Dairy ,FOOD,5,32.5,0,0.00%,32.5,0.06%,0.06%
C&C DEEP CLEANSING LOTION 200ML,CS Facial Care,NON FOOD,1,32.25,0,0.00%,32.25,0.01%,0.06%
Egg Cress Mayonnaise,Pre Packed Sandwiches,FOOD,4,32,0,0.00%,32,0.05%,0.06%
G S Frid Noodls W Tofu,Noodles,FOOD,1,32,0,0.00%,32,0.01%,0.06%
MOTHER E OAT SLICE RASPBERRY WHI,CS Dry Fruits,FOOD,2,32,0,0.00%,32,0.03%,0.06%
Steamed Rice,Main course,FOOD,4,32,0,0.00%,32,0.05%,0.06%
DOVECCMBER&GTSPRAY,CS Deodrants,NON FOOD,2,31,0,0.00%,31,0.03%,0.05%
COMFORT LAVENDER MAGNOLIA CONCEN,CS Laundry Care,NON FOOD,2,30.5,0,0.00%,30.5,0.03%,0.05%
BBQ or CurrySouce,Pizza,FOOD,1,30,0,0.00%,30,0.01%,0.05%
CHICKEN MAIN,Main course,FOOD,2,30,0,0.00%,30,0.03%,0.05%
GLASS OF SOYA MILK,Soya Milk,FOOD,5,30,0,0.00%,30,0.06%,0.05%
Grilled Chicken,Pizza,FOOD,5,30,0,0.00%,30,0.06%,0.05%
Lays Chips,Extras,FOOD,15,30,0,0.00%,30,0.19%,0.05%
MARS BAR 51GM,CS Chocolate ,FOOD,10,30,0,0.00%,30,0.13%,0.05%
Mushrooms,Pizza,FOOD,5,30,0,0.00%,30,0.06%,0.05%
NIVEA MEN SHOWER VITALITY FRESH ,CS Bath & Shower,NON FOOD,2,30,0,0.00%,30,0.03%,0.05%
Portion Vegetable,Main course,FOOD,6,30,0,0.00%,30,0.08%,0.05%
SCHOGETTEN TROLOGIA 100GM,CS Chocolate ,FOOD,5,30,0,0.00%,30,0.06%,0.05%
BJORG ORGANIC MUESLI NO SUGAR 37,CS Organic Food,FOOD,1,29.25,0,0.00%,29.25,0.01%,0.05%
DOVE STICK MEN CARE CLEAN COMFOR,CS Deodrants,NON FOOD,2,29,0,0.00%,29,0.03%,0.05%
AL AIN FRESH MILK 1L SKIMMED,CS Dairy ,FOOD,4,28,0,0.00%,28,0.05%,0.05%
GALLO RISOTTO PRONTO 4 CHEESE 17,CS Coocking & Baking,FOOD,2,28,0,0.00%,28,0.03%,0.05%
WALKERS SB CHOCO CHIPS 40G,Biscuit & Cookies,FOOD,8,28,0,0.00%,28,0.10%,0.05%
BJORG ORGANIC CALCIUM ALMOND MIL,CS Organic Food,FOOD,1,27.75,0,0.00%,27.75,0.01%,0.05%
BJORG ORGANIC SUGAR FREE ALMOND ,CS Organic Food,FOOD,1,27.75,0,0.00%,27.75,0.01%,0.05%
JOHN WEST WHITE TUNA SUNFLOWER O,CS Coocking & Baking,FOOD,3,27.75,0,0.00%,27.75,0.04%,0.05%
PRINGLES SALT VINEGAR 165GM,CS Chips & Snacks,FOOD,3,27.75,0,0.00%,27.75,0.04%,0.05%
LIND CHERRY INTENSE100G,CS Chocolate ,FOOD,2,27.5,0,0.00%,27.5,0.03%,0.05%
LINDT EXCELLENCE SEA SALT 100GM,CS Chocolate ,FOOD,2,27.5,0,0.00%,27.5,0.03%,0.05%
MODERN BAKE MANGO PISTA ENERGY B,CS Cereal,FOOD,5,27.5,0,0.00%,27.5,0.06%,0.05%
ARIEL BLUE 1.5KG,CS Laundry Care,NON FOOD,1,27,0,0.00%,27,0.01%,0.05%
CERES ORANGE JUICE 1L,CS Packet Juice,BEVERAGE,3,27,0,0.00%,27,0.04%,0.05%
DgstiveBiscuits400g,Biscuit & Cookies,FOOD,2,27,0,0.00%,27,0.03%,0.05%
Digest dark200,Biscuit & Cookies,FOOD,2,27,0,0.00%,27,0.03%,0.05%
FANTA ORANGE CAN,Softdrinks,BEVERAGE,8,27,0,0.00%,27,0.10%,0.05%
DR OETKER TONNO PIZZA,CS Frozen Food,FOOD,1,26.25,0,0.00%,26.25,0.01%,0.05%
CLEAR MEN COOL SPORT MENTHOL 200,CS Shampoo & Conditioner,NON FOOD,2,26,0,0.00%,26,0.03%,0.05%
DESIAM THAI RED CURRY PASTE 70GM,CS Sauce,FOOD,4,26,0,0.00%,26,0.05%,0.05%
LAYS 40GM FRENCH CHEESE,CS Chips & Snacks,FOOD,13,26,0,0.00%,26,0.17%,0.05%
CHEETOS 205GM CRUNCHY FLAMING HO,CS Chips & Snacks,FOOD,3,25.5,0,0.00%,25.5,0.04%,0.04%
LUX BW AQUA SPARKLE 250ML,CS Bath & Shower,NON FOOD,2,25.5,0,0.00%,25.5,0.03%,0.04%
TRESEMME CD SPLIT REMEDY 500ML,CS Shampoo & Conditioner,NON FOOD,1,25.5,0,0.00%,25.5,0.01%,0.04%
TRESEMME SH KERATIN SMOOTH 500ML,CS Shampoo & Conditioner,NON FOOD,1,25.5,0,0.00%,25.5,0.01%,0.04%
TRESEMME SH PLATINUM STRENGTH 50,CS Shampoo & Conditioner,NON FOOD,1,25.5,0,0.00%,25.5,0.01%,0.04%
WEIGHT W NUTTY MUESLI 495GM,CS Cereal,FOOD,1,25.25,0,0.00%,25.25,0.01%,0.04%
AL AIN WATER 5 LTR,CS Water,BEVERAGE,10,25,0,0.00%,25,0.13%,0.04%
EXTRA BIG BOTTLE PEPPERMINT,CS Mint & Gum,FOOD,2,25,0,0.00%,25,0.03%,0.04%
NIVEA EYE MAKEUP REMOVER 125ML,CS Facial Care,NON FOOD,1,25,0,0.00%,25,0.01%,0.04%
PAMPERS DIAPERS 1-21,CS Baby Care,NON FOOD,1,25,0,0.00%,25,0.01%,0.04%
PERRIER WATER LEMON 330ML,CS Water,BEVERAGE,5,25,0,0.00%,25,0.06%,0.04%
KIT KAT CHUNKY 46GM,CS Chocolate ,FOOD,9,24.75,0,0.00%,24.75,0.12%,0.04%
VOCHELLE TIN FRUIT NUTS 205GM,CS Chocolate ,FOOD,1,24.75,0,0.00%,24.75,0.01%,0.04%
NUTELLA 400GM,CS Can & Jar Food,FOOD,1,24.5,0,0.00%,24.5,0.01%,0.04%
ADD FLAVOURED SYRUP,Starbucks,FOOD,6,24,0,0.00%,24,0.08%,0.04%
Asst. Rolls Two,Breakfast,FOOD,13,24,0,0.00%,24,0.17%,0.04%
COCA COLA DIET CAN,Softdrinks,BEVERAGE,6,24,0,0.00%,24,0.08%,0.04%
DOVE HAIR CONDITIONER HAIR FALL ,CS Shampoo & Conditioner,NON FOOD,2,24,0,0.00%,24,0.03%,0.04%
FAMILIA CRUNCH 500GM,CS Cereal,FOOD,1,23.75,0,0.00%,23.75,0.01%,0.04%
CADBURY DM FRUIT & NUT 230GM,CS Chocolate ,FOOD,2,23.5,0,0.00%,23.5,0.03%,0.04%
JOHNSONS WIPES TUB 56PCS,CS Baby Care,NON FOOD,1,23.25,0,0.00%,23.25,0.01%,0.04%
SELPAK TOILET ROLL 7+2,CS Tissue & Toilet Rolls,NON FOOD,1,23.25,0,0.00%,23.25,0.01%,0.04%
DOVE INTENSIVE CREAM NOURISHING ,CS Body Care,NON FOOD,2,23,0,0.00%,23,0.03%,0.04%
SAINT AGUR CHEESE 125G,CS Dairy ,FOOD,1,23,0,0.00%,23,0.01%,0.04%
SELPAK KITCHEN ROLL 2 PCS,CS Tissue & Toilet Rolls,NON FOOD,2,23,0,0.00%,23,0.03%,0.04%
M&M PEANUT 45GM,CS Chocolate ,FOOD,7,22.75,0,0.00%,22.75,0.09%,0.04%
MENTOS JAR FRUIT MINT,CS Mint & Gum,FOOD,1,22.75,0,0.00%,22.75,0.01%,0.04%
ARIEL 260GM BLUE,CS Laundry Care,NON FOOD,5,22.5,0,0.00%,22.5,0.06%,0.04%
CastaniaPnutRostd,CS Nuts & Seeds,FOOD,3,22.5,0,0.00%,22.5,0.04%,0.04%
C&C GEL CLEANSER DEEP ACTION 150,CS Facial Care,NON FOOD,1,22,0,0.00%,22,0.01%,0.04%
GROWERS PACKET ORIENTAL PEANUTS,CS Nuts & Seeds,FOOD,4,22,0,0.00%,22,0.05%,0.04%
NIVEA AFTER SHAVE SILVER PROTECT,CS Mens Care,NON FOOD,1,22,0,0.00%,22,0.01%,0.04%
BEST CAN MACADEMIA 110G,CS Dry Fruits,FOOD,1,21.25,0,0.00%,21.25,0.01%,0.04%
TAFT STANDUP LOOK 150ML,CS Hair Styling & Spray,NON FOOD,1,21.25,0,0.00%,21.25,0.01%,0.04%
TAFT TITANE POWER GEL 150ML,CS Hair Styling & Spray,NON FOOD,1,21.25,0,0.00%,21.25,0.01%,0.04%
12 OZ ICED SOYA TOFFE NUT LATTE,Coffee,FOOD,1,21,0,0.00%,21,0.01%,0.04%
CAREFREE WASH ALOE 200ML ,CS Sanitary Care,NON FOOD,1,21,0,0.00%,21,0.01%,0.04%
SCHWEPPES GINGER ALE 300M,CS Soft Drinks,BEVERAGE,14,21,0,0.00%,21,0.18%,0.04%
BORGES EXRA VIRGIN OLIVE OIL 500,CS Coocking & Baking,FOOD,1,20.5,0,0.00%,20.5,0.01%,0.04%
LABELLO MEN ACTIVE CARE 4.8G,CS Facial Care,NON FOOD,2,20.5,0,0.00%,20.5,0.03%,0.04%
CAREFREE ALOE 30PCS,CS Sanitary Care,NON FOOD,1,20.25,0,0.00%,20.25,0.01%,0.04%
CAREFREE COTTON EXTRACT FRESH 34,CS Sanitary Care,NON FOOD,1,20.25,0,0.00%,20.25,0.01%,0.04%
NECTAFLOR SOFT FIGS 200GM,CS Dry Fruits,FOOD,1,20.25,0,0.00%,20.25,0.01%,0.04%
ADD WHIPPED CREAM,Starbucks,FOOD,5,20,0,0.00%,20,0.06%,0.04%
Apple Green,CS Fresh Fruit,FOOD,10,20,0,0.00%,20,0.13%,0.04%
FANTA STRAWBERRY CAN,Softdrinks,BEVERAGE,5,20,0,0.00%,20,0.06%,0.04%
KAGI SWISS WAFERS CHOCOLATE 50G,CS Mint & Gum,FOOD,4,20,0,0.00%,20,0.05%,0.04%
SINGLE ESSPRESSO,Starbucks,FOOD,2,20,0,0.00%,20,0.03%,0.04%
SLICED BREAD WHITE JUMBO,CS Bakery,FOOD,5,20,0,0.00%,20,0.06%,0.04%
SPRITE CAN,Softdrinks,BEVERAGE,5,20,0,0.00%,20,0.06%,0.04%
SUBSTITUTE SOYA ALMOND,Soya Milk,FOOD,5,20,0,0.00%,20,0.06%,0.04%
WALK IN BREAKFAST,WALK IN BREAKFAST,FOOD,2,20,0,0.00%,20,0.03%,0.04%
ALMARAI JAR CREAM SPREAD CHEESE ,CS Dairy ,FOOD,2,19.5,0,0.00%,19.5,0.03%,0.03%
BOGUTTI AMERICAN COOKIES HAZELNU,Biscuit & Cookies,FOOD,3,19.5,0,0.00%,19.5,0.04%,0.03%
BOURSIN CHEESE BLACK PEPPER 150G,CS Dairy ,FOOD,1,19.5,0,0.00%,19.5,0.01%,0.03%
DOVE SHOWER NOURISHING 250ML,CS Bath & Shower,NON FOOD,1,19.25,0,0.00%,19.25,0.01%,0.03%
12 OZ HOT CHOCOLATE,Starbucks,FOOD,1,19,0,0.00%,19,0.01%,0.03%
Barilla Zucchini400g,CS Sauce,FOOD,1,19,0,0.00%,19,0.01%,0.03%
DESIAM THAI SAUCE RED CURRY 200G,CS Sauce,FOOD,2,19,0,0.00%,19,0.03%,0.03%
DOVE BODY LOTION SHEA BUTTER 250,CS Body Care,NON FOOD,1,19,0,0.00%,19,0.01%,0.03%
DOVE HW FRESH TOUCH CUCUM & G.TE,CS Soap & Handwash,NON FOOD,1,19,0,0.00%,19,0.01%,0.03%
EXTRA TABS SPEARMINT GUM,CS Mint & Gum,FOOD,5,18.75,0,0.00%,18.75,0.06%,0.03%
CHEFS WORLD HOKKIEN NOODLES 200G,CS Pasta & Noodles,FOOD,2,18.5,0,0.00%,18.5,0.03%,0.03%
PRINGLES KETCHUP 165GM,CS Chips & Snacks,FOOD,2,18.5,0,0.00%,18.5,0.03%,0.03%
AXE DEO GOLD TEMPTATION 150ML,CS Deodrants,NON FOOD,1,18.25,0,0.00%,18.25,0.01%,0.03%
NECTAFLOR SOFT APRICOTS 200GM,CS Dry Fruits,FOOD,1,18.25,0,0.00%,18.25,0.01%,0.03%
NECTAFLOR SOFT PRUNES 200GM,CS Dry Fruits,FOOD,1,18.25,0,0.00%,18.25,0.01%,0.03%
CERES APPLE JUICE 1L,CS Packet Juice,BEVERAGE,2,18,0,0.00%,18,0.03%,0.03%
CERES RUBY GRAPE FRUIT JUICE 1L,CS Packet Juice,BEVERAGE,2,18,0,0.00%,18,0.03%,0.03%
CORN PISTACHOCO160ML,CS Ice Cream,FOOD,3,18,0,0.00%,18,0.04%,0.03%
FOUNTAIN SODA LARGE,Softdrinks,BEVERAGE,6,18,0,0.00%,18,0.08%,0.03%
Peppers,Pizza,FOOD,3,18,0,0.00%,18,0.04%,0.03%
Pineapple,Pizza,FOOD,3,18,0,0.00%,18,0.04%,0.03%
QUAKER WHITE OATS TIN 500GM,CS Cereal,FOOD,2,18,0,0.00%,18,0.03%,0.03%
A/G POP CORN MICROWAVE BUTTER 29,CS Can & Jar Food,FOOD,2,17.5,0,0.00%,17.5,0.03%,0.03%
AL RABIE PINEAPPLE 330ML,CS Packet Juice,BEVERAGE,7,17.5,0,0.00%,17.5,0.09%,0.03%
WALKERS SB FINGERS 40G,Biscuit & Cookies,FOOD,5,17.5,0,0.00%,17.5,0.06%,0.03%
BEST CAN SUPER CASHEW 110GM,CS Nuts & Seeds,FOOD,1,17.25,0,0.00%,17.25,0.01%,0.03%
FRUIT & FIBRE KELLOGS 375GM,CS Cereal,FOOD,1,17.25,0,0.00%,17.25,0.01%,0.03%
KAGI SWISS WAFERS ORIGINAL MINI ,CS Mint & Gum,FOOD,1,17.25,0,0.00%,17.25,0.01%,0.03%
12 OZ SIGNATURE HOT CHOCOLATE,Starbucks,FOOD,1,17,0,0.00%,17,0.01%,0.03%
16 OZ HOT CHOCOLATE,Starbucks,FOOD,1,17,0,0.00%,17,0.01%,0.03%
JDS ALMOND THINS,Biscuit & Cookies,FOOD,1,17,0,0.00%,17,0.01%,0.03%
ALPROMilkFlvrChoc 1L,CS Dairy ,BEVERAGE,1,16.75,0,0.00%,16.75,0.01%,0.03%
LIFEBUOY BODYWASH VITAL PROTECT ,CS Bath & Shower,NON FOOD,1,16.5,0,0.00%,16.5,0.01%,0.03%
MODERN BAKE PEANUT PEACAN ENERGY,CS Cereal,FOOD,3,16.5,0,0.00%,16.5,0.04%,0.03%
DOVE DEO BEAUTY FINISH 150ML,CS Deodrants,NON FOOD,1,16.25,0,0.00%,16.25,0.01%,0.03%
KIT KAT MINI BAG 250GM,CS Chocolate ,FOOD,1,16.25,0,0.00%,16.25,0.01%,0.03%
BOGUTTI CHOCOFIT CHOCO CRANBERRY,Biscuit & Cookies,FOOD,2,16,0,0.00%,16,0.03%,0.03%
CLOROX WIPES DISINFECTING FRESH ,CS Cleaning Supplies,NON FOOD,1,16,0,0.00%,16,0.01%,0.03%
CROISSANT HI BUTTER ALMOND,CS Bakery,FOOD,4,16,0,0.00%,16,0.05%,0.03%
FUN PLASTIC PLATE FUCHSIA 10PCS ,CS Disposable,NON FOOD,2,16,0,0.00%,16,0.03%,0.03%
INDOMIE PILLOW 5 PCS CHICKEN,CS Pasta & Noodles,FOOD,2,16,0,0.00%,16,0.03%,0.03%
LIPTON PEACH ICED TEA,Tea,BEVERAGE,4,16,0,0.00%,16,0.05%,0.03%
MOTHER E OAT SLICE CHOCOLATE CHI,CS Dry Fruits,FOOD,1,16,0,0.00%,16,0.01%,0.03%
Peanut Butter & Jelly(V),Sandwiches,FOOD,1,16,0,0.00%,16,0.01%,0.03%
PEPSI DIET CAN,Softdrinks,BEVERAGE,4,16,0,0.00%,16,0.05%,0.03%
SMINT CANDY GUM MINT 14.2G,CS Mint & Gum,FOOD,4,16,0,0.00%,16,0.05%,0.03%
Tuna Sweetcorn,Pre Packed Sandwiches,FOOD,1,16,0,0.00%,16,0.01%,0.03%
MANI CASHEWS ROSTED SEA SALT 40G,CS Dry Fruits,FOOD,3,15.75,0,0.00%,15.75,0.04%,0.03%
AXE STICK DARK TEMPTATION 40GM,CS Deodrants,NON FOOD,1,15.5,0,0.00%,15.5,0.01%,0.03%
OB TAMPONS MINI 16PCS,CS Sanitary Care,NON FOOD,1,15.5,0,0.00%,15.5,0.01%,0.03%
TABASCO PEPPER SAUCE BOTTLE,CS Sauce,FOOD,2,15.5,0,0.00%,15.5,0.03%,0.03%
VASELINE BW MEN 2 IN 1 220ML,CS Bath & Shower,NON FOOD,1,15.5,0,0.00%,15.5,0.01%,0.03%
COMFORT BABY CONCENTRATE 750ML,CS Laundry Care,NON FOOD,1,15.25,0,0.00%,15.25,0.01%,0.03%
LIPTON PYRAMID JASMINE PETALS GR,CS Tea,FOOD,1,15.25,0,0.00%,15.25,0.01%,0.03%
12OZ WHITE CHOCOLATE MOCHA,Starbucks,FOOD,1,15,0,0.00%,15,0.01%,0.03%
CAPRISUN MANGO,CS Packet Juice,BEVERAGE,15,15,0,0.00%,15,0.19%,0.03%
CAREFREE COTTON EXTRACT SINGLE 2,CS Sanitary Care,NON FOOD,1,15,0,0.00%,15,0.01%,0.03%
COKE CAN 300ML,CS Soft Drinks,BEVERAGE,10,15,0,0.00%,15,0.13%,0.03%
COKE LIGHT LARGE 2.25L,CS Soft Drinks,BEVERAGE,3,15,0,0.00%,15,0.04%,0.03%
DOVE ROLLON BEAUTY FINISH 50ML,CS Deodrants,NON FOOD,1,15,0,0.00%,15,0.01%,0.03%
MentoFruitLime,CS Mint & Gum,FOOD,3,15,0,0.00%,15,0.04%,0.03%
NIVEA MEN SHOWER ORIGINAL CARE 2,CS Bath & Shower,NON FOOD,1,15,0,0.00%,15,0.01%,0.03%
NIVEA MEN SHOWER SILVER PROTECT ,CS Bath & Shower,NON FOOD,1,15,0,0.00%,15,0.01%,0.03%
NIVEA SHOWER LEMON GRASS OIL 250,CS Bath & Shower,NON FOOD,1,15,0,0.00%,15,0.01%,0.03%
FINE TOILET ROLLS 2PLY X 10 PCS ,CS Tissue & Toilet Rolls,NON FOOD,1,14.75,0,0.00%,14.75,0.01%,0.03%
DESIAM RED CHILLI SAUCE 250ML,CS Sauce,FOOD,2,14.5,0,0.00%,14.5,0.03%,0.03%
MOTHER E FRUIT STICK APPLE RASPB,CS Dry Fruits,FOOD,1,14.25,0,0.00%,14.25,0.01%,0.03%
MOTHER E FRUIT STICK APPLE STRAW,CS Dry Fruits,FOOD,1,14.25,0,0.00%,14.25,0.01%,0.03%
MOTHER E FRUIT STICK APRICOT 8 B,CS Dry Fruits,FOOD,1,14.25,0,0.00%,14.25,0.01%,0.03%
MOTHER E FRUIT STICK BLUEBERRY 8,CS Dry Fruits,FOOD,1,14.25,0,0.00%,14.25,0.01%,0.03%
VASELINE LOTION COCOA RADIANT 20,CS Body Care,NON FOOD,1,14.25,0,0.00%,14.25,0.01%,0.03%
16 OZ ICED CAFFE MOCHA,Starbucks,FOOD,1,14,0,0.00%,14,0.01%,0.02%
AL AIN PEACH APRICOT YOGHURT 125,CS Dairy ,FOOD,7,14,0,0.00%,14,0.09%,0.02%
ORGANIC TOTMATO PACKET,CS Fresh Fruit,FOOD,1,14,0,0.00%,14,0.01%,0.02%
REXONA DEO COTTON 150ML,CS Deodrants,NON FOOD,1,14,0,0.00%,14,0.01%,0.02%
LINDT EXCELLENCE MINT INTENSE 10,CS Chocolate ,FOOD,1,13.75,0,0.00%,13.75,0.01%,0.02%
BAHLSEN LEIBNIZ,Biscuit & Cookies,FOOD,3,13.5,0,0.00%,13.5,0.04%,0.02%
BERRY CO CRANBERRY 1L,CS Packet Juice,BEVERAGE,1,13.5,0,0.00%,13.5,0.01%,0.02%
BERRY CO POMEGRANTE JUICE 1L,CS Packet Juice,BEVERAGE,1,13.5,0,0.00%,13.5,0.01%,0.02%
BEST 13GM ALMOND,CS Nuts & Seeds,FOOD,9,13.5,0,0.00%,13.5,0.12%,0.02%
FAIR & LOVELY FW ANTI MARKS 100G,CS Facial Care,NON FOOD,1,13.5,0,0.00%,13.5,0.01%,0.02%
FANTA APPLE CAN,Softdrinks,BEVERAGE,4,13.5,0,0.00%,13.5,0.05%,0.02%
ALWAYS NORMAL WINGS 10 PCS,CS Sanitary Care,NON FOOD,2,13,0,0.00%,13,0.03%,0.02%
CORNETTO I/C LOVE TOFFEE,CS Ice Cream,FOOD,2,13,0,0.00%,13,0.03%,0.02%
EXTRA PROFESSIONAL STRONG MINT G,CS Mint & Gum,FOOD,4,13,0,0.00%,13,0.05%,0.02%
H&S SH MOISTURIZING SCALP CARE A,CS Shampoo & Conditioner,NON FOOD,1,13,0,0.00%,13,0.01%,0.02%
JOHNSONS BODY WASH RASPBERRY 250,CS Bath & Shower,NON FOOD,1,13,0,0.00%,13,0.01%,0.02%
JOHNSONS COTTON BUDS 100PCS,CS Others,NON FOOD,1,13,0,0.00%,13,0.01%,0.02%
REXONA ROLLON MEN QUANTUM 50ML,CS Deodrants,NON FOOD,1,13,0,0.00%,13,0.01%,0.02%
CLEARLY SCRUMPTIOUS CRANBERRY 30,CS Dry Fruits,FOOD,1,12.75,0,0.00%,12.75,0.01%,0.02%
FA SHOWER CREAM YOGHURT ALOE VER,CS Hair Styling & Spray,NON FOOD,1,12.75,0,0.00%,12.75,0.01%,0.02%
FA SHOWER GEL MEN BLACK SUN 250M,CS Hair Styling & Spray,NON FOOD,1,12.75,0,0.00%,12.75,0.01%,0.02%
CROISSANT CHOCOLATE,CS Bakery,FOOD,5,12.5,0,0.00%,12.5,0.06%,0.02%
SELPAK TOILET PAPER 4 ROLLS,CS Tissue & Toilet Rolls,NON FOOD,1,12.5,0,0.00%,12.5,0.01%,0.02%
ADD CARAMEL DRIZZLE,Starbucks,FOOD,3,12,0,0.00%,12,0.04%,0.02%
BAYARA SALTED PISTACHIOS 150G,CS Nuts & Seeds,FOOD,1,12,0,0.00%,12,0.01%,0.02%
BOUNTY BAR 57GM,CS Chocolate ,FOOD,4,12,0,0.00%,12,0.05%,0.02%
Chicken Tikka,Pizza,FOOD,2,12,0,0.00%,12,0.03%,0.02%
CROISSANT BUTTER CHEESE,CS Bakery,FOOD,3,12,0,0.00%,12,0.04%,0.02%
CROISSANT HI BUTTER CHOCOLATE,CS Bakery,FOOD,3,12,0,0.00%,12,0.04%,0.02%
DoritoNacho85g,CS Chips & Snacks,FOOD,2,12,0,0.00%,12,0.03%,0.02%
DOVE SH DAMAGE INTENSIVE REPAIR ,CS Shampoo & Conditioner,NON FOOD,1,12,0,0.00%,12,0.01%,0.02%
FOUNTAIN SODA SMALL,Softdrinks,BEVERAGE,6,12,0,0.00%,12,0.08%,0.02%
Gatorade,Softdrinks,BEVERAGE,1,12,0,0.00%,12,0.01%,0.02%
Grilled Veg Olives,Pizza,FOOD,2,12,0,0.00%,12,0.03%,0.02%
Khubus Bread,Breakfast,FOOD,6,12,0,0.00%,12,0.08%,0.02%
LABELLO FRUITY SHINE 4.8GM,CS Facial Care,NON FOOD,1,12,0,0.00%,12,0.01%,0.02%
Lacnor Low Fat Milk 1L,CS Dairy ,BEVERAGE,3,12,0,0.00%,12,0.04%,0.02%
LACNOR ORANGE 180ML,Fresh Juices,BEVERAGE,3,12,0,0.00%,12,0.04%,0.02%
LAYS 40GM SALT VINEGAR,CS Chips & Snacks,FOOD,6,12,0,0.00%,12,0.08%,0.02%
LIP GREEN MINT 25 TB,CS Tea,FOOD,2,12,0,0.00%,12,0.03%,0.02%
LUX BW VELVET TOUCH 250ML,CS Body Care,NON FOOD,1,12,0,0.00%,12,0.01%,0.02%
PEPSI DIET PET 500M,CS Soft Drinks,BEVERAGE,6,12,0,0.00%,12,0.08%,0.02%
SgnlToothpaste120ML,CS Oral Care,NON FOOD,2,12,0,0.00%,12,0.03%,0.02%
SMINT CANDY GUM PEPPERMINT 14.2G,CS Mint & Gum,FOOD,3,12,0,0.00%,12,0.04%,0.02%
SMINT CANDY GUM STRAWBERRY 14.2G,CS Mint & Gum,FOOD,3,12,0,0.00%,12,0.04%,0.02%
SPRITE LIGHT CAN,Softdrinks,BEVERAGE,3,12,0,0.00%,12,0.04%,0.02%
BEST CAN ALMONDS SALTED 110GM,CS Nuts & Seeds,FOOD,1,11.75,0,0.00%,11.75,0.01%,0.02%
SMINT POCKET WILDBERRY,CS Mint & Gum,FOOD,2,11.5,0,0.00%,11.5,0.03%,0.02%
PHILADELPHIA CHEESE SPREAD 200GM,CS Dairy ,FOOD,1,11.25,0,0.00%,11.25,0.01%,0.02%
BAHLSEN LEIBNIZ ZOO 100GM,Biscuit & Cookies,FOOD,2,11,0,0.00%,11,0.03%,0.02%
SNAPPLE FRUIT PUNCH JUICE,CS Packet Juice,BEVERAGE,2,11,0,0.00%,11,0.03%,0.02%
YUM YUM NO SUGAR PEANUT BUTTER 4,CS Can & Jar Food,FOOD,1,10.75,0,0.00%,10.75,0.01%,0.02%
YUM YUM SMOOTH PEANUT BUTTER 400,CS Can & Jar Food,FOOD,1,10.75,0,0.00%,10.75,0.01%,0.02%
AL AIN KIWI APPLE YOGHURT 125GM,CS Dairy ,FOOD,6,10.5,0,0.00%,10.5,0.08%,0.02%
LACNOR MILK CHOCOLATE 180ML,CS Packet Juice,BEVERAGE,7,10.5,0,0.00%,10.5,0.09%,0.02%
LACNOR PEACH 180ML,CS Packet Juice,BEVERAGE,7,10.5,0,0.00%,10.5,0.09%,0.02%
SCHOGETTEN PRALINE NOISETTES 100,CS Chocolate ,FOOD,2,10.5,0,0.00%,10.5,0.03%,0.02%
SCHWEPPES SODA CAN 300M,CS Soft Drinks,BEVERAGE,7,10.5,0,0.00%,10.5,0.09%,0.02%
GILLETTE ROLLON SPORT TRIUMPH,CS Mens Care,NON FOOD,1,10.25,0,0.00%,10.25,0.01%,0.02%
AmriGrdnCrmyCaesarDrsing,CS Sauce,FOOD,1,10,0,0.00%,10,0.01%,0.02%
CERES CRANBERRY KIWI JUICE 1L,CS Packet Juice,BEVERAGE,1,10,0,0.00%,10,0.01%,0.02%
GATORADE ORANGE PET 500ML,CS Sports & Energy Drinks,BEVERAGE,2,10,0,0.00%,10,0.03%,0.02%
GATORADE TOPICL FRUIT PET 500ML,CS Sports & Energy Drinks,BEVERAGE,2,10,0,0.00%,10,0.03%,0.02%
MentoGmBerryLime,CS Mint & Gum,FOOD,2,10,0,0.00%,10,0.03%,0.02%
MentoGmWatrMelon,CS Mint & Gum,FOOD,2,10,0,0.00%,10,0.03%,0.02%
PEPSI LARGE 2.25L,CS Soft Drinks,BEVERAGE,2,10,0,0.00%,10,0.03%,0.02%
SCHOGETTEN STRAWBERRY YOGURT100G,CS Chocolate ,FOOD,2,10,0,0.00%,10,0.03%,0.02%
COCO TREE JUICE 330ML,CS Packet Juice,BEVERAGE,3,9.75,0,0.00%,9.75,0.04%,0.02%
BEST CAN MIXED NUTS 110GM,CS Nuts & Seeds,FOOD,1,9.5,0,0.00%,9.5,0.01%,0.02%
GALAXY THICK SHAKE CARAMEL 300ML,Convenience Beverages,BEVERAGE,1,9.5,0,0.00%,9.5,0.01%,0.02%
MALTESERS THICK SHAKE 300ML,Convenience Beverages,BEVERAGE,1,9.5,0,0.00%,9.5,0.01%,0.02%
SCRUMMIES RASPBERRY CRANBERRIES ,CS Dry Fruits,FOOD,2,9.5,0,0.00%,9.5,0.03%,0.02%
CERES PEAR JUICE 1L,CS Packet Juice,BEVERAGE,1,9,0,0.00%,9,0.01%,0.02%
CERES PINE APPLE JUICE 1L,CS Packet Juice,BEVERAGE,1,9,0,0.00%,9,0.01%,0.02%
CocoPopsCMB20g,CS Cereal,FOOD,3,9,0,0.00%,9,0.04%,0.02%
DETTOL ORIGINAL SOAP110g,CS Soap & Handwash,NON FOOD,2,9,0,0.00%,9,0.03%,0.02%
Extra Cheese,Cheese,FOOD,3,9,0,0.00%,9,0.04%,0.02%
NATURE VALLEY ROASTED ALMOND,CS Cereal,FOOD,3,9,0,0.00%,9,0.04%,0.02%
Potato Wedges,Extras,FOOD,1,9,0,0.00%,9,0.01%,0.02%
LifebuoyAbWetWipes,CS Tissue & Toilet Rolls,NON FOOD,1,8.5,0,0.00%,8.5,0.01%,0.01%
BEST CAN PEANUTS SALTED 110GM,CS Nuts & Seeds,FOOD,1,8.25,0,0.00%,8.25,0.01%,0.01%
BOGUTTI CHOCOFIT CHOCO HAZELNUT,Biscuit & Cookies,FOOD,1,8,0,0.00%,8,0.01%,0.01%
BOGUTTI CHOCOFIT GOJI CRAN WHITE,Biscuit & Cookies,FOOD,1,8,0,0.00%,8,0.01%,0.01%
LAYS 40GM TOMATO KETCHUP,CS Chips & Snacks,FOOD,4,8,0,0.00%,8,0.05%,0.01%
Lemon,CS Fresh Vegatables,FOOD,4,8,0,0.00%,8,0.05%,0.01%
Mixed Salad&Pitta,Extras,FOOD,1,8,0,0.00%,8,0.01%,0.01%
RED BULL 250ML,CS Sports & Energy Drinks,BEVERAGE,1,8,0,0.00%,8,0.01%,0.01%
REDBULL SUGAR FREE,Energy Drinks,BEVERAGE,1,8,0,0.00%,8,0.01%,0.01%
UAE Flag Blowout,CS Festival Non Food,NON FOOD,1,8,0,0.00%,8,0.01%,0.01%
ALWAYS NIGHT WINGS 8 PCS,CS Sanitary Care,NON FOOD,1,7.75,0,0.00%,7.75,0.01%,0.01%
FUN PLASTIC SPOON PLUM 18PCS,CS Disposable,NON FOOD,1,7.75,0,0.00%,7.75,0.01%,0.01%
BAYARA MIXED NUTS 150G,CS Nuts & Seeds,FOOD,1,7.5,0,0.00%,7.5,0.01%,0.01%
KIT KAT 2 FINGERS,CS Chocolate ,FOOD,6,7.5,0,0.00%,7.5,0.08%,0.01%
AL MARAI FRESH MILK LOW FAT 1L,CS Dairy ,FOOD,1,7,0,0.00%,7,0.01%,0.01%
AMLacto Free Milk 1L,CS Dairy ,FOOD,1,7,0,0.00%,7,0.01%,0.01%
JIF CREAM LEMON 250ML,CS Dishwashing,NON FOOD,1,7,0,0.00%,7,0.01%,0.01%
JIF CREAM ORIGINAL REGULAR 250ML,CS Dishwashing,NON FOOD,1,7,0,0.00%,7,0.01%,0.01%
KOKA CUP BEEF,CS Pasta & Noodles,FOOD,2,7,0,0.00%,7,0.03%,0.01%
KOKA CUP TOMATO,CS Pasta & Noodles,FOOD,2,7,0,0.00%,7,0.03%,0.01%
LUX BAR CREAMY PERFECTION 120GM,CS Soap & Handwash,NON FOOD,2,7,0,0.00%,7,0.03%,0.01%
Tide HS MB260g ,CS Laundry Care,NON FOOD,2,7,0,0.00%,7,0.03%,0.01%
WalkersChocolate Chips40g,Biscuits,FOOD,2,7,0,0.00%,7,0.03%,0.01%
ALMARAI SANDWICH SLICE CHEESE 20,CS Dairy ,FOOD,1,6.75,0,0.00%,6.75,0.01%,0.01%
BOGUTTI AMERICAN COOKIES CHOCO C,Biscuit & Cookies,FOOD,1,6.5,0,0.00%,6.5,0.01%,0.01%
CORNETTO I/C LOVE COOKIE,CS Ice Cream,FOOD,1,6.5,0,0.00%,6.5,0.01%,0.01%
EXTRA PROFESSIONAL WHITE GUM,CS Mint & Gum,FOOD,2,6.5,0,0.00%,6.5,0.03%,0.01%
A/G Beets Sliced 425g,CS Can & Jar Food,FOOD,1,6.25,0,0.00%,6.25,0.01%,0.01%
AL AIN YOGHURT FULL CREAM 170GM,CS Dairy ,FOOD,5,6.25,0,0.00%,6.25,0.06%,0.01%
DORITOS CHILLI 185G,CS Chips & Snacks,FOOD,1,6.25,0,0.00%,6.25,0.01%,0.01%
LAYS CHILI 185GM,CS Chips & Snacks,FOOD,1,6.25,0,0.00%,6.25,0.01%,0.01%
LAYS SALT VINEGAR 185GM,CS Chips & Snacks,FOOD,1,6.25,0,0.00%,6.25,0.01%,0.01%
LUX SUNLIGHT LEMON 400ML,CS Dishwashing,NON FOOD,1,6.25,0,0.00%,6.25,0.01%,0.01%
A/G U.S KETCHUP SQUEEZE14OZ,CS Sauce,FOOD,1,6,0,0.00%,6,0.01%,0.01%
Add Cheese,Extras,FOOD,2,6,0,0.00%,6,0.03%,0.01%
COKE LIGHT PET 500ML,CS Soft Drinks,BEVERAGE,3,6,0,0.00%,6,0.04%,0.01%
COKE PET 500ML,CS Soft Drinks,BEVERAGE,3,6,0,0.00%,6,0.04%,0.01%
FrostiesCMB25g,CS Cereal,FOOD,2,6,0,0.00%,6,0.03%,0.01%
Fruit&NCadbry40g,CS Chocolate ,FOOD,2,6,0,0.00%,6,0.03%,0.01%
GYMA BLACK PEPPER 28G,CS Spices & Herbs,FOOD,1,6,0,0.00%,6,0.01%,0.01%
KNOR ITALIAN CHEESE SAUCE 50G,CS Packet Food,FOOD,1,6,0,0.00%,6,0.01%,0.01%
POKKA LEMON ICED TEA 330ML,CS Soft Drinks,BEVERAGE,2,6,0,0.00%,6,0.03%,0.01%
RiceKrispiesCMB20g,CS Cereal,FOOD,2,6,0,0.00%,6,0.03%,0.01%
SCHOGETTEN DARK CHOCOLATE 100GM,CS Chocolate ,FOOD,1,6,0,0.00%,6,0.01%,0.01%
SCHWEPPES BITTER LEMON 300M,CS Soft Drinks,BEVERAGE,4,6,0,0.00%,6,0.05%,0.01%
SPRITE LIGHT CAN 330ML ,CS Soft Drinks,BEVERAGE,4,6,0,0.00%,6,0.05%,0.01%
Energy Bar,Energy Bar,FOOD,1,5.5,0,0.00%,5.5,0.01%,0.01%
MANI 20G ALMONDS SMOKED BBQ,CS Dry Fruits,FOOD,2,5.5,0,0.00%,5.5,0.03%,0.01%
VOCHELLE DARK CHOC ALMOND 90G,CS Chocolate ,FOOD,1,5.5,0,0.00%,5.5,0.01%,0.01%
CLOROX SUPER WIPES 3PCS,CS Tissue & Toilet Rolls,NON FOOD,1,5.25,0,0.00%,5.25,0.01%,0.01%
MANI SWEET COCKTAIL NUTS FRUIT 4,CS Dry Fruits,FOOD,1,5.25,0,0.00%,5.25,0.01%,0.01%
AL RABIE MANGO PASSION 330ML,CS Fresh Juice,BEVERAGE,2,5,0,0.00%,5,0.03%,0.01%
CORNETTO I/C CLASSICO CHOCOLATE,CS Ice Cream,FOOD,1,5,0,0.00%,5,0.01%,0.01%
DOUGHNUT CHOCOLATE,CS Bakery,FOOD,2,5,0,0.00%,5,0.03%,0.01%
GATORADE BLUE BOLT PET 500ML,CS Sports & Energy Drinks,BEVERAGE,1,5,0,0.00%,5,0.01%,0.01%
MENTOS CHEWY RAINBOW 30GM,CS Mint & Gum,FOOD,4,5,0,0.00%,5,0.05%,0.01%
ORAL B BRUSH KIDS,CS Oral Care,NON FOOD,1,5,0,0.00%,5,0.01%,0.01%
CASTANIA KRI KRI 60G,CS Nuts & Seeds,FOOD,1,4.75,0,0.00%,4.75,0.01%,0.01%
COKE LIGHT CAN 300ML,CS Soft Drinks,BEVERAGE,3,4.5,0,0.00%,4.5,0.04%,0.01%
HeinzBaked Beans415g ,CS Can & Jar Food,FOOD,1,4.5,0,0.00%,4.5,0.01%,0.01%
LACNOR APPLE 180ML,CS Packet Juice,BEVERAGE,3,4.5,0,0.00%,4.5,0.04%,0.01%
Lacnor Cocktail180ML,Fresh Juices,FOOD,3,4.5,0,0.00%,4.5,0.04%,0.01%
MANI 20G PEANUTS SPICY PAPRIKA,CS Dry Fruits,FOOD,3,4.5,0,0.00%,4.5,0.04%,0.01%
VOLVIC WATER 500ML,CS Water,BEVERAGE,1,4.5,0,0.00%,4.5,0.01%,0.01%
BAYARA PASTA MIX BOTTLE 100ML,CS Spices & Herbs,FOOD,1,4.25,0,0.00%,4.25,0.01%,0.01%
CAPRISUN APPLE,CS Packet Juice,BEVERAGE,4,4,0,0.00%,4,0.05%,0.01%
EXTRA PELLET STRAWBERRY GUM,Biscuit & Cookies,FOOD,2,4,0,0.00%,4,0.03%,0.01%
Lacnor Full Fat Milk 1L ,CS Dairy ,BEVERAGE,1,4,0,0.00%,4,0.01%,0.01%
MilkHalfCrem1Ltr ,CS Dairy ,FOOD,1,4,0,0.00%,4,0.01%,0.01%
PERRIER WATER 330ML,CS Water,BEVERAGE,1,4,0,0.00%,4,0.01%,0.01%
SPRITE LIGHT CAN,Softdrinks,BEVERAGE,1,4,0,0.00%,4,0.01%,0.01%
BAYARA SALTED PISTACHIOS 50GM,CS Dry Fruits,FOOD,1,3.75,0,0.00%,3.75,0.01%,0.01%
"BUN BREAD SEASAME 4"" 6 PCS",CS Bakery,FOOD,1,3.5,0,0.00%,3.5,0.01%,0.01%
FAMILIA 50GM MUESLI CHOCO,CS Cereal,FOOD,1,3.5,0,0.00%,3.5,0.01%,0.01%
KOKA CUP CURRY,CS Pasta & Noodles,FOOD,1,3.5,0,0.00%,3.5,0.01%,0.01%
LUX BAR MAGICAL BEAUTY 120GM,CS Oral Care,NON FOOD,1,3.5,0,0.00%,3.5,0.01%,0.01%
VOLVIC WATER 330ML,CS Water,BEVERAGE,1,3.5,0,0.00%,3.5,0.01%,0.01%
BEST 30GM SALTED CASHEWS,CS Nuts & Seeds,FOOD,1,3.25,0,0.00%,3.25,0.01%,0.01%
INDOMIE CUP VEGETABLE,CS Pasta & Noodles,FOOD,1,3.25,0,0.00%,3.25,0.01%,0.01%
AL AIN MORNING CRANBERRY MUSELI ,CS Dairy ,FOOD,1,3,0,0.00%,3,0.01%,0.01%
AlAinYogLFat170g,CS Dairy ,FOOD,2,3,0,0.00%,3,0.03%,0.01%
CADBURY DM HAZELNUT 37GM,CS Chocolate ,FOOD,1,3,0,0.00%,3,0.01%,0.01%
COKE DIET CAN 330ML ,CS Soft Drinks,BEVERAGE,2,3,0,0.00%,3,0.03%,0.01%
CROISSANT HI BUTTER CHEESE,CS Bakery,FOOD,1,3,0,0.00%,3,0.01%,0.01%
CROISSANT PLAIN,CS Bakery,FOOD,2,3,0,0.00%,3,0.03%,0.01%
DOUGHNUT ICING WHITE,CS Bakery,FOOD,2,3,0,0.00%,3,0.03%,0.01%
GALAXY HAZELNUT 40GM,CS Chocolate ,FOOD,1,3,0,0.00%,3,0.01%,0.01%
POKKA ICED TEA PEACH 500ML,CS Packet Juice,BEVERAGE,1,3,0,0.00%,3,0.01%,0.01%
POKKA PEACH ICED TEA 330ML,CS Soft Drinks,BEVERAGE,1,3,0,0.00%,3,0.01%,0.01%
SPRITE CAN 355ML,CS Soft Drinks,BEVERAGE,2,3,0,0.00%,3,0.03%,0.01%
PARADISE CORN FLOUR 400G,CS Coocking & Baking,FOOD,1,2.75,0,0.00%,2.75,0.01%,0.00%
A/G IODIZED SALT 26OZ,CS Can & Jar Food,FOOD,1,2.5,0,0.00%,2.5,0.01%,0.00%
AL RABIE LIME KIWI 330ML,CS Packet Juice,BEVERAGE,1,2.5,0,0.00%,2.5,0.01%,0.00%
CLOROX HEAVY DUTY SCOURER 1PCS,CS Cleaning Supplies,NON FOOD,1,2.5,0,0.00%,2.5,0.01%,0.00%
NESCAFE CAPPUCINO SACHET 1PCS,CS Coffee,FOOD,1,2.25,0,0.00%,2.25,0.01%,0.00%
Add Mini PastryCombo,Dessert,FOOD,2,2,0,0.00%,2,0.03%,0.00%
CROISSANT CHEESE,CS Bakery,FOOD,1,2,0,0.00%,2,0.01%,0.00%
EXTRA PELLET SPEARMINT GUM,CS Mint & Gum,FOOD,1,2,0,0.00%,2,0.01%,0.00%
FacialTissuewhit,CS Tissue & Toilet Rolls,NON FOOD,1,2,0,0.00%,2,0.01%,0.00%
FANTA PET 500ML,CS Soft Drinks,BEVERAGE,1,2,0,0.00%,2,0.01%,0.00%
LifeBuoySoap80g,CS Soap & Handwash,NON FOOD,1,2,0,0.00%,2,0.01%,0.00%
Panadol96 ,CS Others,NON FOOD,2,2,0,0.00%,2,0.03%,0.00%
Peach ,CS Fresh Fruit,FOOD,1,2,0,0.00%,2,0.01%,0.00%
SUPER GLUE 3G,CS Others,NON FOOD,1,1.75,0,0.00%,1.75,0.01%,0.00%
COKE ZERO CAN 300M,CS Soft Drinks,BEVERAGE,1,1.5,0,0.00%,1.5,0.01%,0.00%
FANTA STRAWBERRY 355M,CS Soft Drinks,BEVERAGE,1,1.5,0,0.00%,1.5,0.01%,0.00%
LACNOR PINEAPPLE180ml,CS Packet Juice,BEVERAGE,1,1.5,0,0.00%,1.5,0.01%,0.00%
MIRINDA ORANGE CAN 335ML ,CS Soft Drinks,BEVERAGE,1,1.5,0,0.00%,1.5,0.01%,0.00%
PEPSI CAN 355ML ,CS Soft Drinks,BEVERAGE,1,1.5,0,0.00%,1.5,0.01%,0.00%
PEPSI DIET CAN 335ML ,CS Soft Drinks,BEVERAGE,1,1.5,0,0.00%,1.5,0.01%,0.00%
SCHWEPPES TONIC WATER CAN 300M,CS Soft Drinks,BEVERAGE,1,1.5,0,0.00%,1.5,0.01%,0.00%
ALMARAI CUSTARD VANILLA 100G,CS Dairy ,FOOD,1,1.25,0,0.00%,1.25,0.01%,0.00%
MAGGI STOCK CUBE CHICKEN,CS Sauce,FOOD,1,1,0,0.00%,1,0.01%,0.00%
Mini Danish Pastry,Breakfast,FOOD,1,1,0,0.00%,1,0.01%,0.00%
SAFETY MATCH STICK BOX 2PCS,CS Others,NON FOOD,1,0.5,0,0.00%,0.5,0.01%,0.00%
TOTAL*,,,"5,884","56,785.00",0,0.00%,"56,785.00",76.17%,100.00%
,,,,,,,,,
