Menu Engineering Items Summary,,,,,,,,,
,,,,,,,,,
Business Dates,12/13/2015,,,,,,,,
Locations,"DEMO,UAE",,,,,,,,
Revenue Centers,All,,,,,,,,
Menu Items,All,,,,,,,,
,,,,,,,,,
Menu Item Name,Family Group,Major Group,Qty Sold,Net Sales,Prep Cost,Cost %,Margin Less Item Disc,% Qty,% Margin
Stud Meal Combo,Main course,FOOD,325,"9,720.00",0,0.00%,"9,720.00",2.93%,10.89%
GLOBAL STREET MAIN,Main course,FOOD,124,"3,224.00",0,0.00%,"3,224.00",1.12%,3.61%
Student Breakfast,Breakfast,FOOD,79,"2,370.00",0,0.00%,"2,370.00",0.71%,2.65%
Buffet Meal,Main course,FOOD,90,"1,914.00",0,0.00%,"1,914.00",0.81%,2.14%
MARINATED SALMON STEAK,Grill,FOOD,55,"1,650.00",0,0.00%,"1,650.00",0.50%,1.85%
Classic Angus Burger,Burgers,FOOD,42,"1,260.00",0,0.00%,"1,260.00",0.38%,1.41%
SERCO LUNCH,SERCO LUNCH,FOOD,84,"1,260.00",0,0.00%,"1,260.00",0.76%,1.41%
BUTTER FLY CHICKEN BREAST ,Grill,FOOD,40,960,0,0.00%,960,0.36%,1.08%
Smoked Salmon,Sandwiches,FOOD,36,900,0,0.00%,900,0.32%,1.01%
Tenderloin Steak,Burgers,FOOD,30,900,0,0.00%,900,0.27%,1.01%
SERCO DINNER,SERCO DINNER,FOOD,56,840,0,0.00%,840,0.50%,0.94%
Slice of the Day,Pizza,FOOD,166,830,0,0.00%,830,1.50%,0.93%
Take Away Box,Take Away Boxes,NON FOOD,271,813,0,0.00%,813,2.44%,0.91%
12 OZ CAFFE LATTE,Starbucks,FOOD,67,804,0,0.00%,804,0.60%,0.90%
16 OZ CAFFE LATTE,Starbucks,FOOD,57,798,0,0.00%,798,0.51%,0.89%
BBQ Glazed Chicken,Sandwiches,FOOD,39,798,0,0.00%,798,0.35%,0.89%
Falafel Tomato & Hummus(V),Sandwiches,FOOD,44,792,0,0.00%,792,0.40%,0.89%
Chicken Caesar,Salads,FOOD,30,750,0,0.00%,750,0.27%,0.84%
MEAT PLATTER,Main course,FOOD,25,750,0,0.00%,750,0.23%,0.84%
Two Eggs ,Breakfast,FOOD,149,745,0,0.00%,745,1.34%,0.83%
FG LARGE BOWL,FEEL GOOD,FOOD,26,676,0,0.00%,676,0.23%,0.76%
Massaman Chicken,Main course,FOOD,28,672,0,0.00%,672,0.25%,0.75%
12 OZ CAPPUCHINO,Starbucks,FOOD,53,636,0,0.00%,636,0.48%,0.71%
BLACK ANGUS CLUB 6 OZ,Burgers,FOOD,18,576,0,0.00%,576,0.16%,0.65%
12 OZ CAFFE AMERICANO,Starbucks,FOOD,56,560,0,0.00%,560,0.50%,0.63%
Chicken Tikka,Sandwiches,FOOD,23,552,0,0.00%,552,0.21%,0.62%
Fresh Fruit Pcs,Extras,FOOD,186,552,0,0.00%,552,1.68%,0.62%
Margherita(V),Pizza,FOOD,22,550,0,0.00%,550,0.20%,0.62%
Chicken Steak,Grill,FOOD,21,504,0,0.00%,504,0.19%,0.56%
Masafi Water500ml,Water,BEVERAGE,499,497,0,0.00%,497,4.50%,0.56%
16 OZ CAFFE AMERICANO,Starbucks,FOOD,41,492,0,0.00%,492,0.37%,0.55%
Grilled Chicken Burger,Burgers,FOOD,20,480,0,0.00%,480,0.18%,0.54%
FG MEDIUM BOWL,FEEL GOOD,FOOD,26,468,0,0.00%,468,0.23%,0.52%
7 OZ DOUBLE SHOT ICED SHAKEN,Starbucks,FOOD,32,448,0,0.00%,448,0.29%,0.50%
CHICKEN CEASAR SALAD,Salads,FOOD,14,448,0,0.00%,448,0.13%,0.50%
CEASAR CHICKEN WRAP,Wraps,FOOD,13,442,0,0.00%,442,0.12%,0.49%
STIR FRY CHICKEN,Main course,FOOD,15,435,0,0.00%,435,0.14%,0.49%
16 OZ CAPPUCHINO,Starbucks,FOOD,31,434,0,0.00%,434,0.28%,0.49%
Five a Day,Fresh Juices,BEVERAGE,18,432,0,0.00%,432,0.16%,0.48%
RED BULL 250ML,CS Sports & Energy Drinks,BEVERAGE,55,420,0,0.00%,420,0.50%,0.47%
SMOKED TURKEY S/W,Sandwiches,FOOD,12,408,0,0.00%,408,0.11%,0.46%
Chocolate Bar,Extras,FOOD,80,400,0,0.00%,400,0.72%,0.45%
Buffet Fruit Salad,Salads,FOOD,78,390,0,0.00%,390,0.70%,0.44%
SERCO BREAKFAST,SERCO BREAKFAST,FOOD,26,390,0,0.00%,390,0.23%,0.44%
SWEET CHILLI SALMON SALAD,Sandwiches,FOOD,10,380,0,0.00%,380,0.09%,0.43%
WALK IN LUNCH,WALK IN LUNCH,FOOD,37,370,0,0.00%,370,0.33%,0.41%
16 OZ VANILLA LATTE,Starbucks,FOOD,19,361,0,0.00%,361,0.17%,0.40%
CHICKEN ROCQUET CHEESE S/W,Sandwiches,FOOD,12,360,0,0.00%,360,0.11%,0.40%
GRILLED CHICKEN & BACON S/W,Sandwiches,FOOD,10,350,0,0.00%,350,0.09%,0.39%
FRESH JUICE SMALL,Breakfast,FOOD,79,316,0,0.00%,316,0.71%,0.35%
Cereal Portion,Breakfast,FOOD,45,315,0,0.00%,315,0.41%,0.35%
BJORG ORGANIC FOURRES CHOCOLAT L,CS Organic Food,FOOD,8,310,0,0.00%,310,0.07%,0.35%
Side Salad,Salads,FOOD,75,296,0,0.00%,296,0.68%,0.33%
LACNOR COCKTAIL 180ML,Fresh Juices,BEVERAGE,73,292,0,0.00%,292,0.66%,0.33%
LINDT XMAS TEDDY BEAR 2 PCS 200G,CS Chocolate ,FOOD,6,283.5,0,0.00%,283.5,0.05%,0.32%
Fruit Salad,Yoghurt Pots,FOOD,23,276,0,0.00%,276,0.21%,0.31%
16 OZ CARAMEL MACCHIATO,Starbucks,FOOD,16,272,0,0.00%,272,0.14%,0.30%
Go Large,Pizza,FOOD,34,272,0,0.00%,272,0.31%,0.30%
16 OZ ICED WHITE CHOCOLATE MOCHA,Starbucks,FOOD,15,270,0,0.00%,270,0.14%,0.30%
GALLON WATER COUPON,CS Water,BEVERAGE,38,266,0,0.00%,266,0.34%,0.30%
Extra Portion Grill,Main course,FOOD,22,264,0,0.00%,264,0.20%,0.30%
FETA & ROAST VEG PANINI,Sandwiches,FOOD,10,260,0,0.00%,260,0.09%,0.29%
CROISSANT MEDIUM,PASTRIES,FOOD,37,259,0,0.00%,259,0.33%,0.29%
SIMPLE SHAWARMA,Main course,FOOD,32,256,0,0.00%,256,0.29%,0.29%
12OZ WHITE CHOCOLATE MOCHA,Starbucks,FOOD,17,255,0,0.00%,255,0.15%,0.29%
16 OZ WHITE CHOCOLATE MOCHA,Starbucks,FOOD,15,255,0,0.00%,255,0.14%,0.29%
Tandoori Chicken,Pizza,FOOD,7,252,0,0.00%,252,0.06%,0.28%
Yogurt Blueberry,Yoghurt Pots,FOOD,14,252,0,0.00%,252,0.13%,0.28%
Bagel S. Salmon,Sandwiches,FOOD,10,250,0,0.00%,250,0.09%,0.28%
Salmon Salad,Salads,FOOD,10,250,0,0.00%,250,0.09%,0.28%
CROISSANT MINI,Dessert,FOOD,84,246,0,0.00%,246,0.76%,0.28%
FRESH JUICE LARGE,Fresh Juices,FOOD,35,245,0,0.00%,245,0.32%,0.27%
Rocco,Pizza,FOOD,7,245,0,0.00%,245,0.06%,0.27%
Yoghurt,Yogurt,FOOD,61,244,0,0.00%,244,0.55%,0.27%
M&M PEANUT 45GM,CS Chocolate ,FOOD,75,243.75,0,0.00%,243.75,0.68%,0.27%
VEGGIE MEAL,Veggie,FOOD,11,242,0,0.00%,242,0.10%,0.27%
Hash Browns,Breakfast,FOOD,60,240,0,0.00%,240,0.54%,0.27%
REUBENS S/W,Sandwiches,FOOD,8,240,0,0.00%,240,0.07%,0.27%
12 OZ VANILLA LATTE,Starbucks,FOOD,14,238,0,0.00%,238,0.13%,0.27%
Banana Pcs,CS Fresh Fruit,FOOD,236,236,0,0.00%,236,2.13%,0.26%
Yasai Itame,Main course,FOOD,9,234,0,0.00%,234,0.08%,0.26%
LACNOR MILK CHOCOLATE,Flavoured Milk,BEVERAGE,58,232,0,0.00%,232,0.52%,0.26%
BAYARA 1KG ALMOND,CS Nuts & Seeds,FOOD,4,231,0,0.00%,231,0.04%,0.26%
Beef sausage,Breakfast,FOOD,46,230,0,0.00%,230,0.41%,0.26%
4 OZ BURGER COMBO,Burgers,FOOD,6,228,0,0.00%,228,0.05%,0.26%
DOUBLE ESSPRESSO,Starbucks,FOOD,19,228,0,0.00%,228,0.17%,0.26%
12 OZ CARAMEL MACCHIATO,Starbucks,FOOD,15,225,0,0.00%,225,0.14%,0.25%
FYO SHAWARMA,Main course,FOOD,15,225,0,0.00%,225,0.14%,0.25%
Dessert,Dessert,FOOD,52,208,0,0.00%,208,0.47%,0.23%
FRESH GREEN SALAD,Salads,FOOD,13,208,0,0.00%,208,0.12%,0.23%
16 OZ ICED CARAMEL MACCHIATO,Starbucks,FOOD,12,206,0,0.00%,206,0.11%,0.23%
PRO BAR MEAL PEANUT BUTTER CHOCO,CS Cereal,FOOD,9,204.75,0,0.00%,204.75,0.08%,0.23%
Grilled Halloumi(V),Sandwiches,FOOD,10,200,0,0.00%,200,0.09%,0.22%
Homemade Beef Burger,Burgers,FOOD,10,200,0,0.00%,200,0.09%,0.22%
COCA COLA CAN,Softdrinks,BEVERAGE,49,196,0,0.00%,196,0.44%,0.22%
CHICKEN WRAP COMBO,Burgers,FOOD,5,190,0,0.00%,190,0.05%,0.21%
ORAL B BRUSH MAXI CLEAN,CS Oral Care,NON FOOD,30,187.5,0,0.00%,187.5,0.27%,0.21%
16 OZ CAFFE MOCHA,Starbucks,FOOD,11,187,0,0.00%,187,0.10%,0.21%
LACNOR ORANGE 180ML,Fresh Juices,BEVERAGE,44,176,0,0.00%,176,0.40%,0.20%
JDS BUTTER CRISPS,Biscuit & Cookies,FOOD,10,172.5,0,0.00%,172.5,0.09%,0.19%
STREPSILS HONEY & LEMON PACKET,CS Chocolate ,FOOD,9,171,0,0.00%,171,0.08%,0.19%
BRIE & TOMATO S/W,Sandwiches,FOOD,5,170,0,0.00%,170,0.05%,0.19%
COFFEE CUP CERAMIC,CS Others,NON FOOD,17,170,0,0.00%,170,0.15%,0.19%
Double Trouble,Milk Shake,BEVERAGE,7,168,0,0.00%,168,0.06%,0.19%
Super Food Salad (V),Salads,FOOD,7,168,0,0.00%,168,0.06%,0.19%
FAMILIA CRUNCH 500GM,CS Cereal,FOOD,7,166.25,0,0.00%,166.25,0.06%,0.19%
French Fries,Extras,FOOD,27,162,0,0.00%,162,0.24%,0.18%
Salmon Temaki (3 Pcs),Sushi,FOOD,6,156,0,0.00%,156,0.05%,0.17%
Yoghurt,Yogurt,FOOD,13,156,0,0.00%,156,0.12%,0.17%
Meat Feast,Pizza,FOOD,4,152,0,0.00%,152,0.04%,0.17%
Yogurt Mango,Yoghurt Pots,FOOD,15,150,0,0.00%,150,0.14%,0.17%
Croissant,Breakfast,FOOD,21,147,0,0.00%,147,0.19%,0.16%
RACHELS APPLE & CINNAMON YOGHURT,CS Organic Food,FOOD,6,147,0,0.00%,147,0.05%,0.16%
RACHELS HONEY YOGHURT 450G,CS Organic Food,FOOD,6,147,0,0.00%,147,0.05%,0.16%
Salmon Chirashi,Sushi,FOOD,7,147,0,0.00%,147,0.06%,0.16%
BLUEBERRY MUFFINS,Dessert,FOOD,12,144,0,0.00%,144,0.11%,0.16%
BRIE & BACON S/W,Sandwiches,FOOD,4,144,0,0.00%,144,0.04%,0.16%
BUTTERNUT & GOAT CHEESE SALAD ,Sandwiches,FOOD,4,144,0,0.00%,144,0.04%,0.16%
MOTHER E OAT SLICE APPLE CRUMBLE,CS Dry Fruits,FOOD,9,144,0,0.00%,144,0.08%,0.16%
MOTHER E OAT SLICE SULTANA HONEY,CS Dry Fruits,FOOD,9,144,0,0.00%,144,0.08%,0.16%
MOROCCAN LOOSE TEA,Tea,FOOD,14,140,0,0.00%,140,0.13%,0.16%
SWISS DELICE CHOCARRE BISCUITS 1,CS Chocolate ,FOOD,8,140,0,0.00%,140,0.07%,0.16%
Soup,Extras,FOOD,23,138,0,0.00%,138,0.21%,0.15%
LINDT EXCELLENCE 70% CACOA 100GM,CS Chocolate ,FOOD,10,137.5,0,0.00%,137.5,0.09%,0.15%
12 OZ CAFFE MOCHA,Starbucks,FOOD,9,135,0,0.00%,135,0.08%,0.15%
Cold Cuts,Breakfast,FOOD,27,135,0,0.00%,135,0.24%,0.15%
Filter Coffee,Tea,FOOD,29,135,0,0.00%,135,0.26%,0.15%
TORCH CLUB STEAK S/W,Sandwiches,FOOD,3,135,0,0.00%,135,0.03%,0.15%
California Rolls(6Pcs),Sushi,FOOD,6,132,0,0.00%,132,0.05%,0.15%
POKKA LEMON ICED TEA CAN,Packet Juice,BEVERAGE,33,132,0,0.00%,132,0.30%,0.15%
PPPPLEASE ME,Fresh Juices,BEVERAGE,6,132,0,0.00%,132,0.05%,0.15%
Baked beans,Breakfast,FOOD,26,130,0,0.00%,130,0.23%,0.15%
SINGLE ESSPRESSO,Starbucks,FOOD,13,130,0,0.00%,130,0.12%,0.15%
PRINGLES ORIGINAL 165GM,CS Chips & Snacks,FOOD,14,129.5,0,0.00%,129.5,0.13%,0.15%
16 OZ HOT CHOCOLATE,Starbucks,FOOD,7,129,0,0.00%,129,0.06%,0.14%
FRIED CHICKEN WRAP,Burgers,FOOD,4,128,0,0.00%,128,0.04%,0.14%
Hawaiian,Pizza,FOOD,4,128,0,0.00%,128,0.04%,0.14%
Tuna Sweetcorn,Pre Packed Sandwiches,FOOD,8,128,0,0.00%,128,0.07%,0.14%
Valley Crunchy,Cereal Bar,FOOD,42,126,0,0.00%,126,0.38%,0.14%
RACHELS GREEK YOGHURT NATURAL 45,CS Dairy ,FOOD,5,122.5,0,0.00%,122.5,0.05%,0.14%
LINDT XMAS CARAMEL BALLS 100GM,CS Chocolate ,FOOD,7,120.75,0,0.00%,120.75,0.06%,0.14%
AL AIN WATER 1.5L,CS Water,BEVERAGE,80,120,0,0.00%,120,0.72%,0.13%
ESPRESSO MACCHIATO DOUBLE,Coffee,FOOD,10,120,0,0.00%,120,0.09%,0.13%
Filter Tea,Tea,FOOD,24,120,0,0.00%,120,0.22%,0.13%
NIVEA REFRESHING FACE WASH 150ML,CS Facial Care,NON FOOD,4,120,0,0.00%,120,0.04%,0.13%
NIVEA WIPES REFRESHING CLEANSING,CS Tissue & Toilet Rolls,NON FOOD,4,120,0,0.00%,120,0.04%,0.13%
16 OZ ICED CAFFE LATTE,Starbucks,FOOD,8,114,0,0.00%,114,0.07%,0.13%
OREO 704g,Biscuit & Cookies,FOOD,5,112.5,0,0.00%,112.5,0.05%,0.13%
ALO EXPOSED ALO JUICE,Fresh Juices,FOOD,8,112,0,0.00%,112,0.07%,0.13%
JAYS POM PUNCH,Smoothies,BEVERAGE,4,112,0,0.00%,112,0.04%,0.13%
MOTHER E OAT SLICE ANZAC KIWI 6 ,CS Dry Fruits,FOOD,7,112,0,0.00%,112,0.06%,0.13%
AL AIN FRESH MILK FULL FAT 2L,CS Dairy ,FOOD,11,110,0,0.00%,110,0.10%,0.12%
BRILLIANT BREAKFAST LOOSE TEA,Tea,FOOD,11,110,0,0.00%,110,0.10%,0.12%
LINDT EXCELLENCE 90% CACOA 100GM,CS Chocolate ,FOOD,8,110,0,0.00%,110,0.07%,0.12%
LINDT EXCELLENCE MINT INTENSE 10,CS Chocolate ,FOOD,8,110,0,0.00%,110,0.07%,0.12%
LINDT EXCELLENCE SEA SALT 100GM,CS Chocolate ,FOOD,8,110,0,0.00%,110,0.07%,0.12%
FG SMALL BOWL,FEEL GOOD,FOOD,9,108,0,0.00%,108,0.08%,0.12%
MOROCCAN LAMB BURGER,Burgers,FOOD,3,108,0,0.00%,108,0.03%,0.12%
BAYARA EXTRA MIXED NUTS 300GM,CS Dry Fruits,FOOD,5,105,0,0.00%,105,0.05%,0.12%
Guest Meal Combo,Main course,FOOD,11,105,0,0.00%,105,0.10%,0.12%
Isabella(V),Pizza,FOOD,3,105,0,0.00%,105,0.03%,0.12%
MAGNUM I/C ALMOND,CS Ice Cream,FOOD,14,105,0,0.00%,105,0.13%,0.12%
NIVEA EYE MAKEUP REMOVER 125ML,CS Facial Care,NON FOOD,4,105,0,0.00%,105,0.04%,0.12%
CstaniaMixSuperNuts350G,CS Nuts & Seeds,FOOD,3,103.5,0,0.00%,103.5,0.03%,0.12%
FINE TOILET ROLLS 2PLY X 10 PCS ,CS Tissue & Toilet Rolls,NON FOOD,7,103.25,0,0.00%,103.25,0.06%,0.12%
SCHIK BLADE 8PCS QUATTRO 4 TITAN,CS Mens Care,NON FOOD,2,103,0,0.00%,103,0.02%,0.12%
OAT KING BAR PURE 95GM,CS Cereal,FOOD,7,101.5,0,0.00%,101.5,0.06%,0.11%
CLASSIC FRIES,Main course,FOOD,20,100,0,0.00%,100,0.18%,0.11%
COCA COLA ZERO CAN,Softdrinks,BEVERAGE,25,100,0,0.00%,100,0.23%,0.11%
Mixed Green Salad(V),Salads,FOOD,5,100,0,0.00%,100,0.05%,0.11%
Add Cheese,Extras,FOOD,33,99,0,0.00%,99,0.30%,0.11%
16 OZ ICED CAFE AMERICANO,Starbucks,FOOD,8,98,0,0.00%,98,0.07%,0.11%
Battered Fish Chips,Main course,FOOD,2,96,0,0.00%,96,0.02%,0.11%
Frid Rice W Chicken,Fried Rice,FOOD,3,96,0,0.00%,96,0.03%,0.11%
PEACH & BASIL SMOOTHIE,Smoothies,BEVERAGE,4,96,0,0.00%,96,0.04%,0.11%
STREPSILS PLUS PACKET,CS Chocolate ,FOOD,5,95,0,0.00%,95,0.05%,0.11%
BJORG ORGANIC GAUFRES AU MIEL 17,CS Organic Food,FOOD,4,93,0,0.00%,93,0.04%,0.10%
SELPAK TOILET ROLL 7+2,CS Tissue & Toilet Rolls,NON FOOD,4,93,0,0.00%,93,0.04%,0.10%
Pesto Roasted Chicken,Sandwiches,FOOD,4,92,0,0.00%,92,0.04%,0.10%
OREO ORIGINAL 16 PACK 44GM,Biscuit & Cookies,FOOD,5,91.25,0,0.00%,91.25,0.05%,0.10%
BJORG ORGANIC CROUSTILLANTS CHOC,CS Organic Food,FOOD,2,90.5,0,0.00%,90.5,0.02%,0.10%
BBQ or CurrySouce,Pizza,FOOD,3,90,0,0.00%,90,0.03%,0.10%
Chicken Chirashi,Sushi,FOOD,5,90,0,0.00%,90,0.05%,0.10%
Chicken Nuggets,Extras,FOOD,9,90,0,0.00%,90,0.08%,0.10%
CHICKEN STACK,Burgers,FOOD,3,90,0,0.00%,90,0.03%,0.10%
Chicken Sweetcorn,Pre Packed Sandwiches,FOOD,9,90,0,0.00%,90,0.08%,0.10%
Chicken Tandoori,Pre Packed Sandwiches,FOOD,9,90,0,0.00%,90,0.08%,0.10%
Three Cheese Spring Onion,Pre Packed Sandwiches,FOOD,9,90,0,0.00%,90,0.08%,0.10%
Banana Shake,Milk Shake,BEVERAGE,4,88,0,0.00%,88,0.04%,0.10%
Greek Salad,Salads,FOOD,4,88,0,0.00%,88,0.04%,0.10%
Smoked Turkey Ham Pasta,Salads,FOOD,4,88,0,0.00%,88,0.04%,0.10%
GILLETTE BLADE 4 PCS MACH 3,CS Mens Care,NON FOOD,2,87.5,0,0.00%,87.5,0.02%,0.10%
12 OZ HOT CHOCOLATE,Starbucks,FOOD,5,87,0,0.00%,87,0.05%,0.10%
OAT KING BAR CHOCOLATE CHIP 95GM,CS Cereal,FOOD,6,87,0,0.00%,87,0.05%,0.10%
PAPER BAG,BAGS,NON FOOD,86,86,0,0.00%,86,0.77%,0.10%
Toast,Breakfast,FOOD,86,86,0,0.00%,86,0.77%,0.10%
12 OZ Hazel Nut Latte,Starbucks,FOOD,5,85,0,0.00%,85,0.05%,0.10%
AMERICAN 4 OZ,Burgers,FOOD,3,84,0,0.00%,84,0.03%,0.09%
Bagels w/Cr.Cheese,Breakfast,FOOD,12,84,0,0.00%,84,0.11%,0.09%
Pancakes,Breakfast,FOOD,28,84,0,0.00%,84,0.25%,0.09%
LINDT EXCELLENCE SESAME ROASTED ,CS Organic Food,FOOD,6,82.5,0,0.00%,82.5,0.05%,0.09%
MAGNUM I/C WHITE,CS Ice Cream,FOOD,11,82.5,0,0.00%,82.5,0.10%,0.09%
ALPRO ALMOND MILK 1L,CS Dairy ,FOOD,4,82,0,0.00%,82,0.04%,0.09%
Orange Pcs,CS Fresh Fruit,FOOD,41,82,0,0.00%,82,0.37%,0.09%
KIT KAT 2 FINGERS,CS Chocolate ,FOOD,65,81.25,0,0.00%,81.25,0.59%,0.09%
SELPAK KITCHEN ROLL 2 PCS,CS Tissue & Toilet Rolls,NON FOOD,7,80.5,0,0.00%,80.5,0.06%,0.09%
CheseTurkeyHamCrossiant,Sandwiches,FOOD,4,80,0,0.00%,80,0.04%,0.09%
Egg Cress Mayonnaise,Pre Packed Sandwiches,FOOD,10,80,0,0.00%,80,0.09%,0.09%
JASMINE GREEN LOOSE TEA,Tea,FOOD,8,80,0,0.00%,80,0.07%,0.09%
SWEET POTATO WEDGES,Main course,FOOD,8,80,0,0.00%,80,0.07%,0.09%
VEG BURGER,Burgers,FOOD,4,80,0,0.00%,80,0.04%,0.09%
DR OETKER MOZZRELLA PIZZA,CS Frozen Food,FOOD,3,78.75,0,0.00%,78.75,0.03%,0.09%
LINDT XMAS TEDDY LENDOR HEART 47,CS Chocolate ,FOOD,5,78.75,0,0.00%,78.75,0.05%,0.09%
PERRIER WATER 750ML,Water,BEVERAGE,8,78.5,0,0.00%,78.5,0.07%,0.09%
NATURE VALLEY OATS & HONEY,CS Cereal,FOOD,26,78,0,0.00%,78,0.23%,0.09%
TUNA NICOISE SALAD,Salads,FOOD,3,78,0,0.00%,78,0.03%,0.09%
VOCHELLE BLOCK HAZELNUT 180G,CS Chocolate ,FOOD,8,78,0,0.00%,78,0.07%,0.09%
FOOD DOCTOR POT TOMATO BLACK OLI,CS Organic Food,FOOD,5,77.5,0,0.00%,77.5,0.05%,0.09%
AL AIN FRESH GRAPEFRUIT JUICE330,CS Packet Juice,BEVERAGE,11,77,0,0.00%,77,0.10%,0.09%
FARM FRESH EGGS WHITE 15PCS,CS Eggs,FOOD,7,77,0,0.00%,77,0.06%,0.09%
LACNOR APPLE 180ML,Fresh Juices,BEVERAGE,19,76,0,0.00%,76,0.17%,0.09%
Mexican Melt,Pizza,FOOD,2,76,0,0.00%,76,0.02%,0.09%
GALLON WATER DEPOSIT,CS Others,BEVERAGE,3,75,0,0.00%,75,0.03%,0.08%
STIR FRY GREENS,Main course,FOOD,3,75,0,0.00%,75,0.03%,0.08%
BJORG ORGANIC LE P'TIT NATURE 20,CS Organic Food,FOOD,3,74.25,0,0.00%,74.25,0.03%,0.08%
BOUNTY BAR 57GM,CS Chocolate ,FOOD,19,73,0,0.00%,73,0.17%,0.08%
OAT KING BAR PEANUT BUTTER 95GM,CS Cereal,FOOD,5,72.5,0,0.00%,72.5,0.05%,0.08%
CheseTomatoCrossiant,Sandwiches,FOOD,4,72,0,0.00%,72,0.04%,0.08%
CHUNKY MONKEY,Milk Shake,BEVERAGE,3,72,0,0.00%,72,0.03%,0.08%
ROASTED BUTTERNUT,Salads,FOOD,2,72,0,0.00%,72,0.02%,0.08%
TEA BAG JASMINE GREEN,Tea,FOOD,9,72,0,0.00%,72,0.08%,0.08%
THE 3RD DATE,Milk Shake,BEVERAGE,3,72,0,0.00%,72,0.03%,0.08%
GATORADE ORANGE PET 500ML,CS Sports & Energy Drinks,BEVERAGE,15,71.75,0,0.00%,71.75,0.14%,0.08%
CEYLON GINGER LOOSE TEA,Tea,FOOD,7,70,0,0.00%,70,0.06%,0.08%
FIRE FLY GRAPE FRUIT,Packet Juice,BEVERAGE,5,70,0,0.00%,70,0.05%,0.08%
PEAR DRAGON LOOSE TEA,Tea,FOOD,7,70,0,0.00%,70,0.06%,0.08%
RED BULL SUGAR FREE 250ML,CS Sports & Energy Drinks,BEVERAGE,10,70,0,0.00%,70,0.09%,0.08%
SWISS DELICE BRASILIA BISCUITS 1,CS Chocolate ,FOOD,4,70,0,0.00%,70,0.04%,0.08%
SWISS DELICE TRUFFINO BISCUITS 1,CS Chocolate ,FOOD,4,70,0,0.00%,70,0.04%,0.08%
OREO ORIGINAL TRAY PACK 429GM,Biscuit & Cookies,FOOD,6,69,0,0.00%,69,0.05%,0.08%
SAINT AGUR CHEESE 125G,CS Dairy ,FOOD,3,69,0,0.00%,69,0.03%,0.08%
PRO BAR MEAL WHOLEBERRY BLAST 85,CS Cereal,FOOD,3,68.25,0,0.00%,68.25,0.03%,0.08%
ADD ESPRESSO SHOT,Starbucks,FOOD,17,68,0,0.00%,68,0.15%,0.08%
CHEETOS 205GM CRUNCHY FLAMING HO,CS Chips & Snacks,FOOD,8,68,0,0.00%,68,0.07%,0.08%
French Toast,Breakfast,FOOD,17,68,0,0.00%,68,0.15%,0.08%
BUNALUN ORGANIC PESTO DAIRY FREE,CS Organic Food,FOOD,2,66.5,0,0.00%,66.5,0.02%,0.07%
ORAL B FLOSS WAXED,CS Oral Care,NON FOOD,6,66,0,0.00%,66,0.05%,0.07%
Beef Bacon,Breakfast,FOOD,13,65,0,0.00%,65,0.12%,0.07%
FUN PLASTIC PLATE WHITE 25PCS 26,CS Disposable,NON FOOD,4,65,0,0.00%,65,0.04%,0.07%
GALAXY HAZELNUT 40GM,CS Chocolate ,FOOD,20,65,0,0.00%,65,0.18%,0.07%
KAGI SWISS WAFERS CHOCOLATE 50G,CS Mint & Gum,FOOD,13,65,0,0.00%,65,0.12%,0.07%
C&C FW MORNING SHINE CONTROL 150,CS Facial Care,NON FOOD,2,64.5,0,0.00%,64.5,0.02%,0.07%
ADD ESPRESSO SHOT,Starbucks,FOOD,16,64,0,0.00%,64,0.14%,0.07%
CLOROX WIPES DISINFECTING FRESH ,CS Cleaning Supplies,NON FOOD,4,64,0,0.00%,64,0.04%,0.07%
COCA COLA DIET CAN,Softdrinks,BEVERAGE,17,64,0,0.00%,64,0.15%,0.07%
COCONUT WATER CAN,Packet Juice,BEVERAGE,16,64,0,0.00%,64,0.14%,0.07%
Pain an Raisin,Dessert,FOOD,8,64,0,0.00%,64,0.07%,0.07%
Portion Starch,Main course,FOOD,8,64,0,0.00%,64,0.07%,0.07%
THE BERRY CO CRANBERRY JUICE,Packet Juice,BEVERAGE,8,64,0,0.00%,64,0.07%,0.07%
TUNA & MAYO WRAP,Sandwiches,FOOD,2,64,0,0.00%,64,0.02%,0.07%
SCRUMMIES RASPBERRY CRANBERRIES ,CS Dry Fruits,FOOD,13,61.75,0,0.00%,61.75,0.12%,0.07%
A/G CORNED BEEF HALAL 340GM,CS Can & Jar Food,FOOD,6,61.5,0,0.00%,61.5,0.05%,0.07%
ORAL B MOUTH WASH MULTI PROTECT ,CS Oral Care,NON FOOD,3,61.5,0,0.00%,61.5,0.03%,0.07%
GILLETE MACH 3 POWER RAZOR 1UP,CS Mens Care,NON FOOD,1,61,0,0.00%,61,0.01%,0.07%
7 UP CAN,Softdrinks,BEVERAGE,15,60,0,0.00%,60,0.14%,0.07%
BEST 30GM SALTED CASHEWS,CS Nuts & Seeds,FOOD,10,60,0,0.00%,60,0.09%,0.07%
CHICKEN MAIN,Main course,FOOD,4,60,0,0.00%,60,0.04%,0.07%
Choc Caramel Eclair,Dessert,FOOD,5,60,0,0.00%,60,0.05%,0.07%
DAN'S TOPICAL BLAST,Smoothies,BEVERAGE,3,60,0,0.00%,60,0.03%,0.07%
EARL GREY LOOSE TEA,Tea,FOOD,6,60,0,0.00%,60,0.05%,0.07%
ESPRESSO MACCHIATO,Starbucks,FOOD,5,60,0,0.00%,60,0.05%,0.07%
ESPRESSO MACCHIATO SINGLE,Starbucks,FOOD,6,60,0,0.00%,60,0.05%,0.07%
Extra Topping,Pizza,FOOD,12,60,0,0.00%,60,0.11%,0.07%
MINI CARROT CAKE,Dessert,FOOD,5,60,0,0.00%,60,0.05%,0.07%
MINUTE STEAK,Grill,FOOD,3,60,0,0.00%,60,0.03%,0.07%
Oatmeal Porridge,Breakfast,FOOD,20,60,0,0.00%,60,0.18%,0.07%
PERRIER WATER 330ML,Water,BEVERAGE,10,60,0,0.00%,60,0.09%,0.07%
Pesto,Pizza,FOOD,2,60,0,0.00%,60,0.02%,0.07%
STRAIGHT DUTCH,Smoothies,BEVERAGE,5,60,0,0.00%,60,0.05%,0.07%
AL AIN WATER 500ML,Water,BEVERAGE,59,59,0,0.00%,59,0.53%,0.07%
NIVEA SUN SPRAY SPF 30 200ML,CS Body Care,NON FOOD,1,59,0,0.00%,59,0.01%,0.07%
Lays Chips,Extras,FOOD,29,58,0,0.00%,58,0.26%,0.06%
16 OZ CARAMEL LATTE,Starbucks,FOOD,3,57,0,0.00%,57,0.03%,0.06%
LINDT XMAS POLAR BEARS MINI 5PCS,CS Chocolate ,FOOD,4,57,0,0.00%,57,0.04%,0.06%
NATURE VALLEY CANADIAN MAPLE SYR,CS Cereal,FOOD,19,57,0,0.00%,57,0.17%,0.06%
PERSIL LIQUID SENSATIVE AUTOMATI,CS Laundry Care,NON FOOD,1,56.25,0,0.00%,56.25,0.01%,0.06%
7 UP DIET CAN,Softdrinks,BEVERAGE,14,56,0,0.00%,56,0.13%,0.06%
Berry Tart,Dessert,FOOD,4,56,0,0.00%,56,0.04%,0.06%
Brownie,Dessert,FOOD,4,56,0,0.00%,56,0.04%,0.06%
FALAFEL COMBO,Burgers,FOOD,2,56,0,0.00%,56,0.02%,0.06%
Granola,Dessert,FOOD,7,56,0,0.00%,56,0.06%,0.06%
MARKOS TOP BANANA,Smoothies,BEVERAGE,2,56,0,0.00%,56,0.02%,0.06%
MIRINDA ORANGE CAN,Softdrinks,BEVERAGE,14,56,0,0.00%,56,0.13%,0.06%
MOUNTAIN DEW,Softdrinks,BEVERAGE,14,56,0,0.00%,56,0.13%,0.06%
Pure VitaminC,Fresh Juices,BEVERAGE,2,56,0,0.00%,56,0.02%,0.06%
Muture Cheddar(V),Sandwiches,FOOD,3,54,0,0.00%,54,0.03%,0.06%
Tropical Maki (6 Pcs),Sushi,FOOD,3,54,0,0.00%,54,0.03%,0.06%
SWISS DELICE CHOCOBISC BISCUITS ,CS Chocolate ,FOOD,3,52.5,0,0.00%,52.5,0.03%,0.06%
WALKERS SB FINGERS 40G,Biscuit & Cookies,FOOD,15,52.5,0,0.00%,52.5,0.14%,0.06%
AL AIN FRESH MILK 1L LOW FAT,CS Dairy ,FOOD,8,52,0,0.00%,52,0.07%,0.06%
BRIGHT BREAKFAST,Smoothies,BEVERAGE,2,52,0,0.00%,52,0.02%,0.06%
CROISSANT HI BUTTER CHOCOLATE,CS Bakery,FOOD,13,52,0,0.00%,52,0.12%,0.06%
Lacnor Full Fat Milk 1L ,CS Dairy ,BEVERAGE,13,52,0,0.00%,52,0.12%,0.06%
SUBSTITUTE SOYA,Soya Milk,FOOD,13,52,0,0.00%,52,0.12%,0.06%
JDS BUTTER WAFFLES,Biscuit & Cookies,FOOD,3,51.75,0,0.00%,51.75,0.03%,0.06%
KAGI SWISS WAFERS ORIGINAL MINI ,CS Mint & Gum,FOOD,3,51.75,0,0.00%,51.75,0.03%,0.06%
AL AIN FRESH ORANGE JUICE 330ML,CS Packet Juice,BEVERAGE,12,51,0,0.00%,51,0.11%,0.06%
AL MARAI LABAN FULL FAT 360ML,CS Dairy ,FOOD,17,51,0,0.00%,51,0.15%,0.06%
NECTAFLOR PREMIUM FRUIT MIX 200G,CS Dry Fruits,FOOD,3,51,0,0.00%,51,0.03%,0.06%
TRESEMME SH VIBRANT NATURALS 500,CS Shampoo & Conditioner,NON FOOD,2,51,0,0.00%,51,0.02%,0.06%
AL AIN FRESH MILK LOW FAT 2L,CS Dairy ,FOOD,5,50,0,0.00%,50,0.05%,0.06%
BEEF MEAL,Main course,FOOD,2,50,0,0.00%,50,0.02%,0.06%
BLUE BERRY MUFFIN,Dessert,FOOD,5,50,0,0.00%,50,0.05%,0.06%
CHICKEN MEAL ,Main course,FOOD,2,50,0,0.00%,50,0.02%,0.06%
Cookie,Dessert,FOOD,10,50,0,0.00%,50,0.09%,0.06%
EXTRA BIG BOTTLE PEPPERMINT,CS Mint & Gum,FOOD,4,50,0,0.00%,50,0.04%,0.06%
MARS BAR 51GM,CS Chocolate ,FOOD,10,50,0,0.00%,50,0.09%,0.06%
MentoGmWatrMelon,CS Mint & Gum,FOOD,10,50,0,0.00%,50,0.09%,0.06%
ORAL B BRUSH NATURAL FRESH,CS Oral Care,NON FOOD,5,50,0,0.00%,50,0.05%,0.06%
SCONES,Dessert,FOOD,5,50,0,0.00%,50,0.05%,0.06%
ILE DE FRANCE CHEESE PETIT BRIE ,CS Dairy ,FOOD,3,48.75,0,0.00%,48.75,0.03%,0.05%
PERSIL LIQUID BLACK ABAYA OUD 3L,CS Laundry Care,NON FOOD,1,48.75,0,0.00%,48.75,0.01%,0.05%
NIVEA FACE CLEAR STRIP 75ML,CS Facial Care,NON FOOD,2,48.5,0,0.00%,48.5,0.02%,0.05%
B.BAG OAK SMOK150g,CS Chips & Snacks,FOOD,4,48,0,0.00%,48,0.04%,0.05%
Cappuccino,Nespresso,FOOD,4,48,0,0.00%,48,0.04%,0.05%
CLOROX WIPES DISINFECTING FRESH ,CS Cleaning Supplies,NON FOOD,3,48,0,0.00%,48,0.03%,0.05%
HIT THE ROOF,Milk Shake,BEVERAGE,2,48,0,0.00%,48,0.02%,0.05%
INDOMIE PILLOW 5 PCS SPICY BEEF ,CS Pasta & Noodles,FOOD,6,48,0,0.00%,48,0.05%,0.05%
Lemon Drizzle,Dessert,FOOD,4,48,0,0.00%,48,0.04%,0.05%
Mixed Juice,Fresh Juices,BEVERAGE,3,48,0,0.00%,48,0.03%,0.05%
MY THAI,Milk Shake,BEVERAGE,2,48,0,0.00%,48,0.02%,0.05%
Pepperoni,Pizza,FOOD,8,48,0,0.00%,48,0.07%,0.05%
The Big Apple,Milk Shake,BEVERAGE,2,48,0,0.00%,48,0.02%,0.05%
AMBROSI MASCARPONE CHEESE 250G,CS Dairy ,FOOD,2,47,0,0.00%,47,0.02%,0.05%
ALPRO SOYA ORIGINAL1L,CS Dairy ,BEVERAGE,3,46.5,0,0.00%,46.5,0.03%,0.05%
DOMESTOS BLEACH MOUNTAIN BREEZE ,CS Cleaning Supplies,NON FOOD,4,46,0,0.00%,46,0.04%,0.05%
CARTE DOR PISTACIO 1 SCOOP,Ice cream,FOOD,7,45.5,0,0.00%,45.5,0.06%,0.05%
LUX MACHINE WASH TABLET 28PCS,CS Cleaning Supplies,NON FOOD,1,45.5,0,0.00%,45.5,0.01%,0.05%
PRO BAR ORGANIC BOLT BERRY BLAST,CS Cereal,FOOD,2,45.5,0,0.00%,45.5,0.02%,0.05%
AL MARAI ORANGE PULP JUICE 300ML,CS Packet Juice,BEVERAGE,18,45,0,0.00%,45,0.16%,0.05%
EBI NIGIRI,Sushi,FOOD,9,45,0,0.00%,45,0.08%,0.05%
MAGNUM I/C DOUBLE CHOCOLATE,CS Ice Cream,FOOD,5,45,0,0.00%,45,0.05%,0.05%
Maple Joe250gm,CS Can & Jar Food,FOOD,1,45,0,0.00%,45,0.01%,0.05%
NATURE VALLEY ROASTED ALMOND,CS Cereal,FOOD,15,45,0,0.00%,45,0.14%,0.05%
NESCAFE CAPPUCINO PACKET 10PCS,CS Coffee,FOOD,2,45,0,0.00%,45,0.02%,0.05%
Apple Red,CS Fresh Fruit,FOOD,22,44,0,0.00%,44,0.20%,0.05%
MEAN GREEN,Fresh Juices,BEVERAGE,2,44,0,0.00%,44,0.02%,0.05%
MilkHalfCrem1Ltr ,CS Dairy ,FOOD,11,44,0,0.00%,44,0.10%,0.05%
Pure Honey Acasia250g,CS Can & Jar Food,FOOD,2,44,0,0.00%,44,0.02%,0.05%
Tuna Cheese Melt,Sandwiches,FOOD,2,44,0,0.00%,44,0.02%,0.05%
A/G POP CORN MICROWAVE BUTTER 29,CS Can & Jar Food,FOOD,5,43.75,0,0.00%,43.75,0.05%,0.05%
SELPAK FACIAL TISSUE 100 SHEET,CS Tissue & Toilet Rolls,NON FOOD,7,43.75,0,0.00%,43.75,0.06%,0.05%
LINDT XMAS MINI BEAR MILK 5PCS,CS Chocolate ,FOOD,3,42.75,0,0.00%,42.75,0.03%,0.05%
LINDT XMAS MINI SANTA SLEIGH 5PC,CS Chocolate ,FOOD,3,42.75,0,0.00%,42.75,0.03%,0.05%
16 OZ SOYA CAFFE LATTE,Coffee,FOOD,2,42,0,0.00%,42,0.02%,0.05%
AL AIN WATER 1.5 LITER,Water,BEVERAGE,21,42,0,0.00%,42,0.19%,0.05%
Mushrooms,Pizza,FOOD,7,42,0,0.00%,42,0.06%,0.05%
Open Non-Food,Open Non Food,NON FOOD,1,42,0,0.00%,42,0.01%,0.05%
SCHOGETTEN DARK CHOCOLATE 100GM,CS Chocolate ,FOOD,7,42,0,0.00%,42,0.06%,0.05%
Tea Sachet,Tea,FOOD,3,42,0,0.00%,42,0.03%,0.05%
VITA COCO PEACH & MANGO 330ML,Convenience Beverages,BEVERAGE,4,42,0,0.00%,42,0.04%,0.05%
LINDT EXCELLENCE 85% CACOA 100GM,CS Chocolate ,FOOD,3,41.25,0,0.00%,41.25,0.03%,0.05%
DgstiveBiscuits400g,Biscuit & Cookies,FOOD,3,40.5,0,0.00%,40.5,0.03%,0.05%
Digest dark200,Biscuit & Cookies,FOOD,3,40.5,0,0.00%,40.5,0.03%,0.05%
ADD FLAVOURED SYRUP,Starbucks,FOOD,10,40,0,0.00%,40,0.09%,0.04%
Delivery Charges,Delivery charge,LABOR CHARGE,8,40,0,0.00%,40,0.07%,0.04%
LARGE STILL WATER PREMIUM,Water,BEVERAGE,2,40,0,0.00%,40,0.02%,0.04%
Lungo,Nespresso,FOOD,4,40,0,0.00%,40,0.04%,0.04%
Panadol96 ,CS Others,NON FOOD,40,40,0,0.00%,40,0.36%,0.04%
SCHOGETTEN HAZELNUT100G,CS Chocolate ,FOOD,8,40,0,0.00%,40,0.07%,0.04%
Sushi Temakin Veg Soup,Sushi,FOOD,1,40,0,0.00%,40,0.01%,0.04%
TEA BAG EARL GREY,Tea,FOOD,5,40,0,0.00%,40,0.05%,0.04%
AL AIN FRESH MILK 1L FULL CREAM,CS Dairy ,FOOD,6,39,0,0.00%,39,0.05%,0.04%
BISQUINI TIN CHOCOLATE COOKIES 1,Biscuit & Cookies,FOOD,3,39,0,0.00%,39,0.03%,0.04%
BOURSIN CHEESE GARLIC & HERBS 15,CS Dairy ,FOOD,2,39,0,0.00%,39,0.02%,0.04%
VOCHELLE BLOCK FRUIT&NUTS 180G,CS Chocolate ,FOOD,4,39,0,0.00%,39,0.04%,0.04%
ALWAYS NIGHT WINGS 8 PCS,CS Sanitary Care,NON FOOD,5,38.75,0,0.00%,38.75,0.05%,0.04%
DOVE SHOWER CUCUMBER & GREEN TEA,CS Bath & Shower,NON FOOD,2,38.5,0,0.00%,38.5,0.02%,0.04%
GATORADE PINK LEMONDAE PET 500ML,CS Sports & Energy Drinks,BEVERAGE,8,38.5,0,0.00%,38.5,0.07%,0.04%
DR OETKER CELEBRATION CANDLE,CS Disposable,NON FOOD,3,38.25,0,0.00%,38.25,0.03%,0.04%
7 DAYS CROISSANT STRAWBERRY,CS Bakery,FOOD,19,38,0,0.00%,38,0.17%,0.04%
Angus Beef Burger,Burgers,FOOD,1,38,0,0.00%,38,0.01%,0.04%
DOVE BODY LOTION ESSENTIAL NOURI,CS Body Care,NON FOOD,2,38,0,0.00%,38,0.02%,0.04%
LUSINE PUFF CHOCOLATE,CS Bakery,FOOD,19,38,0,0.00%,38,0.17%,0.04%
LUX SUNLIGHT LEMON 750ML,CS Dishwashing,NON FOOD,4,38,0,0.00%,38,0.04%,0.04%
STREPSILS LEMON SUGAR FREE PACKE,CS Chocolate ,FOOD,2,38,0,0.00%,38,0.02%,0.04%
BJORG ORGANIC FOURRES MYRTILLES ,CS Organic Food,FOOD,1,37.75,0,0.00%,37.75,0.01%,0.04%
ALL BRAN FLAKES KELLOGS 500GM,CS Cereal,FOOD,2,37.5,0,0.00%,37.5,0.02%,0.04%
SELPAK TOILET PAPER 4 ROLLS,CS Tissue & Toilet Rolls,NON FOOD,3,37.5,0,0.00%,37.5,0.03%,0.04%
KAGI SWISS WAFERS MINI GIFT BOX ,CS Mint & Gum,FOOD,1,37.25,0,0.00%,37.25,0.01%,0.04%
PAPILLON ROQUEFORT RED LABEL 100,CS Dairy ,FOOD,2,37,0,0.00%,37,0.02%,0.04%
PRINGLES SALT VINEGAR 165GM,CS Chips & Snacks,FOOD,4,37,0,0.00%,37,0.04%,0.04%
OREO MILK & CHOCOLATE 16 PACK 44,Biscuit & Cookies,FOOD,2,36.5,0,0.00%,36.5,0.02%,0.04%
16 OZ ICED VANILLA LATTE,Starbucks,FOOD,2,36,0,0.00%,36,0.02%,0.04%
Carrot Cake,Dessert,FOOD,3,36,0,0.00%,36,0.03%,0.04%
Eggplant Maki(6pcs),Sushi,FOOD,2,36,0,0.00%,36,0.02%,0.04%
Espresso,Nespresso,FOOD,4,36,0,0.00%,36,0.04%,0.04%
Glazed Veg,Sandwiches,FOOD,2,36,0,0.00%,36,0.02%,0.04%
Go Green,Milk Shake,BEVERAGE,2,36,0,0.00%,36,0.02%,0.04%
GranAppleCunch,CS Cereal,FOOD,12,36,0,0.00%,36,0.11%,0.04%
Large Salad,Salads,FOOD,2,36,0,0.00%,36,0.02%,0.04%
Latte Macchiato,Nespresso,FOOD,3,36,0,0.00%,36,0.03%,0.04%
Manakeesh(V),Pizza,FOOD,2,36,0,0.00%,36,0.02%,0.04%
MCVITIES DIGESTIVE 250GM LIGHT,Biscuit & Cookies,FOOD,3,36,0,0.00%,36,0.03%,0.04%
SNAPPLES KIWI & STRAWBERRY,Fresh Juices,BEVERAGE,3,36,0,0.00%,36,0.03%,0.04%
SPRITE CAN 330ML ,CS Soft Drinks,BEVERAGE,24,36,0,0.00%,36,0.22%,0.04%
HONEY MOON SQUEEZY HONEY 500G,CS Can & Jar Food,FOOD,1,35.75,0,0.00%,35.75,0.01%,0.04%
AL MARAI STRAWBERRY JUICE 300ML,CS Packet Juice,BEVERAGE,13,35.5,0,0.00%,35.5,0.12%,0.04%
AL AIN FRESH MILK 1L SKIMMED,CS Dairy ,FOOD,5,35,0,0.00%,35,0.05%,0.04%
Full Breakfast,Breakfast,FOOD,1,35,0,0.00%,35,0.01%,0.04%
LUX BAR MAGICAL BEAUTY 120GM,CS Oral Care,NON FOOD,10,35,0,0.00%,35,0.09%,0.04%
Portion Vegetable,Main course,FOOD,7,35,0,0.00%,35,0.06%,0.04%
VOLVIC WATER 500ML,Water,BEVERAGE,7,35,0,0.00%,35,0.06%,0.04%
PHILADELPHIA LIGHT CHEESE SPREAD,CS Dairy ,FOOD,3,34.5,0,0.00%,34.5,0.03%,0.04%
12 OZ CARAMEL LATTE,Starbucks,FOOD,2,34,0,0.00%,34,0.02%,0.04%
12 OZ SIGNATURE HOT CHOCOLATE,Starbucks,FOOD,2,34,0,0.00%,34,0.02%,0.04%
16 OZ ICED CHOCOLATE,Starbucks,FOOD,2,34,0,0.00%,34,0.02%,0.04%
Asst. Rolls Two,Breakfast,FOOD,17,34,0,0.00%,34,0.15%,0.04%
G S Frid Noodls W chicken,Noodles,FOOD,1,34,0,0.00%,34,0.01%,0.04%
BJORG ORGANIC FOURRES FRAMBOISES,CS Organic Food,FOOD,1,33.25,0,0.00%,33.25,0.01%,0.04%
GILLETTE RAZOR MACH 3 2UP,CS Mens Care,NON FOOD,1,32.75,0,0.00%,32.75,0.01%,0.04%
MOTHER E OAT SLICE APRICOT CHOCO,CS Dry Fruits,FOOD,2,32.5,0,0.00%,32.5,0.02%,0.04%
OB TAMPONS NORMAL 16PCS,CS Sanitary Care,NON FOOD,2,32.5,0,0.00%,32.5,0.02%,0.04%
12 OZ SOYA CAPPUCCINO,Coffee,FOOD,2,32,0,0.00%,32,0.02%,0.04%
ALL BRAN ORIGINAL 500GM,CS Cereal,FOOD,2,32,0,0.00%,32,0.02%,0.04%
BBQ CHICKEN,Wraps,FOOD,1,32,0,0.00%,32,0.01%,0.04%
Buffalo Chicken,Grill,FOOD,2,32,0,0.00%,32,0.02%,0.04%
CHAMOMILE TEA BAG,Tea,FOOD,4,32,0,0.00%,32,0.04%,0.04%
CROISSANT HI BUTTER ALMOND,CS Bakery,FOOD,8,32,0,0.00%,32,0.07%,0.04%
D Coke,Softdrinks,BEVERAGE,8,32,0,0.00%,32,0.07%,0.04%
Espresso Doppio,Coffee,BEVERAGE,2,32,0,0.00%,32,0.02%,0.04%
FG Juice Bottled,FEEL GOOD,FOOD,4,32,0,0.00%,32,0.04%,0.04%
Peanut Butter & Jelly(V),Sandwiches,FOOD,2,32,0,0.00%,32,0.02%,0.04%
REDBULL REGULAR,Energy Drinks,BEVERAGE,4,32,0,0.00%,32,0.04%,0.04%
THE BERRY CO GREEN TEA ,Packet Juice,BEVERAGE,4,32,0,0.00%,32,0.04%,0.04%
CROISSANT HI BUTTER PLAIN,CS Bakery,FOOD,9,31.5,0,0.00%,31.5,0.08%,0.04%
EMMENTHAL CHEESE GRATED 150G,CS Dairy ,FOOD,3,31.5,0,0.00%,31.5,0.03%,0.04%
SCHOGETTEN WHITE 100 GM,CS Chocolate ,FOOD,6,31.5,0,0.00%,31.5,0.05%,0.04%
DOVE+MCCCDS150ML,CS Shampoo & Conditioner,NON FOOD,2,31,0,0.00%,31,0.02%,0.03%
FOOD DOCTOR POT COUSCOUS LENTIL ,CS Organic Food,FOOD,2,31,0,0.00%,31,0.02%,0.03%
MAGNUM I/C TIRAMISU,CS Chocolate ,FOOD,4,31,0,0.00%,31,0.04%,0.03%
COMFORT ORANGE ALOE VERA CONCENT,CS Laundry Care,NON FOOD,2,30.5,0,0.00%,30.5,0.02%,0.03%
LINDT XMAS TEDDY FREUNDE 100GM,CS Chocolate ,FOOD,1,30.25,0,0.00%,30.25,0.01%,0.03%
ENERGIZER AAA 4 PCS,CS Others,NON FOOD,2,30,0,0.00%,30,0.02%,0.03%
EXTRA PELLET WHITE GUM,CS Mint & Gum,FOOD,15,30,0,0.00%,30,0.14%,0.03%
FISH MAIN,Main course,FOOD,2,30,0,0.00%,30,0.02%,0.03%
Grilled Chicken,Pizza,FOOD,5,30,0,0.00%,30,0.05%,0.03%
KOKA PILLOW 5 PCS CHICKEN,CS Pasta & Noodles,FOOD,4,30,0,0.00%,30,0.04%,0.03%
LifeBuoySoap80g,CS Soap & Handwash,NON FOOD,15,30,0,0.00%,30,0.14%,0.03%
NIVEA WIPES GENTLE CLEANSING 25P,CS Tissue & Toilet Rolls,NON FOOD,1,30,0,0.00%,30,0.01%,0.03%
NIVEA WIPES PURE CLEANSING 25PCS,CS Tissue & Toilet Rolls,NON FOOD,1,30,0,0.00%,30,0.01%,0.03%
PEPPERMEIN LOOSE TEA,Tea,FOOD,3,30,0,0.00%,30,0.03%,0.03%
Portion Protein,Main course,FOOD,3,30,0,0.00%,30,0.03%,0.03%
SCHOGETTEN STARCIA 100GM,CS Chocolate ,FOOD,6,30,0,0.00%,30,0.05%,0.03%
SLICED BREAD MULTI GRAIN MEDIUM,CS Bakery,FOOD,5,30,0,0.00%,30,0.05%,0.03%
Sweet Potato Wedges,Extras,FOOD,3,30,0,0.00%,30,0.03%,0.03%
WALK IN BREAKFAST,WALK IN BREAKFAST,FOOD,3,30,0,0.00%,30,0.03%,0.03%
WALK IN DINNER,WALK IN DINNER,FOOD,3,30,0,0.00%,30,0.03%,0.03%
AL AIN FRESH PINEAPPLE JUICE 330,CS Packet Juice,BEVERAGE,3,29.25,0,0.00%,29.25,0.03%,0.03%
VOCHELLE BLOCK ALMOND 180G,CS Chocolate ,FOOD,3,29.25,0,0.00%,29.25,0.03%,0.03%
Alain Small Wtr500ml,Water,BEVERAGE,29,29,0,0.00%,29,0.26%,0.03%
LIP GREN GUNPWDR 15 PYRAMID TB,CS Tea,FOOD,2,29,0,0.00%,29,0.02%,0.03%
LINDT XMAS MINI SNOWMAN 5PCS,CS Chocolate ,FOOD,2,28.5,0,0.00%,28.5,0.02%,0.03%
PHOENIX APPLE BEETROOT & GINGER ,CS Organic Food,BEVERAGE,3,28.5,0,0.00%,28.5,0.03%,0.03%
ARIEL BLUE 1.5KG,CS Laundry Care,NON FOOD,1,28.25,0,0.00%,28.25,0.01%,0.03%
HONEY MOON MOUNTAIN HONEY 250GM,CS Can & Jar Food,FOOD,1,28.25,0,0.00%,28.25,0.01%,0.03%
ALO APPEAL POMELO JUICE,Fresh Juices,FOOD,2,28,0,0.00%,28,0.02%,0.03%
ALO ENRICH POMEGRANATE JUICE,Fresh Juices,FOOD,2,28,0,0.00%,28,0.02%,0.03%
ARIEL GREEN 1.5KG,CS Laundry Care,NON FOOD,1,28,0,0.00%,28,0.01%,0.03%
Chicken Noodle Suop,Soup ,FOOD,2,28,0,0.00%,28,0.02%,0.03%
CHUCKS MAN OH MANGO,Smoothies,BEVERAGE,1,28,0,0.00%,28,0.01%,0.03%
FIREFLY RECHARGE POMEGRANATE,Tea,BEVERAGE,2,28,0,0.00%,28,0.02%,0.03%
Green Thai Veg Curry,Main course,FOOD,1,28,0,0.00%,28,0.01%,0.03%
MUFFIN BLUEBERRY,CS Bakery,FOOD,8,28,0,0.00%,28,0.07%,0.03%
MUFFIN CHOCOLATE,CS Bakery,FOOD,8,28,0,0.00%,28,0.07%,0.03%
Pear,CS Fresh Fruit,FOOD,14,28,0,0.00%,28,0.13%,0.03%
PEPSODENT TP GERMICHECK+BRUSH 15,CS Oral Care,NON FOOD,4,28,0,0.00%,28,0.04%,0.03%
Plum Red,CS Fresh Fruit,FOOD,14,28,0,0.00%,28,0.13%,0.03%
ROASTED TOMATO,Wraps,FOOD,1,28,0,0.00%,28,0.01%,0.03%
SPRITE CAN,Softdrinks,BEVERAGE,7,28,0,0.00%,28,0.06%,0.03%
SPRITE LIGHT CAN,Softdrinks,BEVERAGE,7,28,0,0.00%,28,0.06%,0.03%
A/G POP CORN MICROWAV EXTRA BUTT,CS Can & Jar Food,FOOD,3,27.75,0,0.00%,27.75,0.03%,0.03%
BJORG ORGANIC SUGAR FREE ALMOND ,CS Organic Food,FOOD,1,27.75,0,0.00%,27.75,0.01%,0.03%
GLAD GARBAGE BAG SMALL 20L X 30,CS Bags/Foil/Wraps,NON FOOD,3,27.75,0,0.00%,27.75,0.03%,0.03%
LIND CHERRY INTENSE100G,CS Chocolate ,FOOD,2,27.5,0,0.00%,27.5,0.02%,0.03%
LINDT EXCELLENCE CARAMEL 100G,CS Chocolate ,FOOD,2,27.5,0,0.00%,27.5,0.02%,0.03%
NECTAFLOR PREMIUM GINGER 200GM,CS Dry Fruits,FOOD,2,27.5,0,0.00%,27.5,0.02%,0.03%
SELPAK KITCHEN ROLL 3PCS 20% OFF,CS Tissue & Toilet Rolls,NON FOOD,2,27.5,0,0.00%,27.5,0.02%,0.03%
PHOENIX COLA 330ML,CS Organic Food,FOOD,3,27,0,0.00%,27,0.03%,0.03%
C&C MAKEUP REMOVER DEEP CLEAN 15,CS Facial Care,NON FOOD,1,26.75,0,0.00%,26.75,0.01%,0.03%
DR OETKER VEGETABLE PIZZA,CS Frozen Food,FOOD,1,26.25,0,0.00%,26.25,0.01%,0.03%
FOOD DOCTOR BAR APPLE WALNUT 35G,CS Organic Food,FOOD,3,26.25,0,0.00%,26.25,0.03%,0.03%
FOOD DOCTOR BAR FIG & MANGO 35G,CS Food,FOOD,3,26.25,0,0.00%,26.25,0.03%,0.03%
CARTE D'OR SMALL CUP VANILLA,CS Chocolate ,FOOD,4,26,0,0.00%,26,0.04%,0.03%
H&S SH FOR MEN 200ML,CS Shampoo & Conditioner,NON FOOD,2,26,0,0.00%,26,0.02%,0.03%
JOHNSONS BODY WASH POMEGRANATE 2,CS Bath & Shower,NON FOOD,2,26,0,0.00%,26,0.02%,0.03%
NIVEA HAND WASH LEMONGRASS & OIL,CS Soap & Handwash,NON FOOD,2,26,0,0.00%,26,0.02%,0.03%
BJORG ORGANIC OAT FLAKES 500GM,CS Organic Food,FOOD,1,25.5,0,0.00%,25.5,0.01%,0.03%
ENERGIZER AA 2 PCS,CS Others,NON FOOD,3,25.5,0,0.00%,25.5,0.03%,0.03%
LUX BW AQUA SPARKLE 250ML,CS Bath & Shower,NON FOOD,2,25.5,0,0.00%,25.5,0.02%,0.03%
TRESEMME CD 24 HOUR BODY 500ML,CS Shampoo & Conditioner,NON FOOD,1,25.5,0,0.00%,25.5,0.01%,0.03%
TRESEMME CD VIBRANT NATURALS 500,CS Shampoo & Conditioner,NON FOOD,1,25.5,0,0.00%,25.5,0.01%,0.03%
TRESEMME SH SPLIT REMEDY 500ML,CS Shampoo & Conditioner,NON FOOD,1,25.5,0,0.00%,25.5,0.01%,0.03%
WEIGHT W BERRY FLAKES 450GM,CS Cereal,FOOD,1,25.25,0,0.00%,25.25,0.01%,0.03%
WEIGHT W NUTTY MUESLI 495GM,CS Cereal,FOOD,1,25.25,0,0.00%,25.25,0.01%,0.03%
1 Scoop Protein Powder,TOPPINGS,FOOD,5,25,0,0.00%,25,0.05%,0.03%
AIR TO EARTH,BOTANICAL SODAS,BEVERAGE,1,25,0,0.00%,25,0.01%,0.03%
AL MARAI MANGO JUICE 300ML,CS Packet Juice,BEVERAGE,10,25,0,0.00%,25,0.09%,0.03%
CARTE DOR CHOCOLATE 1 SCOOP,Ice cream,FOOD,5,25,0,0.00%,25,0.05%,0.03%
SCHOGETTEN STRAWBERRY YOGURT100G,CS Chocolate ,FOOD,5,25,0,0.00%,25,0.05%,0.03%
PURELL REFRESHING HAND SANITIZER,CS Soap & Handwash,NON FOOD,2,24.5,0,0.00%,24.5,0.02%,0.03%
RACHELS GREEK LEMON YOGHURT 450G,CS Organic Food,FOOD,1,24.5,0,0.00%,24.5,0.01%,0.03%
SYOSS HAIR GEL MEN POWER HOLD 25,CS Soap & Handwash,NON FOOD,1,24.25,0,0.00%,24.25,0.01%,0.03%
Apple Green,CS Fresh Fruit,FOOD,12,24,0,0.00%,24,0.11%,0.03%
B.BAG SEA SALT150g,CS Chips & Snacks,FOOD,2,24,0,0.00%,24,0.02%,0.03%
BAYARA SALTED PISTACHIOS 150G,CS Nuts & Seeds,FOOD,2,24,0,0.00%,24,0.02%,0.03%
Chocolate shake,Milk Shake,BEVERAGE,1,24,0,0.00%,24,0.01%,0.03%
Coke,Softdrinks,BEVERAGE,6,24,0,0.00%,24,0.05%,0.03%
DOVE HAIR CONDITIONER HAIR FALL ,CS Shampoo & Conditioner,NON FOOD,2,24,0,0.00%,24,0.02%,0.03%
GATORADE BLUE BOLT,Energy Drinks,BEVERAGE,2,24,0,0.00%,24,0.02%,0.03%
GATORADE LEMON,Energy Drinks,BEVERAGE,2,24,0,0.00%,24,0.02%,0.03%
GLAD GARBAGE BAG MEDIUM 35L X 30,CS Tissue & Toilet Rolls,NON FOOD,2,24,0,0.00%,24,0.02%,0.03%
Grilled Veg Olives,Pizza,FOOD,4,24,0,0.00%,24,0.04%,0.03%
KPS COOL COCONUT,Smoothies,BEVERAGE,1,24,0,0.00%,24,0.01%,0.03%
LACNOR MILK BANANA,Flavoured Milk,BEVERAGE,6,24,0,0.00%,24,0.05%,0.03%
LUX BW DREAM DELIGHT 250ML,CS Bath & Shower,NON FOOD,2,24,0,0.00%,24,0.02%,0.03%
Small Salad,Salads,FOOD,2,24,0,0.00%,24,0.02%,0.03%
SNAPPLES FRUIT PUNCH,Fresh Juices,BEVERAGE,2,24,0,0.00%,24,0.02%,0.03%
SUBSTITUTE SOYA ALMOND,Soya Milk,FOOD,6,24,0,0.00%,24,0.05%,0.03%
AL AIN YOGHURT LOW FAT 170GM,CS Dairy ,FOOD,19,23.75,0,0.00%,23.75,0.17%,0.03%
NATURE VALLEY SWEET NUTTY ALMOND,CS Cereal,FOOD,1,23.25,0,0.00%,23.25,0.01%,0.03%
BARILA FETTUCINE500g,CS Pasta & Noodles,FOOD,1,23,0,0.00%,23,0.01%,0.03%
GILLETTE BLADE 2 PCS MACH 3,CS Mens Care,NON FOOD,1,23,0,0.00%,23,0.01%,0.03%
P.BAR CHOCO 85,CS Cereal,FOOD,1,23,0,0.00%,23,0.01%,0.03%
PRO BAR FUEL BLUEBERRY CHIA 48GM,CS Cereal,FOOD,2,23,0,0.00%,23,0.02%,0.03%
SCHIK RAZOR QUATTRO 4 TITANIUM +,CS Mens Care,NON FOOD,1,23,0,0.00%,23,0.01%,0.03%
SCHIK RAZOR WOMEN QUATTRO,CS Womens Care,NON FOOD,1,23,0,0.00%,23,0.01%,0.03%
GALAXY CARAMEL 40GM,CS Chocolate ,FOOD,7,22.75,0,0.00%,22.75,0.06%,0.03%
M&M CHOCOLATE 45GM,CS Chocolate ,FOOD,7,22.75,0,0.00%,22.75,0.06%,0.03%
PRO BAR MEAL SUPERFRUIT SLAM 85G,CS Cereal,FOOD,1,22.75,0,0.00%,22.75,0.01%,0.03%
TideReg Original1.5Kg ,CS Laundry Care,NON FOOD,1,22.75,0,0.00%,22.75,0.01%,0.03%
CastaniaPnutRostd,CS Nuts & Seeds,FOOD,3,22.5,0,0.00%,22.5,0.03%,0.03%
DOMESTOS BLEACH LEMON FRESH 750M,CS Cleaning Supplies,NON FOOD,2,22.5,0,0.00%,22.5,0.02%,0.03%
KOKA PILLOW 5 PCS TOM YUM,CS Pasta & Noodles,FOOD,3,22.5,0,0.00%,22.5,0.03%,0.03%
LifebuoyPwBarVitaprotect125g,CS Soap & Handwash,NON FOOD,5,22.5,0,0.00%,22.5,0.05%,0.03%
RICE KRISPIES KELLOGS 510GM,CS Cereal,FOOD,1,22.5,0,0.00%,22.5,0.01%,0.03%
ANTIDOTE,Fresh Juices,BEVERAGE,1,22,0,0.00%,22,0.01%,0.02%
C&C GEL CLEANSER DEEP ACTION 150,CS Facial Care,NON FOOD,1,22,0,0.00%,22,0.01%,0.02%
DOVE BEAUTY CREAM 150ML,CS Body Care,NON FOOD,2,22,0,0.00%,22,0.02%,0.02%
JOHNSONS COTTON PADS 80 PCS,CS Facial Care,NON FOOD,2,22,0,0.00%,22,0.02%,0.02%
Lemon,CS Fresh Vegatables,FOOD,11,22,0,0.00%,22,0.10%,0.02%
MANI BERRY NUT PUMPKIN SEED 45G,CS Dry Fruits,FOOD,4,22,0,0.00%,22,0.04%,0.02%
POPEYE,Fresh Juices,BEVERAGE,1,22,0,0.00%,22,0.01%,0.02%
Roast Beef,Sandwiches,FOOD,1,22,0,0.00%,22,0.01%,0.02%
SPICED APPLE,BOTANICAL SODAS,BEVERAGE,1,22,0,0.00%,22,0.01%,0.02%
THAI SODA,BOTANICAL SODAS,BEVERAGE,1,22,0,0.00%,22,0.01%,0.02%
BAYARA EXTRA MIXED NUTS 150GM,CS Nuts & Seeds,FOOD,2,21.5,0,0.00%,21.5,0.02%,0.02%
BEST CAN MACADEMIA 110G,CS Dry Fruits,FOOD,1,21.25,0,0.00%,21.25,0.01%,0.02%
AL MARAI FRESH MILK FULL FAT 500,CS Dairy ,FOOD,6,21,0,0.00%,21,0.05%,0.02%
CAREFREE WASH ALOE 200ML ,CS Sanitary Care,NON FOOD,1,21,0,0.00%,21,0.01%,0.02%
JIF CREAM LEMON 250ML,CS Dishwashing,NON FOOD,3,21,0,0.00%,21,0.03%,0.02%
SMALL GREEN SALAD ,Salads,FOOD,3,21,0,0.00%,21,0.03%,0.02%
VITA COCO LEMONADE COCONUT 330ML,CS Packet Juice,BEVERAGE,2,21,0,0.00%,21,0.02%,0.02%
ANCHOR BUTTER UNSALTED 454G,CS Dairy ,FOOD,1,20.5,0,0.00%,20.5,0.01%,0.02%
BONNE MANAM BLACK CURRANT JELLY ,CS Can & Jar Food,FOOD,1,20.5,0,0.00%,20.5,0.01%,0.02%
BONNE MANAM ORANGE MARMALADE 370,CS Can & Jar Food,FOOD,1,20.5,0,0.00%,20.5,0.01%,0.02%
BONNE MANAM RASPBERRY PRESERVE 3,CS Can & Jar Food,FOOD,1,20.5,0,0.00%,20.5,0.01%,0.02%
ADD FLAVOURED SYRUP,Starbucks,FOOD,5,20,0,0.00%,20,0.05%,0.02%
ADD WHIPPED CREAM,Starbucks,FOOD,5,20,0,0.00%,20,0.05%,0.02%
AL RABIE MANGO PASSION 330ML,CS Fresh Juice,BEVERAGE,8,20,0,0.00%,20,0.07%,0.02%
Brownie,Dessert,FOOD,1,20,0,0.00%,20,0.01%,0.02%
CARTE DOR BANANA 1 SCOOP,Ice cream,FOOD,4,20,0,0.00%,20,0.04%,0.02%
CARTE DOR CARAMEL 1 SCOOP,Ice cream,FOOD,4,20,0,0.00%,20,0.04%,0.02%
CARTE DOR VANILLA 1 SCOOP,Ice cream,FOOD,4,20,0,0.00%,20,0.04%,0.02%
CERES CRANBERRY KIWI JUICE 1L,CS Packet Juice,BEVERAGE,2,20,0,0.00%,20,0.02%,0.02%
Chicken Maki(6pcs),Sushi,FOOD,1,20,0,0.00%,20,0.01%,0.02%
EXTRA PELLET PEPPERMINT GUM,CS Mint & Gum,FOOD,10,20,0,0.00%,20,0.09%,0.02%
Fresh Pineapple Juice,Fresh Juices,BEVERAGE,2,20,0,0.00%,20,0.02%,0.02%
LARGE SPARKLING WATER PREMIUM,Water,BEVERAGE,1,20,0,0.00%,20,0.01%,0.02%
LIPTON LEMON ICED TEA,Tea,BEVERAGE,5,20,0,0.00%,20,0.05%,0.02%
Lungo,Coffee,BEVERAGE,2,20,0,0.00%,20,0.02%,0.02%
MIXED NUT & CEREAL 8 OZ,Peannuts,FOOD,2,20,0,0.00%,20,0.02%,0.02%
NYU RE-USABLE BAG,BAGS,NON FOOD,1,20,0,0.00%,20,0.01%,0.02%
Penne,pasta,FOOD,2,20,0,0.00%,20,0.02%,0.02%
SMINT CANDY GUM PEPPERMINT 14.2G,CS Mint & Gum,FOOD,5,20,0,0.00%,20,0.05%,0.02%
Tamago Nigiri,Sushi,FOOD,4,20,0,0.00%,20,0.04%,0.02%
Veg Sushi 6 pcs,Sushi,FOOD,1,20,0,0.00%,20,0.01%,0.02%
CARTE D'OR SMALL CUP CHOCOLATE,CS Chocolate ,FOOD,3,19.5,0,0.00%,19.5,0.03%,0.02%
COCO TREE JUICE 330ML,CS Packet Juice,BEVERAGE,6,19.5,0,0.00%,19.5,0.05%,0.02%
JIF WINDOW CLEANER SPRAY 500ML,CS Cleaning Supplies,NON FOOD,2,19.5,0,0.00%,19.5,0.02%,0.02%
DOVE SHOWER POMEGRANTE & LEMON 2,CS Bath & Shower,NON FOOD,1,19.25,0,0.00%,19.25,0.01%,0.02%
PERRIER WATER LEMON 330ML,CS Water,BEVERAGE,4,19.25,0,0.00%,19.25,0.04%,0.02%
16 OZ SIGNATURE HOT CHOCOLATE,Starbucks,FOOD,1,19,0,0.00%,19,0.01%,0.02%
DOVE HW FRESH TOUCH CUCUM & G.TE,CS Soap & Handwash,NON FOOD,1,19,0,0.00%,19,0.01%,0.02%
EGG Mayo & Spring Onion,Sandwiches,FOOD,1,19,0,0.00%,19,0.01%,0.02%
LAYS FRENCH CHEESE 185GM,CS Chips & Snacks,FOOD,3,18.75,0,0.00%,18.75,0.03%,0.02%
ALWAYS LARGE 30PCS,CS Sanitary Care,NON FOOD,1,18.5,0,0.00%,18.5,0.01%,0.02%
PRINGLES HOT & SPICY 165GM,CS Chips & Snacks,FOOD,2,18.5,0,0.00%,18.5,0.02%,0.02%
AXE DEO GOLD TEMPTATION 150ML,CS Deodrants,NON FOOD,1,18.25,0,0.00%,18.25,0.01%,0.02%
NECTAFLOR SOFT APRICOTS 200GM,CS Dry Fruits,FOOD,1,18.25,0,0.00%,18.25,0.01%,0.02%
NECTAFLOR SOFT CRANBERRIES 200GM,CS Dry Fruits,FOOD,1,18.25,0,0.00%,18.25,0.01%,0.02%
16 OZ ICED CARAMEL LATTE,Starbucks,FOOD,1,18,0,0.00%,18,0.01%,0.02%
AXE OIL SMALL,CS Others,NON FOOD,6,18,0,0.00%,18,0.05%,0.02%
BEST CAN SUPER PISTACHIO 110GM,CS Nuts & Seeds,FOOD,1,18,0,0.00%,18,0.01%,0.02%
CHOCOLATE CHIP COOKIE,Dessert,FOOD,3,18,0,0.00%,18,0.03%,0.02%
DOUGHNUT PLAIN,CS Bakery,FOOD,9,18,0,0.00%,18,0.08%,0.02%
LUSINE CROISSANT CHEESE & ZAATAR,CS Bakery,FOOD,9,18,0,0.00%,18,0.08%,0.02%
PHOENIX LEMONADE 330ML,CS ORGANIC BEVERAGE,BEVERAGE,2,18,0,0.00%,18,0.02%,0.02%
SCHOGETTEN MILK CHOCOLATE 100GM,CS Chocolate ,FOOD,3,18,0,0.00%,18,0.03%,0.02%
SCHWEPPES SODA CAN 300M,CS Soft Drinks,BEVERAGE,12,18,0,0.00%,18,0.11%,0.02%
AL MARAI NATURAL BUTTER 400GM UN,CS Dairy ,FOOD,1,17.75,0,0.00%,17.75,0.01%,0.02%
NIVEA DEO FEMALE BLACK & WHITE 2,CS Deodrants,NON FOOD,1,17.75,0,0.00%,17.75,0.01%,0.02%
AL MARAI APPLE JUICE 300ML,CS Packet Juice,BEVERAGE,7,17.5,0,0.00%,17.5,0.06%,0.02%
ALWAYS MEGAPACK LARGE WINGS 30 P,CS Sanitary Care,NON FOOD,1,17.5,0,0.00%,17.5,0.01%,0.02%
CROISSANT CHOCOLATE,CS Bakery,FOOD,7,17.5,0,0.00%,17.5,0.06%,0.02%
FRUIT & FIBRE KELLOGS 375GM,CS Cereal,FOOD,1,17.25,0,0.00%,17.25,0.01%,0.02%
SAN PELLEGRINO WATER 1000ML,CS Water,BEVERAGE,2,17.25,0,0.00%,17.25,0.02%,0.02%
ALPEN BAR STRAWBERRY YOGURT 29GM,CS Cereal,FOOD,4,17,0,0.00%,17,0.04%,0.02%
GILLETTE RAZOR MACH 3 1UP,CS Mens Care,NON FOOD,1,17,0,0.00%,17,0.01%,0.02%
VOLVIC WATER 500ML,CS Water,BEVERAGE,4,17,0,0.00%,17,0.04%,0.02%
ALPROSoyaMilkUnswtnd1L,CS Packet Juice,BEVERAGE,1,16.75,0,0.00%,16.75,0.01%,0.02%
BAHLSEN LEIBNIZ MINIS BUTTER 100,Biscuit & Cookies,FOOD,3,16.5,0,0.00%,16.5,0.03%,0.02%
BEST CAN SUPER MIX NUTS 110GM,CS Nuts & Seeds,FOOD,1,16.5,0,0.00%,16.5,0.01%,0.02%
LIFEBUOY BODYWASH COOL FRESH 300,CS Bath & Shower,NON FOOD,1,16.5,0,0.00%,16.5,0.01%,0.02%
MODERN BAKE MANGO PISTA ENERGY B,CS Cereal,FOOD,3,16.5,0,0.00%,16.5,0.03%,0.02%
DOVE DEO BEAUTY FINISH 150ML,CS Deodrants,NON FOOD,1,16.25,0,0.00%,16.25,0.01%,0.02%
INDOMIE CUP CHICKEN,CS Pasta & Noodles,FOOD,5,16.25,0,0.00%,16.25,0.05%,0.02%
CLOROX WIPES DISINFECTING CITRUS,CS Cleaning Supplies,NON FOOD,1,16,0,0.00%,16,0.01%,0.02%
Earl Grey Tea,Tea,FOOD,2,16,0,0.00%,16,0.02%,0.02%
Extra Cheese,Cheese,FOOD,4,16,0,0.00%,16,0.04%,0.02%
FALAFEL & HUMUS,Wraps,FOOD,1,16,0,0.00%,16,0.01%,0.02%
GLASS OF SOYA MILK,Soya Milk,FOOD,2,16,0,0.00%,16,0.02%,0.02%
HIBISCUS ICED TEA,Tea,FOOD,2,16,0,0.00%,16,0.02%,0.02%
INDOMIE PILLOW 5 PCS PANCIT CANT,CS Pasta & Noodles,FOOD,2,16,0,0.00%,16,0.02%,0.02%
LAYS KETCHUP 40G,CHIPS,FOOD,4,16,0,0.00%,16,0.04%,0.02%
LAYS SALT & VINEGAR 40G,CHIPS,FOOD,4,16,0,0.00%,16,0.04%,0.02%
LAYS SALT 40G,CHIPS,FOOD,4,16,0,0.00%,16,0.04%,0.02%
LEMON DRIZZLE CAKE,Dessert,FOOD,2,16,0,0.00%,16,0.02%,0.02%
LifebyHndSnitzrHul55m,CS Soap & Handwash,NON FOOD,2,16,0,0.00%,16,0.02%,0.02%
Masafi Water1.5Ltr,Water,BEVERAGE,8,16,0,0.00%,16,0.07%,0.02%
NutroChoco90g,Biscuit & Cookies,FOOD,8,16,0,0.00%,16,0.07%,0.02%
PERRIER WATER 330ML,CS Water,BEVERAGE,4,16,0,0.00%,16,0.04%,0.02%
POKKA PEACH ICED TEA CAN,Packet Juice,BEVERAGE,4,16,0,0.00%,16,0.04%,0.02%
RASPBERRY ICED TEA,Tea,FOOD,2,16,0,0.00%,16,0.02%,0.02%
Veg Fried Rice,Main course,FOOD,2,16,0,0.00%,16,0.02%,0.02%
Yogurt Muesli Honey,Yoghurt Pots,FOOD,1,16,0,0.00%,16,0.01%,0.02%
WEETABIX ORIGINAL 430GM,CS Cereal,FOOD,1,15.75,0,0.00%,15.75,0.01%,0.02%
AXE STICK DARK TEMPTATION 40GM,CS Deodrants,NON FOOD,1,15.5,0,0.00%,15.5,0.01%,0.02%
CAREFREE PLUS FRESH LARGE 20PCS,CS Sanitary Care,NON FOOD,1,15.5,0,0.00%,15.5,0.01%,0.02%
DOVE DEO MEN CARE EXTRA FRESH 15,CS Deodrants,NON FOOD,1,15.5,0,0.00%,15.5,0.01%,0.02%
FUN PLASTIC SPOON PLUM 18PCS,CS Disposable,NON FOOD,2,15.5,0,0.00%,15.5,0.02%,0.02%
OB TAMPONS MINI 16PCS,CS Sanitary Care,NON FOOD,1,15.5,0,0.00%,15.5,0.01%,0.02%
VASELINE BW MEN 2 IN 1 220ML,CS Bath & Shower,NON FOOD,1,15.5,0,0.00%,15.5,0.01%,0.02%
COMFORT BABY CONCENTRATE 750ML,CS Laundry Care,NON FOOD,1,15.25,0,0.00%,15.25,0.01%,0.02%
AL RABIE MANGO 330ML,CS Packet Juice,BEVERAGE,6,15,0,0.00%,15,0.05%,0.02%
CARTE DOR S.BERRY 1 SCOOP,Ice cream,FOOD,3,15,0,0.00%,15,0.03%,0.02%
COKE LARGE 2.25L,CS Soft Drinks,BEVERAGE,3,15,0,0.00%,15,0.03%,0.02%
COKE LIGHT CAN 300ML,CS Soft Drinks,BEVERAGE,10,15,0,0.00%,15,0.09%,0.02%
DOVE BODY CREAM GO FRESH NOURISH,CS Body Care,NON FOOD,1,15,0,0.00%,15,0.01%,0.02%
KOKA PILLOW 5 PCS MUSHROOM,CS Pasta & Noodles,FOOD,2,15,0,0.00%,15,0.02%,0.02%
KOKA PILLOW 5 PCS SPICY STIR FRY,CS Pasta & Noodles,FOOD,2,15,0,0.00%,15,0.02%,0.02%
MAGNUM I/C CLASSIC,CS Ice Cream,FOOD,2,15,0,0.00%,15,0.02%,0.02%
NIVEA MEN SHOWER ORIGINAL CARE 2,CS Bath & Shower,NON FOOD,1,15,0,0.00%,15,0.01%,0.02%
NIVEA MEN SHOWER SILVER PROTECT ,CS Bath & Shower,NON FOOD,1,15,0,0.00%,15,0.01%,0.02%
NIVEA SHOWER POWERFRUIT 250ML,CS Bath & Shower,NON FOOD,1,15,0,0.00%,15,0.01%,0.02%
SCHWEPPES GINGER ALE 300M,CS Soft Drinks,BEVERAGE,10,15,0,0.00%,15,0.09%,0.02%
SPRITE LIGHT CAN 330ML ,CS Soft Drinks,BEVERAGE,10,15,0,0.00%,15,0.09%,0.02%
WHOLE FRUIT,Dessert,FOOD,3,15,0,0.00%,15,0.03%,0.02%
DOVE ROLLON PURE 50ML,CS Deodrants,NON FOOD,1,14.75,0,0.00%,14.75,0.01%,0.02%
GLADE AIR INFUSIONS LILY & JASMI,CS Air Freshner,NON FOOD,1,14.5,0,0.00%,14.5,0.01%,0.02%
GLADE AIR INFUSIONS PINK PEONY 3,CS Air Freshner,NON FOOD,1,14.5,0,0.00%,14.5,0.01%,0.02%
PAPPILON CHEESE DANISH BLEU 100G,CS Dairy ,FOOD,1,14.5,0,0.00%,14.5,0.01%,0.02%
WASA CRISPBREAD FIBRE 200GM,Biscuit & Cookies,FOOD,1,14.5,0,0.00%,14.5,0.01%,0.02%
DOVE HAND CREAM SHEA BUTTER VANI,CS Body Care,NON FOOD,1,14.25,0,0.00%,14.25,0.01%,0.02%
JIF EASY CLEAN FLOWER BREEZE 1LI,CS Cleaning Supplies,NON FOOD,1,14.25,0,0.00%,14.25,0.01%,0.02%
LINDT XMAS MINI ANGELS 5PCS,CS Chocolate ,FOOD,1,14.25,0,0.00%,14.25,0.01%,0.02%
MOTHER E FRUIT STICK APPLE PEACH,CS Dry Fruits,FOOD,1,14.25,0,0.00%,14.25,0.01%,0.02%
MOTHER E FRUIT STICK APPLE RASPB,CS Dry Fruits,FOOD,1,14.25,0,0.00%,14.25,0.01%,0.02%
MOTHER E FRUIT STICK APPLE STRAW,CS Dry Fruits,FOOD,1,14.25,0,0.00%,14.25,0.01%,0.02%
POKKA PEACH ICED TEA 330ML,CS Soft Drinks,BEVERAGE,6,14.25,0,0.00%,14.25,0.05%,0.02%
16 OZ ICED CAFFE MOCHA,Starbucks,FOOD,1,14,0,0.00%,14,0.01%,0.02%
AL MARAI FRESH MILK FULL FAT 1L,CS Dairy ,FOOD,2,14,0,0.00%,14,0.02%,0.02%
ALO ALLURE MANGO JUICE,Fresh Juices,FOOD,1,14,0,0.00%,14,0.01%,0.02%
COKE LIGHT PET 500ML,CS Soft Drinks,BEVERAGE,7,14,0,0.00%,14,0.06%,0.02%
COKE PET 500ML,CS Soft Drinks,BEVERAGE,7,14,0,0.00%,14,0.06%,0.02%
DOVE ROLL ON DEO ORIGINAL 50ML,CS Deodrants,NON FOOD,1,14,0,0.00%,14,0.01%,0.02%
Espresso Doppio,Nespresso,FOOD,1,14,0,0.00%,14,0.01%,0.02%
IcedVanillaMachiato,Nespresso,FOOD,1,14,0,0.00%,14,0.01%,0.02%
LAYS 40GM TOMATO KETCHUP,CS Chips & Snacks,FOOD,7,14,0,0.00%,14,0.06%,0.02%
LUX BAR DREAM DELIGHT 120GM,CS Soap & Handwash,NON FOOD,4,14,0,0.00%,14,0.04%,0.02%
Open Food,Open Food,FOOD,1,14,0,0.00%,14,0.01%,0.02%
ORGANIC TOTMATO PACKET,CS Fresh Fruit,FOOD,1,14,0,0.00%,14,0.01%,0.02%
POCARI SWEAT PET 500ML,CS Sports & Energy Drinks,BEVERAGE,3,14,0,0.00%,14,0.03%,0.02%
VASELINE BODY LOTION ALOESOOTHE ,CS Body Care,NON FOOD,1,14,0,0.00%,14,0.01%,0.02%
LINDT EXCELLENCE LIME INTENSE 10,CS Chocolate ,FOOD,1,13.75,0,0.00%,13.75,0.01%,0.02%
LIFEBOUYPBMOISWRAP125g,CS Soap & Handwash,NON FOOD,3,13.5,0,0.00%,13.5,0.03%,0.02%
AL AIN WATER 500ml,CS Water,BEVERAGE,13,13,0,0.00%,13,0.12%,0.01%
ALWAYS LARGE 10 PCS,CS Sanitary Care,NON FOOD,2,13,0,0.00%,13,0.02%,0.01%
BERRY CO POMEGRANTE JUICE 1L,CS Packet Juice,BEVERAGE,1,13,0,0.00%,13,0.01%,0.01%
BERRY CO SUPERBERRY RED 1L,CS Packet Juice,BEVERAGE,1,13,0,0.00%,13,0.01%,0.01%
BOGUTTI AMERICAN COOKIES HAZELNU,Biscuit & Cookies,FOOD,2,13,0,0.00%,13,0.02%,0.01%
ClrShmpShwrMen200m,CS Shampoo & Conditioner,NON FOOD,1,13,0,0.00%,13,0.01%,0.01%
CORNETTO I/C LOVE VANILLA RASPBE,CS Ice Cream,FOOD,2,13,0,0.00%,13,0.02%,0.01%
GALAXY SMOOTH MILK 40GM,CS Chocolate ,FOOD,4,13,0,0.00%,13,0.04%,0.01%
JOHNSONS COTTON BUDS 100PCS,CS Others,NON FOOD,1,13,0,0.00%,13,0.01%,0.01%
CLEARLY SCRUMPTIOUS CRANBERRY 30,CS Dry Fruits,FOOD,1,12.75,0,0.00%,12.75,0.01%,0.01%
FA SHOWER CREAM CACAO BUTTER OIL,CS Hair Styling & Spray,NON FOOD,1,12.75,0,0.00%,12.75,0.01%,0.01%
FA SHOWER CREAM YOGHURT ALOE VER,CS Hair Styling & Spray,NON FOOD,1,12.75,0,0.00%,12.75,0.01%,0.01%
AL RABIE ORANGE 330ML,CS Packet Juice,BEVERAGE,5,12.5,0,0.00%,12.5,0.05%,0.01%
DenimMusk Aftr Shve100ml,CS Mens Care,NON FOOD,1,12.5,0,0.00%,12.5,0.01%,0.01%
Denim Original Aftr Shve100ml,CS Mens Care,NON FOOD,1,12.5,0,0.00%,12.5,0.01%,0.01%
DOUGHNUT CHOCOLATE,CS Bakery,FOOD,5,12.5,0,0.00%,12.5,0.05%,0.01%
EXTRA BIG BOTTLE STRAWBERRY,CS Mint & Gum,FOOD,1,12.5,0,0.00%,12.5,0.01%,0.01%
EXTRA BIG BOTTLE WATERMELON,CS Mint & Gum,FOOD,1,12.5,0,0.00%,12.5,0.01%,0.01%
JOHNSONS BABY SHAMPOO 200ML,CS Baby Care,NON FOOD,1,12.5,0,0.00%,12.5,0.01%,0.01%
LAYS SALT VINEGAR 185GM,CS Chips & Snacks,FOOD,2,12.5,0,0.00%,12.5,0.02%,0.01%
AL AIN MANGO YOGHURT 125GM,CS Dairy ,FOOD,7,12.25,0,0.00%,12.25,0.06%,0.01%
AL AIN MORNING PEACH MUSELI 250G,CS Dairy ,FOOD,4,12,0,0.00%,12,0.04%,0.01%
Beef Noodle Soup,Soup ,FOOD,1,12,0,0.00%,12,0.01%,0.01%
Cappuccino,Coffee,BEVERAGE,1,12,0,0.00%,12,0.01%,0.01%
CHOCOLATE BROWNIE ,Dessert,FOOD,1,12,0,0.00%,12,0.01%,0.01%
COCA COLA PET 500ML,Softdrinks,BEVERAGE,2,12,0,0.00%,12,0.02%,0.01%
CROISSANT CHEESE,CS Bakery,FOOD,6,12,0,0.00%,12,0.05%,0.01%
DOVE SH NUTRITIVE DAILY CARE 200,CS Shampoo & Conditioner,NON FOOD,1,12,0,0.00%,12,0.01%,0.01%
Espresso Macchiato,Nespresso,FOOD,1,12,0,0.00%,12,0.01%,0.01%
Gatorade ,Softdrinks,BEVERAGE,1,12,0,0.00%,12,0.01%,0.01%
Iced Macchiato,Nespresso,FOOD,1,12,0,0.00%,12,0.01%,0.01%
Jalapenos,Pizza,FOOD,2,12,0,0.00%,12,0.02%,0.01%
Khubus Bread,Breakfast,FOOD,6,12,0,0.00%,12,0.05%,0.01%
Laban 500ML,CS Dairy ,FOOD,4,12,0,0.00%,12,0.04%,0.01%
LABELLO FRUITY SHINE 4.8GM,CS Facial Care,NON FOOD,1,12,0,0.00%,12,0.01%,0.01%
Lacnor Low Fat Milk 1L,CS Dairy ,BEVERAGE,3,12,0,0.00%,12,0.03%,0.01%
LACNOR MILK CHOCOLATE 180ML,CS Packet Juice,BEVERAGE,8,12,0,0.00%,12,0.07%,0.01%
LIP GREEN MINT 25 TB,CS Tea,FOOD,2,12,0,0.00%,12,0.02%,0.01%
LUSINE PUFF CHEESE,CS Bakery,FOOD,6,12,0,0.00%,12,0.05%,0.01%
LUX BW SOFT TOUCH 250ML,CS Body Care,NON FOOD,1,12,0,0.00%,12,0.01%,0.01%
Mash and Gravy,Extras,FOOD,2,12,0,0.00%,12,0.02%,0.01%
PEPSI CAN,Softdrinks,BEVERAGE,3,12,0,0.00%,12,0.03%,0.01%
SMINT CANDY GUM STRAWBERRY 14.2G,CS Mint & Gum,FOOD,3,12,0,0.00%,12,0.03%,0.01%
SMINT POCKET LEMON ,CS Mint & Gum,FOOD,2,12,0,0.00%,12,0.02%,0.01%
Soda Coke,Softdrinks,BEVERAGE,3,12,0,0.00%,12,0.03%,0.01%
Veg Noodle Soup,Soup ,FOOD,1,12,0,0.00%,12,0.01%,0.01%
ALMARAI TIN CHEESE 200G,CS Dairy ,FOOD,1,11.75,0,0.00%,11.75,0.01%,0.01%
LIFEBUOY HW MILD CARE 200ML,CS Soap & Handwash,NON FOOD,1,11.5,0,0.00%,11.5,0.01%,0.01%
LIFEBUOY HW TOTAL 10 200ML,CS Soap & Handwash,NON FOOD,1,11.5,0,0.00%,11.5,0.01%,0.01%
ORAL B FLOSS UNWAXED,CS Oral Care,NON FOOD,1,11,0,0.00%,11,0.01%,0.01%
Sugar Granul2Kg ,CS Coocking & Baking,FOOD,1,11,0,0.00%,11,0.01%,0.01%
YUM YUM CRUNCHY PEANUT BUTTER 40,CS Dairy ,FOOD,1,10.75,0,0.00%,10.75,0.01%,0.01%
AL AIN PINEAPPLE YOGHURT 125GM,CS Dairy ,FOOD,6,10.5,0,0.00%,10.5,0.05%,0.01%
BEST 30GM SALTED PEANUTS,CS Nuts & Seeds,FOOD,7,10.5,0,0.00%,10.5,0.06%,0.01%
BRIE PORT CHEESE COEUR DE LION 1,CS Dairy ,FOOD,1,10.5,0,0.00%,10.5,0.01%,0.01%
"BUN BREAD SEASAME 4"" 6 PCS",CS Bakery,FOOD,3,10.5,0,0.00%,10.5,0.03%,0.01%
CASTANIA CASHEW 60G,CS Nuts & Seeds,FOOD,1,10.5,0,0.00%,10.5,0.01%,0.01%
ClasicSndwichBag150bags,CS Bags/Foil/Wraps,NON FOOD,1,10.5,0,0.00%,10.5,0.01%,0.01%
DOUGHNUT JAM,CS Bakery,FOOD,7,10.5,0,0.00%,10.5,0.06%,0.01%
KOKA CUP NODLE VEG,CS Pasta & Noodles,FOOD,3,10.5,0,0.00%,10.5,0.03%,0.01%
MENTOS 38GM CHEWY COLA,CS Mint & Gum,FOOD,6,10.5,0,0.00%,10.5,0.05%,0.01%
ARIEL 260GM BLUE,CS Laundry Care,NON FOOD,2,10,0,0.00%,10,0.02%,0.01%
GATORADE BLUE BOLT PET 500ML,CS Sports & Energy Drinks,BEVERAGE,2,10,0,0.00%,10,0.02%,0.01%
GATORADE LEMON PET 500ML,CS Sports & Energy Drinks,BEVERAGE,2,10,0,0.00%,10,0.02%,0.01%
GATORADE TOPICL FRUIT PET 500ML,CS Sports & Energy Drinks,BEVERAGE,2,10,0,0.00%,10,0.02%,0.01%
GLTTESSHVCLSHV200M,CS Mens Care,NON FOOD,1,10,0,0.00%,10,0.01%,0.01%
LAYS 40GM SALT VINEGAR,CS Chips & Snacks,FOOD,5,10,0,0.00%,10,0.05%,0.01%
SCHOGETTEN KIDS 100GM,CS Chocolate ,FOOD,2,10,0,0.00%,10,0.02%,0.01%
SINGLE ASSAM LOOSE TEA,Tea,FOOD,1,10,0,0.00%,10,0.01%,0.01%
VASELINE PETROLEUM JELLY 60ML,CS Body Care,NON FOOD,2,10,0,0.00%,10,0.02%,0.01%
ALMARAI BUTTER UNSALTED 200G,CS Dairy ,FOOD,1,9.75,0,0.00%,9.75,0.01%,0.01%
CLOSEUP FIRE FREEZE INTENSE 100M,CS Oral Care,NON FOOD,1,9.75,0,0.00%,9.75,0.01%,0.01%
BEST CAN MIXED NUTS 110GM,CS Nuts & Seeds,FOOD,1,9.5,0,0.00%,9.5,0.01%,0.01%
FANTA ORANGE CAN,Softdrinks,BEVERAGE,3,9.5,0,0.00%,9.5,0.03%,0.01%
BOGUTTI WHITE CHOCO PCS 37%,Biscuit & Cookies,FOOD,1,9.25,0,0.00%,9.25,0.01%,0.01%
CHEFS WORLD UDON NOODLES 200GM,CS Pasta & Noodles,FOOD,1,9.25,0,0.00%,9.25,0.01%,0.01%
PRINGLES CHEESE 165GM,CS Chips & Snacks,FOOD,1,9.25,0,0.00%,9.25,0.01%,0.01%
AL AIN MORNING BLACKBERRY MUSELI,CS Dairy ,FOOD,3,9,0,0.00%,9,0.03%,0.01%
AL AIN MORNING CRANBERRY MUSELI ,CS Dairy ,FOOD,3,9,0,0.00%,9,0.03%,0.01%
BEST 13GM ALMOND,CS Nuts & Seeds,FOOD,6,9,0,0.00%,9,0.05%,0.01%
CERES RUBY GRAPE FRUIT JUICE 1L,CS Packet Juice,BEVERAGE,1,9,0,0.00%,9,0.01%,0.01%
EXT BAR APPLE,CS Cereal,FOOD,1,9,0,0.00%,9,0.01%,0.01%
HANSAPLAST TRANSPARENT 20 STRIPS,CS Others,NON FOOD,1,9,0,0.00%,9,0.01%,0.01%
PEPSI CAN 355ML ,CS Soft Drinks,BEVERAGE,6,9,0,0.00%,9,0.05%,0.01%
QUAKER WHITE OATS TIN 500GM,CS Cereal,FOOD,1,9,0,0.00%,9,0.01%,0.01%
RiceKrispiesCMB20g,CS Cereal,FOOD,3,9,0,0.00%,9,0.03%,0.01%
SLICED BREAD BROWN JUMBO,CS Bakery,FOOD,2,9,0,0.00%,9,0.02%,0.01%
FRUIT TELLA STRAWBERRY 39G,CS Mint & Gum,FOOD,5,8.75,0,0.00%,8.75,0.05%,0.01%
ENERGIZER AAA 2 PCS,CS Others,NON FOOD,1,8.5,0,0.00%,8.5,0.01%,0.01%
VASELINE PETROLEUM JELLY 120M,CS Body Care,NON FOOD,1,8.5,0,0.00%,8.5,0.01%,0.01%
ADD CARAMEL DRIZZLE,Starbucks,FOOD,2,8,0,0.00%,8,0.02%,0.01%
ADD WHIPPED CREAM,Starbucks,FOOD,2,8,0,0.00%,8,0.02%,0.01%
AL AIN FRESH MANGO JUICE 330ML,CS Packet Juice,BEVERAGE,1,8,0,0.00%,8,0.01%,0.01%
AL MARAI WHIPPING CREAM 250ML,CS Dairy ,FOOD,1,8,0,0.00%,8,0.01%,0.01%
CHOCOLATE ECLAIR,PASTRIES,FOOD,1,8,0,0.00%,8,0.01%,0.01%
Coke Zero,Softdrinks,BEVERAGE,2,8,0,0.00%,8,0.02%,0.01%
CROISSANT HI BUTTER ZATAR,CS Bakery,FOOD,2,8,0,0.00%,8,0.02%,0.01%
EXTRA CHEDDAR,Cheese,FOOD,2,8,0,0.00%,8,0.02%,0.01%
FAMILIA 50GM MUESLI ORIGINAL,CS Cereal,FOOD,2,8,0,0.00%,8,0.02%,0.01%
Fanta,Softdrinks,BEVERAGE,2,8,0,0.00%,8,0.02%,0.01%
FANTA STRAWBERRY CAN,Softdrinks,BEVERAGE,2,8,0,0.00%,8,0.02%,0.01%
Fresh Orange Juice,Fresh Juices,BEVERAGE,1,8,0,0.00%,8,0.01%,0.01%
HEINZ TUNA LIGHT SOLID OIL TIN 1,CS Can & Jar Food,FOOD,1,8,0,0.00%,8,0.01%,0.01%
KNORR CREAM OF CORN80G,CS Packet Food,FOOD,1,8,0,0.00%,8,0.01%,0.01%
LACNOR MANGO 180ML,Fresh Juices,BEVERAGE,2,8,0,0.00%,8,0.02%,0.01%
LACNOR MILK BANANA 180ML,CS Packet Juice,BEVERAGE,6,8,0,0.00%,8,0.05%,0.01%
LEMON PACKET,CS Fresh Fruit,FOOD,1,8,0,0.00%,8,0.01%,0.01%
MANI PEANUTS SPICY PAPRIKA 45G,CS Dry Fruits,FOOD,2,8,0,0.00%,8,0.02%,0.01%
Mixed Salad&Pitta,Extras,FOOD,1,8,0,0.00%,8,0.01%,0.01%
PEPSI DIET PET 500M,CS Soft Drinks,BEVERAGE,4,8,0,0.00%,8,0.04%,0.01%
SPARKLING WATER PREMIUM,Water,BEVERAGE,1,8,0,0.00%,8,0.01%,0.01%
Steamed Rice,Main course,FOOD,1,8,0,0.00%,8,0.01%,0.01%
THE BERRY CO POMEGRANTE JUICE,Packet Juice,BEVERAGE,1,8,0,0.00%,8,0.01%,0.01%
MAGNUM I/C CR�ME BRULEE,CS Chocolate ,FOOD,1,7.75,0,0.00%,7.75,0.01%,0.01%
AM Chd Sli 200,CS Dairy ,FOOD,1,7.5,0,0.00%,7.5,0.01%,0.01%
COKE CAN 300ML,CS Soft Drinks,BEVERAGE,5,7.5,0,0.00%,7.5,0.05%,0.01%
CROISSANT PLAIN,CS Bakery,FOOD,5,7.5,0,0.00%,7.5,0.05%,0.01%
MENTOS MINIS ASSORTED PACKET 250,CS Mint & Gum,FOOD,1,7.5,0,0.00%,7.5,0.01%,0.01%
PEPSI DIET CAN 335ML ,CS Soft Drinks,BEVERAGE,5,7.5,0,0.00%,7.5,0.05%,0.01%
FUN PLASTIC KNIFE PLUM 18PCS,CS Disposable,NON FOOD,1,7.25,0,0.00%,7.25,0.01%,0.01%
AL AIN KIWI APPLE YOGHURT 125GM,CS Dairy ,FOOD,4,7,0,0.00%,7,0.04%,0.01%
AL MARAI FRESH MILK LOW FAT 1L,CS Dairy ,FOOD,1,7,0,0.00%,7,0.01%,0.01%
Castania Peanuts60g,Peannuts,FOOD,1,7,0,0.00%,7,0.01%,0.01%
FAMILIA 50GM MUESLI CRUNCH,CS Cereal,FOOD,2,7,0,0.00%,7,0.02%,0.01%
FANTA APPLE CAN,Softdrinks,BEVERAGE,3,7,0,0.00%,7,0.03%,0.01%
KOKA CUP CHICKEN,CS Pasta & Noodles,FOOD,2,7,0,0.00%,7,0.02%,0.01%
KOKA CUP CURRY,CS Pasta & Noodles,FOOD,2,7,0,0.00%,7,0.02%,0.01%
KOKA CUP MUSHROOM,CS Pasta & Noodles,FOOD,2,7,0,0.00%,7,0.02%,0.01%
KOKA CUP TOMATO,CS Pasta & Noodles,FOOD,2,7,0,0.00%,7,0.02%,0.01%
LARGE GLASS FRESH MILK,Coffee,FOOD,1,7,0,0.00%,7,0.01%,0.01%
ORAL B BRUSH CLASSIC,CS Oral Care,NON FOOD,2,7,0,0.00%,7,0.02%,0.01%
ALMARAI BURGER SLICE CHEESE 200G,CS Dairy ,FOOD,1,6.75,0,0.00%,6.75,0.01%,0.01%
BOGUTTI AMERICAN COOKIES RAISINS,Biscuit & Cookies,FOOD,1,6.5,0,0.00%,6.5,0.01%,0.01%
CORNETTO I/C LOVE TOFFEE,CS Ice Cream,FOOD,1,6.5,0,0.00%,6.5,0.01%,0.01%
DR OETKER NO.1 CANDLE,CS Disposable,NON FOOD,1,6.5,0,0.00%,6.5,0.01%,0.01%
DR OETKER NO.8 CANDLE,CS Disposable,NON FOOD,1,6.5,0,0.00%,6.5,0.01%,0.01%
FUN24OZMLTI,CS Disposable,NON FOOD,1,6.5,0,0.00%,6.5,0.01%,0.01%
7 UP DIET 355ML ,CS Soft Drinks,BEVERAGE,4,6,0,0.00%,6,0.04%,0.01%
7 UP PET 500ML,Softdrinks,BEVERAGE,1,6,0,0.00%,6,0.01%,0.01%
AL MARAI CHEESE 8 TRIANGLES 120G,CS Dairy ,FOOD,2,6,0,0.00%,6,0.02%,0.01%
BUTTER CROISSANT,PASTRIES,FOOD,1,6,0,0.00%,6,0.01%,0.01%
COCA COAL LIGHT PET 500ML,Softdrinks,BEVERAGE,1,6,0,0.00%,6,0.01%,0.01%
COKE ZERO CAN 300M,CS Soft Drinks,BEVERAGE,4,6,0,0.00%,6,0.04%,0.01%
DOUGHNUT ICING WHITE,CS Bakery,FOOD,4,6,0,0.00%,6,0.04%,0.01%
Extra Cheese,Cheese,FOOD,2,6,0,0.00%,6,0.02%,0.01%
FacialTissuewhit,CS Tissue & Toilet Rolls,NON FOOD,3,6,0,0.00%,6,0.03%,0.01%
FANTA PET 500ML,Softdrinks,BEVERAGE,1,6,0,0.00%,6,0.01%,0.01%
GLAD ALUMINIUM FOIL 25 SQ FEET,CS Bags/Foil/Wraps,NON FOOD,1,6,0,0.00%,6,0.01%,0.01%
NATURE VALLEY APPLE CRIS,CS Cereal,FOOD,2,6,0,0.00%,6,0.02%,0.01%
Peppers,Pizza,FOOD,1,6,0,0.00%,6,0.01%,0.01%
PEPSI PET 500ML,Softdrinks,BEVERAGE,1,6,0,0.00%,6,0.01%,0.01%
Pineapple,Pizza,FOOD,1,6,0,0.00%,6,0.01%,0.01%
POKKA ICED TEA PEACH 500ML,CS Packet Juice,BEVERAGE,2,6,0,0.00%,6,0.02%,0.01%
STILL WATER REG,Water,BEVERAGE,3,6,0,0.00%,6,0.03%,0.01%
DOVE BAR FRESH TOUCH 135GM,CS Soap & Handwash,NON FOOD,1,5.5,0,0.00%,5.5,0.01%,0.01%
MODERN BAKE CRANBERRY ENERGY BAR,CS Cereal,FOOD,1,5.5,0,0.00%,5.5,0.01%,0.01%
PERRIER WATER SLIM CAN 250ML,Convenience Beverages,BEVERAGE,2,5.5,0,0.00%,5.5,0.02%,0.01%
VOCHELLE DARK CHOC FRUIT & NUTS ,CS Chocolate ,FOOD,1,5.5,0,0.00%,5.5,0.01%,0.01%
Ferrarelle 330Ml ,CS Water,BEVERAGE,1,5.25,0,0.00%,5.25,0.01%,0.01%
A/G IODIZED SALT 26OZ,CS Can & Jar Food,FOOD,2,5,0,0.00%,5,0.02%,0.01%
AL AIN YOGHURT FULL CREAM 170GM,CS Dairy ,FOOD,4,5,0,0.00%,5,0.04%,0.01%
AL RABIE PINEAPPLE 330ML,CS Packet Juice,BEVERAGE,2,5,0,0.00%,5,0.02%,0.01%
ARIEL 260GM GREEN,CS Laundry Care,NON FOOD,1,5,0,0.00%,5,0.01%,0.01%
CARTE DOR LEMON SORBET 1 SCOOP,Ice cream,FOOD,1,5,0,0.00%,5,0.01%,0.01%
CROISSANT ZATAR,CS Bakery,FOOD,2,5,0,0.00%,5,0.02%,0.01%
Extra Fruit,TOPPINGS,FOOD,1,5,0,0.00%,5,0.01%,0.01%
FANTA LARGE 2.25L,CS Soft Drinks,BEVERAGE,1,5,0,0.00%,5,0.01%,0.01%
INSTANT COFFEE,CS Coffee,FOOD,1,5,0,0.00%,5,0.01%,0.01%
Kit Kat,Chocolate,FOOD,1,5,0,0.00%,5,0.01%,0.01%
MANI 20G SWEET COCKTAIL NUTS FRU,CS Dry Fruits,FOOD,2,5,0,0.00%,5,0.02%,0.01%
PEPSI LARGE 2.25L,CS Soft Drinks,BEVERAGE,1,5,0,0.00%,5,0.01%,0.01%
SCRUMMIES BLACKCURRANT CRANBERRI,CS Dry Fruits,FOOD,1,4.75,0,0.00%,4.75,0.01%,0.01%
SCRUMMIES BLUEBERRY CRANBERRIES ,CS Dry Fruits,FOOD,1,4.75,0,0.00%,4.75,0.01%,0.01%
SCRUMMIES CHERRY CRANBERRIES 20G,CS Dry Fruits,FOOD,1,4.75,0,0.00%,4.75,0.01%,0.01%
SCRUMMIES STRAWBERRY CRANBERRIES,CS Dry Fruits,FOOD,1,4.75,0,0.00%,4.75,0.01%,0.01%
KNORR PACKET GOURMET WILD MUSHRO,CS Packet Food,FOOD,1,4.5,0,0.00%,4.5,0.01%,0.01%
MOUNTAIN DEW CAN 335ML ,CS Soft Drinks,BEVERAGE,3,4.5,0,0.00%,4.5,0.03%,0.01%
NESCAFE SACHET RED MUG 1 PCS,CS Coffee,FOOD,6,4.5,0,0.00%,4.5,0.05%,0.01%
POKKA LEMON ICED TEA 330ML,CS Soft Drinks,BEVERAGE,2,4.5,0,0.00%,4.5,0.02%,0.01%
SCHWEPPES BITTER LEMON 300M,CS Soft Drinks,BEVERAGE,3,4.5,0,0.00%,4.5,0.03%,0.01%
ALPEN BAR FRUIT NUT 28GM,CS Cereal,FOOD,1,4.25,0,0.00%,4.25,0.01%,0.00%
ADD CARAMEL DRIZZLE,Starbucks,FOOD,1,4,0,0.00%,4,0.01%,0.00%
Add Mini PastryCombo,Dessert,FOOD,4,4,0,0.00%,4,0.04%,0.00%
ADD SOYA MILK,Starbucks,FOOD,2,4,0,0.00%,4,0.02%,0.00%
D Sprite,Softdrinks,BEVERAGE,1,4,0,0.00%,4,0.01%,0.00%
EXTRA PROTEIN,TOPPINGS,FOOD,1,4,0,0.00%,4,0.01%,0.00%
GLASS OF MILK,Milk,FOOD,1,4,0,0.00%,4,0.01%,0.00%
MENTOS 38GM CHEWY MINT,CS Mint & Gum,FOOD,2,4,0,0.00%,4,0.02%,0.00%
Pepsi Light,Softdrinks,BEVERAGE,1,4,0,0.00%,4,0.01%,0.00%
SLICED BREAD WHITE JUMBO,CS Bakery,FOOD,1,4,0,0.00%,4,0.01%,0.00%
"BUN BREAD PLAIN 4"" 6 PCS",CS Bakery,FOOD,1,3.5,0,0.00%,3.5,0.01%,0.00%
DESIAM FISH SAUCE 60ML,CS Sauce,FOOD,1,3.5,0,0.00%,3.5,0.01%,0.00%
FAMILIA 50GM MUESLI CHOCO,CS Cereal,FOOD,1,3.5,0,0.00%,3.5,0.01%,0.00%
LUX BAR CREAMY PERFECTION 120GM,CS Soap & Handwash,NON FOOD,1,3.5,0,0.00%,3.5,0.01%,0.00%
M&M MINIS TUBE 30GM,CS Chocolate ,FOOD,1,3.5,0,0.00%,3.5,0.01%,0.00%
MATESERES 37GM,CS Chocolate ,FOOD,1,3.5,0,0.00%,3.5,0.01%,0.00%
SAFETY MATCH STICK BOX,CS Non Food,NON FOOD,2,3.5,0,0.00%,3.5,0.02%,0.00%
WalkersChocolate Chips40g,Biscuits,FOOD,1,3.5,0,0.00%,3.5,0.01%,0.00%
WALKERS SB HIGHLANDERS 40G,Biscuit & Cookies,FOOD,1,3.5,0,0.00%,3.5,0.01%,0.00%
GALAXY FRUIT & NUT 40GM,CS Chocolate ,FOOD,1,3.25,0,0.00%,3.25,0.01%,0.00%
INDOMIE CUP BEEF,CS Pasta & Noodles,FOOD,1,3.25,0,0.00%,3.25,0.01%,0.00%
VOLVIC WATER 330ML,CS Water,BEVERAGE,1,3.25,0,0.00%,3.25,0.01%,0.00%
AL MARAI KIWI LIME JUICE 300ML ,CS Packet Juice,BEVERAGE,1,3,0,0.00%,3,0.01%,0.00%
Apple Crunch,Cereal Bar,FOOD,1,3,0,0.00%,3,0.01%,0.00%
Best Salted Peanut30g,Peannuts,FOOD,1,3,0,0.00%,3,0.01%,0.00%
CocoPopsCMB20g,CS Cereal,FOOD,1,3,0,0.00%,3,0.01%,0.00%
Lacnor Cocktail180ML,Fresh Juices,FOOD,2,3,0,0.00%,3,0.02%,0.00%
Mini Muffins,Extras,FOOD,1,3,0,0.00%,3,0.01%,0.00%
Roasted Almond ,Cereal Bar,FOOD,1,3,0,0.00%,3,0.01%,0.00%
SCHWEPPES TONIC WATER CAN 300M,CS Soft Drinks,BEVERAGE,2,3,0,0.00%,3,0.02%,0.00%
AL MARAI MIXED FRUIT 300ML,CS Packet Juice,BEVERAGE,1,2.5,0,0.00%,2.5,0.01%,0.00%
AL MARAI ORANGE CARROT JUICE 300,CS Packet Juice,BEVERAGE,1,2.5,0,0.00%,2.5,0.01%,0.00%
AL RABIE ORANGE PEACH 330ML,Fresh Juices,BEVERAGE,1,2.5,0,0.00%,2.5,0.01%,0.00%
LACNOR APPLE 180ML,CS Packet Juice,BEVERAGE,2,2.5,0,0.00%,2.5,0.02%,0.00%
Nail Cutter ,CS Others,NON FOOD,1,2.5,0,0.00%,2.5,0.01%,0.00%
AL AIN BENECOL YOGHURT 125GM,CS Dairy ,FOOD,1,2,0,0.00%,2,0.01%,0.00%
AL AIN LABAN 250ML,CS Dairy ,FOOD,1,2,0,0.00%,2,0.01%,0.00%
EXTRA PELLET SPEARMINT GUM,CS Mint & Gum,FOOD,1,2,0,0.00%,2,0.01%,0.00%
EXTRA SALAD,TOPPINGS,FOOD,1,2,0,0.00%,2,0.01%,0.00%
HONEY & MUSTARD SAUCE,Extras,FOOD,1,2,0,0.00%,2,0.01%,0.00%
MENTOS 38GM CHEWY FRUIT,CS Mint & Gum,FOOD,1,2,0,0.00%,2,0.01%,0.00%
SPRITE PET 500ML,CS Soft Drinks,BEVERAGE,1,2,0,0.00%,2,0.01%,0.00%
TEA,Tea,FOOD,1,2,0,0.00%,2,0.01%,0.00%
THOUSAND ISALND SAUCE,Extras,FOOD,1,2,0,0.00%,2,0.01%,0.00%
WRIGLEYS JUICY FRUIT STICK BANAN,CS Mint & Gum,FOOD,2,2,0,0.00%,2,0.02%,0.00%
COKE CAN 330ML ,CS Soft Drinks,BEVERAGE,1,1.5,0,0.00%,1.5,0.01%,0.00%
COKE DIET CAN 330ML ,CS Soft Drinks,BEVERAGE,1,1.5,0,0.00%,1.5,0.01%,0.00%
FANTA STRAWBERRY 355M,CS Soft Drinks,BEVERAGE,1,1.5,0,0.00%,1.5,0.01%,0.00%
LACNOR MILK STRAWBERRY 180ML,CS Packet Juice,BEVERAGE,1,1.5,0,0.00%,1.5,0.01%,0.00%
WRIGLEYS DOUBLEMINT STICK GUM,CS Mint & Gum,FOOD,1,1,0,0.00%,1,0.01%,0.00%
TOTAL*,,,"8,971","89,293.50",0,0.00%,"89,293.50",80.81%,100.00%
,,,,,,,,,
