Menu Engineering Items Summary,,,,,,,,,
,,,,,,,,,
Business Dates,11/21/2015,,,,,,,,
Locations,"DEMO,UAE",,,,,,,,
Revenue Centers,All,,,,,,,,
Menu Items,All,,,,,,,,
,,,,,,,,,
Menu Item Name,Family Group,Major Group,Qty Sold,Net Sales,Prep Cost,Cost %,Margin Less Item Disc,% Qty,% Margin
Stud Meal Combo,Main course,FOOD,198,"5,790.00",0,0.00%,"5,790.00",2.11%,9.56%
CHICKEN MEAL ,Main course,FOOD,91,"2,225.00",0,0.00%,"2,225.00",0.97%,3.67%
Student Breakfast,Breakfast,FOOD,64,"1,920.00",0,0.00%,"1,920.00",0.68%,3.17%
Classic Angus Burger,Burgers,FOOD,54,"1,620.00",0,0.00%,"1,620.00",0.57%,2.67%
VEGGIE MEAL,Veggie,FOOD,68,"1,496.00",0,0.00%,"1,496.00",0.72%,2.47%
Masafi Water500ml,Water,BEVERAGE,"1,375","1,374.00",0,0.00%,"1,374.00",14.64%,2.27%
Margherita(V),Pizza,FOOD,46,"1,150.00",0,0.00%,"1,150.00",0.49%,1.90%
Slice of the Day,Pizza,FOOD,200,"1,000.00",0,0.00%,"1,000.00",2.13%,1.65%
MARINATED SALMON STEAK,Grill,FOOD,33,990,0,0.00%,990,0.35%,1.63%
SERCO LUNCH,SERCO LUNCH,FOOD,64,960,0,0.00%,960,0.68%,1.58%
Chocolate Bar,Extras,FOOD,190,950,0,0.00%,950,2.02%,1.57%
BBQ Glazed Chicken,Sandwiches,FOOD,42,882,0,0.00%,882,0.45%,1.46%
Chicken Steak,Grill,FOOD,34,816,0,0.00%,816,0.36%,1.35%
Chicken Caesar,Salads,FOOD,29,725,0,0.00%,725,0.31%,1.20%
FG MEDIUM BOWL,FEEL GOOD,FOOD,40,720,0,0.00%,720,0.43%,1.19%
FG LARGE BOWL,FEEL GOOD,FOOD,26,676,0,0.00%,676,0.28%,1.12%
Falafel Tomato & Hummus(V),Sandwiches,FOOD,35,630,0,0.00%,630,0.37%,1.04%
Smoked Salmon,Sandwiches,FOOD,25,625,0,0.00%,625,0.27%,1.03%
Take Away Box,Take Away Boxes,NON FOOD,179,537,0,0.00%,537,1.91%,0.89%
Buffet Meal,Main course,FOOD,23,506,0,0.00%,506,0.24%,0.84%
Fresh Fruit Pcs,Extras,FOOD,168,504,0,0.00%,504,1.79%,0.83%
7 OZ DOUBLE SHOT ICED SHAKEN,Starbucks,FOOD,35,490,0,0.00%,490,0.37%,0.81%
LACNOR COCKTAIL 180ML,Fresh Juices,BEVERAGE,119,476,0,0.00%,476,1.27%,0.79%
Dessert,Dessert,FOOD,116,464,0,0.00%,464,1.23%,0.77%
Tenderloin Steak,Burgers,FOOD,15,450,0,0.00%,450,0.16%,0.74%
FISH & SHRIMP MEAL,Main course,FOOD,17,425,0,0.00%,425,0.18%,0.70%
LACNOR MILK CHOCOLATE,Flavoured Milk,BEVERAGE,105,420,0,0.00%,420,1.12%,0.69%
Go Large,Pizza,FOOD,52,416,0,0.00%,416,0.55%,0.69%
Pesto Roasted Chicken,Sandwiches,FOOD,18,414,0,0.00%,414,0.19%,0.68%
LACNOR MILK BANANA,Flavoured Milk,BEVERAGE,103,412,0,0.00%,412,1.10%,0.68%
Chicken Tikka,Sandwiches,FOOD,17,408,0,0.00%,408,0.18%,0.67%
Tandoori Chicken,Pizza,FOOD,11,396,0,0.00%,396,0.12%,0.65%
Isabella(V),Pizza,FOOD,11,385,0,0.00%,385,0.12%,0.64%
Grilled Chicken Burger,Burgers,FOOD,16,384,0,0.00%,384,0.17%,0.63%
COCA COLA CAN,Softdrinks,BEVERAGE,93,372,0,0.00%,372,0.99%,0.61%
Two Eggs ,Breakfast,FOOD,73,365,0,0.00%,365,0.78%,0.60%
SERCO DINNER,SERCO DINNER,FOOD,24,360,0,0.00%,360,0.26%,0.59%
Buffet Fruit Salad,Salads,FOOD,71,355,0,0.00%,355,0.76%,0.59%
FRESH JUICE SMALL,Breakfast,FOOD,87,348,0,0.00%,348,0.93%,0.57%
Side Salad,Salads,FOOD,85,340,0,0.00%,340,0.90%,0.56%
LACNOR MILK STRAWBERRY,Flavoured Milk,BEVERAGE,84,336,0,0.00%,336,0.89%,0.55%
12 OZ CAFFE LATTE,Starbucks,FOOD,27,324,0,0.00%,324,0.29%,0.53%
Hawaiian,Pizza,FOOD,10,320,0,0.00%,320,0.11%,0.53%
SERCO BREAKFAST,SERCO BREAKFAST,FOOD,21,315,0,0.00%,315,0.22%,0.52%
LACNOR APPLE 180ML,Fresh Juices,BEVERAGE,78,312,0,0.00%,312,0.83%,0.51%
UNCOOKED TURKEY PER KG @ 24,CS Festival Food,FOOD,2,312,0,0.00%,312,0.02%,0.51%
COCONUT WATER CAN,Packet Juice,BEVERAGE,72,288,0,0.00%,288,0.77%,0.48%
FRESH JUICE LARGE,Fresh Juices,FOOD,42,287,0,0.00%,287,0.45%,0.47%
Guest Meal Combo,Main course,FOOD,10,280,0,0.00%,280,0.11%,0.46%
Salmon Salad,Salads,FOOD,11,275,0,0.00%,275,0.12%,0.45%
16 OZ WHITE CHOCOLATE MOCHA,Starbucks,FOOD,16,272,0,0.00%,272,0.17%,0.45%
16 OZ CAFFE LATTE,Starbucks,FOOD,19,266,0,0.00%,266,0.20%,0.44%
Frid Rice W Chicken,Fried Rice,FOOD,8,256,0,0.00%,256,0.09%,0.42%
Walkers Short Bread40g,Biscuits,FOOD,73,255.5,0,0.00%,255.5,0.78%,0.42%
V Spring Rolls,Veggie,FOOD,14,252,0,0.00%,252,0.15%,0.42%
Rocco,Pizza,FOOD,7,245,0,0.00%,245,0.07%,0.40%
Yoghurt,Yogurt,FOOD,61,244,0,0.00%,244,0.65%,0.40%
7 UP DIET CAN,Softdrinks,BEVERAGE,60,240,0,0.00%,240,0.64%,0.40%
BUTTER FLY CHICKEN BREAST ,Grill,FOOD,10,240,0,0.00%,240,0.11%,0.40%
COCA COLA DIET CAN,Softdrinks,BEVERAGE,60,240,0,0.00%,240,0.64%,0.40%
Super Food Salad (V),Salads,FOOD,10,240,0,0.00%,240,0.11%,0.40%
Portion Protein,Main course,FOOD,23,230,0,0.00%,230,0.24%,0.38%
16 OZ ICED CARAMEL MACCHIATO,Starbucks,FOOD,13,229,0,0.00%,229,0.14%,0.38%
12 OZ CAPPUCHINO,Starbucks,FOOD,19,228,0,0.00%,228,0.20%,0.38%
Meat Feast,Pizza,FOOD,6,228,0,0.00%,228,0.06%,0.38%
Smoked Turkey Ham Pasta,Salads,FOOD,10,220,0,0.00%,220,0.11%,0.36%
Fruit Salad,Yoghurt Pots,FOOD,17,204,0,0.00%,204,0.18%,0.34%
WALK IN LUNCH,WALK IN LUNCH,FOOD,20,200,0,0.00%,200,0.21%,0.33%
16 OZ ICED CAFFE LATTE,Starbucks,FOOD,14,198,0,0.00%,198,0.15%,0.33%
16 OZ CAPPUCHINO,Starbucks,FOOD,14,196,0,0.00%,196,0.15%,0.32%
16 OZ CAFFE AMERICANO,Starbucks,FOOD,16,192,0,0.00%,192,0.17%,0.32%
Small Salad,Salads,FOOD,16,192,0,0.00%,192,0.17%,0.32%
French Fries,Extras,FOOD,31,186,0,0.00%,186,0.33%,0.31%
12OZ WHITE CHOCOLATE MOCHA,Starbucks,FOOD,12,180,0,0.00%,180,0.13%,0.30%
LACNOR MANGO 180ML,Fresh Juices,BEVERAGE,44,176,0,0.00%,176,0.47%,0.29%
Roast Beef,Sandwiches,FOOD,8,176,0,0.00%,176,0.09%,0.29%
Cereal Portion,Breakfast,FOOD,25,175,0,0.00%,175,0.27%,0.29%
Chicken Nuggets,Extras,FOOD,17,170,0,0.00%,170,0.18%,0.28%
FANTA STRAWBERRY CAN,Softdrinks,BEVERAGE,42,168,0,0.00%,168,0.45%,0.28%
16 OZ ICED CAFE AMERICANO,Starbucks,FOOD,13,160,0,0.00%,160,0.14%,0.26%
Hash Browns,Breakfast,FOOD,40,160,0,0.00%,160,0.43%,0.26%
Yogurt Muesli Honey,Yoghurt Pots,FOOD,10,160,0,0.00%,160,0.11%,0.26%
Greek Salad,Salads,FOOD,7,154,0,0.00%,154,0.07%,0.25%
CROISSANT MINI,Dessert,FOOD,51,153,0,0.00%,153,0.54%,0.25%
16 OZ VANILLA LATTE,Starbucks,FOOD,8,152,0,0.00%,152,0.09%,0.25%
MOUNTAIN DEW,Softdrinks,BEVERAGE,38,152,0,0.00%,152,0.40%,0.25%
Buffalo Chicken,Grill,FOOD,9,144,0,0.00%,144,0.10%,0.24%
PEPSI CAN,Softdrinks,BEVERAGE,36,144,0,0.00%,144,0.38%,0.24%
Yogurt Blueberry,Yoghurt Pots,FOOD,8,144,0,0.00%,144,0.09%,0.24%
12 OZ CAFFE AMERICANO,Starbucks,FOOD,14,140,0,0.00%,140,0.15%,0.23%
AL AIN FRESH MILK LOW FAT 2L,CS Dairy ,FOOD,14,140,0,0.00%,140,0.15%,0.23%
Beef sausage,Breakfast,FOOD,28,140,0,0.00%,140,0.30%,0.23%
FG Juice Bottled,FEEL GOOD,FOOD,17,136,0,0.00%,136,0.18%,0.22%
12 OZ CAFFE MOCHA,Starbucks,FOOD,9,135,0,0.00%,135,0.10%,0.22%
Digest dark200,Biscuit & Cookies,FOOD,10,135,0,0.00%,135,0.11%,0.22%
PEPSI DIET CAN,Softdrinks,BEVERAGE,33,132,0,0.00%,132,0.35%,0.22%
16 OZ ICED WHITE CHOCOLATE MOCHA,Starbucks,FOOD,7,129,0,0.00%,129,0.07%,0.21%
CROISSANT MEDIUM,PASTRIES,FOOD,18,126,0,0.00%,126,0.19%,0.21%
RED BULL 250ML,CS Sports & Energy Drinks,BEVERAGE,17,125,0,0.00%,125,0.18%,0.21%
OREO MINI CUP 115GM,CS Food,FOOD,13,123.5,0,0.00%,123.5,0.14%,0.20%
PAPER BAG,BAGS,NON FOOD,121,121,0,0.00%,121,1.29%,0.20%
Mushrooms,Pizza,FOOD,20,120,0,0.00%,120,0.21%,0.20%
POKKA LEMON ICED TEA CAN,Packet Juice,BEVERAGE,30,120,0,0.00%,120,0.32%,0.20%
16 OZ CARAMEL MACCHIATO,Starbucks,FOOD,7,119,0,0.00%,119,0.07%,0.20%
SPRITE CAN,Softdrinks,BEVERAGE,28,112,0,0.00%,112,0.30%,0.18%
12 OZ CARAMEL MACCHIATO,Starbucks,FOOD,7,105,0,0.00%,105,0.07%,0.17%
CARTE D'OR PINT STRAWBERRY,CS Ice Cream,FOOD,6,105,0,0.00%,105,0.06%,0.17%
Filter Tea,Tea,FOOD,20,100,0,0.00%,100,0.21%,0.17%
Portion Vegetable,Main course,FOOD,20,100,0,0.00%,100,0.21%,0.17%
Three Cheese Spring Onion,Pre Packed Sandwiches,FOOD,10,100,0,0.00%,100,0.11%,0.17%
KIT KAT MINI BAG 250GM,CS Chocolate ,FOOD,6,96,0,0.00%,96,0.06%,0.16%
Pancakes,Breakfast,FOOD,31,93,0,0.00%,93,0.33%,0.15%
SELPAK TOILET ROLL 7+2,CS Tissue & Toilet Rolls,NON FOOD,4,93,0,0.00%,93,0.04%,0.15%
Croissant,Breakfast,FOOD,13,91,0,0.00%,91,0.14%,0.15%
MAGNUM I/C ALMOND,CS Ice Cream,FOOD,12,90,0,0.00%,90,0.13%,0.15%
Pepperoni,Pizza,FOOD,15,90,0,0.00%,90,0.16%,0.15%
V. Spring Rolls,Main course,FOOD,5,90,0,0.00%,90,0.05%,0.15%
LACNOR ORANGE 180ML,Fresh Juices,BEVERAGE,22,88,0,0.00%,88,0.23%,0.15%
12 OZ CARAMEL LATTE,Starbucks,FOOD,5,85,0,0.00%,85,0.05%,0.14%
12 OZ VANILLA LATTE,Starbucks,FOOD,5,85,0,0.00%,85,0.05%,0.14%
16 OZ CAFFE MOCHA,Starbucks,FOOD,5,85,0,0.00%,85,0.05%,0.14%
FG SMALL BOWL,FEEL GOOD,FOOD,7,84,0,0.00%,84,0.07%,0.14%
Soup,Extras,FOOD,14,84,0,0.00%,84,0.15%,0.14%
AL AIN WATER 1.5L,CS Water,BEVERAGE,55,82.5,0,0.00%,82.5,0.59%,0.14%
PERRIER WATER 750ML,Water,BEVERAGE,9,81,0,0.00%,81,0.10%,0.13%
7 UP CAN,Softdrinks,BEVERAGE,20,80,0,0.00%,80,0.21%,0.13%
Chicken Sweetcorn,Pre Packed Sandwiches,FOOD,8,80,0,0.00%,80,0.09%,0.13%
Egg Cress Mayonnaise,Pre Packed Sandwiches,FOOD,10,80,0,0.00%,80,0.11%,0.13%
Extra Topping,Pizza,FOOD,16,80,0,0.00%,80,0.17%,0.13%
Filter Coffee,Tea,FOOD,16,80,0,0.00%,80,0.17%,0.13%
Homemade Beef Burger,Burgers,FOOD,4,80,0,0.00%,80,0.04%,0.13%
MIRINDA ORANGE CAN,Softdrinks,BEVERAGE,20,80,0,0.00%,80,0.21%,0.13%
Peanut Butter & Jelly(V),Sandwiches,FOOD,5,80,0,0.00%,80,0.05%,0.13%
Tuna Sweetcorn,Pre Packed Sandwiches,FOOD,5,80,0,0.00%,80,0.05%,0.13%
Yogurt Mango,Yoghurt Pots,FOOD,8,80,0,0.00%,80,0.09%,0.13%
Plum Red,CS Fresh Fruit,FOOD,39,78,0,0.00%,78,0.42%,0.13%
CHICKEN MAIN,Main course,FOOD,5,75,0,0.00%,75,0.05%,0.12%
AL AIN WATER 500ml,CS Water,BEVERAGE,74,74,0,0.00%,74,0.79%,0.12%
Masafi Water1.5Ltr,Water,BEVERAGE,37,74,0,0.00%,74,0.39%,0.12%
RACHELS GREEK YOGHURT NATURAL 45,CS Dairy ,FOOD,3,73.5,0,0.00%,73.5,0.03%,0.12%
AL AIN FRESH MILK 1L LOW FAT,CS Dairy ,FOOD,12,72,0,0.00%,72,0.13%,0.12%
Extra Portion Grill,Main course,FOOD,6,72,0,0.00%,72,0.06%,0.12%
Glazed Veg,Sandwiches,FOOD,4,72,0,0.00%,72,0.04%,0.12%
MAGNUM I/C DOUBLE CHOCOLATE,CS Ice Cream,FOOD,8,72,0,0.00%,72,0.09%,0.12%
Strwberry Muffins,Dessert,FOOD,6,72,0,0.00%,72,0.06%,0.12%
Yoghurt,Yogurt,FOOD,6,72,0,0.00%,72,0.06%,0.12%
FAMILIA CHOCO 500GM,CS Cereal,FOOD,3,71.25,0,0.00%,71.25,0.03%,0.12%
AL AIN FRESH MILK FULL FAT 2L,CS Dairy ,FOOD,7,70,0,0.00%,70,0.07%,0.12%
Castania Peanuts60g,Peannuts,FOOD,10,70,0,0.00%,70,0.11%,0.12%
Jalapenos,Pizza,FOOD,11,66,0,0.00%,66,0.12%,0.11%
Tuna Cheese Melt,Sandwiches,FOOD,3,66,0,0.00%,66,0.03%,0.11%
Steamed Rice,Main course,FOOD,8,64,0,0.00%,64,0.09%,0.11%
AL AIN FRESH MILK 1L FULL CREAM,CS Dairy ,FOOD,9,63,0,0.00%,63,0.10%,0.10%
Tuna Mayo,Sandwiches,FOOD,3,63,0,0.00%,63,0.03%,0.10%
FAMILIA A.C.E BALANCE 600GM,CS Cereal,FOOD,2,62.5,0,0.00%,62.5,0.02%,0.10%
Apple Red,CS Fresh Fruit,FOOD,30,60,0,0.00%,60,0.32%,0.10%
Chicken Tandoori,Pre Packed Sandwiches,FOOD,6,60,0,0.00%,60,0.06%,0.10%
Mixed Green Salad(V),Salads,FOOD,3,60,0,0.00%,60,0.03%,0.10%
MOROCCAN LOOSE TEA,Tea,FOOD,6,60,0,0.00%,60,0.06%,0.10%
PERRIER WATER LEMON 330ML,CS Water,BEVERAGE,12,60,0,0.00%,60,0.13%,0.10%
SLICED BREAD MULTI GRAIN MEDIUM,CS Bakery,FOOD,10,60,0,0.00%,60,0.11%,0.10%
SPRITE LIGHT CAN,Softdrinks,BEVERAGE,15,60,0,0.00%,60,0.16%,0.10%
BAYARA 1KG APRICOT DRIED,CS Dry Fruits,FOOD,1,59.5,0,0.00%,59.5,0.01%,0.10%
OAT KING BAR MILK HONEY 95GM,CS Cereal,FOOD,4,58,0,0.00%,58,0.04%,0.10%
16 OZ CARAMEL LATTE,Starbucks,FOOD,3,57,0,0.00%,57,0.03%,0.09%
16 OZ SIGNATURE HOT CHOCOLATE,Starbucks,FOOD,3,57,0,0.00%,57,0.03%,0.09%
REDBULL SUGAR FREE,Energy Drinks,BEVERAGE,7,56,0,0.00%,56,0.07%,0.09%
16 OZ HOT CHOCOLATE,Starbucks,FOOD,3,55,0,0.00%,55,0.03%,0.09%
AXE DEO APOLLO 150ML,CS Deodrants,NON FOOD,3,54.75,0,0.00%,54.75,0.03%,0.09%
OREO ORIGINAL 16 PACK 44GM,Biscuit & Cookies,FOOD,3,54.75,0,0.00%,54.75,0.03%,0.09%
Best Salted Peanut30g,Peannuts,FOOD,18,54,0,0.00%,54,0.19%,0.09%
Muture Cheddar(V),Sandwiches,FOOD,3,54,0,0.00%,54,0.03%,0.09%
FANTA APPLE CAN,Softdrinks,BEVERAGE,14,53.5,0,0.00%,53.5,0.15%,0.09%
DDR OETKER PEPPRONI PIZZA,CS Frozen Food,FOOD,2,52.5,0,0.00%,52.5,0.02%,0.09%
DR OETKER MOZZRELLA PIZZA,CS Frozen Food,FOOD,2,52.5,0,0.00%,52.5,0.02%,0.09%
DR OETKER VEGETABLE PIZZA,CS Frozen Food,FOOD,2,52.5,0,0.00%,52.5,0.02%,0.09%
FOOD DOCTOR BAR APPLE WALNUT 35G,CS Organic Food,FOOD,6,52.5,0,0.00%,52.5,0.06%,0.09%
GILLETTE BLADE MACH 3 TURBO 2PCS,CS Mens Care,NON FOOD,2,52,0,0.00%,52,0.02%,0.09%
MilkHalfCrem1Ltr ,CS Dairy ,FOOD,13,52,0,0.00%,52,0.14%,0.09%
FRUIT & FIBRE KELLOGS 375GM,CS Cereal,FOOD,3,51.75,0,0.00%,51.75,0.03%,0.09%
16 OZ ICED CHOCOLATE,Starbucks,FOOD,3,51,0,0.00%,51,0.03%,0.08%
Bagel S. Salmon,Sandwiches,FOOD,2,50,0,0.00%,50,0.02%,0.08%
Beef Bacon,Breakfast,FOOD,10,50,0,0.00%,50,0.11%,0.08%
SELPAK TOILET PAPER 4 ROLLS,CS Tissue & Toilet Rolls,NON FOOD,4,50,0,0.00%,50,0.04%,0.08%
BAYARA SALTED PISTACHIOS 300GM,CS Nuts & Seeds,FOOD,2,49.5,0,0.00%,49.5,0.02%,0.08%
NUTELLA 400GM,CS Can & Jar Food,FOOD,2,49,0,0.00%,49,0.02%,0.08%
RACHELS APPLE & CINNAMON YOGHURT,CS Organic Food,FOOD,2,49,0,0.00%,49,0.02%,0.08%
RACHELS NATURAL LOW FAT YOUGHURT,CS Organic Food,FOOD,2,49,0,0.00%,49,0.02%,0.08%
FAMILIA BIO ORGANIC HONEY ALMOND,CS Organic Food,FOOD,2,48.5,0,0.00%,48.5,0.02%,0.08%
AlpenMuslie625g,CS Cereal,FOOD,2,48,0,0.00%,48,0.02%,0.08%
BLUEBERRY MUFFINS,Dessert,FOOD,4,48,0,0.00%,48,0.04%,0.08%
ESPRESSO MACCHIATO,Starbucks,FOOD,4,48,0,0.00%,48,0.04%,0.08%
French Toast,Breakfast,FOOD,12,48,0,0.00%,48,0.13%,0.08%
Frid Rice W Vegetable,Fried Rice,FOOD,2,48,0,0.00%,48,0.02%,0.08%
SNICKERS SINGLE BAR,CS Chocolate ,FOOD,16,48,0,0.00%,48,0.17%,0.08%
TEA BAG JASMINE GREEN,Tea,FOOD,6,48,0,0.00%,48,0.06%,0.08%
Toast,Breakfast,FOOD,48,48,0,0.00%,48,0.51%,0.08%
A/G POP CORN MICROWAV EXTRA BUTT,CS Can & Jar Food,FOOD,5,46.25,0,0.00%,46.25,0.05%,0.08%
PRINGLES KETCHUP 165GM,CS Chips & Snacks,FOOD,5,46.25,0,0.00%,46.25,0.05%,0.08%
Cold Cuts,Breakfast,FOOD,9,45,0,0.00%,45,0.10%,0.07%
MAGNUM I/C CLASSIC,CS Ice Cream,FOOD,6,45,0,0.00%,45,0.06%,0.07%
TAMRAH CHOCO MILK ZIPPER BAG 100,CS Dry Fruits,FOOD,5,45,0,0.00%,45,0.05%,0.07%
FINE TOILET ROLLS 2PLY X 10 PCS ,CS Tissue & Toilet Rolls,NON FOOD,3,44.25,0,0.00%,44.25,0.03%,0.07%
FARM FRESH EGGS WHITE 15PCS,CS Eggs,FOOD,4,44,0,0.00%,44,0.04%,0.07%
Lays Chips,Extras,FOOD,22,44,0,0.00%,44,0.23%,0.07%
LAYS FRENCH CHEESE 185GM,CS Chips & Snacks,FOOD,7,43.75,0,0.00%,43.75,0.07%,0.07%
16 OZ ICED CAFFE MOCHA,Starbucks,FOOD,3,42,0,0.00%,42,0.03%,0.07%
16 OZ SOYA CAFFE LATTE,Coffee,FOOD,2,42,0,0.00%,42,0.02%,0.07%
Grilled Veg Olives,Pizza,FOOD,7,42,0,0.00%,42,0.07%,0.07%
Peppers,Pizza,FOOD,7,42,0,0.00%,42,0.07%,0.07%
PERRIER WATER 330ML,Water,BEVERAGE,7,42,0,0.00%,42,0.07%,0.07%
RED BULL SUGAR FREE 250ML,CS Sports & Energy Drinks,BEVERAGE,6,42,0,0.00%,42,0.06%,0.07%
COCO POPS KELLOGS 375GM,CS Cereal,FOOD,2,41,0,0.00%,41,0.02%,0.07%
ORAL B MOUTH WASH MULTI PROTECT ,CS Oral Care,NON FOOD,2,41,0,0.00%,41,0.02%,0.07%
DAWAT EXTRA LONG GRAIN BASMATI R,CS Coocking & Baking,FOOD,3,40.5,0,0.00%,40.5,0.03%,0.07%
NECTAFLOR SOFT FIGS 200GM,CS Dry Fruits,FOOD,2,40.5,0,0.00%,40.5,0.02%,0.07%
16 OZ FRAPPUCINO CARAMEL,Starbucks,FOOD,2,40,0,0.00%,40,0.02%,0.07%
ADD ESPRESSO SHOT,Starbucks,FOOD,10,40,0,0.00%,40,0.11%,0.07%
Baked beans,Breakfast,FOOD,8,40,0,0.00%,40,0.09%,0.07%
CERES CRANBERRY KIWI JUICE 1L,CS Packet Juice,BEVERAGE,4,40,0,0.00%,40,0.04%,0.07%
COCA COLA ZERO CAN,Softdrinks,BEVERAGE,10,40,0,0.00%,40,0.11%,0.07%
GATORADE LEMON PET 500ML,CS Sports & Energy Drinks,BEVERAGE,8,40,0,0.00%,40,0.09%,0.07%
Pain an Raisin,Dessert,FOOD,5,40,0,0.00%,40,0.05%,0.07%
VEG BURGER,Burgers,FOOD,2,40,0,0.00%,40,0.02%,0.07%
WALK IN DINNER,WALK IN DINNER,FOOD,4,40,0,0.00%,40,0.04%,0.07%
SMACKS HONEY KELLOGS 375GM,CS Cereal,FOOD,2,39,0,0.00%,39,0.02%,0.06%
DOVE SHOWER CUCUMBER & GREEN TEA,CS Bath & Shower,NON FOOD,2,38.5,0,0.00%,38.5,0.02%,0.06%
EGG Mayo & Spring Onion,Sandwiches,FOOD,2,38,0,0.00%,38,0.02%,0.06%
STREPSILS MENTHOL PACKET,CS Chocolate ,FOOD,2,38,0,0.00%,38,0.02%,0.06%
ALL BRAN FLAKES KELLOGS 500GM,CS Cereal,FOOD,2,37.5,0,0.00%,37.5,0.02%,0.06%
EXTRA BIG BOTTLE PEPPERMINT,CS Mint & Gum,FOOD,3,37.5,0,0.00%,37.5,0.03%,0.06%
MAGNUM I/C WHITE,CS Ice Cream,FOOD,5,37.5,0,0.00%,37.5,0.05%,0.06%
NECTAFLOR PREMIUM FIGS 200GM,CS Dry Fruits,FOOD,2,37.5,0,0.00%,37.5,0.02%,0.06%
NECTAFLOR SOFT PRUNES 200GM,CS Dry Fruits,FOOD,2,36.5,0,0.00%,36.5,0.02%,0.06%
OREO MILK & CHOCOLATE 16 PACK 44,Biscuit & Cookies,FOOD,2,36.5,0,0.00%,36.5,0.02%,0.06%
16 OZ ICED CARAMEL LATTE,Starbucks,FOOD,2,36,0,0.00%,36,0.02%,0.06%
CheseTomatoCrossiant,Sandwiches,FOOD,2,36,0,0.00%,36,0.02%,0.06%
DOUBLE ESSPRESSO,Starbucks,FOOD,3,36,0,0.00%,36,0.03%,0.06%
Large Salad,Salads,FOOD,2,36,0,0.00%,36,0.02%,0.06%
MCVITIES DIGESTIVE 250GM LIGHT,Biscuit & Cookies,FOOD,3,36,0,0.00%,36,0.03%,0.06%
GILLETTE FUSION RAZOR 1 UP,CS Mens Care,NON FOOD,1,35.75,0,0.00%,35.75,0.01%,0.06%
HONEY MOON SQUEEZY HONEY 500G,CS Can & Jar Food,FOOD,1,35.75,0,0.00%,35.75,0.01%,0.06%
Full Breakfast,Breakfast,FOOD,1,35,0,0.00%,35,0.01%,0.06%
GILLETTE VENUS RAZOR 3UP,CS Mens Care,NON FOOD,1,35,0,0.00%,35,0.01%,0.06%
SWISS DELICE CHOCARRE BISCUITS 1,CS Chocolate ,FOOD,2,35,0,0.00%,35,0.02%,0.06%
CstaniaMixSuperNuts350G,CS Nuts & Seeds,FOOD,1,34.5,0,0.00%,34.5,0.01%,0.06%
12 OZ HOT CHOCOLATE,Starbucks,FOOD,2,34,0,0.00%,34,0.02%,0.06%
G S Frid Noodls W chicken,Noodles,FOOD,1,34,0,0.00%,34,0.01%,0.06%
ALPROMilkFlvrChoc 1L,CS Dairy ,BEVERAGE,2,33.5,0,0.00%,33.5,0.02%,0.06%
Add Cheese,Extras,FOOD,11,33,0,0.00%,33,0.12%,0.05%
Lunch Box Token,CS Others,NON FOOD,1,32.5,0,0.00%,32.5,0.01%,0.05%
ADD FLAVOURED SYRUP,Starbucks,FOOD,8,32,0,0.00%,32,0.09%,0.05%
AL AIN MANGO YOGHURT 125GM,CS Dairy ,FOOD,16,32,0,0.00%,32,0.17%,0.05%
CLOROX WIPES DISINFECTING CITRUS,CS Cleaning Supplies,NON FOOD,2,32,0,0.00%,32,0.02%,0.05%
G S Frid Noodls W Tofu,Noodles,FOOD,1,32,0,0.00%,32,0.01%,0.05%
LIPTON LEMON ICED TEA,Tea,BEVERAGE,8,32,0,0.00%,32,0.09%,0.05%
Vegetable Noodles,Main course,FOOD,4,32,0,0.00%,32,0.04%,0.05%
AL AIN YOGHURT LOW FAT 170GM,CS Dairy ,FOOD,21,31.5,0,0.00%,31.5,0.22%,0.05%
BISCUITSDIGES250 ,Biscuit & Cookies,FOOD,3,31.5,0,0.00%,31.5,0.03%,0.05%
FARM FRESH EGGS WHITE 6PCS,CS Eggs,FOOD,7,31.5,0,0.00%,31.5,0.07%,0.05%
MUFFIN BLUEBERRY,CS Bakery,FOOD,9,31.5,0,0.00%,31.5,0.10%,0.05%
FAMILIA C.M PLUS ORIGINAL 600GM,CS Cereal,FOOD,1,31.25,0,0.00%,31.25,0.01%,0.05%
COMFORT IRIS JASMINE CONCENTRATE,CS Laundry Care,NON FOOD,2,30.5,0,0.00%,30.5,0.02%,0.05%
BBQ or CurrySouce,Pizza,FOOD,1,30,0,0.00%,30,0.01%,0.05%
BRILLIANT BREAKFAST LOOSE TEA,Tea,FOOD,3,30,0,0.00%,30,0.03%,0.05%
CEYLON GINGER LOOSE TEA,Tea,FOOD,3,30,0,0.00%,30,0.03%,0.05%
EARL GREY LOOSE TEA,Tea,FOOD,3,30,0,0.00%,30,0.03%,0.05%
Pesto,Pizza,FOOD,1,30,0,0.00%,30,0.01%,0.05%
SILVER SWAN JASMINE RICE 1KG,CS Coocking & Baking,FOOD,3,30,0,0.00%,30,0.03%,0.05%
SINGLE ESSPRESSO,Starbucks,FOOD,3,30,0,0.00%,30,0.03%,0.05%
Student Meal,Main course,FOOD,1,30,0,0.00%,30,0.01%,0.05%
GLADE AIR INFUSIONS PINK PEONY 3,CS Air Freshner,NON FOOD,2,29,0,0.00%,29,0.02%,0.05%
OAT KING BAR APPLE STRUDEL 95GM,CS Cereal,FOOD,2,29,0,0.00%,29,0.02%,0.05%
BJORG ORGANIC CHOCOLATE SOYA MIL,CS Organic Food,FOOD,1,28.75,0,0.00%,28.75,0.01%,0.05%
CastaniaExtMixNuts350G,CS Nuts & Seeds,FOOD,1,28.5,0,0.00%,28.5,0.01%,0.05%
AL AIN FRESH GRAPEFRUIT JUICE330,CS Packet Juice,BEVERAGE,4,28,0,0.00%,28,0.04%,0.05%
ALMARAI MILK FAT FREE1L,CS Dairy ,FOOD,4,28,0,0.00%,28,0.04%,0.05%
ALO APPEAL POMELO JUICE,Fresh Juices,FOOD,2,28,0,0.00%,28,0.02%,0.05%
Bagels w/Cr.Cheese,Breakfast,FOOD,4,28,0,0.00%,28,0.04%,0.05%
BEACON MARSHMALLOWS PINK & WHITE,CS Packet Food,FOOD,7,28,0,0.00%,28,0.07%,0.05%
NIVEA WIPES REFRESHING CLEANSING,CS Tissue & Toilet Rolls,NON FOOD,1,28,0,0.00%,28,0.01%,0.05%
BJORG ORGANIC SUGAR FREE ALMOND ,CS Organic Food,FOOD,1,27.75,0,0.00%,27.75,0.01%,0.05%
PRINGLES CHEESE 165GM,CS Chips & Snacks,FOOD,3,27.75,0,0.00%,27.75,0.03%,0.05%
PRINGLES SALT VINEGAR 165GM,CS Chips & Snacks,FOOD,3,27.75,0,0.00%,27.75,0.03%,0.05%
LINDT EXCELLENCE 85% CACOA 100GM,CS Chocolate ,FOOD,2,27.5,0,0.00%,27.5,0.02%,0.05%
LINDT EXCELLENCE 90% CACOA 100GM,CS Chocolate ,FOOD,2,27.5,0,0.00%,27.5,0.02%,0.05%
LINDT EXCELLENCE MINT INTENSE 10,CS Chocolate ,FOOD,2,27.5,0,0.00%,27.5,0.02%,0.05%
DgstiveBiscuits400g,Biscuit & Cookies,FOOD,2,27,0,0.00%,27,0.02%,0.04%
Mash and Gravy,Extras,FOOD,3,27,0,0.00%,27,0.03%,0.04%
TAMRAH CHOCO DARK ZIPPER BAG 100,CS Dry Fruits,FOOD,3,27,0,0.00%,27,0.03%,0.04%
FAMILIA BIO ORGANIC AMARANTH 375,CS Organic Food,FOOD,1,26,0,0.00%,26,0.01%,0.04%
FANTA ORANGE CAN,Softdrinks,BEVERAGE,9,26,0,0.00%,26,0.10%,0.04%
PRINGLES 40GM ORIGINAL,CS Chips & Snacks,FOOD,8,26,0,0.00%,26,0.09%,0.04%
PRINGLES 40GM SOUR CREAM,CS Chips & Snacks,FOOD,8,26,0,0.00%,26,0.09%,0.04%
BEEF MEAL,Main course,FOOD,1,25,0,0.00%,25,0.01%,0.04%
Delivery Charges,Delivery charge,LABOR CHARGE,5,25,0,0.00%,25,0.05%,0.04%
PAMPERS DIAPERS 1-21,CS Baby Care,NON FOOD,1,25,0,0.00%,25,0.01%,0.04%
SCHOGETTEN STRAWBERRY YOGURT100G,CS Chocolate ,FOOD,5,25,0,0.00%,25,0.05%,0.04%
VOCHELLE TIN FRUIT NUTS 205GM,CS Chocolate ,FOOD,1,24.75,0,0.00%,24.75,0.01%,0.04%
FAMILIA BIO ORGANIC FRUIT NUT 37,CS Organic Food,FOOD,1,24.5,0,0.00%,24.5,0.01%,0.04%
BREAKFAST TEA BAG,Tea,FOOD,3,24,0,0.00%,24,0.03%,0.04%
COKE CAN 330ML ,CS Soft Drinks,BEVERAGE,16,24,0,0.00%,24,0.17%,0.04%
CROISSANT HI BUTTER CHEESE,CS Bakery,FOOD,8,24,0,0.00%,24,0.09%,0.04%
FrostiesCMB25g,CS Cereal,FOOD,8,24,0,0.00%,24,0.09%,0.04%
Grilled Chicken,Pizza,FOOD,4,24,0,0.00%,24,0.04%,0.04%
PERRIER WATER 330ML,CS Water,BEVERAGE,6,24,0,0.00%,24,0.06%,0.04%
Pineapple,Pizza,FOOD,4,24,0,0.00%,24,0.04%,0.04%
REDBULL REGULAR,Energy Drinks,BEVERAGE,3,24,0,0.00%,24,0.03%,0.04%
DOVE HAIR CONDITIONER MOISTURIZI,CS Shampoo & Conditioner,NON FOOD,2,23.5,0,0.00%,23.5,0.02%,0.04%
BARILLA RICOTTA400G,CS Sauce,FOOD,1,23,0,0.00%,23,0.01%,0.04%
ICED SOYA WHITE MOCHA 16 OZ,Coffee,FOOD,1,23,0,0.00%,23,0.01%,0.04%
TideReg Original1.5Kg ,CS Laundry Care,NON FOOD,1,22.75,0,0.00%,22.75,0.01%,0.04%
AlwaysUltraNightFresh6,CS Sanitary Care,NON FOOD,3,22.5,0,0.00%,22.5,0.03%,0.04%
CastaniaCashew,CS Nuts & Seeds,FOOD,1,22.5,0,0.00%,22.5,0.01%,0.04%
KOKA PILLOW 5 PCS TOM YUM,CS Pasta & Noodles,FOOD,3,22.5,0,0.00%,22.5,0.03%,0.04%
FOUNTAIN SODA SMALL,Softdrinks,BEVERAGE,11,22,0,0.00%,22,0.12%,0.04%
MODERN BAKE CRANBERRY ENERGY BAR,CS Cereal,FOOD,4,22,0,0.00%,22,0.04%,0.04%
AL AIN FRESH MILK 1L SKIMMED,CS Dairy ,FOOD,3,21,0,0.00%,21,0.03%,0.03%
AL AIN WATER 500ML,Water,BEVERAGE,21,21,0,0.00%,21,0.22%,0.03%
AL MARAI FRESH MILK FULL FAT 1L,CS Dairy ,FOOD,3,21,0,0.00%,21,0.03%,0.03%
CAREFREE WASH ALOE 200ML ,CS Sanitary Care,NON FOOD,1,21,0,0.00%,21,0.01%,0.03%
EMMENTHAL CHEESE GRATED 150G,CS Dairy ,FOOD,2,21,0,0.00%,21,0.02%,0.03%
FOUNTAIN SODA LARGE,Softdrinks,BEVERAGE,7,21,0,0.00%,21,0.07%,0.03%
Oatmeal Porridge,Breakfast,FOOD,7,21,0,0.00%,21,0.07%,0.03%
Valley Crunchy,Cereal Bar,FOOD,7,21,0,0.00%,21,0.07%,0.03%
VITA COCO PEACH & MANGO 330ML,Convenience Beverages,BEVERAGE,2,21,0,0.00%,21,0.02%,0.03%
ALPRO ALMOND MILK 1L,CS Dairy ,FOOD,1,20.5,0,0.00%,20.5,0.01%,0.03%
BONNE MANAM APRICOT PRESERVE 370,CS Can & Jar Food,FOOD,1,20.5,0,0.00%,20.5,0.01%,0.03%
BONNE MANAM RASPBERRY PRESERVE 3,CS Can & Jar Food,FOOD,1,20.5,0,0.00%,20.5,0.01%,0.03%
BONNE MANAM STRAWBERRY PRESERVE ,CS Can & Jar Food,FOOD,1,20.5,0,0.00%,20.5,0.01%,0.03%
FITA 600G,Biscuit & Cookies,FOOD,1,20.5,0,0.00%,20.5,0.01%,0.03%
ALMARAI SANDWICH SLICE CHEESE 20,CS Dairy ,FOOD,3,20.25,0,0.00%,20.25,0.03%,0.03%
16 OZ FRAPPUCINO VANILA,Starbucks,FOOD,1,20,0,0.00%,20,0.01%,0.03%
16 OZ FRAPPUCINO WHITE MOCHA,Starbucks,FOOD,1,20,0,0.00%,20,0.01%,0.03%
ADD ESPRESSO SHOT,Starbucks,FOOD,5,20,0,0.00%,20,0.05%,0.03%
ADD FLAVOURED SYRUP,Starbucks,FOOD,5,20,0,0.00%,20,0.05%,0.03%
ADD WHIPPED CREAM,Starbucks,FOOD,5,20,0,0.00%,20,0.05%,0.03%
AL AIN WATER 5 LTR,CS Water,BEVERAGE,8,20,0,0.00%,20,0.09%,0.03%
Apple Green,CS Fresh Fruit,FOOD,10,20,0,0.00%,20,0.11%,0.03%
CROISSANT HI BUTTER ALMOND,CS Bakery,FOOD,5,20,0,0.00%,20,0.05%,0.03%
KOKA BOWL SEAFOOD,CS Pasta & Noodles,FOOD,4,20,0,0.00%,20,0.04%,0.03%
MINUTE STEAK,Grill,FOOD,1,20,0,0.00%,20,0.01%,0.03%
PEAR DRAGON LOOSE TEA,Tea,FOOD,2,20,0,0.00%,20,0.02%,0.03%
SCONES,Dessert,FOOD,2,20,0,0.00%,20,0.02%,0.03%
SNICKERS BAR,Chocolate,FOOD,4,20,0,0.00%,20,0.04%,0.03%
Sweet Potato Wedges,Extras,FOOD,2,20,0,0.00%,20,0.02%,0.03%
BOURSIN CHEESE BLACK PEPPER 150G,CS Dairy ,FOOD,1,19.5,0,0.00%,19.5,0.01%,0.03%
VOCHELLE BLOCK FRUIT&NUTS 180G,CS Chocolate ,FOOD,2,19.5,0,0.00%,19.5,0.02%,0.03%
BEST CAN MIXED NUTS 110GM,CS Nuts & Seeds,FOOD,2,19,0,0.00%,19,0.02%,0.03%
BOUNTY BAR 57GM,CS Chocolate ,FOOD,5,19,0,0.00%,19,0.05%,0.03%
STREPSILS ORANGE PACKET,CS Chocolate ,FOOD,1,19,0,0.00%,19,0.01%,0.03%
SELPAK FACIAL TISSUE 100 SHEET,CS Tissue & Toilet Rolls,NON FOOD,3,18.75,0,0.00%,18.75,0.03%,0.03%
ALWAYS LARGE 30PCS,CS Sanitary Care,NON FOOD,1,18.5,0,0.00%,18.5,0.01%,0.03%
AXE ROLLON DARK TEMPTATION 40ML,CS Deodrants,NON FOOD,1,18.25,0,0.00%,18.25,0.01%,0.03%
NECTAFLOR SOFT APRICOTS 200GM,CS Dry Fruits,FOOD,1,18.25,0,0.00%,18.25,0.01%,0.03%
OREO GOLDEN 16 PACK 44GM,Biscuit & Cookies,FOOD,1,18.25,0,0.00%,18.25,0.01%,0.03%
16 OZ ICED VANILLA LATTE,Starbucks,FOOD,1,18,0,0.00%,18,0.01%,0.03%
AL AIN PINEAPPLE YOGHURT 125GM,CS Dairy ,FOOD,9,18,0,0.00%,18,0.10%,0.03%
Chicken Satay,Main course,FOOD,1,18,0,0.00%,18,0.01%,0.03%
CORN FLAKES KELLOGS 500GM,CS Cereal,FOOD,1,18,0,0.00%,18,0.01%,0.03%
CROISSANT CHEESE,CS Bakery,FOOD,9,18,0,0.00%,18,0.10%,0.03%
DOVE BODY LOTION ESSENTIAL NOURI,CS Body Care,NON FOOD,1,18,0,0.00%,18,0.01%,0.03%
DR OETKER H.B MUSICAL CANDLE,CS Disposable,NON FOOD,1,18,0,0.00%,18,0.01%,0.03%
KIT KAT 4 FINGERS,CS Chocolate ,FOOD,6,18,0,0.00%,18,0.06%,0.03%
Lemon,CS Fresh Vegatables,FOOD,9,18,0,0.00%,18,0.10%,0.03%
Manakeesh(V),Pizza,FOOD,1,18,0,0.00%,18,0.01%,0.03%
Orange Pcs,CS Fresh Fruit,FOOD,9,18,0,0.00%,18,0.10%,0.03%
PRINGLES BBQ 165G ,CS Chips & Snacks,FOOD,2,18,0,0.00%,18,0.02%,0.03%
DOUGHNUT CHOCOLATE,CS Bakery,FOOD,7,17.5,0,0.00%,17.5,0.07%,0.03%
WALKERS SB FINGERS 40G,Biscuit & Cookies,FOOD,5,17.5,0,0.00%,17.5,0.05%,0.03%
ALWAYS PANTYR LINER 40 NORMAL,CS Sanitary Care,NON FOOD,1,17.25,0,0.00%,17.25,0.01%,0.03%
JDS BUTTER CRISPS,Biscuit & Cookies,FOOD,1,17.25,0,0.00%,17.25,0.01%,0.03%
JDS BUTTER WAFFLES,Biscuit & Cookies,FOOD,1,17.25,0,0.00%,17.25,0.01%,0.03%
SIBLOU 10 FISH FINGERS 250GM,CS Frozen Food,FOOD,1,17.25,0,0.00%,17.25,0.01%,0.03%
12 OZ Hazel Nut Latte,Starbucks,FOOD,1,17,0,0.00%,17,0.01%,0.03%
AUSLESE MELITTA CLASSIC COFFEE 2,CS Coffee,FOOD,1,17,0,0.00%,17,0.01%,0.03%
BARILA BASILICO400g,CS Pasta & Noodles,FOOD,1,17,0,0.00%,17,0.01%,0.03%
HANSPLAST UNIVERSAL 100 STRIPS,CS Others,NON FOOD,1,17,0,0.00%,17,0.01%,0.03%
JDS ALMOND THINS,Biscuit & Cookies,FOOD,1,17,0,0.00%,17,0.01%,0.03%
NECTAFLOR PREMIUM FRUIT MIX 200G,CS Dry Fruits,FOOD,1,17,0,0.00%,17,0.01%,0.03%
TOBLERONE MILK 100GM,CS Chocolate ,FOOD,2,17,0,0.00%,17,0.02%,0.03%
ALPROSoyaMilkUnswtnd1L,CS Packet Juice,BEVERAGE,1,16.75,0,0.00%,16.75,0.01%,0.03%
LIFEBUOY BODYWASH TOTAL 10 300ML,CS Bath & Shower,NON FOOD,1,16.5,0,0.00%,16.5,0.01%,0.03%
COCO TREE JUICE 330ML,CS Packet Juice,BEVERAGE,5,16.25,0,0.00%,16.25,0.05%,0.03%
JUNGLE OAT CHOCOLATE 500G,CS Cereal,FOOD,1,16.25,0,0.00%,16.25,0.01%,0.03%
12 OZ SOYA CAFFE LATTE,Coffee,FOOD,1,16,0,0.00%,16,0.01%,0.03%
CROISSANT HI BUTTER CHOCOLATE,CS Bakery,FOOD,4,16,0,0.00%,16,0.04%,0.03%
Granola,Dessert,FOOD,2,16,0,0.00%,16,0.02%,0.03%
PEPPERMINT TEA BAG,Tea,FOOD,2,16,0,0.00%,16,0.02%,0.03%
Portion Starch,Main course,FOOD,2,16,0,0.00%,16,0.02%,0.03%
RASPBERRY ICED TEA,Tea,FOOD,2,16,0,0.00%,16,0.02%,0.03%
SMINT CANDY GUM MINT 14.2G,CS Mint & Gum,FOOD,4,16,0,0.00%,16,0.04%,0.03%
SUBSTITUTE SOYA,Soya Milk,FOOD,4,16,0,0.00%,16,0.04%,0.03%
KELLOGS BARS DARK CHOCO 04PCX1PK,CS Cereal,FOOD,1,15.75,0,0.00%,15.75,0.01%,0.03%
SCHIK RAZOR SILK EFFECT+,CS Womens Care,NON FOOD,1,15.75,0,0.00%,15.75,0.01%,0.03%
ALPRO SOYA ORIGINAL1L,CS Dairy ,BEVERAGE,1,15.5,0,0.00%,15.5,0.01%,0.03%
CARFREE PLUS LARGE 20 PCS,CS Sanitary Care,NON FOOD,1,15.5,0,0.00%,15.5,0.01%,0.03%
TABASCO PEPPER SAUCE BOTTLE,CS Sauce,FOOD,2,15.5,0,0.00%,15.5,0.02%,0.03%
COMFORT LAVENDER MAGNOLIA CONCEN,CS Laundry Care,NON FOOD,1,15.25,0,0.00%,15.25,0.01%,0.03%
LIPTON PYRAMID LEMON TEA BAG,CS Tea,FOOD,1,15.25,0,0.00%,15.25,0.01%,0.03%
AL AIN MORNING PEACH MUSELI 250G,CS Dairy ,FOOD,5,15,0,0.00%,15,0.05%,0.02%
AL MARAI YOGHURT FULL CREAM 170G,CS Dairy ,FOOD,10,15,0,0.00%,15,0.11%,0.02%
CocoPopsCMB20g,CS Cereal,FOOD,5,15,0,0.00%,15,0.05%,0.02%
CROISSANT CHOCOLATE,CS Bakery,FOOD,6,15,0,0.00%,15,0.06%,0.02%
CROISSANT ZATAR,CS Bakery,FOOD,6,15,0,0.00%,15,0.06%,0.02%
FANTA LARGE 2.25L,CS Soft Drinks,BEVERAGE,3,15,0,0.00%,15,0.03%,0.02%
GATORADE TOPICL FRUIT PET 500ML,CS Sports & Energy Drinks,BEVERAGE,3,15,0,0.00%,15,0.03%,0.02%
KOKA BOWL TOM YUM,CS Pasta & Noodles,FOOD,3,15,0,0.00%,15,0.03%,0.02%
LAYS FORNO CHEESE 43G,CHIPS,FOOD,3,15,0,0.00%,15,0.03%,0.02%
MentoFruitLime,CS Mint & Gum,FOOD,3,15,0,0.00%,15,0.03%,0.02%
NIVEA SHOWER LEMON GRASS OIL 250,CS Bath & Shower,NON FOOD,1,15,0,0.00%,15,0.01%,0.02%
NIVEA SHOWER WATERLILY 250ML,CS Bath & Shower,NON FOOD,1,15,0,0.00%,15,0.01%,0.02%
Panadol96 ,CS Others,NON FOOD,15,15,0,0.00%,15,0.16%,0.02%
SCHOGETTEN KIDS 100GM,CS Chocolate ,FOOD,3,15,0,0.00%,15,0.03%,0.02%
SCHOGETTEN STARCIA 100GM,CS Chocolate ,FOOD,3,15,0,0.00%,15,0.03%,0.02%
UAE Bunting Flag,CS Festival Non Food,NON FOOD,1,15,0,0.00%,15,0.01%,0.02%
CLOROX ORIGINAL 1.89L 1/2 GALLON,CS Laundry Care,NON FOOD,1,14.75,0,0.00%,14.75,0.01%,0.02%
GLADE AIR INFUSIONS LILY & JASMI,CS Air Freshner,NON FOOD,1,14.5,0,0.00%,14.5,0.01%,0.02%
LIP GREN GUNPWDR 15 PYRAMID TB,CS Tea,FOOD,1,14.5,0,0.00%,14.5,0.01%,0.02%
OAT KING BAR PEANUT BUTTER 95GM,CS Cereal,FOOD,1,14.5,0,0.00%,14.5,0.01%,0.02%
OAT KING BAR PURE 95GM,CS Cereal,FOOD,1,14.5,0,0.00%,14.5,0.01%,0.02%
REXONA DEO INVISIBLE 150ML,CS Deodrants,NON FOOD,1,14.25,0,0.00%,14.25,0.01%,0.02%
SCRUMMIES BLACKCURRANT CRANBERRI,CS Dry Fruits,FOOD,3,14.25,0,0.00%,14.25,0.03%,0.02%
AL MARAI FRESH MILK LOW FAT 1L,CS Dairy ,FOOD,2,14,0,0.00%,14,0.02%,0.02%
ALO ALLURE MANGO JUICE,Fresh Juices,FOOD,1,14,0,0.00%,14,0.01%,0.02%
ALO EXPOSED ALO JUICE,Fresh Juices,FOOD,1,14,0,0.00%,14,0.01%,0.02%
Asst. Rolls Two,Breakfast,FOOD,7,14,0,0.00%,14,0.07%,0.02%
EXTRA PELLET WHITE GUM,CS Mint & Gum,FOOD,7,14,0,0.00%,14,0.07%,0.02%
FAMILIA 50GM MUESLI CRUNCH,CS Cereal,FOOD,4,14,0,0.00%,14,0.04%,0.02%
Open Food,Open Food,FOOD,1,14,0,0.00%,14,0.01%,0.02%
PEPSI PET 500M,CS Soft Drinks,BEVERAGE,7,14,0,0.00%,14,0.07%,0.02%
UAE Balloon RGB,CS Festival Non Food,NON FOOD,1,14,0,0.00%,14,0.01%,0.02%
LIND CHERRY INTENSE100G,CS Chocolate ,FOOD,1,13.75,0,0.00%,13.75,0.01%,0.02%
LINDT EXCELLENCE LIME INTENSE 10,CS Chocolate ,FOOD,1,13.75,0,0.00%,13.75,0.01%,0.02%
LINDT EXCELLENCE SEA SALT 100GM,CS Chocolate ,FOOD,1,13.75,0,0.00%,13.75,0.01%,0.02%
NECTAFLOR PREMIUM GINGER 200GM,CS Dry Fruits,FOOD,1,13.75,0,0.00%,13.75,0.01%,0.02%
BERRY CO GOJI BERRY JUICE 1L,CS Packet Juice,BEVERAGE,1,13.5,0,0.00%,13.5,0.01%,0.02%
BERRY CO SUPERBERRY RED 1L,CS Packet Juice,BEVERAGE,1,13.5,0,0.00%,13.5,0.01%,0.02%
PEPSI CAN 355ML ,CS Soft Drinks,BEVERAGE,9,13.5,0,0.00%,13.5,0.10%,0.02%
VOLVIC WATER 500ML,CS Water,BEVERAGE,3,13.5,0,0.00%,13.5,0.03%,0.02%
ClearHerbFusionWmen,CS Shampoo & Conditioner,NON FOOD,1,13,0,0.00%,13,0.01%,0.02%
ClrDpCleanseMen,CS Shampoo & Conditioner,NON FOOD,1,13,0,0.00%,13,0.01%,0.02%
CORNETTO I/C LOVE TOFFEE,CS Ice Cream,FOOD,2,13,0,0.00%,13,0.02%,0.02%
JOHNSONS BODY WASH PAPAYA 250ML,CS Bath & Shower,NON FOOD,1,13,0,0.00%,13,0.01%,0.02%
JOHNSONS BODY WASH RASPBERRY 250,CS Bath & Shower,NON FOOD,1,13,0,0.00%,13,0.01%,0.02%
JOHNSONS COTTON BUDS 100PCS,CS Others,NON FOOD,1,13,0,0.00%,13,0.01%,0.02%
LADY CHOICE CREAMY PEANUT BUTTER,CS Can & Jar Food,FOOD,1,13,0,0.00%,13,0.01%,0.02%
M&M PEANUT 45GM,CS Chocolate ,FOOD,4,13,0,0.00%,13,0.04%,0.02%
MARS BAR 51GM,CS Chocolate ,FOOD,3,13,0,0.00%,13,0.03%,0.02%
CLEARLY SCRUMPTIOUS CRANBERRY 30,CS Dry Fruits,FOOD,1,12.75,0,0.00%,12.75,0.01%,0.02%
DR OETEKER PARTY CANDLE,CS Disposable,NON FOOD,1,12.75,0,0.00%,12.75,0.01%,0.02%
DR OETKER CELEBRATION CANDLE,CS Disposable,NON FOOD,1,12.75,0,0.00%,12.75,0.01%,0.02%
LIPTON PYRAMID PEACH MANGO TEA B,CS Tea,FOOD,1,12.75,0,0.00%,12.75,0.01%,0.02%
AL RABIE ORANGE 330ML,CS Packet Juice,BEVERAGE,5,12.5,0,0.00%,12.5,0.05%,0.02%
BEST 30GM SALTED CASHEWS,CS Nuts & Seeds,FOOD,3,12.5,0,0.00%,12.5,0.03%,0.02%
HANSAPLAST HEALING CREAM 12 STRI,CS Others,NON FOOD,1,12.5,0,0.00%,12.5,0.01%,0.02%
LAYS SALT VINEGAR 185GM,CS Chips & Snacks,FOOD,2,12.5,0,0.00%,12.5,0.02%,0.02%
LAYS TOMATO KETCHUP 185GM,CS Chips & Snacks,FOOD,2,12.5,0,0.00%,12.5,0.02%,0.02%
TWIX TWIN BAR 50GM,CS Chocolate ,FOOD,5,12.5,0,0.00%,12.5,0.05%,0.02%
ADD CARAMEL DRIZZLE,Starbucks,FOOD,3,12,0,0.00%,12,0.03%,0.02%
ADD WHIPPED CREAM,Starbucks,FOOD,3,12,0,0.00%,12,0.03%,0.02%
ESPRESSO MACCHIATO DOUBLE,Coffee,FOOD,1,12,0,0.00%,12,0.01%,0.02%
GATORADE LEMON,Energy Drinks,BEVERAGE,1,12,0,0.00%,12,0.01%,0.02%
GLAD GARBAGE BAG MEDIUM 35L X 30,CS Tissue & Toilet Rolls,NON FOOD,1,12,0,0.00%,12,0.01%,0.02%
GLASS OF SOYA MILK,Soya Milk,FOOD,2,12,0,0.00%,12,0.02%,0.02%
Khubus Bread,Breakfast,FOOD,6,12,0,0.00%,12,0.06%,0.02%
LABELLO ORIGINAL CLASSIC CARE 4.,CS Facial Care,NON FOOD,1,12,0,0.00%,12,0.01%,0.02%
Lacnor Full Fat Milk 1L ,CS Dairy ,BEVERAGE,3,12,0,0.00%,12,0.03%,0.02%
LAYS 40GM CHILLI,CS Chips & Snacks,FOOD,6,12,0,0.00%,12,0.06%,0.02%
LAYS 40GM TOMATO KETCHUP,CS Chips & Snacks,FOOD,6,12,0,0.00%,12,0.06%,0.02%
LUX BW SILK SENSATION 250ML,CS Bath & Shower,NON FOOD,1,12,0,0.00%,12,0.01%,0.02%
NECTAFLOR PREMIUM RAISINS 200GM,CS Dry Fruits,FOOD,1,12,0,0.00%,12,0.01%,0.02%
SCHOGETTEN CAPPUCCINO 100G,CS Chocolate ,FOOD,2,12,0,0.00%,12,0.02%,0.02%
SLICED BREAD WHITE JUMBO,CS Bakery,FOOD,3,12,0,0.00%,12,0.03%,0.02%
SMINT CANDY GUM PEPPERMINT 14.2G,CS Mint & Gum,FOOD,3,12,0,0.00%,12,0.03%,0.02%
SNAPPLES KIWI & STRAWBERRY,Fresh Juices,BEVERAGE,1,12,0,0.00%,12,0.01%,0.02%
Yardly Lavander 200ml,CS Deodrants,NON FOOD,1,12,0,0.00%,12,0.01%,0.02%
BEST CAN ALMONDS SALTED 110GM,CS Nuts & Seeds,FOOD,1,11.75,0,0.00%,11.75,0.01%,0.02%
DOLMIO BOLOGNESE CHUNKY MUSHROOM,CS Sauce,FOOD,1,11.5,0,0.00%,11.5,0.01%,0.02%
ORAL B TP COMPLETE EXTREME MINT ,CS Oral Care,NON FOOD,1,11.5,0,0.00%,11.5,0.01%,0.02%
SELPAK KITCHEN ROLL 2 PCS,CS Tissue & Toilet Rolls,NON FOOD,1,11.5,0,0.00%,11.5,0.01%,0.02%
DaryMlkCdbry230g,CS Chocolate ,FOOD,1,11,0,0.00%,11,0.01%,0.02%
JOHNSONS COTTON PADS 80 PCS,CS Facial Care,NON FOOD,1,11,0,0.00%,11,0.01%,0.02%
LUX HW SILK SENSATION 250ML,CS Shampoo & Conditioner,NON FOOD,1,11,0,0.00%,11,0.01%,0.02%
LUX HW VELVET TOUCH 250ML,CS Soap & Handwash,NON FOOD,1,11,0,0.00%,11,0.01%,0.02%
VOCHELLE DARK CHOC FRUIT & NUTS ,CS Chocolate ,FOOD,2,11,0,0.00%,11,0.02%,0.02%
AL MARAI FRESH MILK FULL FAT 500,CS Dairy ,FOOD,3,10.5,0,0.00%,10.5,0.03%,0.02%
COKE CAN 300ML,CS Soft Drinks,BEVERAGE,7,10.5,0,0.00%,10.5,0.07%,0.02%
CROISSANT HI BUTTER PLAIN,CS Bakery,FOOD,3,10.5,0,0.00%,10.5,0.03%,0.02%
FRUIT TELLA STRAWBERRY 39G,CS Mint & Gum,FOOD,6,10.5,0,0.00%,10.5,0.06%,0.02%
LacnorMango180ML ,CS Packet Juice,BEVERAGE,7,10.5,0,0.00%,10.5,0.07%,0.02%
A/G CORNED BEEF HALAL 340GM,CS Can & Jar Food,FOOD,1,10.25,0,0.00%,10.25,0.01%,0.02%
AL RABIE LIME KIWI 330ML,CS Packet Juice,BEVERAGE,4,10,0,0.00%,10,0.04%,0.02%
Cookie,Dessert,FOOD,2,10,0,0.00%,10,0.02%,0.02%
EXTRA PELLET PEPPERMINT GUM,CS Mint & Gum,FOOD,5,10,0,0.00%,10,0.05%,0.02%
GATORADE BLUE BOLT PET 500ML,CS Sports & Energy Drinks,BEVERAGE,2,10,0,0.00%,10,0.02%,0.02%
GATORADE PINK LEMONDAE PET 500ML,CS Sports & Energy Drinks,BEVERAGE,2,10,0,0.00%,10,0.02%,0.02%
KOKA BOWL MUSHROOM,CS Pasta & Noodles,FOOD,2,10,0,0.00%,10,0.02%,0.02%
LAYS FORNO BLACK PEPPER 43G,CHIPS,FOOD,2,10,0,0.00%,10,0.02%,0.02%
MentoGmWatrMelon,CS Mint & Gum,FOOD,2,10,0,0.00%,10,0.02%,0.02%
SENCHA GREEN LOOSE TEA,Tea,FOOD,1,10,0,0.00%,10,0.01%,0.02%
PastaFusilliBari ,CS Pasta & Noodles,FOOD,1,9.75,0,0.00%,9.75,0.01%,0.02%
PRINGLES 40GM HOT & SPICY,CS Chips & Snacks,FOOD,3,9.75,0,0.00%,9.75,0.03%,0.02%
TOBLERONE WHITE 35GM,CS Chocolate ,FOOD,3,9.75,0,0.00%,9.75,0.03%,0.02%
GALAXY THICK SHAKE CARAMEL 300ML,Convenience Beverages,BEVERAGE,1,9.5,0,0.00%,9.5,0.01%,0.02%
PRINGLES HOT & SPICY 165GM,CS Chips & Snacks,FOOD,1,9.25,0,0.00%,9.25,0.01%,0.02%
PRINGLES ORIGINAL 165GM,CS Chips & Snacks,FOOD,1,9.25,0,0.00%,9.25,0.01%,0.02%
AL AIN MORNING BLACKBERRY MUSELI,CS Dairy ,FOOD,3,9,0,0.00%,9,0.03%,0.01%
BAHLSEN LEIBNIZ,Biscuit & Cookies,FOOD,2,9,0,0.00%,9,0.02%,0.01%
BEST 30GM SALTED PEANUTS,CS Nuts & Seeds,FOOD,6,9,0,0.00%,9,0.06%,0.01%
GALAXY HAZELNUT 40GM,CS Chocolate ,FOOD,3,9,0,0.00%,9,0.03%,0.01%
LACNOR PEACH 180ML,CS Packet Juice,BEVERAGE,6,9,0,0.00%,9,0.06%,0.01%
M&M CHOCOLATE 45GM,CS Chocolate ,FOOD,3,9,0,0.00%,9,0.03%,0.01%
MIRINDA ORANGE CAN 335ML ,CS Soft Drinks,BEVERAGE,6,9,0,0.00%,9,0.06%,0.01%
POKKA PEACH ICED TEA 330ML,CS Soft Drinks,BEVERAGE,3,9,0,0.00%,9,0.03%,0.01%
QUAKER WHITE OATS TIN 500GM,CS Cereal,FOOD,1,9,0,0.00%,9,0.01%,0.01%
RiceKrispiesCMB20g,CS Cereal,FOOD,3,9,0,0.00%,9,0.03%,0.01%
SAN PELLEGRINO WATER 1000ML,CS Water,BEVERAGE,1,9,0,0.00%,9,0.01%,0.01%
SCHWEPPES SODA CAN 300M,CS Soft Drinks,BEVERAGE,6,9,0,0.00%,9,0.06%,0.01%
SLICED BREAD BROWN JUMBO,CS Bakery,FOOD,2,9,0,0.00%,9,0.02%,0.01%
TAMRAH COCO DATES ZIPPER BAG 100,CS Dry Fruits,FOOD,1,9,0,0.00%,9,0.01%,0.01%
TOBLETOBLERONE MILK 35GM,CS Chocolate ,FOOD,3,9,0,0.00%,9,0.03%,0.01%
UAE Flag Sqn Eye,CS Festival Non Food,NON FOOD,1,9,0,0.00%,9,0.01%,0.01%
PEPSODENT TP CENTER FRESH 150G,CS Oral Care,NON FOOD,1,8.5,0,0.00%,8.5,0.01%,0.01%
AL AIN FRESH MANGO JUICE 330ML,CS Packet Juice,BEVERAGE,1,8,0,0.00%,8,0.01%,0.01%
AL AIN WATER 1.5 LITER,Water,BEVERAGE,4,8,0,0.00%,8,0.04%,0.01%
AlwaysUltrThin,CS Sanitary Care,NON FOOD,1,8,0,0.00%,8,0.01%,0.01%
COKE LIGHT PET 500ML,CS Soft Drinks,BEVERAGE,4,8,0,0.00%,8,0.04%,0.01%
CROISSANT HI BUTTER ZATAR,CS Bakery,FOOD,2,8,0,0.00%,8,0.02%,0.01%
EXTRA PROFESSIONAL WHITE GUM,CS Mint & Gum,FOOD,2,8,0,0.00%,8,0.02%,0.01%
GLASS OF MILK,Milk,FOOD,2,8,0,0.00%,8,0.02%,0.01%
HIBISCUS ICED TEA,Tea,FOOD,1,8,0,0.00%,8,0.01%,0.01%
INDOMIE PILLOW 5 PCS SPECIAL CHI,CS Pasta & Noodles,FOOD,1,8,0,0.00%,8,0.01%,0.01%
LAYS 40GM SALT VINEGAR,CS Chips & Snacks,FOOD,4,8,0,0.00%,8,0.04%,0.01%
LifebyHndSnitzrHul55m,CS Soap & Handwash,NON FOOD,1,8,0,0.00%,8,0.01%,0.01%
MANGO ICED TEA,Tea,FOOD,1,8,0,0.00%,8,0.01%,0.01%
POKKA PEACH ICED TEA CAN,Packet Juice,BEVERAGE,2,8,0,0.00%,8,0.02%,0.01%
SUPREME CEYLON TEA BAG,Tea,FOOD,1,8,0,0.00%,8,0.01%,0.01%
THE BERRY CO BLUEBERRY JUICE,Packet Juice,BEVERAGE,1,8,0,0.00%,8,0.01%,0.01%
THE BERRY CO GOJI BERRY JUICE,Packet Juice,BEVERAGE,1,8,0,0.00%,8,0.01%,0.01%
THE BERRY CO RED SUPEBERRY JUICE,Packet Juice,BEVERAGE,1,8,0,0.00%,8,0.01%,0.01%
ALWAYS NIGHT WINGS 8 PCS,CS Sanitary Care,NON FOOD,1,7.75,0,0.00%,7.75,0.01%,0.01%
CastaniaPnutRostd,CS Nuts & Seeds,FOOD,1,7.5,0,0.00%,7.5,0.01%,0.01%
COKE DIET CAN 330ML ,CS Soft Drinks,BEVERAGE,5,7.5,0,0.00%,7.5,0.05%,0.01%
KOKA PILLOW 5 PCS SPICY STIR FRY,CS Pasta & Noodles,FOOD,1,7.5,0,0.00%,7.5,0.01%,0.01%
LACNOR STRAWBERRY JUICE 180ML,CS Packet Juice,BEVERAGE,5,7.5,0,0.00%,7.5,0.05%,0.01%
MUDHISH CHIPS CHILLI RIPPLES 15G,CS Chips & Snacks,FOOD,10,7.5,0,0.00%,7.5,0.11%,0.01%
PEPSI DIET CAN 335ML ,CS Soft Drinks,BEVERAGE,5,7.5,0,0.00%,7.5,0.05%,0.01%
SCHWEPPES BITTER LEMON 300M,CS Soft Drinks,BEVERAGE,5,7.5,0,0.00%,7.5,0.05%,0.01%
GALLON WATER COUPON,CS Water,BEVERAGE,1,7,0,0.00%,7,0.01%,0.01%
LUX BAR MAGICAL BEAUTY 120GM,CS Oral Care,NON FOOD,2,7,0,0.00%,7,0.02%,0.01%
PEPSODENT TP GERMICHECK+BRUSH 15,CS Oral Care,NON FOOD,1,7,0,0.00%,7,0.01%,0.01%
WALKERS SB CHOCO CHIPS 40G,Biscuit & Cookies,FOOD,2,7,0,0.00%,7,0.02%,0.01%
NESCAFE CAPPUCINO SACHET 1PCS,CS Coffee,FOOD,3,6.75,0,0.00%,6.75,0.03%,0.01%
A/G Leaf Spinach Tin 425g,CS Can & Jar Food,FOOD,1,6.5,0,0.00%,6.5,0.01%,0.01%
ALWAYS NORMAL WINGS 10 PCS,CS Sanitary Care,NON FOOD,1,6.5,0,0.00%,6.5,0.01%,0.01%
CLOROX SPONGE SCOURER 4PCS,CS Cleaning Supplies,NON FOOD,1,6.5,0,0.00%,6.5,0.01%,0.01%
CORNETTO I/C LOVE COOKIE,CS Ice Cream,FOOD,1,6.5,0,0.00%,6.5,0.01%,0.01%
INDOMIE CUP VEGETABLE,CS Pasta & Noodles,FOOD,2,6.5,0,0.00%,6.5,0.02%,0.01%
CREST TP FRESH MINT 125ML,CS Oral Care,NON FOOD,1,6.25,0,0.00%,6.25,0.01%,0.01%
CREST TP MILD MINT 125ML,CS Oral Care,NON FOOD,1,6.25,0,0.00%,6.25,0.01%,0.01%
LAYS CHILI 185GM,CS Chips & Snacks,FOOD,1,6.25,0,0.00%,6.25,0.01%,0.01%
7 UP DIET PET 500ML,Softdrinks,BEVERAGE,1,6,0,0.00%,6,0.01%,0.01%
AL AIN KIWI APPLE YOGHURT 125GM,CS Dairy ,FOOD,3,6,0,0.00%,6,0.03%,0.01%
AL AIN MORNING CRANBERRY MUSELI ,CS Dairy ,FOOD,2,6,0,0.00%,6,0.02%,0.01%
AL AIN YOGHURT FULL CREAM 170GM,CS Dairy ,FOOD,4,6,0,0.00%,6,0.04%,0.01%
AL MARAI FRESH MILK LOW FAT 500M,CS Dairy ,FOOD,2,6,0,0.00%,6,0.02%,0.01%
AL MARAI LABAN FULL FAT 360ML,CS Dairy ,FOOD,2,6,0,0.00%,6,0.02%,0.01%
CAPRISUN MIXED FRUIT,CS Packet Juice,BEVERAGE,6,6,0,0.00%,6,0.06%,0.01%
Chicken Tikka,Pizza,FOOD,1,6,0,0.00%,6,0.01%,0.01%
COCA COLA PET 500ML,Softdrinks,BEVERAGE,1,6,0,0.00%,6,0.01%,0.01%
COKE ZERO CAN 300M,CS Soft Drinks,BEVERAGE,4,6,0,0.00%,6,0.04%,0.01%
CROISSANT PLAIN,CS Bakery,FOOD,4,6,0,0.00%,6,0.04%,0.01%
DOUGHNUT JAM,CS Bakery,FOOD,4,6,0,0.00%,6,0.04%,0.01%
Fruit&NCadbry40g,CS Chocolate ,FOOD,2,6,0,0.00%,6,0.02%,0.01%
LACNOR MILK BANANA 180ML,CS Packet Juice,BEVERAGE,4,6,0,0.00%,6,0.04%,0.01%
LACNOR MILK CHOCOLATE 180ML,CS Packet Juice,BEVERAGE,4,6,0,0.00%,6,0.04%,0.01%
LAYS 40GM FRENCH CHEESE,CS Chips & Snacks,FOOD,3,6,0,0.00%,6,0.03%,0.01%
LIP GREEN MINT 25 TB,CS Tea,FOOD,1,6,0,0.00%,6,0.01%,0.01%
LIPTON YELLOW LABEL TEA BAG 25PC,CS Tea,FOOD,1,6,0,0.00%,6,0.01%,0.01%
NATURE VALLEY OATS & HONEY,CS Cereal,FOOD,2,6,0,0.00%,6,0.02%,0.01%
NATURE VALLEY ROASTED ALMOND,CS Cereal,FOOD,2,6,0,0.00%,6,0.02%,0.01%
SCHOGETTEN TROLOGIA 100GM,CS Chocolate ,FOOD,1,6,0,0.00%,6,0.01%,0.01%
SgnlToothpaste120ML,CS Oral Care,NON FOOD,1,6,0,0.00%,6,0.01%,0.01%
SPRIGHT LIGHT CAN 355M,CS Soft Drinks,BEVERAGE,4,6,0,0.00%,6,0.04%,0.01%
SMINT POCKET WILDBERRY,CS Mint & Gum,FOOD,1,5.75,0,0.00%,5.75,0.01%,0.01%
BAHLSEN LEIBNIZ MINIS BUTTER 100,Biscuit & Cookies,FOOD,1,5.5,0,0.00%,5.5,0.01%,0.01%
CADBURY DM FRUIT & NUT 100GM,CS Chocolate ,FOOD,1,5.5,0,0.00%,5.5,0.01%,0.01%
KIWI TIN BLACK,CS Others,NON FOOD,1,5.5,0,0.00%,5.5,0.01%,0.01%
MODERN BAKE PEANUT PEACAN ENERGY,CS Cereal,FOOD,1,5.5,0,0.00%,5.5,0.01%,0.01%
SCHOGETTEN PRALINE NOISETTES 100,CS Chocolate ,FOOD,1,5.25,0,0.00%,5.25,0.01%,0.01%
ARIEL 260GM GREEN,CS Laundry Care,NON FOOD,1,5,0,0.00%,5,0.01%,0.01%
COKE LARGE 2.25L,CS Soft Drinks,BEVERAGE,1,5,0,0.00%,5,0.01%,0.01%
CORNETTO I/C CLASSICO CHOCOLATE,CS Ice Cream,FOOD,1,5,0,0.00%,5,0.01%,0.01%
CORNETTO I/C CLASSICO CREAM,CS Ice Cream,FOOD,1,5,0,0.00%,5,0.01%,0.01%
GATORADE GRAPE PET 500ML,CS Sports & Energy Drinks,BEVERAGE,1,5,0,0.00%,5,0.01%,0.01%
KAGI SWISS WAFERS CHOCOLATE 50G,CS Mint & Gum,FOOD,1,5,0,0.00%,5,0.01%,0.01%
KOKA BOWL BEEF,CS Pasta & Noodles,FOOD,1,5,0,0.00%,5,0.01%,0.01%
MENTOS CHEWY MINT 30GM,CS Mint & Gum,FOOD,4,5,0,0.00%,5,0.04%,0.01%
ORAL B BRUSH KIDS,CS Oral Care,NON FOOD,1,5,0,0.00%,5,0.01%,0.01%
PEPSI LARGE 2.25L,CS Soft Drinks,BEVERAGE,1,5,0,0.00%,5,0.01%,0.01%
POCARI SWEAT PET 500ML,CS Sports & Energy Drinks,BEVERAGE,1,5,0,0.00%,5,0.01%,0.01%
UAE Balloon CHEAP,CS Festival Non Food,NON FOOD,1,5,0,0.00%,5,0.01%,0.01%
SCRUMMIES RASPBERRY CRANBERRIES ,CS Dry Fruits,FOOD,1,4.75,0,0.00%,4.75,0.01%,0.01%
DOUGHNUT ICING WHITE,CS Bakery,FOOD,3,4.5,0,0.00%,4.5,0.03%,0.01%
LACNOR MILK STRAWBERRY 180ML,CS Packet Juice,BEVERAGE,3,4.5,0,0.00%,4.5,0.03%,0.01%
SCHWEPPES GINGER ALE 300M,CS Soft Drinks,BEVERAGE,3,4.5,0,0.00%,4.5,0.03%,0.01%
ALPEN BAR FRUIT NUT MILK CHOCOLA,CS Cereal,FOOD,1,4,0,0.00%,4,0.01%,0.01%
COKE PET 500ML,CS Soft Drinks,BEVERAGE,2,4,0,0.00%,4,0.02%,0.01%
CROISSANT BUTTER CHEESE,CS Bakery,FOOD,1,4,0,0.00%,4,0.01%,0.01%
KNORR SOUP VEGETABLES47G,CS Packet Food,FOOD,1,4,0,0.00%,4,0.01%,0.01%
Lacnor Low Fat Milk 1L,CS Dairy ,BEVERAGE,1,4,0,0.00%,4,0.01%,0.01%
LAYS CHILLI 40G,CHIPS,FOOD,1,4,0,0.00%,4,0.01%,0.01%
LAYS SALT & VINEGAR 40G,CHIPS,FOOD,1,4,0,0.00%,4,0.01%,0.01%
LIPTON PEACH ICED TEA,Tea,BEVERAGE,1,4,0,0.00%,4,0.01%,0.01%
MENTOS CHEWY STRAWBERRY 30GM,CS Mint & Gum,FOOD,2,4,0,0.00%,4,0.02%,0.01%
NutroLemon90g,Biscuit & Cookies,FOOD,2,4,0,0.00%,4,0.02%,0.01%
Nutro Straw90gm,Biscuit & Cookies,FOOD,2,4,0,0.00%,4,0.02%,0.01%
SMINT CANDY GUM STRAWBERRY 14.2G,CS Mint & Gum,FOOD,1,4,0,0.00%,4,0.01%,0.01%
SPRITE LIGHT CAN,Softdrinks,BEVERAGE,1,4,0,0.00%,4,0.01%,0.01%
SPRITE PET 500ML,CS Soft Drinks,BEVERAGE,2,4,0,0.00%,4,0.02%,0.01%
SUBSTITUTE SOYA ALMOND,Soya Milk,FOOD,1,4,0,0.00%,4,0.01%,0.01%
"BUN BREAD PLAIN 4"" 6 PCS",CS Bakery,FOOD,1,3.5,0,0.00%,3.5,0.01%,0.01%
"BUN BREAD SEASAME 4"" 6 PCS",CS Bakery,FOOD,1,3.5,0,0.00%,3.5,0.01%,0.01%
KOKA CUP CHICKEN,CS Pasta & Noodles,FOOD,1,3.5,0,0.00%,3.5,0.01%,0.01%
KOKA CUP NODLE VEG,CS Pasta & Noodles,FOOD,1,3.5,0,0.00%,3.5,0.01%,0.01%
MUFFIN DOUBLE CHOCOLATE,CS Bakery,FOOD,1,3.5,0,0.00%,3.5,0.01%,0.01%
SUPER GLUE 3G,CS Others,NON FOOD,2,3.5,0,0.00%,3.5,0.02%,0.01%
Tide HS MB260g ,CS Laundry Care,NON FOOD,1,3.5,0,0.00%,3.5,0.01%,0.01%
A/G CHICK PEAS CLASSIC 400G,CS Can & Jar Food,FOOD,1,3.25,0,0.00%,3.25,0.01%,0.01%
A/G KIDNEY BEANS DARK RED 400G,CS Can & Jar Food,FOOD,1,3.25,0,0.00%,3.25,0.01%,0.01%
GALAXY SMOOTH MILK 40GM,CS Chocolate ,FOOD,1,3.25,0,0.00%,3.25,0.01%,0.01%
Add Mini PastryCombo,Dessert,FOOD,3,3,0,0.00%,3,0.03%,0.00%
AXE OIL SMALL,CS Others,NON FOOD,1,3,0,0.00%,3,0.01%,0.00%
BAYARA BARGHOL BROWN 400GM,CS Coocking & Baking,FOOD,1,3,0,0.00%,3,0.01%,0.00%
BEST 13GM ALMOND,CS Nuts & Seeds,FOOD,1,3,0,0.00%,3,0.01%,0.00%
BEST 30GM SALTED PISTACHIO,CS Nuts & Seeds,FOOD,1,3,0,0.00%,3,0.01%,0.00%
CADBURY DM HAZELNUT 37GM,CS Chocolate ,FOOD,1,3,0,0.00%,3,0.01%,0.00%
GranAppleCunch,CS Cereal,FOOD,1,3,0,0.00%,3,0.01%,0.00%
MOUNTAIN DEW CAN 335ML ,CS Soft Drinks,BEVERAGE,2,3,0,0.00%,3,0.02%,0.00%
POKKA ICED TEA PEACH 500ML,CS Packet Juice,BEVERAGE,1,3,0,0.00%,3,0.01%,0.00%
POKKA LEMON ICED TEA 330ML,CS Soft Drinks,BEVERAGE,1,3,0,0.00%,3,0.01%,0.00%
Rainbow Low Fat 160ml,CS Dairy ,FOOD,1,3,0,0.00%,3,0.01%,0.00%
Salted Pistachios30g,Peannuts,FOOD,1,3,0,0.00%,3,0.01%,0.00%
SPRITE LIGHT CAN 330M,CS Soft Drinks,BEVERAGE,2,3,0,0.00%,3,0.02%,0.00%
SPRITE LIGHT CAN 330ML ,CS Soft Drinks,BEVERAGE,2,3,0,0.00%,3,0.02%,0.00%
A/G IODIZED SALT 26OZ,CS Can & Jar Food,FOOD,1,2.5,0,0.00%,2.5,0.01%,0.00%
ALMARAI CUSTARD VANILLA 100G,CS Dairy ,FOOD,2,2.5,0,0.00%,2.5,0.02%,0.00%
MENTOS ICE CHERRY MINT 10G,CS Mint & Gum,FOOD,2,2.5,0,0.00%,2.5,0.02%,0.00%
Nail Cutter ,CS Others,NON FOOD,1,2.5,0,0.00%,2.5,0.01%,0.00%
SAFA BAKING PWDR100G,CS Coocking & Baking,FOOD,1,2.5,0,0.00%,2.5,0.01%,0.00%
7 DAYS CROISSANT STRAWBERRY,CS Bakery,FOOD,1,2,0,0.00%,2,0.01%,0.00%
AL AIN LABAN 250ML,CS Dairy ,FOOD,1,2,0,0.00%,2,0.01%,0.00%
CAPRISUN MANGO,CS Packet Juice,BEVERAGE,2,2,0,0.00%,2,0.02%,0.00%
COKE ZERO PET 500ML,CS Soft Drinks,BEVERAGE,1,2,0,0.00%,2,0.01%,0.00%
DOUGHNUT PLAIN,CS Bakery,FOOD,1,2,0,0.00%,2,0.01%,0.00%
EXTRA PELLET STRAWBERRY GUM,Biscuit & Cookies,FOOD,1,2,0,0.00%,2,0.01%,0.00%
FOUNTAIN SODA,Softdrinks,BEVERAGE,1,2,0,0.00%,2,0.01%,0.00%
KIT KAT 2 FINGERS,CS Chocolate ,FOOD,2,2,0,0.00%,2,0.02%,0.00%
LAYS 40GM SALT,CS Chips & Snacks,FOOD,1,2,0,0.00%,2,0.01%,0.00%
Nutra Van90gm,Biscuit & Cookies,FOOD,1,2,0,0.00%,2,0.01%,0.00%
CAPRISUN APPLE,CS Packet Juice,BEVERAGE,1,1,0,0.00%,1,0.01%,0.00%
CAPRISUN PINEAPPLE,CS Packet Juice,BEVERAGE,1,1,0,0.00%,1,0.01%,0.00%
CAPRISUN STRAWBERY ,CS Packet Juice,BEVERAGE,1,1,0,0.00%,1,0.01%,0.00%
MAGGI STOCK CUBE CHICKEN,CS Sauce,FOOD,1,1,0,0.00%,1,0.01%,0.00%
SAFETY MATCH STICK BOX 2PCS,CS Others,NON FOOD,1,0.5,0,0.00%,0.5,0.01%,0.00%
TOTAL*,,,"7,945","60,595.50",0,0.00%,"60,595.50",84.58%,100.00%
,,,,,,,,,
