Menu Engineering Items Summary,,,,,,,,,
,,,,,,,,,
Business Dates,11/28/2015,,,,,,,,
Locations,"DEMO,UAE",,,,,,,,
Revenue Centers,All,,,,,,,,
Menu Items,All,,,,,,,,
,,,,,,,,,
Menu Item Name,Family Group,Major Group,Qty Sold,Net Sales,Prep Cost,Cost %,Margin Less Item Disc,% Qty,% Margin
Stud Meal Combo,Main course,FOOD,201,"6,000.00",0,0.00%,"6,000.00",2.09%,9.89%
MARINATED SALMON STEAK,Grill,FOOD,87,"2,610.00",0,0.00%,"2,610.00",0.90%,4.30%
CHICKEN MEAL ,Main course,FOOD,74,"1,850.00",0,0.00%,"1,850.00",0.77%,3.05%
Classic Angus Burger,Burgers,FOOD,56,"1,680.00",0,0.00%,"1,680.00",0.58%,2.77%
Chocolate Bar,Extras,FOOD,315,"1,575.00",0,0.00%,"1,575.00",3.28%,2.60%
Masafi Water500ml,Water,BEVERAGE,"1,310","1,310.00",0,0.00%,"1,310.00",13.62%,2.16%
Student Breakfast,Breakfast,FOOD,37,"1,110.00",0,0.00%,"1,110.00",0.38%,1.83%
Margherita(V),Pizza,FOOD,44,"1,100.00",0,0.00%,"1,100.00",0.46%,1.81%
Slice of the Day,Pizza,FOOD,191,955,0,0.00%,955,1.99%,1.57%
LACNOR COCKTAIL 180ML,Fresh Juices,BEVERAGE,229,916,0,0.00%,916,2.38%,1.51%
Buffet Meal,Main course,FOOD,42,902,0,0.00%,902,0.44%,1.49%
SERCO LUNCH,SERCO LUNCH,FOOD,56,840,0,0.00%,840,0.58%,1.38%
Smoked Salmon,Sandwiches,FOOD,32,800,0,0.00%,800,0.33%,1.32%
FG LARGE BOWL,FEEL GOOD,FOOD,27,702,0,0.00%,702,0.28%,1.16%
LACNOR MILK CHOCOLATE,Flavoured Milk,BEVERAGE,169,676,0,0.00%,676,1.76%,1.11%
Chicken Steak,Grill,FOOD,28,672,0,0.00%,672,0.29%,1.11%
BBQ Glazed Chicken,Sandwiches,FOOD,30,630,0,0.00%,630,0.31%,1.04%
SERCO DINNER,SERCO DINNER,FOOD,36,540,0,0.00%,540,0.37%,0.89%
FG MEDIUM BOWL,FEEL GOOD,FOOD,26,468,0,0.00%,468,0.27%,0.77%
Chicken Caesar,Salads,FOOD,18,450,0,0.00%,450,0.19%,0.74%
Take Away Box,Take Away Boxes,NON FOOD,149,447,0,0.00%,447,1.55%,0.74%
Buffet Fruit Salad,Salads,FOOD,89,440,0,0.00%,440,0.93%,0.73%
Dessert,Dessert,FOOD,110,440,0,0.00%,440,1.14%,0.73%
Falafel Tomato & Hummus(V),Sandwiches,FOOD,24,432,0,0.00%,432,0.25%,0.71%
12 OZ TOFFEE NUT LATTE,Coffee,FOOD,24,408,0,0.00%,408,0.25%,0.67%
BUTTER FLY CHICKEN BREAST ,Grill,FOOD,17,408,0,0.00%,408,0.18%,0.67%
SERCO BREAKFAST,SERCO BREAKFAST,FOOD,26,390,0,0.00%,390,0.27%,0.64%
16 OZ ICED CARAMEL MACCHIATO,Starbucks,FOOD,22,384,0,0.00%,384,0.23%,0.63%
COCA COLA CAN,Softdrinks,BEVERAGE,96,384,0,0.00%,384,1.00%,0.63%
Fresh Fruit Pcs,Extras,FOOD,127,381,0,0.00%,381,1.32%,0.63%
Valley Crunchy,Cereal Bar,FOOD,126,378,0,0.00%,378,1.31%,0.62%
Two Eggs ,Breakfast,FOOD,75,375,0,0.00%,375,0.78%,0.62%
16 OZ ICED WHITE CHOCOLATE MOCHA,Starbucks,FOOD,20,365,0,0.00%,365,0.21%,0.60%
Extra Portion Grill,Main course,FOOD,30,360,0,0.00%,360,0.31%,0.59%
Super Food Salad (V),Salads,FOOD,15,360,0,0.00%,360,0.16%,0.59%
Side Salad,Salads,FOOD,89,356,0,0.00%,356,0.93%,0.59%
Chicken Tikka,Sandwiches,FOOD,14,336,0,0.00%,336,0.15%,0.55%
FISH & SHRIMP MEAL,Main course,FOOD,13,325,0,0.00%,325,0.14%,0.54%
12 OZ CAFFE LATTE,Starbucks,FOOD,27,324,0,0.00%,324,0.28%,0.53%
7 OZ DOUBLE SHOT ICED SHAKEN,Starbucks,FOOD,23,322,0,0.00%,322,0.24%,0.53%
Smoked Turkey Ham Pasta,Salads,FOOD,14,308,0,0.00%,308,0.15%,0.51%
LACNOR ORANGE 180ML,Fresh Juices,BEVERAGE,76,304,0,0.00%,304,0.79%,0.50%
REDBULL SUGAR FREE,Energy Drinks,BEVERAGE,37,296,0,0.00%,296,0.38%,0.49%
POKKA PEACH ICED TEA CAN,Packet Juice,BEVERAGE,73,292,0,0.00%,292,0.76%,0.48%
POKKA LEMON ICED TEA CAN,Packet Juice,BEVERAGE,72,288,0,0.00%,288,0.75%,0.47%
LACNOR APPLE 180ML,Fresh Juices,BEVERAGE,67,268,0,0.00%,268,0.70%,0.44%
16 OZ CAFFE AMERICANO,Starbucks,FOOD,22,264,0,0.00%,264,0.23%,0.44%
Go Large,Pizza,FOOD,32,256,0,0.00%,256,0.33%,0.42%
Hawaiian,Pizza,FOOD,8,256,0,0.00%,256,0.08%,0.42%
16 OZ CAFFE LATTE,Starbucks,FOOD,18,252,0,0.00%,252,0.19%,0.42%
Cereal Portion,Breakfast,FOOD,36,252,0,0.00%,252,0.37%,0.42%
Tandoori Chicken,Pizza,FOOD,7,252,0,0.00%,252,0.07%,0.42%
Portion Protein,Main course,FOOD,25,250,0,0.00%,250,0.26%,0.41%
Salmon Salad,Salads,FOOD,10,250,0,0.00%,250,0.10%,0.41%
Banana Pcs,CS Fresh Fruit,FOOD,243,243,0,0.00%,243,2.53%,0.40%
LACNOR MILK STRAWBERRY,Flavoured Milk,BEVERAGE,60,240,0,0.00%,240,0.62%,0.40%
Yoghurt,Yogurt,FOOD,60,240,0,0.00%,240,0.62%,0.40%
12 OZ CAPPUCHINO,Starbucks,FOOD,19,228,0,0.00%,228,0.20%,0.38%
Bagel S. Salmon,Sandwiches,FOOD,9,225,0,0.00%,225,0.09%,0.37%
Homemade Beef Burger,Burgers,FOOD,11,220,0,0.00%,220,0.11%,0.36%
FG SMALL BOWL,FEEL GOOD,FOOD,18,216,0,0.00%,216,0.19%,0.36%
Grilled Chicken Burger,Burgers,FOOD,9,216,0,0.00%,216,0.09%,0.36%
PEPSI DIET CAN,Softdrinks,BEVERAGE,53,212,0,0.00%,212,0.55%,0.35%
Fruit Salad,Yoghurt Pots,FOOD,18,204,0,0.00%,204,0.19%,0.34%
100 Dhs Rech,CS Others,NON FOOD,2,200,0,0.00%,200,0.02%,0.33%
TAMRAH CHOCO CARAMEL ZIPPER BAG ,CS Dry Fruits,FOOD,22,198,0,0.00%,198,0.23%,0.33%
12 OZ CAFFE AMERICANO,Starbucks,FOOD,19,190,0,0.00%,190,0.20%,0.31%
WALK IN LUNCH,WALK IN LUNCH,FOOD,19,190,0,0.00%,190,0.20%,0.31%
Best SaltedCashew30g,Peannuts,FOOD,62,186,0,0.00%,186,0.64%,0.31%
LACNOR MILK BANANA,Flavoured Milk,BEVERAGE,45,180,0,0.00%,180,0.47%,0.30%
Tenderloin Steak,Burgers,FOOD,6,180,0,0.00%,180,0.06%,0.30%
Tuna Cheese Melt,Sandwiches,FOOD,8,176,0,0.00%,176,0.08%,0.29%
16 OZ CARAMEL MACCHIATO,Starbucks,FOOD,10,170,0,0.00%,170,0.10%,0.28%
Extra Topping,Pizza,FOOD,32,160,0,0.00%,160,0.33%,0.26%
Filter Tea,Tea,FOOD,32,160,0,0.00%,160,0.33%,0.26%
Grilled Halloumi(V),Sandwiches,FOOD,8,160,0,0.00%,160,0.08%,0.26%
Soup,Extras,FOOD,26,156,0,0.00%,156,0.27%,0.26%
16 OZ WHITE CHOCOLATE MOCHA,Starbucks,FOOD,9,153,0,0.00%,153,0.09%,0.25%
TAMRAH CHOCO DARK ZIPPER BAG 100,CS Dry Fruits,FOOD,17,153,0,0.00%,153,0.18%,0.25%
CROISSANT MINI,Dessert,FOOD,49,147,0,0.00%,147,0.51%,0.24%
MOUNTAIN DEW,Softdrinks,BEVERAGE,37,144,0,0.00%,144,0.38%,0.24%
Yogurt Blueberry,Yoghurt Pots,FOOD,8,144,0,0.00%,144,0.08%,0.24%
Yogurt Muesli Honey,Yoghurt Pots,FOOD,9,144,0,0.00%,144,0.09%,0.24%
FRESH JUICE LARGE,Fresh Juices,FOOD,20,140,0,0.00%,140,0.21%,0.23%
SPRITE CAN,Softdrinks,BEVERAGE,35,140,0,0.00%,140,0.36%,0.23%
FRESH JUICE SMALL,Breakfast,FOOD,34,136,0,0.00%,136,0.35%,0.22%
16 OZ VANILLA LATTE,Starbucks,FOOD,7,133,0,0.00%,133,0.07%,0.22%
Buffalo Chicken,Grill,FOOD,8,128,0,0.00%,128,0.08%,0.21%
Hash Browns,Breakfast,FOOD,32,128,0,0.00%,128,0.33%,0.21%
AL AIN FRESH MILK LOW FAT 2L,CS Dairy ,FOOD,12,120,0,0.00%,120,0.12%,0.20%
Salted Pistachios30g,Peannuts,FOOD,40,120,0,0.00%,120,0.42%,0.20%
VEG BURGER,Burgers,FOOD,6,120,0,0.00%,120,0.06%,0.20%
SELPAK TOILET ROLL 7+2,CS Tissue & Toilet Rolls,NON FOOD,5,116.25,0,0.00%,116.25,0.05%,0.19%
COCA COLA DIET CAN,Softdrinks,BEVERAGE,29,116,0,0.00%,116,0.30%,0.19%
FANTA STRAWBERRY CAN,Softdrinks,BEVERAGE,29,116,0,0.00%,116,0.30%,0.19%
Beef sausage,Breakfast,FOOD,23,115,0,0.00%,115,0.24%,0.19%
Filter Coffee,Tea,FOOD,23,115,0,0.00%,115,0.24%,0.19%
Pesto Roasted Chicken,Sandwiches,FOOD,6,115,0,0.00%,115,0.06%,0.19%
Meat Feast,Pizza,FOOD,3,114,0,0.00%,114,0.03%,0.19%
16 OZ ICED CAFFE LATTE,Starbucks,FOOD,8,112,0,0.00%,112,0.08%,0.18%
VEGGIE MEAL,Veggie,FOOD,5,110,0,0.00%,110,0.05%,0.18%
BAYARA 1KG CASHEW NUT,CS Nuts & Seeds,FOOD,2,108,0,0.00%,108,0.02%,0.18%
12OZ WHITE CHOCOLATE MOCHA,Starbucks,FOOD,7,105,0,0.00%,105,0.07%,0.17%
Isabella(V),Pizza,FOOD,3,105,0,0.00%,105,0.03%,0.17%
Rocco,Pizza,FOOD,3,105,0,0.00%,105,0.03%,0.17%
PAPER BAG,BAGS,NON FOOD,103,103,0,0.00%,103,1.07%,0.17%
NUTELLA JAR 750GM,CS Can & Jar Food,FOOD,3,102.75,0,0.00%,102.75,0.03%,0.17%
ORAL B MOUTH WASH MULTI PROTECT ,CS Oral Care,NON FOOD,5,102.5,0,0.00%,102.5,0.05%,0.17%
7 UP CAN,Softdrinks,BEVERAGE,25,100,0,0.00%,100,0.26%,0.16%
Mixed Green Salad(V),Salads,FOOD,5,100,0,0.00%,100,0.05%,0.16%
Yogurt Mango,Yoghurt Pots,FOOD,10,100,0,0.00%,100,0.10%,0.16%
16 OZ CAPPUCHINO,Starbucks,FOOD,7,98,0,0.00%,98,0.07%,0.16%
PERSIL LIQUID GREEN POWER GEL 3L,CS Laundry Care,NON FOOD,2,97.5,0,0.00%,97.5,0.02%,0.16%
Peanut Butter & Jelly(V),Sandwiches,FOOD,6,96,0,0.00%,96,0.06%,0.16%
MIRINDA ORANGE CAN,Softdrinks,BEVERAGE,23,92,0,0.00%,92,0.24%,0.15%
SELPAK KITCHEN ROLL 2 PCS,CS Tissue & Toilet Rolls,NON FOOD,8,92,0,0.00%,92,0.08%,0.15%
TideReg Original1.5Kg ,CS Laundry Care,NON FOOD,4,91,0,0.00%,91,0.04%,0.15%
AL AIN FRESH MILK FULL FAT 2L,CS Dairy ,FOOD,9,90,0,0.00%,90,0.09%,0.15%
French Fries,Extras,FOOD,15,90,0,0.00%,90,0.16%,0.15%
Three Cheese Spring Onion,Pre Packed Sandwiches,FOOD,9,90,0,0.00%,90,0.09%,0.15%
WALK IN DINNER,WALK IN DINNER,FOOD,9,90,0,0.00%,90,0.09%,0.15%
FG Juice Bottled,FEEL GOOD,FOOD,11,88,0,0.00%,88,0.11%,0.15%
FARM FRESH EGGS WHITE 6PCS,CS Eggs,FOOD,19,85.5,0,0.00%,85.5,0.20%,0.14%
16 OZ CAFFE MOCHA,Starbucks,FOOD,5,85,0,0.00%,85,0.05%,0.14%
B.BAG CHEDDAR150g,CS Chips & Snacks,FOOD,7,84,0,0.00%,84,0.07%,0.14%
BAYARA EXTRA MIXED NUTS 300GM,CS Dry Fruits,FOOD,4,84,0,0.00%,84,0.04%,0.14%
Croissant,Breakfast,FOOD,12,84,0,0.00%,84,0.12%,0.14%
ANCHOR BUTTER UNSALTED 454G,CS Dairy ,FOOD,4,82,0,0.00%,82,0.04%,0.14%
ARIEL BLUE 1.5KG,CS Laundry Care,NON FOOD,3,81,0,0.00%,81,0.03%,0.13%
MAGNUM I/C DOUBLE CHOCOLATE,CS Ice Cream,FOOD,9,81,0,0.00%,81,0.09%,0.13%
16 OZ FRAPPUCINO CARAMEL,Starbucks,FOOD,4,80,0,0.00%,80,0.04%,0.13%
Baked beans,Breakfast,FOOD,16,80,0,0.00%,80,0.17%,0.13%
MINUTE STEAK,Grill,FOOD,4,80,0,0.00%,80,0.04%,0.13%
Mexican Melt,Pizza,FOOD,2,76,0,0.00%,76,0.02%,0.13%
KAGI SWISS WAFERS MINI GIFT BOX ,CS Mint & Gum,FOOD,2,74.5,0,0.00%,74.5,0.02%,0.12%
PRINGLES HOT & SPICY 165GM,CS Chips & Snacks,FOOD,8,74,0,0.00%,74,0.08%,0.12%
BLUEBERRY MUFFINS,Dessert,FOOD,6,72,0,0.00%,72,0.06%,0.12%
DOUBLE ESSPRESSO,Starbucks,FOOD,6,72,0,0.00%,72,0.06%,0.12%
Frid Rice W Vegetable,Fried Rice,FOOD,3,72,0,0.00%,72,0.03%,0.12%
Glazed Veg,Sandwiches,FOOD,4,72,0,0.00%,72,0.04%,0.12%
JOCCA KRAFT COTTAGE CHEESE 200GM,CS Dairy ,FOOD,6,72,0,0.00%,72,0.06%,0.12%
Muture Cheddar(V),Sandwiches,FOOD,4,72,0,0.00%,72,0.04%,0.12%
Small Salad,Salads,FOOD,6,72,0,0.00%,72,0.06%,0.12%
FAMILIA CHOCO 500GM,CS Cereal,FOOD,3,71.25,0,0.00%,71.25,0.03%,0.12%
AL AIN WATER 1.5L,CS Water,BEVERAGE,47,70.5,0,0.00%,70.5,0.49%,0.12%
CARTE D'OR PINT COOKIES,CS Ice Cream,FOOD,4,70,0,0.00%,70,0.04%,0.12%
Guest Meal Combo,Main course,FOOD,4,70,0,0.00%,70,0.04%,0.12%
PRO BAR FUEL BLUEBERRY CHIA 48GM,CS Cereal,FOOD,6,69,0,0.00%,69,0.06%,0.11%
LIPTON LEMON ICED TEA,Tea,BEVERAGE,17,68,0,0.00%,68,0.18%,0.11%
Plum Red,CS Fresh Fruit,FOOD,34,68,0,0.00%,68,0.35%,0.11%
Digest dark200,Biscuit & Cookies,FOOD,5,67.5,0,0.00%,67.5,0.05%,0.11%
RED BULL 250ML,CS Sports & Energy Drinks,BEVERAGE,9,67,0,0.00%,67,0.09%,0.11%
Pancakes,Breakfast,FOOD,22,66,0,0.00%,66,0.23%,0.11%
Roast Beef,Sandwiches,FOOD,3,66,0,0.00%,66,0.03%,0.11%
AL AIN FRESH MILK 1L LOW FAT,CS Dairy ,FOOD,10,65,0,0.00%,65,0.10%,0.11%
Portion Starch,Main course,FOOD,8,64,0,0.00%,64,0.08%,0.11%
CLEARLY SCRUMPTIOUS STRAWBERRY 3,CS Dry Fruits,FOOD,5,63.75,0,0.00%,63.75,0.05%,0.11%
BISCUITSDIGES250 ,Biscuit & Cookies,FOOD,6,63,0,0.00%,63,0.06%,0.10%
CROISSANT MEDIUM,PASTRIES,FOOD,9,63,0,0.00%,63,0.09%,0.10%
ALPRO SOYA ORIGINAL1L,CS Dairy ,BEVERAGE,4,62,0,0.00%,62,0.04%,0.10%
ALPRO ALMOND MILK 1L,CS Dairy ,FOOD,3,61.5,0,0.00%,61.5,0.03%,0.10%
12 OZ CAFFE MOCHA,Starbucks,FOOD,4,60,0,0.00%,60,0.04%,0.10%
12 OZ CARAMEL MACCHIATO,Starbucks,FOOD,4,60,0,0.00%,60,0.04%,0.10%
16 OZ FRAPPUCINO WHITE MOCHA,Starbucks,FOOD,3,60,0,0.00%,60,0.03%,0.10%
Beef Bacon,Breakfast,FOOD,12,60,0,0.00%,60,0.12%,0.10%
Chicken Sweetcorn,Pre Packed Sandwiches,FOOD,6,60,0,0.00%,60,0.06%,0.10%
Chicken Tandoori,Pre Packed Sandwiches,FOOD,6,60,0,0.00%,60,0.06%,0.10%
Cold Cuts,Breakfast,FOOD,12,60,0,0.00%,60,0.12%,0.10%
LACNOR MANGO 180ML,Fresh Juices,BEVERAGE,15,60,0,0.00%,60,0.16%,0.10%
CHEETOS 205GM CRUNCHY FLAMING HO,CS Chips & Snacks,FOOD,7,59.5,0,0.00%,59.5,0.07%,0.10%
BAYARA 1KG ALMOND,CS Nuts & Seeds,FOOD,1,57.75,0,0.00%,57.75,0.01%,0.10%
EGG Mayo & Spring Onion,Sandwiches,FOOD,3,57,0,0.00%,57,0.03%,0.09%
ARIEL GREEN 1.5KG,CS Laundry Care,NON FOOD,2,56,0,0.00%,56,0.02%,0.09%
Brownie,Dessert,FOOD,4,56,0,0.00%,56,0.04%,0.09%
French Toast,Breakfast,FOOD,14,56,0,0.00%,56,0.15%,0.09%
RED BULL SUGAR FREE 250ML,CS Sports & Energy Drinks,BEVERAGE,8,56,0,0.00%,56,0.08%,0.09%
TEA BAG JASMINE GREEN,Tea,FOOD,7,56,0,0.00%,56,0.07%,0.09%
BJORG ORGANIC CALCIUM ALMOND MIL,CS Organic Food,FOOD,2,55.5,0,0.00%,55.5,0.02%,0.09%
BJORG ORGANIC SUGAR FREE ALMOND ,CS Organic Food,FOOD,2,55.5,0,0.00%,55.5,0.02%,0.09%
PERRIER WATER SLIM CAN 250ML,Convenience Beverages,BEVERAGE,20,55,0,0.00%,55,0.21%,0.09%
AXE DEO ANARCHY 4 HIM 150ML,CS Deodrants,NON FOOD,3,54.75,0,0.00%,54.75,0.03%,0.09%
OREO ORIGINAL 16 PACK 44GM,Biscuit & Cookies,FOOD,3,54.75,0,0.00%,54.75,0.03%,0.09%
Apple Crunch,Cereal Bar,FOOD,18,54,0,0.00%,54,0.19%,0.09%
Best Salted Peanut30g,Peannuts,FOOD,18,54,0,0.00%,54,0.19%,0.09%
CORN FLAKES KELLOGS 500GM,CS Cereal,FOOD,3,54,0,0.00%,54,0.03%,0.09%
Lays Chips,Extras,FOOD,27,54,0,0.00%,54,0.28%,0.09%
Mushrooms,Pizza,FOOD,9,54,0,0.00%,54,0.09%,0.09%
PERRIER WATER 330ML,Water,BEVERAGE,9,54,0,0.00%,54,0.09%,0.09%
Potato Wedges,Extras,FOOD,6,54,0,0.00%,54,0.06%,0.09%
SLICED BREAD MULTI GRAIN MEDIUM,CS Bakery,FOOD,9,54,0,0.00%,54,0.09%,0.09%
DDR OETKER PEPPRONI PIZZA,CS Frozen Food,FOOD,2,52.5,0,0.00%,52.5,0.02%,0.09%
FOOD DOCTOR BAR APPLE WALNUT 35G,CS Organic Food,FOOD,6,52.5,0,0.00%,52.5,0.06%,0.09%
ILE DE FRANCE CHEESE PETIT CAMEM,CS Dairy ,FOOD,2,52,0,0.00%,52,0.02%,0.09%
FRUIT & FIBRE KELLOGS 375GM,CS Cereal,FOOD,3,51.75,0,0.00%,51.75,0.03%,0.09%
AL AIN WATER 500ml,CS Water,BEVERAGE,51,51,0,0.00%,51,0.53%,0.08%
CLEARLY SCRUMPTIOUS CRANBERRY 30,CS Dry Fruits,FOOD,4,51,0,0.00%,51,0.04%,0.08%
DAWAT TRADITIONAL BASMATI RICE 1,CS Coocking & Baking,FOOD,3,51,0,0.00%,51,0.03%,0.08%
PAMPERS DIAPERS 1-21,CS Baby Care,NON FOOD,2,50,0,0.00%,50,0.02%,0.08%
PEAR DRAGON LOOSE TEA,Tea,FOOD,5,50,0,0.00%,50,0.05%,0.08%
Sweet Potato Wedges,Extras,FOOD,5,50,0,0.00%,50,0.05%,0.08%
VOCHELLE TIN FRUIT NUTS 205GM,CS Chocolate ,FOOD,2,49.5,0,0.00%,49.5,0.02%,0.08%
AL AIN YOGHURT LOW FAT 170GM,CS Dairy ,FOOD,39,48.75,0,0.00%,48.75,0.41%,0.08%
JACK LINKS STICK ORIGINAL BEEF J,CS Chips & Snacks,FOOD,15,48.75,0,0.00%,48.75,0.16%,0.08%
NIVEA SUN LOTION SPF 20 200ML,CS Body Care,NON FOOD,1,48.5,0,0.00%,48.5,0.01%,0.08%
CLOROX WIPES DISINFECTING FRESH ,CS Cleaning Supplies,NON FOOD,3,48,0,0.00%,48,0.03%,0.08%
CROISSANT HI BUTTER ALMOND,CS Bakery,FOOD,12,48,0,0.00%,48,0.12%,0.08%
Egg Cress Mayonnaise,Pre Packed Sandwiches,FOOD,6,48,0,0.00%,48,0.06%,0.08%
Tuna Sweetcorn,Pre Packed Sandwiches,FOOD,3,48,0,0.00%,48,0.03%,0.08%
KELLOGS BARS MILK CHOCO 04PCX1PK,CS Cereal,FOOD,3,47.25,0,0.00%,47.25,0.03%,0.08%
AXE ROLLON DARK TEMPTATION 40ML,CS Deodrants,NON FOOD,3,46.5,0,0.00%,46.5,0.03%,0.08%
A/G POP CORN MICROWAV EXTRA BUTT,CS Can & Jar Food,FOOD,5,46.25,0,0.00%,46.25,0.05%,0.08%
BARILLA RICOTTA400G,CS Sauce,FOOD,2,46,0,0.00%,46,0.02%,0.08%
FANTA ORANGE CAN,Softdrinks,BEVERAGE,14,46,0,0.00%,46,0.15%,0.08%
SAINT AGUR CHEESE 125G,CS Dairy ,FOOD,2,46,0,0.00%,46,0.02%,0.08%
COMFORT ORANGE ALOE VERA CONCENT,CS Laundry Care,NON FOOD,3,45.75,0,0.00%,45.75,0.03%,0.08%
AL AIN FRESH MILK 1L FULL CREAM,CS Dairy ,FOOD,7,45.5,0,0.00%,45.5,0.07%,0.07%
MAGNUM I/C WHITE,CS Ice Cream,FOOD,6,45,0,0.00%,45,0.06%,0.07%
Maple Joe250gm,CS Can & Jar Food,FOOD,1,45,0,0.00%,45,0.01%,0.07%
FINE TOILET ROLLS 2PLY X 10 PCS ,CS Tissue & Toilet Rolls,NON FOOD,3,44.25,0,0.00%,44.25,0.03%,0.07%
7 UP DIET CAN,Softdrinks,BEVERAGE,11,44,0,0.00%,44,0.11%,0.07%
SELPAK FACIAL TISSUE 100 SHEET,CS Tissue & Toilet Rolls,NON FOOD,7,43.75,0,0.00%,43.75,0.07%,0.07%
NIVEA STICK WOMEN POWDER TOUCH 4,CS Deodrants,NON FOOD,3,43.5,0,0.00%,43.5,0.03%,0.07%
SCHIK RAZOR WOMEN TRIM STYLE QUA,CS Womens Care,NON FOOD,1,43.25,0,0.00%,43.25,0.01%,0.07%
12 OZ SOYA TOFFE NUT LATTE,Coffee,FOOD,2,42,0,0.00%,42,0.02%,0.07%
16 OZ ICED CAFFE MOCHA,Starbucks,FOOD,3,42,0,0.00%,42,0.03%,0.07%
DoritoNacho85g,CS Chips & Snacks,FOOD,7,42,0,0.00%,42,0.07%,0.07%
EMMENTHAL CHEESE GRATED 150G,CS Dairy ,FOOD,4,42,0,0.00%,42,0.04%,0.07%
LISTERINE MW COOL MINT 250ML,CS Oral Care,NON FOOD,2,42,0,0.00%,42,0.02%,0.07%
LISTERINE MW FRESH BURST 250ML,CS Oral Care,NON FOOD,2,42,0,0.00%,42,0.02%,0.07%
Open Food,Open Food,FOOD,3,42,0,0.00%,42,0.03%,0.07%
WALKERS SB FINGERS 40G,Biscuit & Cookies,FOOD,12,42,0,0.00%,42,0.12%,0.07%
LINDT EXCELLENCE CARAMEL 100G,CS Chocolate ,FOOD,3,41.25,0,0.00%,41.25,0.03%,0.07%
NECTAFLOR SOFT FIGS 200GM,CS Dry Fruits,FOOD,2,40.5,0,0.00%,40.5,0.02%,0.07%
16 OZ FRAPPUCINO VANILA,Starbucks,FOOD,2,40,0,0.00%,40,0.02%,0.07%
CROISSANT HI BUTTER CHOCOLATE,CS Bakery,FOOD,10,40,0,0.00%,40,0.10%,0.07%
Delivery Charges,Delivery charge,LABOR CHARGE,8,40,0,0.00%,40,0.08%,0.07%
Mixed Salad&Pitta,Extras,FOOD,5,40,0,0.00%,40,0.05%,0.07%
Portion Vegetable,Main course,FOOD,8,40,0,0.00%,40,0.08%,0.07%
16 OZ ICED CAFE AMERICANO,Starbucks,FOOD,3,38,0,0.00%,38,0.03%,0.06%
16 OZ ICED CHOCOLATE,Starbucks,FOOD,2,38,0,0.00%,38,0.02%,0.06%
DOVE BODY LOTION ESSENTIAL NOURI,CS Body Care,NON FOOD,2,38,0,0.00%,38,0.02%,0.06%
DOVE HW FRESH TOUCH CUCUM & G.TE,CS Soap & Handwash,NON FOOD,2,38,0,0.00%,38,0.02%,0.06%
Orange Pcs,CS Fresh Fruit,FOOD,19,38,0,0.00%,38,0.20%,0.06%
OREO MINI CUP 115GM,CS Food,FOOD,4,38,0,0.00%,38,0.04%,0.06%
STREPSILS HONEY & LEMON PACKET,CS Chocolate ,FOOD,2,38,0,0.00%,38,0.02%,0.06%
PAPILLON ROQUEFORT RED LABEL 100,CS Dairy ,FOOD,2,37,0,0.00%,37,0.02%,0.06%
AXE DEO APOLLO 150ML,CS Deodrants,NON FOOD,2,36.5,0,0.00%,36.5,0.02%,0.06%
AXE DEO GOLD TEMPTATION 150ML,CS Deodrants,NON FOOD,2,36.5,0,0.00%,36.5,0.02%,0.06%
NESCAFE RED MUG COFFEE 200GM,CS Coffee,FOOD,1,36.5,0,0.00%,36.5,0.01%,0.06%
12 OZ HOT CHOCOLATE,Starbucks,FOOD,2,36,0,0.00%,36,0.02%,0.06%
ADD CARAMEL DRIZZLE,Starbucks,FOOD,9,36,0,0.00%,36,0.09%,0.06%
Apple Red,CS Fresh Fruit,FOOD,18,36,0,0.00%,36,0.19%,0.06%
Carrot Cake,Dessert,FOOD,3,36,0,0.00%,36,0.03%,0.06%
Large Salad,Salads,FOOD,2,36,0,0.00%,36,0.02%,0.06%
Pepperoni,Pizza,FOOD,6,36,0,0.00%,36,0.06%,0.06%
Peppers,Pizza,FOOD,6,36,0,0.00%,36,0.06%,0.06%
SNICKERS SINGLE BAR,CS Chocolate ,FOOD,12,36,0,0.00%,36,0.12%,0.06%
EXTRA PROFESSIONAL STRONG MINT G,CS Mint & Gum,FOOD,11,35.75,0,0.00%,35.75,0.11%,0.06%
HONEY MOON SQUEEZY HONEY 500G,CS Can & Jar Food,FOOD,1,35.75,0,0.00%,35.75,0.01%,0.06%
Bagels w/Cr.Cheese,Breakfast,FOOD,5,35,0,0.00%,35,0.05%,0.06%
CARTE D'OR PINT BROWNIE,CS Ice Cream,FOOD,2,35,0,0.00%,35,0.02%,0.06%
GALLON WATER COUPON,CS Water,BEVERAGE,5,35,0,0.00%,35,0.05%,0.06%
GATORADE LEMON PET 500ML,CS Sports & Energy Drinks,BEVERAGE,7,35,0,0.00%,35,0.07%,0.06%
WalkersChocolate Chips40g,Biscuits,FOOD,10,35,0,0.00%,35,0.10%,0.06%
ALWAYS PANTYR LINER 40 NORMAL,CS Sanitary Care,NON FOOD,2,34.5,0,0.00%,34.5,0.02%,0.06%
DOVE INTENSIVE CREAM NOURISHING ,CS Body Care,NON FOOD,3,34.5,0,0.00%,34.5,0.03%,0.06%
BrilaArabiata400g,CS Sauce,FOOD,2,34,0,0.00%,34,0.02%,0.06%
G S Frid Noodls W chicken,Noodles,FOOD,1,34,0,0.00%,34,0.01%,0.06%
ILD DE FRANCE CHEESE CAMEMBERT 2,CS Dairy ,FOOD,1,34,0,0.00%,34,0.01%,0.06%
ALPROMilkFlvrChoc 1L,CS Dairy ,BEVERAGE,2,33.5,0,0.00%,33.5,0.02%,0.06%
ALPROSoyaMilkUnswtnd1L,CS Packet Juice,BEVERAGE,2,33.5,0,0.00%,33.5,0.02%,0.06%
Add Cheese,Extras,FOOD,11,33,0,0.00%,33,0.11%,0.05%
Toast,Breakfast,FOOD,33,33,0,0.00%,33,0.34%,0.05%
AL MARAI ORANGE PULP JUICE 300ML,CS Packet Juice,BEVERAGE,13,32.5,0,0.00%,32.5,0.14%,0.05%
BEST 30GM SALTED CASHEWS,CS Nuts & Seeds,FOOD,10,32.5,0,0.00%,32.5,0.10%,0.05%
ADD ESPRESSO SHOT,Starbucks,FOOD,8,32,0,0.00%,32,0.08%,0.05%
ADD FLAVOURED SYRUP,Starbucks,FOOD,8,32,0,0.00%,32,0.08%,0.05%
Apple Green,CS Fresh Fruit,FOOD,16,32,0,0.00%,32,0.17%,0.05%
Frid Rice W Chicken,Fried Rice,FOOD,1,32,0,0.00%,32,0.01%,0.05%
FUN PLASTIC PLATE FUCHSIA 10PCS ,CS Disposable,NON FOOD,4,32,0,0.00%,32,0.04%,0.05%
SMINT CANDY GUM MINT 14.2G,CS Mint & Gum,FOOD,8,32,0,0.00%,32,0.08%,0.05%
BAHLSEN LEIBNIZ,Biscuit & Cookies,FOOD,7,31.5,0,0.00%,31.5,0.07%,0.05%
FAMILIA 50GM MUESLI CRUNCH,CS Cereal,FOOD,9,31.5,0,0.00%,31.5,0.09%,0.05%
Tide HS MB260g ,CS Laundry Care,NON FOOD,9,31.5,0,0.00%,31.5,0.09%,0.05%
VITA COCO LEMONADE COCONUT 330ML,CS Packet Juice,BEVERAGE,3,31.5,0,0.00%,31.5,0.03%,0.05%
Asst. Rolls Two,Breakfast,FOOD,15,30,0,0.00%,30,0.16%,0.05%
BOUNTY BAR 57GM,CS Chocolate ,FOOD,8,30,0,0.00%,30,0.08%,0.05%
EARL GREY LOOSE TEA,Tea,FOOD,3,30,0,0.00%,30,0.03%,0.05%
ENERGIZER AA 4 PCS,CS Others,NON FOOD,2,30,0,0.00%,30,0.02%,0.05%
EXTRA TABS SPEARMINT GUM,CS Mint & Gum,FOOD,8,30,0,0.00%,30,0.08%,0.05%
MAGNUM I/C ALMOND,CS Ice Cream,FOOD,4,30,0,0.00%,30,0.04%,0.05%
MAGNUM I/C CLASSIC,CS Ice Cream,FOOD,4,30,0,0.00%,30,0.04%,0.05%
MOMA CUP POREIDGE CRANBERRY RAIS,CS Cereal,FOOD,2,30,0,0.00%,30,0.02%,0.05%
MOMA CUP POREIDGE PLAIN 70GM,CS Cereal,FOOD,2,30,0,0.00%,30,0.02%,0.05%
MOROCCAN LOOSE TEA,Tea,FOOD,3,30,0,0.00%,30,0.03%,0.05%
NIVEA PURIFYING FACE WASH 150ML,CS Facial Care,NON FOOD,1,30,0,0.00%,30,0.01%,0.05%
Oatmeal Porridge,Breakfast,FOOD,10,30,0,0.00%,30,0.10%,0.05%
TOBLERONE 50GM,CS Chocolate ,FOOD,6,30,0,0.00%,30,0.06%,0.05%
EXTRA PROFESSIONAL WHITE GUM,CS Mint & Gum,FOOD,9,29.25,0,0.00%,29.25,0.09%,0.05%
NIVEA STICK MEN STRESS PROTECT 4,CS Deodrants,NON FOOD,2,29,0,0.00%,29,0.02%,0.05%
CastaniaExtMixNuts350G,CS Nuts & Seeds,FOOD,1,28.5,0,0.00%,28.5,0.01%,0.05%
AL AIN WATER 1.5 LITER,Water,BEVERAGE,14,28,0,0.00%,28,0.15%,0.05%
ALO EXPOSED ALO JUICE,Fresh Juices,FOOD,2,28,0,0.00%,28,0.02%,0.05%
Berry Tart,Dessert,FOOD,2,28,0,0.00%,28,0.02%,0.05%
FIREFLY DETOX LEMON ,Tea,BEVERAGE,2,28,0,0.00%,28,0.02%,0.05%
GALLO RISOTTO PRONTO MUSHROOM 17,CS Coocking & Baking,FOOD,2,28,0,0.00%,28,0.02%,0.05%
ORGANIC TOTMATO PACKET,CS Fresh Fruit,FOOD,2,28,0,0.00%,28,0.02%,0.05%
CHEFS WORLD HOKKIEN NOODLES 200G,CS Pasta & Noodles,FOOD,3,27.75,0,0.00%,27.75,0.03%,0.05%
GLAD GARBAGE BAG SMALL 20L X 30,CS Bags/Foil/Wraps,NON FOOD,3,27.75,0,0.00%,27.75,0.03%,0.05%
PRINGLES CHEESE 165GM,CS Chips & Snacks,FOOD,3,27.75,0,0.00%,27.75,0.03%,0.05%
LINDT EXCELLENCE 85% CACOA 100GM,CS Chocolate ,FOOD,2,27.5,0,0.00%,27.5,0.02%,0.05%
LINDT EXCELLENCE 90% CACOA 100GM,CS Chocolate ,FOOD,2,27.5,0,0.00%,27.5,0.02%,0.05%
LINDT EXCELLENCE SEA SALT 100GM,CS Chocolate ,FOOD,2,27.5,0,0.00%,27.5,0.02%,0.05%
PAMPERS DIAPER 3-18,CS Baby Care,NON FOOD,1,27.5,0,0.00%,27.5,0.01%,0.05%
VOLVIC WATER 500ML,CS Water,BEVERAGE,6,27,0,0.00%,27,0.06%,0.04%
DR OETKER TONNO PIZZA,CS Frozen Food,FOOD,1,26.25,0,0.00%,26.25,0.01%,0.04%
DR OETKER VEGETABLE PIZZA,CS Frozen Food,FOOD,1,26.25,0,0.00%,26.25,0.01%,0.04%
H&S SH FOR MEN 200ML,CS Shampoo & Conditioner,NON FOOD,2,26,0,0.00%,26,0.02%,0.04%
JOHNSONS COTTON BUDS 100PCS,CS Others,NON FOOD,2,26,0,0.00%,26,0.02%,0.04%
LADY CHOICE CREAMY PEANUT BUTTER,CS Can & Jar Food,FOOD,2,26,0,0.00%,26,0.02%,0.04%
Masafi Water1.5Ltr,Water,BEVERAGE,13,26,0,0.00%,26,0.14%,0.04%
LIPTON PYRAMID PEACH MANGO TEA B,CS Tea,FOOD,2,25.5,0,0.00%,25.5,0.02%,0.04%
TRESEMME CD 24 HOUR BODY 500ML,CS Shampoo & Conditioner,NON FOOD,1,25.5,0,0.00%,25.5,0.01%,0.04%
EXTRA BIG BOTTLE PEPPERMINT,CS Mint & Gum,FOOD,2,25,0,0.00%,25,0.02%,0.04%
MARS BAR 51GM,CS Chocolate ,FOOD,7,25,0,0.00%,25,0.07%,0.04%
MentoGmWatrMelon,CS Mint & Gum,FOOD,5,25,0,0.00%,25,0.05%,0.04%
SELPAK TOILET PAPER 4 ROLLS,CS Tissue & Toilet Rolls,NON FOOD,2,25,0,0.00%,25,0.02%,0.04%
DOVE HAIR CONDITIONER MOISTURIZI,CS Shampoo & Conditioner,NON FOOD,2,24.5,0,0.00%,24.5,0.02%,0.04%
ADD WHIPPED CREAM,Starbucks,FOOD,6,24,0,0.00%,24,0.06%,0.04%
AL AIN MORNING PEACH MUSELI 250G,CS Dairy ,FOOD,8,24,0,0.00%,24,0.08%,0.04%
AL AIN WATER 500ML,Water,BEVERAGE,24,24,0,0.00%,24,0.25%,0.04%
AlpenMuslie625g,CS Cereal,FOOD,1,24,0,0.00%,24,0.01%,0.04%
Choc Caramel Eclair,Dessert,FOOD,2,24,0,0.00%,24,0.02%,0.04%
ESPRESSO MACCHIATO,Starbucks,FOOD,2,24,0,0.00%,24,0.02%,0.04%
Grilled Chicken,Pizza,FOOD,4,24,0,0.00%,24,0.04%,0.04%
LifebyHndSnitzrHul55m,CS Soap & Handwash,NON FOOD,3,24,0,0.00%,24,0.03%,0.04%
NECTAFLOR PREMIUM RAISINS 200GM,CS Dry Fruits,FOOD,2,24,0,0.00%,24,0.02%,0.04%
Pain an Raisin,Dessert,FOOD,3,24,0,0.00%,24,0.03%,0.04%
PEPPERMINT TEA BAG,Tea,FOOD,3,24,0,0.00%,24,0.03%,0.04%
Steamed Rice,Main course,FOOD,3,24,0,0.00%,24,0.03%,0.04%
FAMILIA CRUNCH 500GM,CS Cereal,FOOD,1,23.75,0,0.00%,23.75,0.01%,0.04%
GILLETTE GEL FUSION COOLING,CS Mens Care,NON FOOD,1,23.75,0,0.00%,23.75,0.01%,0.04%
GILLETTE RAZOR MACH 3 2UP,CS Mens Care,NON FOOD,1,23.25,0,0.00%,23.25,0.01%,0.04%
JOHNSONS WIPES TUB 56PCS,CS Baby Care,NON FOOD,1,23.25,0,0.00%,23.25,0.01%,0.04%
PHILADELPHIA LIGHT CHEESE SPREAD,CS Dairy ,FOOD,2,23,0,0.00%,23,0.02%,0.04%
COCO TREE JUICE 330ML,CS Packet Juice,BEVERAGE,7,22.75,0,0.00%,22.75,0.07%,0.04%
M&M PEANUT 45GM,CS Chocolate ,FOOD,7,22.75,0,0.00%,22.75,0.07%,0.04%
AL RABIE MANGO 330ML,CS Packet Juice,BEVERAGE,9,22.5,0,0.00%,22.5,0.09%,0.04%
AL RABIE ORANGE PEACH 330ML,Fresh Juices,BEVERAGE,9,22.5,0,0.00%,22.5,0.09%,0.04%
CastaniaCashew,CS Nuts & Seeds,FOOD,1,22.5,0,0.00%,22.5,0.01%,0.04%
OREO 704g,Biscuit & Cookies,FOOD,1,22.5,0,0.00%,22.5,0.01%,0.04%
PHILADELPHIA CHEESE SPREAD 200GM,CS Dairy ,FOOD,2,22.5,0,0.00%,22.5,0.02%,0.04%
CADBURY DM CHOCOLATE 230GM,CS Chocolate ,FOOD,2,22,0,0.00%,22,0.02%,0.04%
COKE LIGHT PET 500ML,CS Soft Drinks,BEVERAGE,11,22,0,0.00%,22,0.11%,0.04%
MODERN BAKE CRANBERRY ENERGY BAR,CS Cereal,FOOD,4,22,0,0.00%,22,0.04%,0.04%
Pear,CS Fresh Fruit,FOOD,11,22,0,0.00%,22,0.11%,0.04%
Sugar Granul2Kg ,CS Coocking & Baking,FOOD,2,22,0,0.00%,22,0.02%,0.04%
TAFT TITANE POWER GEL 150ML,CS Hair Styling & Spray,NON FOOD,1,21.25,0,0.00%,21.25,0.01%,0.04%
12 OZ SOYA HOT CHOCOLATE,Coffee,FOOD,1,21,0,0.00%,21,0.01%,0.03%
AL AIN MANGO YOGHURT 125GM,CS Dairy ,FOOD,12,21,0,0.00%,21,0.12%,0.03%
AL MARAI FRESH MILK FULL FAT 1L,CS Dairy ,FOOD,3,21,0,0.00%,21,0.03%,0.03%
AL MARAI FRESH MILK LOW FAT 1L,CS Dairy ,FOOD,3,21,0,0.00%,21,0.03%,0.03%
BRIE PORT CHEESE COEUR DE LION 1,CS Dairy ,FOOD,2,21,0,0.00%,21,0.02%,0.03%
MUFFIN CHOCOLATE,CS Bakery,FOOD,6,21,0,0.00%,21,0.06%,0.03%
SCHOGETTEN PRALINE NOISETTES 100,CS Chocolate ,FOOD,4,21,0,0.00%,21,0.04%,0.03%
VITA COCO PEACH & MANGO 330ML,Convenience Beverages,BEVERAGE,2,21,0,0.00%,21,0.02%,0.03%
WALKERS SB CHOCO CHIPS 40G,Biscuit & Cookies,FOOD,6,21,0,0.00%,21,0.06%,0.03%
Walkers Short Bread40g,Biscuits,FOOD,6,21,0,0.00%,21,0.06%,0.03%
BONNE MANAM BLACK CURRANT JELLY ,CS Can & Jar Food,FOOD,1,20.5,0,0.00%,20.5,0.01%,0.03%
BORGES EXRA VIRGIN OLIVE OIL 500,CS Coocking & Baking,FOOD,1,20.5,0,0.00%,20.5,0.01%,0.03%
COCO POPS KELLOGS 375GM,CS Cereal,FOOD,1,20.5,0,0.00%,20.5,0.01%,0.03%
CAREFREE ALOE 30PCS,CS Sanitary Care,NON FOOD,1,20.25,0,0.00%,20.25,0.01%,0.03%
CAREFREE COTTON EXTRACT FRESH 34,CS Sanitary Care,NON FOOD,1,20.25,0,0.00%,20.25,0.01%,0.03%
7UP LARGE 2.25L,CS Soft Drinks,BEVERAGE,4,20,0,0.00%,20,0.04%,0.03%
BRILLIANT BREAKFAST LOOSE TEA,Tea,FOOD,2,20,0,0.00%,20,0.02%,0.03%
CEYLON GINGER LOOSE TEA,Tea,FOOD,2,20,0,0.00%,20,0.02%,0.03%
CheseTurkeyHamCrossiant,Sandwiches,FOOD,1,20,0,0.00%,20,0.01%,0.03%
COKE LARGE 2.25L,CS Soft Drinks,BEVERAGE,4,20,0,0.00%,20,0.04%,0.03%
KAGI SWISS WAFERS CHOCOLATE 50G,CS Mint & Gum,FOOD,4,20,0,0.00%,20,0.04%,0.03%
MIXED NUT & CEREAL 8 OZ,Peannuts,FOOD,2,20,0,0.00%,20,0.02%,0.03%
NYU RE-USABLE BAG,BAGS,NON FOOD,1,20,0,0.00%,20,0.01%,0.03%
ORAL B BRUSH KIDS,CS Oral Care,NON FOOD,4,20,0,0.00%,20,0.04%,0.03%
SCONES,Dessert,FOOD,2,20,0,0.00%,20,0.02%,0.03%
SINGLE ESSPRESSO,Starbucks,FOOD,2,20,0,0.00%,20,0.02%,0.03%
SPRITE LIGHT CAN,Softdrinks,BEVERAGE,5,20,0,0.00%,20,0.05%,0.03%
BOURSIN CHEESE GARLIC & HERBS 15,CS Dairy ,FOOD,1,19.5,0,0.00%,19.5,0.01%,0.03%
LACNOR APPLE 180ML,CS Packet Juice,BEVERAGE,13,19.5,0,0.00%,19.5,0.14%,0.03%
PastaFusilliBari ,CS Pasta & Noodles,FOOD,2,19.5,0,0.00%,19.5,0.02%,0.03%
SMACKS HONEY KELLOGS 375GM,CS Cereal,FOOD,1,19.5,0,0.00%,19.5,0.01%,0.03%
VOCHELLE BLOCK FRUIT&NUTS 180G,CS Chocolate ,FOOD,2,19.5,0,0.00%,19.5,0.02%,0.03%
DOVE SHOWER CUCUMBER & GREEN TEA,CS Bath & Shower,NON FOOD,1,19.25,0,0.00%,19.25,0.01%,0.03%
16 OZ SIGNATURE HOT CHOCOLATE,Starbucks,FOOD,1,19,0,0.00%,19,0.01%,0.03%
LIPTON EARL GREY 25 TB,CS Tea,FOOD,2,19,0,0.00%,19,0.02%,0.03%
LUX SUNLIGHT LEMON 750ML,CS Dishwashing,NON FOOD,2,19,0,0.00%,19,0.02%,0.03%
MALTESERS THICK SHAKE 300ML,Convenience Beverages,BEVERAGE,2,19,0,0.00%,19,0.02%,0.03%
STREPSILS LEMON SUGAR FREE PACKE,CS Chocolate ,FOOD,1,19,0,0.00%,19,0.01%,0.03%
AXE DEO EXCITE 150ML,CS Deodrants,NON FOOD,1,18.25,0,0.00%,18.25,0.01%,0.03%
NECTAFLOR SOFT CRANBERRIES 200GM,CS Dry Fruits,FOOD,1,18.25,0,0.00%,18.25,0.01%,0.03%
16 OZ ICED CARAMEL LATTE,Starbucks,FOOD,1,18,0,0.00%,18,0.01%,0.03%
16 OZ ICED VANILLA LATTE,Starbucks,FOOD,1,18,0,0.00%,18,0.01%,0.03%
AL AIN MORNING BLACKBERRY MUSELI,CS Dairy ,FOOD,6,18,0,0.00%,18,0.06%,0.03%
BEST CAN SUPER PISTACHIO 110GM,CS Nuts & Seeds,FOOD,1,18,0,0.00%,18,0.01%,0.03%
CheseTomatoCrossiant,Sandwiches,FOOD,1,18,0,0.00%,18,0.01%,0.03%
FOUNTAIN SODA LARGE,Softdrinks,BEVERAGE,6,18,0,0.00%,18,0.06%,0.03%
Grilled Veg Olives,Pizza,FOOD,3,18,0,0.00%,18,0.03%,0.03%
Manakeesh(V),Pizza,FOOD,1,18,0,0.00%,18,0.01%,0.03%
QUAKER WHITE OATS TIN 500GM,CS Cereal,FOOD,2,18,0,0.00%,18,0.02%,0.03%
ALWAYS MEGAPACK LARGE WINGS 30 P,CS Sanitary Care,NON FOOD,1,17.5,0,0.00%,17.5,0.01%,0.03%
CARTE D'OR PINT CHOCOLATE,CS Ice Cream,FOOD,1,17.5,0,0.00%,17.5,0.01%,0.03%
CARTE D'OR PINT STRAWBERRY,CS Ice Cream,FOOD,1,17.5,0,0.00%,17.5,0.01%,0.03%
CROISSANT CHOCOLATE,CS Bakery,FOOD,7,17.5,0,0.00%,17.5,0.07%,0.03%
CROISSANT HI BUTTER PLAIN,CS Bakery,FOOD,5,17.5,0,0.00%,17.5,0.05%,0.03%
MUFFIN BLUEBERRY,CS Bakery,FOOD,5,17.5,0,0.00%,17.5,0.05%,0.03%
JDS BUTTER CRISPS,Biscuit & Cookies,FOOD,1,17.25,0,0.00%,17.25,0.01%,0.03%
12 OZ ICED TOFFEE NUT LATTE,Coffee,FOOD,1,17,0,0.00%,17,0.01%,0.03%
12 OZ SIGNATURE HOT CHOCOLATE,Starbucks,FOOD,1,17,0,0.00%,17,0.01%,0.03%
12 OZ VANILLA LATTE,Starbucks,FOOD,1,17,0,0.00%,17,0.01%,0.03%
16 OZ HOT CHOCOLATE,Starbucks,FOOD,1,17,0,0.00%,17,0.01%,0.03%
AUSLESE MELITTA CLASSIC COFFEE 2,CS Coffee,FOOD,1,17,0,0.00%,17,0.01%,0.03%
BEST CAN PEANUTS SALTED 110GM,CS Nuts & Seeds,FOOD,2,16.5,0,0.00%,16.5,0.02%,0.03%
BEST CAN SUPER MIX NUTS 110GM,CS Nuts & Seeds,FOOD,1,16.5,0,0.00%,16.5,0.01%,0.03%
MODERN BAKE MANGO PISTA ENERGY B,CS Cereal,FOOD,3,16.5,0,0.00%,16.5,0.03%,0.03%
BUNALUN ORGANIC CHOPPED TOMATOES,CS Organic Food,FOOD,1,16.25,0,0.00%,16.25,0.01%,0.03%
ILE DE FRANCE CHEESE PETIT BRIE ,CS Dairy ,FOOD,1,16.25,0,0.00%,16.25,0.01%,0.03%
JUNGLE OAT STRAWBERRY YOGHURT 50,CS Cereal,FOOD,1,16.25,0,0.00%,16.25,0.01%,0.03%
ALL BRAN ORIGINAL 500GM,CS Cereal,FOOD,1,16,0,0.00%,16,0.01%,0.03%
BOGUTTI CHOCOFIT CHOCO HAZELNUT,Biscuit & Cookies,FOOD,2,16,0,0.00%,16,0.02%,0.03%
BOGUTTI CHOCOFIT GOJI CRAN WHITE,Biscuit & Cookies,FOOD,2,16,0,0.00%,16,0.02%,0.03%
Granola,Dessert,FOOD,2,16,0,0.00%,16,0.02%,0.03%
KIT KAT MINI BAG 250GM,CS Chocolate ,FOOD,1,16,0,0.00%,16,0.01%,0.03%
Lacnor Full Fat Milk 1L ,CS Dairy ,BEVERAGE,4,16,0,0.00%,16,0.04%,0.03%
REDBULL REGULAR,Energy Drinks,BEVERAGE,2,16,0,0.00%,16,0.02%,0.03%
SPRITE LIGHT CAN,Softdrinks,BEVERAGE,4,16,0,0.00%,16,0.04%,0.03%
SUBSTITUTE SOYA ALMOND,Soya Milk,FOOD,4,16,0,0.00%,16,0.04%,0.03%
THE BERRY CO CRANBERRY JUICE,Packet Juice,BEVERAGE,2,16,0,0.00%,16,0.02%,0.03%
Vegetable Noodles,Main course,FOOD,2,16,0,0.00%,16,0.02%,0.03%
DOVE BODY CREAM SHEA BUTTER VANI,CS Body Care,NON FOOD,1,15.5,0,0.00%,15.5,0.01%,0.03%
VASELINE BW MEN 2 IN 1 220ML,CS Bath & Shower,NON FOOD,1,15.5,0,0.00%,15.5,0.01%,0.03%
COMFORT BABY CONCENTRATE 750ML,CS Laundry Care,NON FOOD,1,15.25,0,0.00%,15.25,0.01%,0.03%
COMFORT IRIS JASMINE CONCENTRATE,CS Laundry Care,NON FOOD,1,15.25,0,0.00%,15.25,0.01%,0.03%
COMFORT LAVENDER MAGNOLIA CONCEN,CS Laundry Care,NON FOOD,1,15.25,0,0.00%,15.25,0.01%,0.03%
CHICKEN MAIN,Main course,FOOD,1,15,0,0.00%,15,0.01%,0.02%
DOUGHNUT CHOCOLATE,CS Bakery,FOOD,6,15,0,0.00%,15,0.06%,0.02%
ENERGIZER AAA 4 PCS,CS Others,NON FOOD,1,15,0,0.00%,15,0.01%,0.02%
NIVEA MEN SHOWER ENERGY 250ML,CS Bath & Shower,NON FOOD,1,15,0,0.00%,15,0.01%,0.02%
SLICED BREAD WHITE MEDIUM,CS Bakery,FOOD,5,15,0,0.00%,15,0.05%,0.02%
VEGGIE MAIN,Main course,FOOD,1,15,0,0.00%,15,0.01%,0.02%
JIF EASY CLEAN FLOWER BREEZE 1LI,CS Cleaning Supplies,NON FOOD,1,14.25,0,0.00%,14.25,0.01%,0.02%
REXONA DEO INVISIBLE 150ML,CS Deodrants,NON FOOD,1,14.25,0,0.00%,14.25,0.01%,0.02%
ALO APPEAL POMELO JUICE,Fresh Juices,FOOD,1,14,0,0.00%,14,0.01%,0.02%
FIREFLY WAKE UP PEACH,Tea,BEVERAGE,1,14,0,0.00%,14,0.01%,0.02%
FITA CRACKERS 150G,Biscuit & Cookies,FOOD,4,14,0,0.00%,14,0.04%,0.02%
GLADClingWrap100sqft,CS Bags/Foil/Wraps,NON FOOD,2,14,0,0.00%,14,0.02%,0.02%
VOCHELLE MILK TIRAMISU CROWN SLE,CS Chocolate ,FOOD,2,14,0,0.00%,14,0.02%,0.02%
BEST CAN PISTACHIOS SALTED 110GM,CS Nuts & Seeds,FOOD,1,13.75,0,0.00%,13.75,0.01%,0.02%
LINDT EXCELLENCE SESAME ROASTED ,CS Organic Food,FOOD,1,13.75,0,0.00%,13.75,0.01%,0.02%
OREO DOUBLE STUFF 8 PACK 56GM,Biscuit & Cookies,FOOD,1,13.75,0,0.00%,13.75,0.01%,0.02%
BERRY CO CRANBERRY 1L,CS Packet Juice,BEVERAGE,1,13.5,0,0.00%,13.5,0.01%,0.02%
BERRY CO POMEGRANTE JUICE 1L,CS Packet Juice,BEVERAGE,1,13.5,0,0.00%,13.5,0.01%,0.02%
BERRY CO SUPERBERRY RED 1L,CS Packet Juice,BEVERAGE,1,13.5,0,0.00%,13.5,0.01%,0.02%
BUNALUN ORGANIC TOMATO CHILLI SA,CS Organic Food,FOOD,1,13.5,0,0.00%,13.5,0.01%,0.02%
DgstiveBiscuits400g,Biscuit & Cookies,FOOD,1,13.5,0,0.00%,13.5,0.01%,0.02%
EMMENTHAL CHEESE PORTION 150G,CS Dairy ,FOOD,1,13.5,0,0.00%,13.5,0.01%,0.02%
FAIR & LOVELY FW ANTI MARKS 100G,CS Facial Care,NON FOOD,1,13.5,0,0.00%,13.5,0.01%,0.02%
FANTA APPLE CAN,Softdrinks,BEVERAGE,4,13.5,0,0.00%,13.5,0.04%,0.02%
JACK LINKS STEAK BAR PEPPERED 25,CS Chips & Snacks,FOOD,2,13.5,0,0.00%,13.5,0.02%,0.02%
SCHWEPPES TONIC WATER CAN 300M,CS Soft Drinks,BEVERAGE,9,13.5,0,0.00%,13.5,0.09%,0.02%
THAI CHOICE BEEF ,CS Pasta & Noodles,FOOD,3,13.5,0,0.00%,13.5,0.03%,0.02%
DOVE SH MEN CARE ANTI DANDRUF 20,CS Shampoo & Conditioner,NON FOOD,1,13.25,0,0.00%,13.25,0.01%,0.02%
BISQUINI TIN CRANBERRY COOKIES 1,Biscuit & Cookies,FOOD,1,13,0,0.00%,13,0.01%,0.02%
CLEAR SH WOMEN INTENSE HYDRATION,CS Shampoo & Conditioner,NON FOOD,1,13,0,0.00%,13,0.01%,0.02%
JOHNSONS BODY WASH PAPAYA 250ML,CS Bath & Shower,NON FOOD,1,13,0,0.00%,13,0.01%,0.02%
JOHNSONS BODY WASH ROSE WATER 25,CS Bath & Shower,NON FOOD,1,13,0,0.00%,13,0.01%,0.02%
UAE GLOW STICK FLAG 1PCS,CS Festival Non Food,NON FOOD,1,13,0,0.00%,13,0.01%,0.02%
DR OETEKER PARTY CANDLE,CS Disposable,NON FOOD,1,12.75,0,0.00%,12.75,0.01%,0.02%
FA SHOWER CREAM CACAO BUTTER OIL,CS Hair Styling & Spray,NON FOOD,1,12.75,0,0.00%,12.75,0.01%,0.02%
FA SHOWER GEL YOGHURT COCONUT 25,CS Bath & Shower,NON FOOD,1,12.75,0,0.00%,12.75,0.01%,0.02%
AL AIN WATER 5 LTR,CS Water,BEVERAGE,5,12.5,0,0.00%,12.5,0.05%,0.02%
ALMARAI CUSTARD VANILLA 100G,CS Dairy ,FOOD,10,12.5,0,0.00%,12.5,0.10%,0.02%
CAREFREE COTTON EXTRACT FRESH 20,CS Sanitary Care,NON FOOD,1,12.5,0,0.00%,12.5,0.01%,0.02%
LAYS CHILI 185GM,CS Chips & Snacks,FOOD,2,12.5,0,0.00%,12.5,0.02%,0.02%
AL AIN PINEAPPLE YOGHURT 125GM,CS Dairy ,FOOD,7,12.25,0,0.00%,12.25,0.07%,0.02%
ADD FLAVOURED SYRUP,Starbucks,FOOD,3,12,0,0.00%,12,0.03%,0.02%
BARILA CANELONI 250g,CS Pasta & Noodles,FOOD,1,12,0,0.00%,12,0.01%,0.02%
BAYARA SALTED PISTACHIOS 150G,CS Nuts & Seeds,FOOD,1,12,0,0.00%,12,0.01%,0.02%
BEACON MARSHMALLOWS WHITE 150GM,CS Packet Food,FOOD,3,12,0,0.00%,12,0.03%,0.02%
COCA COLA PET 500ML,Softdrinks,BEVERAGE,2,12,0,0.00%,12,0.02%,0.02%
CROISSANT HI BUTTER CHEESE,CS Bakery,FOOD,4,12,0,0.00%,12,0.04%,0.02%
DOUGHNUT ICING WHITE,CS Bakery,FOOD,8,12,0,0.00%,12,0.08%,0.02%
DOVE SH DAMAGE COLOUR CARE 200ML,CS Shampoo & Conditioner,NON FOOD,1,12,0,0.00%,12,0.01%,0.02%
DOVE SH DAMAGE INTENSIVE REPAIR ,CS Shampoo & Conditioner,NON FOOD,1,12,0,0.00%,12,0.01%,0.02%
DOVE SH NUTRITIVE MOISTURIZING 2,CS Shampoo & Conditioner,NON FOOD,1,12,0,0.00%,12,0.01%,0.02%
ESPRESSO MACCHIATO DOUBLE,Coffee,FOOD,1,12,0,0.00%,12,0.01%,0.02%
FOUNTAIN SODA SMALL,Softdrinks,BEVERAGE,6,12,0,0.00%,12,0.06%,0.02%
Gatorade,Softdrinks,BEVERAGE,1,12,0,0.00%,12,0.01%,0.02%
GATORADE GRAPE,Energy Drinks,BEVERAGE,1,12,0,0.00%,12,0.01%,0.02%
GLAD GARBAGE BAG MEDIUM 35L X 30,CS Tissue & Toilet Rolls,NON FOOD,1,12,0,0.00%,12,0.01%,0.02%
Jalapenos,Pizza,FOOD,2,12,0,0.00%,12,0.02%,0.02%
JOHNSONS SHOWER GEL ENERGISE 250,CS Bath & Shower,NON FOOD,1,12,0,0.00%,12,0.01%,0.02%
JOHNSONS SHOWER GEL IMAGINE 250M,CS Bath & Shower,NON FOOD,1,12,0,0.00%,12,0.01%,0.02%
KIT KAT 2 FINGERS,CS Chocolate ,FOOD,12,12,0,0.00%,12,0.12%,0.02%
LACNOR PEACH 180ML,CS Packet Juice,BEVERAGE,8,12,0,0.00%,12,0.08%,0.02%
LAYS 40GM TOMATO KETCHUP,CS Chips & Snacks,FOOD,6,12,0,0.00%,12,0.06%,0.02%
Lemon Drizzle,Dessert,FOOD,1,12,0,0.00%,12,0.01%,0.02%
LUX BW DREAM DELIGHT 250ML,CS Bath & Shower,NON FOOD,1,12,0,0.00%,12,0.01%,0.02%
LUX BW SOFT TOUCH 250ML,CS Body Care,NON FOOD,1,12,0,0.00%,12,0.01%,0.02%
PEPSI CAN,Softdrinks,BEVERAGE,3,12,0,0.00%,12,0.03%,0.02%
PERRIER WATER 330ML,CS Water,BEVERAGE,3,12,0,0.00%,12,0.03%,0.02%
RiceKrispiesCMB20g,CS Cereal,FOOD,4,12,0,0.00%,12,0.04%,0.02%
SCHWEPPES GINGER ALE 300M,CS Soft Drinks,BEVERAGE,8,12,0,0.00%,12,0.08%,0.02%
TRIPLE CHOCOLATE MUFFIN,Dessert,FOOD,1,12,0,0.00%,12,0.01%,0.02%
V.Ramen Noodle,Main course,FOOD,1,12,0,0.00%,12,0.01%,0.02%
Yardly Jasmine200ml,CS Deodrants,NON FOOD,1,12,0,0.00%,12,0.01%,0.02%
Yoghurt,Yogurt,FOOD,1,12,0,0.00%,12,0.01%,0.02%
BEST CAN ALMONDS SALTED 110GM,CS Nuts & Seeds,FOOD,1,11.75,0,0.00%,11.75,0.01%,0.02%
CADBURY DM FRUIT & NUT 230GM,CS Chocolate ,FOOD,1,11.75,0,0.00%,11.75,0.01%,0.02%
ORAL B TP COMPLETE EXTRA FRESH M,CS Oral Care,NON FOOD,1,11.5,0,0.00%,11.5,0.01%,0.02%
JOHNSONS COTTON PADS 80 PCS,CS Facial Care,NON FOOD,1,11,0,0.00%,11,0.01%,0.02%
LIFEBUOY HW TOTAL 10 200ML,CS Soap & Handwash,NON FOOD,1,11,0,0.00%,11,0.01%,0.02%
MODERN BAKE PEANUT PEACAN ENERGY,CS Cereal,FOOD,2,11,0,0.00%,11,0.02%,0.02%
TAMPAX REGULAR,CS Sanitary Care,NON FOOD,1,11,0,0.00%,11,0.01%,0.02%
VOCHELLE DARK CHOC PLAIN 90G,CS Chocolate ,FOOD,2,11,0,0.00%,11,0.02%,0.02%
YUM YUM NO SUGAR PEANUT BUTTER 4,CS Can & Jar Food,FOOD,1,10.75,0,0.00%,10.75,0.01%,0.02%
CLOROX SUPER WIPES 3PCS,CS Tissue & Toilet Rolls,NON FOOD,2,10.5,0,0.00%,10.5,0.02%,0.02%
GILLETTE ROLLON ARCTIC ICE,CS Mens Care,NON FOOD,1,10.25,0,0.00%,10.25,0.01%,0.02%
AL RABIE LIME KIWI 330ML,CS Packet Juice,BEVERAGE,4,10,0,0.00%,10,0.04%,0.02%
CERES CRANBERRY KIWI JUICE 1L,CS Packet Juice,BEVERAGE,1,10,0,0.00%,10,0.01%,0.02%
COKE PET 500ML,CS Soft Drinks,BEVERAGE,5,10,0,0.00%,10,0.05%,0.02%
GATORADE ORANGE PET 500ML,CS Sports & Energy Drinks,BEVERAGE,2,10,0,0.00%,10,0.02%,0.02%
GATORADE PINK LEMONDAE PET 500ML,CS Sports & Energy Drinks,BEVERAGE,2,10,0,0.00%,10,0.02%,0.02%
GATORADE TOPICL FRUIT PET 500ML,CS Sports & Energy Drinks,BEVERAGE,2,10,0,0.00%,10,0.02%,0.02%
PEPPERMEIN LOOSE TEA,Tea,FOOD,1,10,0,0.00%,10,0.01%,0.02%
PEPSI LARGE 2.25L,CS Soft Drinks,BEVERAGE,2,10,0,0.00%,10,0.02%,0.02%
POCARI SWEAT PET 500ML,CS Sports & Energy Drinks,BEVERAGE,2,10,0,0.00%,10,0.02%,0.02%
SPRITE LARGE 2.25L,CS Soft Drinks,BEVERAGE,2,10,0,0.00%,10,0.02%,0.02%
WALK IN BREAKFAST,WALK IN BREAKFAST,FOOD,1,10,0,0.00%,10,0.01%,0.02%
GALAXY SMOOTH MILK 40GM,CS Chocolate ,FOOD,3,9.75,0,0.00%,9.75,0.03%,0.02%
GALAXY THICK SHAKE CARAMEL 300ML,Convenience Beverages,BEVERAGE,1,9.5,0,0.00%,9.5,0.01%,0.02%
SUNSILK SH STUNNING BLACK SHINE ,CS Shampoo & Conditioner,NON FOOD,1,9.5,0,0.00%,9.5,0.01%,0.02%
PRINGLES SALT VINEGAR 165GM,CS Chips & Snacks,FOOD,1,9.25,0,0.00%,9.25,0.01%,0.02%
CERES ORANGE JUICE 1L,CS Packet Juice,BEVERAGE,1,9,0,0.00%,9,0.01%,0.01%
CERES PEAR JUICE 1L,CS Packet Juice,BEVERAGE,1,9,0,0.00%,9,0.01%,0.01%
CERES PINE APPLE JUICE 1L,CS Packet Juice,BEVERAGE,1,9,0,0.00%,9,0.01%,0.01%
Extra Cheese,Cheese,FOOD,3,9,0,0.00%,9,0.03%,0.01%
FrostiesCMB25g,CS Cereal,FOOD,3,9,0,0.00%,9,0.03%,0.01%
KIT KAT 4 FINGERS,CS Chocolate ,FOOD,3,9,0,0.00%,9,0.03%,0.01%
KIT KAT CHUNKY 46GM,CS Chocolate ,FOOD,3,9,0,0.00%,9,0.03%,0.01%
Mash and Gravy,Extras,FOOD,1,9,0,0.00%,9,0.01%,0.01%
NATURE VALLEY CANADIAN MAPLE SYR,CS Cereal,FOOD,3,9,0,0.00%,9,0.03%,0.01%
NATURE VALLEY OATS & HONEY,CS Cereal,FOOD,3,9,0,0.00%,9,0.03%,0.01%
NATURE VALLEY ROASTED ALMOND,CS Cereal,FOOD,3,9,0,0.00%,9,0.03%,0.01%
POKKA ICED TEA PEACH 500ML,CS Packet Juice,BEVERAGE,3,9,0,0.00%,9,0.03%,0.01%
SIGNALC8AGold120M,CS Oral Care,NON FOOD,1,9,0,0.00%,9,0.01%,0.01%
SLICED BREAD BROWN JUMBO,CS Bakery,FOOD,2,9,0,0.00%,9,0.02%,0.01%
THAI CHOICE SHRIMP,CS Pasta & Noodles,FOOD,2,9,0,0.00%,9,0.02%,0.01%
Thyme 100m,CS Spices & Herbs,FOOD,2,9,0,0.00%,9,0.02%,0.01%
MENTOS CHEWY MINT 30GM,CS Mint & Gum,FOOD,7,8.75,0,0.00%,8.75,0.07%,0.01%
CLOSE UP DEEP ACTION120ml,CS Oral Care,NON FOOD,1,8.5,0,0.00%,8.5,0.01%,0.01%
ENERGIZER AAA 2 PCS,CS Others,NON FOOD,1,8.5,0,0.00%,8.5,0.01%,0.01%
LifebuoyAbWetWipes,CS Tissue & Toilet Rolls,NON FOOD,1,8.5,0,0.00%,8.5,0.01%,0.01%
ADD ESPRESSO SHOT,Starbucks,FOOD,2,8,0,0.00%,8,0.02%,0.01%
AL AIN FRESH ORANGE JUICE 330ML,CS Packet Juice,BEVERAGE,2,8,0,0.00%,8,0.02%,0.01%
BOGUTTI CHOCOFIT CHOCO CRANBERRY,Biscuit & Cookies,FOOD,1,8,0,0.00%,8,0.01%,0.01%
CAPRISUN APPLE,CS Packet Juice,BEVERAGE,8,8,0,0.00%,8,0.08%,0.01%
CHAMOMILE TEA BAG,Tea,FOOD,1,8,0,0.00%,8,0.01%,0.01%
CLOROX SPONGE SCOURER 1PCS,CS Cleaning Supplies,NON FOOD,2,8,0,0.00%,8,0.02%,0.01%
CROISSANT CHEESE,CS Bakery,FOOD,4,8,0,0.00%,8,0.04%,0.01%
DOUGHNUT PLAIN,CS Bakery,FOOD,4,8,0,0.00%,8,0.04%,0.01%
EARL GREY ICED TEA,Tea,FOOD,1,8,0,0.00%,8,0.01%,0.01%
"FALCON PAPER PLATES 9"" 100PCS",CS Disposable,NON FOOD,1,8,0,0.00%,8,0.01%,0.01%
HIBISCUS ICED TEA,Tea,FOOD,1,8,0,0.00%,8,0.01%,0.01%
INDOMIE PILLOW 5 PCS SATAY FRIED,CS Pasta & Noodles,FOOD,1,8,0,0.00%,8,0.01%,0.01%
INDOMIE PILLOW 5 PCS SPECIAL CHI,CS Pasta & Noodles,FOOD,1,8,0,0.00%,8,0.01%,0.01%
JASMINE ICED TEA,Tea,FOOD,1,8,0,0.00%,8,0.01%,0.01%
Lemon,CS Fresh Vegatables,FOOD,4,8,0,0.00%,8,0.04%,0.01%
LEMON PACKET,CS Fresh Fruit,FOOD,1,8,0,0.00%,8,0.01%,0.01%
MANGO ICED TEA,Tea,FOOD,1,8,0,0.00%,8,0.01%,0.01%
MilkHalfCrem1Ltr ,CS Dairy ,FOOD,2,8,0,0.00%,8,0.02%,0.01%
SUBSTITUTE SOYA,Soya Milk,FOOD,2,8,0,0.00%,8,0.02%,0.01%
SUPREME CEYLON TEA BAG,Tea,FOOD,1,8,0,0.00%,8,0.01%,0.01%
TEA BAG EARL GREY,Tea,FOOD,1,8,0,0.00%,8,0.01%,0.01%
THE BERRY CO BLUEBERRY JUICE,Packet Juice,BEVERAGE,1,8,0,0.00%,8,0.01%,0.01%
FUN PLASTIC SPOON PLUM 18PCS,CS Disposable,NON FOOD,1,7.75,0,0.00%,7.75,0.01%,0.01%
TABASCO PEPPER SAUCE BOTTLE,CS Sauce,FOOD,1,7.75,0,0.00%,7.75,0.01%,0.01%
AL AIN YOGHURT FULL CREAM 170GM,CS Dairy ,FOOD,6,7.5,0,0.00%,7.5,0.06%,0.01%
BEST 13GM ALMOND,CS Nuts & Seeds,FOOD,3,7.5,0,0.00%,7.5,0.03%,0.01%
KOKA PILLOW 5 PCS MASALA,CS Pasta & Noodles,FOOD,1,7.5,0,0.00%,7.5,0.01%,0.01%
CLOROX SUPER WIPES 5PCS,CS Tissue & Toilet Rolls,NON FOOD,1,7.25,0,0.00%,7.25,0.01%,0.01%
AL AIN KIWI APPLE YOGHURT 125GM,CS Dairy ,FOOD,4,7,0,0.00%,7,0.04%,0.01%
AMLacto Free Milk 1L,CS Dairy ,FOOD,1,7,0,0.00%,7,0.01%,0.01%
"BUN BREAD SEASAME 4"" 6 PCS",CS Bakery,FOOD,2,7,0,0.00%,7,0.02%,0.01%
GOJI WITH SODA,Fresh Juices,FOOD,1,7,0,0.00%,7,0.01%,0.01%
KOKA CUP CHICKEN CORN,CS Pasta & Noodles,FOOD,2,7,0,0.00%,7,0.02%,0.01%
ALMARAI SANDWICH SLICE CHEESE 20,CS Dairy ,FOOD,1,6.75,0,0.00%,6.75,0.01%,0.01%
LIPTON GREEN TEA CLASSIC TEA BAG,CS Tea,FOOD,1,6.75,0,0.00%,6.75,0.01%,0.01%
A/G KIDNEY BEANS DARK RED 400G,CS Can & Jar Food,FOOD,2,6.5,0,0.00%,6.5,0.02%,0.01%
BOGUTTI AMERICAN COOKIES CHOCO C,Biscuit & Cookies,FOOD,1,6.5,0,0.00%,6.5,0.01%,0.01%
BOGUTTI AMERICAN COOKIES HAZELNU,Biscuit & Cookies,FOOD,1,6.5,0,0.00%,6.5,0.01%,0.01%
CLOROX SPONGE SCOURER 4PCS,CS Cleaning Supplies,NON FOOD,1,6.5,0,0.00%,6.5,0.01%,0.01%
CORNETTO I/C LOVE COOKIE,CS Ice Cream,FOOD,1,6.5,0,0.00%,6.5,0.01%,0.01%
INDOMIE CUP BEEF,CS Pasta & Noodles,FOOD,2,6.5,0,0.00%,6.5,0.02%,0.01%
JOHNSONS WIPES PACKET 24PCS,CS Baby Care,NON FOOD,1,6.5,0,0.00%,6.5,0.01%,0.01%
TOBLERONE WHITE 35GM,CS Chocolate ,FOOD,2,6.5,0,0.00%,6.5,0.02%,0.01%
JOHN WEST LIGHT TUNA CHUNKS BRIN,CS Coocking & Baking,FOOD,1,6.25,0,0.00%,6.25,0.01%,0.01%
LAYS FRENCH CHEESE 185GM,CS Chips & Snacks,FOOD,1,6.25,0,0.00%,6.25,0.01%,0.01%
LAYS SALT VINEGAR 185GM,CS Chips & Snacks,FOOD,1,6.25,0,0.00%,6.25,0.01%,0.01%
LAYS TOMATO KETCHUP 185GM,CS Chips & Snacks,FOOD,1,6.25,0,0.00%,6.25,0.01%,0.01%
AL AIN MORNING CRANBERRY MUSELI ,CS Dairy ,FOOD,2,6,0,0.00%,6,0.02%,0.01%
CADBURY DM HAZELNUT 37GM,CS Chocolate ,FOOD,2,6,0,0.00%,6,0.02%,0.01%
COCA COAL LIGHT PET 500ML,Softdrinks,BEVERAGE,1,6,0,0.00%,6,0.01%,0.01%
COKE ZERO CAN 300M,CS Soft Drinks,BEVERAGE,4,6,0,0.00%,6,0.04%,0.01%
DOUGHNUT JAM,CS Bakery,FOOD,4,6,0,0.00%,6,0.04%,0.01%
Fruit&NCadbry40g,CS Chocolate ,FOOD,2,6,0,0.00%,6,0.02%,0.01%
GALAXY HAZELNUT 40GM,CS Chocolate ,FOOD,2,6,0,0.00%,6,0.02%,0.01%
GLASS OF SOYA MILK,Soya Milk,FOOD,1,6,0,0.00%,6,0.01%,0.01%
LACNOR MILK STRAWBERRY 180ML,CS Packet Juice,BEVERAGE,4,6,0,0.00%,6,0.04%,0.01%
LAYS 40GM FRENCH CHEESE,CS Chips & Snacks,FOOD,3,6,0,0.00%,6,0.03%,0.01%
LIP GREEN MINT 25 TB,CS Tea,FOOD,1,6,0,0.00%,6,0.01%,0.01%
M&M CHOCOLATE 45GM,CS Chocolate ,FOOD,2,6,0,0.00%,6,0.02%,0.01%
Nutra Van90gm,Biscuit & Cookies,FOOD,3,6,0,0.00%,6,0.03%,0.01%
NutroChoco90g,Biscuit & Cookies,FOOD,3,6,0,0.00%,6,0.03%,0.01%
SCHOGETTEN CAPPUCCINO 100G,CS Chocolate ,FOOD,1,6,0,0.00%,6,0.01%,0.01%
SCHOGETTEN DARK CHOCOLATE 100GM,CS Chocolate ,FOOD,1,6,0,0.00%,6,0.01%,0.01%
SCHWEPPES BITTER LEMON 300M,CS Soft Drinks,BEVERAGE,4,6,0,0.00%,6,0.04%,0.01%
SMINT POCKET LEMON ,CS Mint & Gum,FOOD,1,6,0,0.00%,6,0.01%,0.01%
TEA,Tea,FOOD,3,6,0,0.00%,6,0.03%,0.01%
Teriyaki Chicken,Pizza,FOOD,1,6,0,0.00%,6,0.01%,0.01%
Energy Bar,Energy Bar,FOOD,1,5.5,0,0.00%,5.5,0.01%,0.01%
GROWERS PACKET GARLIC PEANUTS,CS Nuts & Seeds,FOOD,1,5.5,0,0.00%,5.5,0.01%,0.01%
GROWERS PACKET HONEY PEANUTS,CS Nuts & Seeds,FOOD,1,5.5,0,0.00%,5.5,0.01%,0.01%
GROWERS PACKET ORIENTAL PEANUTS,CS Nuts & Seeds,FOOD,1,5.5,0,0.00%,5.5,0.01%,0.01%
SNAPPLE FRUIT PUNCH JUICE,CS Packet Juice,BEVERAGE,1,5.5,0,0.00%,5.5,0.01%,0.01%
A/G Red Grape Vinegar 16oz,CS Can & Jar Food,FOOD,1,5.25,0,0.00%,5.25,0.01%,0.01%
BAYARA BLACK PEPPER POWDER BOTTL,CS Spices & Herbs,FOOD,1,5.25,0,0.00%,5.25,0.01%,0.01%
MANI CASHEWS ROSTED SEA SALT 40G,CS Dry Fruits,FOOD,1,5.25,0,0.00%,5.25,0.01%,0.01%
A/G IODIZED SALT 26OZ,CS Can & Jar Food,FOOD,2,5,0,0.00%,5,0.02%,0.01%
AL RABIE MANGO PASSION 330ML,CS Fresh Juice,BEVERAGE,2,5,0,0.00%,5,0.02%,0.01%
BAYARAPopCorn400g,CS Coocking & Baking,FOOD,1,5,0,0.00%,5,0.01%,0.01%
BEETROOT PACKET,CS Fresh Vegatables,FOOD,1,5,0,0.00%,5,0.01%,0.01%
Cookie,Dessert,FOOD,1,5,0,0.00%,5,0.01%,0.01%
GATORADE GRAPE PET 500ML,CS Sports & Energy Drinks,BEVERAGE,1,5,0,0.00%,5,0.01%,0.01%
LAYS FORNO BLACK PEPPER 43G,CHIPS,FOOD,1,5,0,0.00%,5,0.01%,0.01%
LAYS FORNO CHEESE 43G,CHIPS,FOOD,1,5,0,0.00%,5,0.01%,0.01%
Pastry,Dessert,FOOD,1,5,0,0.00%,5,0.01%,0.01%
PERRIER WATER LEMON 330ML,CS Water,BEVERAGE,1,5,0,0.00%,5,0.01%,0.01%
SCHOGETTEN KIDS 100GM,CS Chocolate ,FOOD,1,5,0,0.00%,5,0.01%,0.01%
SCHOGETTEN STRAWBERRY YOGURT100G,CS Chocolate ,FOOD,1,5,0,0.00%,5,0.01%,0.01%
VOLVIC WATER 500ML,Water,BEVERAGE,1,5,0,0.00%,5,0.01%,0.01%
SCRUMMIES BLUEBERRY CRANBERRIES ,CS Dry Fruits,FOOD,1,4.75,0,0.00%,4.75,0.01%,0.01%
ARIEL 260GM BLUE,CS Laundry Care,NON FOOD,1,4.5,0,0.00%,4.5,0.01%,0.01%
KNORR PACKET GOURMET WILD MUSHRO,CS Packet Food,FOOD,1,4.5,0,0.00%,4.5,0.01%,0.01%
LACNOR MILK CHOCOLATE 180ML,CS Packet Juice,BEVERAGE,3,4.5,0,0.00%,4.5,0.03%,0.01%
LAYS FORNO CHEESE 43GM,CS Chips & Snacks,FOOD,2,4.5,0,0.00%,4.5,0.02%,0.01%
LIFEBOUYPBMOISWRAP125g,CS Soap & Handwash,NON FOOD,1,4.5,0,0.00%,4.5,0.01%,0.01%
LIFEBUOYLEMONFRESHSOAP125G,CS Soap & Handwash,NON FOOD,1,4.5,0,0.00%,4.5,0.01%,0.01%
SCHWEPPES SODA CAN 300M,CS Soft Drinks,BEVERAGE,3,4.5,0,0.00%,4.5,0.03%,0.01%
ALPEN BAR FRUIT NUT 28GM,CS Cereal,FOOD,1,4,0,0.00%,4,0.01%,0.01%
COCA COLA ZERO CAN,Softdrinks,BEVERAGE,1,4,0,0.00%,4,0.01%,0.01%
FUN WOODEN FORK 25PCS,CS Disposable,NON FOOD,1,4,0,0.00%,4,0.01%,0.01%
FUN WOODEN KNIFE 25PCS,CS Disposable,NON FOOD,1,4,0,0.00%,4,0.01%,0.01%
FUN WOODEN SPOON 25PCS,CS Disposable,NON FOOD,1,4,0,0.00%,4,0.01%,0.01%
Khubus Bread,Breakfast,FOOD,2,4,0,0.00%,4,0.02%,0.01%
LAYS 40GM SALT VINEGAR,CS Chips & Snacks,FOOD,2,4,0,0.00%,4,0.02%,0.01%
FAMILIA 50GM MUESLI CHOCO,CS Cereal,FOOD,1,3.5,0,0.00%,3.5,0.01%,0.01%
FRUIT TELLA STRAWBERRY 39G,CS Mint & Gum,FOOD,2,3.5,0,0.00%,3.5,0.02%,0.01%
KOKA CUP BEEF,CS Pasta & Noodles,FOOD,1,3.5,0,0.00%,3.5,0.01%,0.01%
KOKA CUP CHICKEN,CS Pasta & Noodles,FOOD,1,3.5,0,0.00%,3.5,0.01%,0.01%
KOKA CUP MUSHROOM,CS Pasta & Noodles,FOOD,1,3.5,0,0.00%,3.5,0.01%,0.01%
KOKA CUP NODLE VEG,CS Pasta & Noodles,FOOD,1,3.5,0,0.00%,3.5,0.01%,0.01%
LUX BAR CREAMY PERFECTION 120GM,CS Soap & Handwash,NON FOOD,1,3.5,0,0.00%,3.5,0.01%,0.01%
BEST 30GM SALTED PEANUTS,CS Nuts & Seeds,FOOD,2,3,0,0.00%,3,0.02%,0.00%
CROISSANT PLAIN,CS Bakery,FOOD,2,3,0,0.00%,3,0.02%,0.00%
GranAppleCunch,CS Cereal,FOOD,1,3,0,0.00%,3,0.01%,0.00%
LACNOR PEACH 180ml,CS Packet Juice,BEVERAGE,2,3,0,0.00%,3,0.02%,0.00%
MUDHISH CHIPS CHILLI RIPPLES 15G,CS Chips & Snacks,FOOD,4,3,0,0.00%,3,0.04%,0.00%
PEPSI DIET CAN 335ML ,CS Soft Drinks,BEVERAGE,2,3,0,0.00%,3,0.02%,0.00%
SPRITE LIGHT CAN 330ML ,CS Soft Drinks,BEVERAGE,2,3,0,0.00%,3,0.02%,0.00%
MANI 20G ALMONDS SMOKED BBQ,CS Dry Fruits,FOOD,1,2.75,0,0.00%,2.75,0.01%,0.00%
CLOROX HEAVY DUTY SCOURER 1PCS,CS Cleaning Supplies,NON FOOD,1,2.5,0,0.00%,2.5,0.01%,0.00%
CROISSANT ZATAR,CS Bakery,FOOD,1,2.5,0,0.00%,2.5,0.01%,0.00%
LAYS FORNO BLACK PEPPER 43GM,CS Chips & Snacks,FOOD,1,2.5,0,0.00%,2.5,0.01%,0.00%
Nail Cutter ,CS Others,NON FOOD,1,2.5,0,0.00%,2.5,0.01%,0.00%
SAFETY MATCH STICK BOX 2PCS,CS Others,NON FOOD,5,2.5,0,0.00%,2.5,0.05%,0.00%
AL AIN LABAN 250ML,CS Dairy ,FOOD,1,2,0,0.00%,2,0.01%,0.00%
LAYS 40GM CHILLI,CS Chips & Snacks,FOOD,1,2,0,0.00%,2,0.01%,0.00%
Lays C&O(40g] ,CS Chips & Snacks,FOOD,1,2,0,0.00%,2,0.01%,0.00%
NutroLemon90g,Biscuit & Cookies,FOOD,1,2,0,0.00%,2,0.01%,0.00%
PEPSI DIET PET 500M,CS Soft Drinks,BEVERAGE,1,2,0,0.00%,2,0.01%,0.00%
SUPER GLUE 3G,CS Others,NON FOOD,1,1.75,0,0.00%,1.75,0.01%,0.00%
COKE CAN 300ML,CS Soft Drinks,BEVERAGE,1,1.5,0,0.00%,1.5,0.01%,0.00%
FANTA STRAWBERRY 355M,CS Soft Drinks,BEVERAGE,1,1.5,0,0.00%,1.5,0.01%,0.00%
Lacnor Cocktail180ML,Fresh Juices,FOOD,1,1.5,0,0.00%,1.5,0.01%,0.00%
LACNOR MILK BANANA 180ML,CS Packet Juice,BEVERAGE,1,1.5,0,0.00%,1.5,0.01%,0.00%
LACNOR PINEAPPLE180ml,CS Packet Juice,BEVERAGE,1,1.5,0,0.00%,1.5,0.01%,0.00%
MENTOS ICE SPEARMINT 10G,CS Mint & Gum,FOOD,1,1.25,0,0.00%,1.25,0.01%,0.00%
Add Mini PastryCombo,Dessert,FOOD,1,1,0,0.00%,1,0.01%,0.00%
CAPRISUN MANGO,CS Packet Juice,BEVERAGE,1,1,0,0.00%,1,0.01%,0.00%
TOTAL*,,,"8,297","60,688.25",0,0.00%,"60,688.25",86.29%,100.00%
,,,,,,,,,
