Menu Engineering Items Summary,,,,,,,,,
,,,,,,,,,
Business Dates,11/7/2015,,,,,,,,
Locations,"DEMO,UAE",,,,,,,,
Revenue Centers,All,,,,,,,,
Menu Items,All,,,,,,,,
,,,,,,,,,
Menu Item Name,Family Group,Major Group,Qty Sold,Net Sales,Prep Cost,Cost %,Margin Less Item Disc,% Qty,% Margin
Stud Meal Combo,Main course,FOOD,172,"5,010.00",0,0.00%,"5,010.00",1.82%,7.62%
Open Food,Open Food,FOOD,9,"4,643.00",0,0.00%,"4,643.00",0.10%,7.06%
CHICKEN MEAL ,Main course,FOOD,99,"2,450.00",0,0.00%,"2,450.00",1.05%,3.73%
Open Miscellaneous,Open Miscellaneous,MISCELLANEOUS,2,"2,029.00",0,0.00%,"2,029.00",0.02%,3.09%
Student Breakfast,Breakfast,FOOD,60,"1,800.00",0,0.00%,"1,800.00",0.64%,2.74%
Open Beverage,Open Beverage,BEVERAGE,1,"1,350.00",0,0.00%,"1,350.00",0.01%,2.05%
Classic Angus Burger,Burgers,FOOD,41,"1,230.00",0,0.00%,"1,230.00",0.43%,1.87%
MARINATED SALMON STEAK,Grill,FOOD,40,"1,200.00",0,0.00%,"1,200.00",0.42%,1.83%
Masafi Water500ml,Water,BEVERAGE,"1,131","1,129.00",0,0.00%,"1,129.00",11.98%,1.72%
Slice of the Day,Pizza,FOOD,223,"1,105.00",0,0.00%,"1,105.00",2.36%,1.68%
Buffet Meal,Main course,FOOD,50,"1,100.00",0,0.00%,"1,100.00",0.53%,1.67%
BBQ Glazed Chicken,Sandwiches,FOOD,48,"1,008.00",0,0.00%,"1,008.00",0.51%,1.53%
Margherita(V),Pizza,FOOD,40,"1,000.00",0,0.00%,"1,000.00",0.42%,1.52%
SERCO LUNCH,SERCO LUNCH,FOOD,65,975,0,0.00%,975,0.69%,1.48%
VEGGIE MEAL,Veggie,FOOD,40,880,0,0.00%,880,0.42%,1.34%
BUTTER FLY CHICKEN BREAST ,Grill,FOOD,32,768,0,0.00%,768,0.34%,1.17%
Fresh Fruit Pcs,Extras,FOOD,237,711,0,0.00%,711,2.51%,1.08%
Chocolate Bar,Extras,FOOD,142,710,0,0.00%,710,1.50%,1.08%
Smoked Salmon,Sandwiches,FOOD,28,700,0,0.00%,700,0.30%,1.06%
Chicken Steak,Grill,FOOD,27,648,0,0.00%,648,0.29%,0.99%
FG MEDIUM BOWL,FEEL GOOD,FOOD,34,612,0,0.00%,612,0.36%,0.93%
Chicken Caesar,Salads,FOOD,23,575,0,0.00%,575,0.24%,0.87%
SERCO DINNER,SERCO DINNER,FOOD,36,540,0,0.00%,540,0.38%,0.82%
LACNOR COCKTAIL 180ML,Fresh Juices,BEVERAGE,128,512,0,0.00%,512,1.36%,0.78%
Chicken Tikka,Sandwiches,FOOD,21,504,0,0.00%,504,0.22%,0.77%
FISH & SHRIMP MEAL,Main course,FOOD,20,500,0,0.00%,500,0.21%,0.76%
LACNOR MILK CHOCOLATE,Flavoured Milk,BEVERAGE,125,500,0,0.00%,500,1.32%,0.76%
Take Away Box,Take Away Boxes,NON FOOD,165,495,0,0.00%,495,1.75%,0.75%
Buffet Fruit Salad,Salads,FOOD,98,490,0,0.00%,490,1.04%,0.75%
7 OZ DOUBLE SHOT ICED SHAKEN,Starbucks,FOOD,32,448,0,0.00%,448,0.34%,0.68%
Falafel Tomato & Hummus(V),Sandwiches,FOOD,24,432,0,0.00%,432,0.25%,0.66%
Two Eggs ,Breakfast,FOOD,86,430,0,0.00%,430,0.91%,0.65%
COCA COLA CAN,Softdrinks,BEVERAGE,105,420,0,0.00%,420,1.11%,0.64%
FG LARGE BOWL,FEEL GOOD,FOOD,15,390,0,0.00%,390,0.16%,0.59%
12 OZ CAFFE LATTE,Starbucks,FOOD,31,372,0,0.00%,372,0.33%,0.57%
Side Salad,Salads,FOOD,90,360,0,0.00%,360,0.95%,0.55%
16 OZ CAFFE LATTE,Starbucks,FOOD,25,350,0,0.00%,350,0.26%,0.53%
Yoghurt,Yogurt,FOOD,85,340,0,0.00%,340,0.90%,0.52%
Grilled Chicken Burger,Burgers,FOOD,14,336,0,0.00%,336,0.15%,0.51%
FRESH JUICE SMALL,Breakfast,FOOD,81,324,0,0.00%,324,0.86%,0.49%
Dessert,Dessert,FOOD,74,296,0,0.00%,296,0.78%,0.45%
Go Large,Pizza,FOOD,37,296,0,0.00%,296,0.39%,0.45%
LACNOR MILK STRAWBERRY,Flavoured Milk,BEVERAGE,73,292,0,0.00%,292,0.77%,0.44%
12 OZ CAFFE AMERICANO,Starbucks,FOOD,29,290,0,0.00%,290,0.31%,0.44%
12 OZ CAPPUCHINO,Starbucks,FOOD,24,288,0,0.00%,288,0.25%,0.44%
Super Food Salad (V),Salads,FOOD,12,288,0,0.00%,288,0.13%,0.44%
LACNOR MILK BANANA,Flavoured Milk,BEVERAGE,70,280,0,0.00%,280,0.74%,0.43%
16 OZ ICED CAFFE LATTE,Starbucks,FOOD,19,274,0,0.00%,274,0.20%,0.42%
Best SaltedCashew30g,Peannuts,FOOD,88,264,0,0.00%,264,0.93%,0.40%
Homemade Beef Burger,Burgers,FOOD,14,260,0,0.00%,260,0.15%,0.40%
Hawaiian,Pizza,FOOD,8,256,0,0.00%,256,0.08%,0.39%
RED BULL 250ML,CS Sports & Energy Drinks,BEVERAGE,32,253,0,0.00%,253,0.34%,0.38%
Salmon Salad,Salads,FOOD,10,250,0,0.00%,250,0.11%,0.38%
CHICKEN MAIN,Main course,FOOD,16,240,0,0.00%,240,0.17%,0.37%
Tenderloin Steak,Burgers,FOOD,9,240,0,0.00%,240,0.10%,0.37%
16 OZ ICED CAFE AMERICANO,Starbucks,FOOD,19,238,0,0.00%,238,0.20%,0.36%
SERCO BREAKFAST,SERCO BREAKFAST,FOOD,15,225,0,0.00%,225,0.16%,0.34%
16 OZ ICED CARAMEL MACCHIATO,Starbucks,FOOD,13,223,0,0.00%,223,0.14%,0.34%
Cereal Portion,Breakfast,FOOD,32,217,0,0.00%,217,0.34%,0.33%
REDBULL SUGAR FREE,Energy Drinks,BEVERAGE,27,216,0,0.00%,216,0.29%,0.33%
12 OZ CARAMEL MACCHIATO,Starbucks,FOOD,14,210,0,0.00%,210,0.15%,0.32%
Filter Coffee,Tea,FOOD,43,210,0,0.00%,210,0.46%,0.32%
Pesto Roasted Chicken,Sandwiches,FOOD,9,207,0,0.00%,207,0.10%,0.31%
LACNOR MANGO 180ML,Fresh Juices,BEVERAGE,46,184,0,0.00%,184,0.49%,0.28%
Grilled Halloumi(V),Sandwiches,FOOD,9,180,0,0.00%,180,0.10%,0.27%
Tandoori Chicken,Pizza,FOOD,5,180,0,0.00%,180,0.05%,0.27%
Yogurt Blueberry,Yoghurt Pots,FOOD,10,180,0,0.00%,180,0.11%,0.27%
Buffalo Chicken,Grill,FOOD,11,176,0,0.00%,176,0.12%,0.27%
Tuna Cheese Melt,Sandwiches,FOOD,8,176,0,0.00%,176,0.08%,0.27%
FRESH JUICE LARGE,Fresh Juices,FOOD,27,175,0,0.00%,175,0.29%,0.27%
Isabella(V),Pizza,FOOD,5,175,0,0.00%,175,0.05%,0.27%
16 OZ CAPPUCHINO,Starbucks,FOOD,12,168,0,0.00%,168,0.13%,0.26%
Portion Protein,Main course,FOOD,16,160,0,0.00%,160,0.17%,0.24%
VEG BURGER,Burgers,FOOD,8,160,0,0.00%,160,0.08%,0.24%
Yogurt Muesli Honey,Yoghurt Pots,FOOD,10,160,0,0.00%,160,0.11%,0.24%
AL AIN WATER 1.5L,CS Water,BEVERAGE,106,159,0,0.00%,159,1.12%,0.24%
CROISSANT MINI,Dessert,FOOD,52,156,0,0.00%,156,0.55%,0.24%
FG SMALL BOWL,FEEL GOOD,FOOD,13,156,0,0.00%,156,0.14%,0.24%
Hash Browns,Breakfast,FOOD,39,156,0,0.00%,156,0.41%,0.24%
PEPSI DIET CAN,Softdrinks,BEVERAGE,39,156,0,0.00%,156,0.41%,0.24%
Filter Tea,Tea,FOOD,31,155,0,0.00%,155,0.33%,0.24%
GALLON WATER COUPON,CS Water,BEVERAGE,22,154,0,0.00%,154,0.23%,0.23%
POKKA PEACH ICED TEA CAN,Packet Juice,BEVERAGE,38,152,0,0.00%,152,0.40%,0.23%
50 Dhs Rech,CS Others,NON FOOD,3,150,0,0.00%,150,0.03%,0.23%
Bagel S. Salmon,Sandwiches,FOOD,6,150,0,0.00%,150,0.06%,0.23%
Beef sausage,Breakfast,FOOD,30,150,0,0.00%,150,0.32%,0.23%
Digest dark200,Biscuit & Cookies,FOOD,11,148.5,0,0.00%,148.5,0.12%,0.23%
COCA COLA ZERO CAN,Softdrinks,BEVERAGE,37,148,0,0.00%,148,0.39%,0.23%
COCONUT WATER CAN,Packet Juice,BEVERAGE,36,144,0,0.00%,144,0.38%,0.22%
Soup,Extras,FOOD,24,144,0,0.00%,144,0.25%,0.22%
WALK IN LUNCH,WALK IN LUNCH,FOOD,14,140,0,0.00%,140,0.15%,0.21%
FERRARELLE WATER 330ML,Water,BEVERAGE,19,133,0,0.00%,133,0.20%,0.20%
Extra Topping,Pizza,FOOD,26,130,0,0.00%,130,0.28%,0.20%
7 UP CAN,Softdrinks,BEVERAGE,32,128,0,0.00%,128,0.34%,0.19%
PEPSI CAN,Softdrinks,BEVERAGE,32,128,0,0.00%,128,0.34%,0.19%
POKKA LEMON ICED TEA CAN,Packet Juice,BEVERAGE,31,124,0,0.00%,124,0.33%,0.19%
PAPER BAG,BAGS,NON FOOD,122,122,0,0.00%,122,1.29%,0.19%
12OZ WHITE CHOCOLATE MOCHA,Starbucks,FOOD,8,120,0,0.00%,120,0.08%,0.18%
DOUBLE ESSPRESSO,Starbucks,FOOD,10,120,0,0.00%,120,0.11%,0.18%
Extra Portion Grill,Main course,FOOD,10,120,0,0.00%,120,0.11%,0.18%
Fruit Salad,Yoghurt Pots,FOOD,10,120,0,0.00%,120,0.11%,0.18%
LACNOR APPLE 180ML,Fresh Juices,BEVERAGE,30,120,0,0.00%,120,0.32%,0.18%
ARIEL GREEN 1.5KG,CS Laundry Care,NON FOOD,4,112,0,0.00%,112,0.04%,0.17%
Croissant,Breakfast,FOOD,16,112,0,0.00%,112,0.17%,0.17%
FG Juice Bottled,FEEL GOOD,FOOD,14,112,0,0.00%,112,0.15%,0.17%
SPRITE CAN,Softdrinks,BEVERAGE,28,112,0,0.00%,112,0.30%,0.17%
16 OZ ICED WHITE CHOCOLATE MOCHA,Starbucks,FOOD,6,110,0,0.00%,110,0.06%,0.17%
Banana Pcs,CS Fresh Fruit,FOOD,110,110,0,0.00%,110,1.17%,0.17%
Chicken Nuggets,Extras,FOOD,11,110,0,0.00%,110,0.12%,0.17%
Plum Red,CS Fresh Fruit,FOOD,55,110,0,0.00%,110,0.58%,0.17%
16 OZ CAFFE AMERICANO,Starbucks,FOOD,9,108,0,0.00%,108,0.10%,0.16%
AL AIN FRESH MILK LOW FAT 2L,CS Dairy ,FOOD,9,108,0,0.00%,108,0.10%,0.16%
AL AIN WATER 500ml,CS Water,BEVERAGE,108,108,0,0.00%,108,1.14%,0.16%
LISTERINE MW FRESH BURST 250ML,CS Oral Care,NON FOOD,5,105,0,0.00%,105,0.05%,0.16%
16 OZ CARAMEL MACCHIATO,Starbucks,FOOD,6,102,0,0.00%,102,0.06%,0.16%
Three Cheese Spring Onion,Pre Packed Sandwiches,FOOD,10,100,0,0.00%,100,0.11%,0.15%
Yogurt Mango,Yoghurt Pots,FOOD,10,100,0,0.00%,100,0.11%,0.15%
GILLETTE BLADE MACH 3 TURBO 4PCS,CS Mens Care,NON FOOD,2,99,0,0.00%,99,0.02%,0.15%
RACHELS BLUEBERRY YOGHURT 450G,CS Organic Food,FOOD,4,98,0,0.00%,98,0.04%,0.15%
AL AIN FRESH MILK FULL FAT 2L,CS Dairy ,FOOD,8,96,0,0.00%,96,0.08%,0.15%
B.BAG SEA SALT150g,CS Chips & Snacks,FOOD,8,96,0,0.00%,96,0.08%,0.15%
Frid Rice W Chicken,Fried Rice,FOOD,3,96,0,0.00%,96,0.03%,0.15%
Pancakes,Breakfast,FOOD,32,96,0,0.00%,96,0.34%,0.15%
Tuna Sweetcorn,Pre Packed Sandwiches,FOOD,6,96,0,0.00%,96,0.06%,0.15%
Yoghurt,Yogurt,FOOD,8,96,0,0.00%,96,0.08%,0.15%
EGG Mayo & Spring Onion,Sandwiches,FOOD,5,95,0,0.00%,95,0.05%,0.14%
STREPSILS ORANGE PACKET,CS Chocolate ,FOOD,5,95,0,0.00%,95,0.05%,0.14%
PRO BAR MEAL PEANUT BUTTER CHOCO,CS Cereal,FOOD,4,92,0,0.00%,92,0.04%,0.14%
12 OZ CAFFE MOCHA,Starbucks,FOOD,6,90,0,0.00%,90,0.06%,0.14%
Glazed Veg,Sandwiches,FOOD,5,90,0,0.00%,90,0.05%,0.14%
FINE TOILET ROLLS 2PLY X 10 PCS ,CS Tissue & Toilet Rolls,NON FOOD,6,88.5,0,0.00%,88.5,0.06%,0.13%
LACNOR ORANGE 180ML,Fresh Juices,BEVERAGE,22,88,0,0.00%,88,0.23%,0.13%
Smoked Turkey Ham Pasta,Salads,FOOD,4,88,0,0.00%,88,0.04%,0.13%
SPRITE LIGHT CAN,Softdrinks,BEVERAGE,22,88,0,0.00%,88,0.23%,0.13%
16 OZ WHITE CHOCOLATE MOCHA,Starbucks,FOOD,5,85,0,0.00%,85,0.05%,0.13%
GATORADE TOPICL FRUIT PET 500ML,CS Sports & Energy Drinks,BEVERAGE,17,85,0,0.00%,85,0.18%,0.13%
French Fries,Extras,FOOD,14,84,0,0.00%,84,0.15%,0.13%
16 OZ FRAPPUCINO CARAMEL,Starbucks,FOOD,4,80,0,0.00%,80,0.04%,0.12%
Masafi Water1.5Ltr,Water,BEVERAGE,39,78,0,0.00%,78,0.41%,0.12%
16 OZ VANILLA LATTE,Starbucks,FOOD,4,76,0,0.00%,76,0.04%,0.12%
Meat Feast,Pizza,FOOD,2,76,0,0.00%,76,0.02%,0.12%
Baked beans,Breakfast,FOOD,15,75,0,0.00%,75,0.16%,0.11%
Cold Cuts,Breakfast,FOOD,15,75,0,0.00%,75,0.16%,0.11%
MAGNUM I/C ALMOND,CS Ice Cream,FOOD,10,75,0,0.00%,75,0.11%,0.11%
RACHELS FIG & HONEY YOGHURT 450G,CS Organic Food,FOOD,3,73.5,0,0.00%,73.5,0.03%,0.11%
12 OZ HOT CHOCOLATE,Starbucks,FOOD,4,72,0,0.00%,72,0.04%,0.11%
BLUEBERRY MUFFINS,Dessert,FOOD,6,72,0,0.00%,72,0.06%,0.11%
Gatorade,Softdrinks,BEVERAGE,6,72,0,0.00%,72,0.06%,0.11%
MAGNUM I/C DOUBLE CHOCOLATE,CS Ice Cream,FOOD,8,72,0,0.00%,72,0.08%,0.11%
MIRINDA ORANGE CAN,Softdrinks,BEVERAGE,18,72,0,0.00%,72,0.19%,0.11%
AL AIN FRESH MILK 1L FULL CREAM,CS Dairy ,FOOD,10,70,0,0.00%,70,0.11%,0.11%
Chicken Sweetcorn,Pre Packed Sandwiches,FOOD,7,70,0,0.00%,70,0.07%,0.11%
Chicken Tandoori,Pre Packed Sandwiches,FOOD,8,70,0,0.00%,70,0.08%,0.11%
FANTA APPLE CAN,Softdrinks,BEVERAGE,18,70,0,0.00%,70,0.19%,0.11%
Guest Meal Combo,Main course,FOOD,3,70,0,0.00%,70,0.03%,0.11%
Rocco,Pizza,FOOD,2,70,0,0.00%,70,0.02%,0.11%
12 OZ SIGNATURE HOT CHOCOLATE,Starbucks,FOOD,4,68,0,0.00%,68,0.04%,0.10%
12 OZ VANILLA LATTE,Starbucks,FOOD,4,68,0,0.00%,68,0.04%,0.10%
16 OZ CAFFE MOCHA,Starbucks,FOOD,4,68,0,0.00%,68,0.04%,0.10%
MAGNUM I/C CLASSIC,CS Ice Cream,FOOD,9,67.5,0,0.00%,67.5,0.10%,0.10%
FARM FRESH EGGS WHITE 15PCS,CS Eggs,FOOD,6,66,0,0.00%,66,0.06%,0.10%
SLICED BREAD MULTI GRAIN MEDIUM,CS Bakery,FOOD,11,66,0,0.00%,66,0.12%,0.10%
FERRARELLE WATER 500ML,Water,BEVERAGE,8,64,0,0.00%,64,0.08%,0.10%
MOUNTAIN DEW,Softdrinks,BEVERAGE,16,64,0,0.00%,64,0.17%,0.10%
Peanut Butter & Jelly(V),Sandwiches,FOOD,4,64,0,0.00%,64,0.04%,0.10%
Bagels w/Cr.Cheese,Breakfast,FOOD,9,63,0,0.00%,63,0.10%,0.10%
Castania Peanuts60g,Peannuts,FOOD,9,63,0,0.00%,63,0.10%,0.10%
Beef Bacon,Breakfast,FOOD,12,60,0,0.00%,60,0.13%,0.09%
CheseTurkeyHamCrossiant,Sandwiches,FOOD,3,60,0,0.00%,60,0.03%,0.09%
NYU RE-USABLE BAG,BAGS,NON FOOD,3,60,0,0.00%,60,0.03%,0.09%
DOVEM+CEFMMB&W250ML,CS Shampoo & Conditioner,NON FOOD,3,57,0,0.00%,57,0.03%,0.09%
COCA COLA DIET CAN,Softdrinks,BEVERAGE,14,56,0,0.00%,56,0.15%,0.09%
Egg Cress Mayonnaise,Pre Packed Sandwiches,FOOD,7,56,0,0.00%,56,0.07%,0.09%
NIVEA WIPES PURE CLEANSING 25PCS,CS Tissue & Toilet Rolls,NON FOOD,2,56,0,0.00%,56,0.02%,0.09%
PRINGLES 40GM SOUR CREAM,CS Chips & Snacks,FOOD,14,56,0,0.00%,56,0.15%,0.09%
A/G POP CORN MICROWAV EXTRA BUTT,CS Can & Jar Food,FOOD,6,55.5,0,0.00%,55.5,0.06%,0.08%
16 OZ ICED VANILLA LATTE,Starbucks,FOOD,3,55,0,0.00%,55,0.03%,0.08%
GATORADE PINK LEMONDAE PET 500ML,CS Sports & Energy Drinks,BEVERAGE,11,55,0,0.00%,55,0.12%,0.08%
MODERN BAKE CRANBERRY ENERGY BAR,CS Cereal,FOOD,10,55,0,0.00%,55,0.11%,0.08%
AL AIN FRESH MILK 1L LOW FAT,CS Dairy ,FOOD,9,54,0,0.00%,54,0.10%,0.08%
Chicken Satay,Main course,FOOD,3,54,0,0.00%,54,0.03%,0.08%
SELPAK TOILET PAPER 4 ROLLS,CS Tissue & Toilet Rolls,NON FOOD,4,54,0,0.00%,54,0.04%,0.08%
DR OETKER MOZZRELLA PIZZA,CS Frozen Food,FOOD,2,52.5,0,0.00%,52.5,0.02%,0.08%
ALPROMilkFlvrChoc 1L,CS Dairy ,BEVERAGE,3,50.25,0,0.00%,50.25,0.03%,0.08%
ALPRO SOYAMilkVanilaFlvr1L,CS Packet Juice,BEVERAGE,3,50.25,0,0.00%,50.25,0.03%,0.08%
KAGI SWISS WAFERS CHOCOLATE 50G,CS Mint & Gum,FOOD,10,50,0,0.00%,50,0.11%,0.08%
PEPPERMEIN LOOSE TEA,Tea,FOOD,5,50,0,0.00%,50,0.05%,0.08%
WALK IN DINNER,WALK IN DINNER,FOOD,5,50,0,0.00%,50,0.05%,0.08%
FARM FRESH EGGS WHITE 6PCS,CS Eggs,FOOD,11,49.5,0,0.00%,49.5,0.12%,0.08%
RACHELS GREEK YOGHURT NATURAL 45,CS Dairy ,FOOD,2,49,0,0.00%,49,0.02%,0.07%
RACHELS MANGO YOGHURT 450G,CS Organic Food,FOOD,2,49,0,0.00%,49,0.02%,0.07%
RACHELS NATURAL LOW FAT YOUGHURT,CS Organic Food,FOOD,2,49,0,0.00%,49,0.02%,0.07%
Lays Chips,Extras,FOOD,24,48,0,0.00%,48,0.25%,0.07%
Mushrooms,Pizza,FOOD,8,48,0,0.00%,48,0.08%,0.07%
Pear,CS Fresh Fruit,FOOD,24,48,0,0.00%,48,0.25%,0.07%
Portion Starch,Main course,FOOD,6,48,0,0.00%,48,0.06%,0.07%
SELPAK FACIAL TISSUE 100 SHEET,CS Tissue & Toilet Rolls,NON FOOD,8,48,0,0.00%,48,0.08%,0.07%
COMFORT BABY CONCENTRATE 750ML,CS Laundry Care,NON FOOD,3,46.5,0,0.00%,46.5,0.03%,0.07%
SELPAK TOILET ROLL 7+2,CS Tissue & Toilet Rolls,NON FOOD,2,46.5,0,0.00%,46.5,0.02%,0.07%
Apple Green,CS Fresh Fruit,FOOD,23,46,0,0.00%,46,0.24%,0.07%
Toast,Breakfast,FOOD,46,46,0,0.00%,46,0.49%,0.07%
Add Cheese,Extras,FOOD,15,45,0,0.00%,45,0.16%,0.07%
CastaniaCashew,CS Nuts & Seeds,FOOD,2,45,0,0.00%,45,0.02%,0.07%
TIDE ORIGINAL SCENT 1.5KG,CS Laundry Care,NON FOOD,2,45,0,0.00%,45,0.02%,0.07%
TOBLERONE 50GM,CS Chocolate ,FOOD,9,45,0,0.00%,45,0.10%,0.07%
Greek Salad,Salads,FOOD,2,44,0,0.00%,44,0.02%,0.07%
Roast Beef,Sandwiches,FOOD,2,44,0,0.00%,44,0.02%,0.07%
SCHIK RAZOR WOMEN TRIM STYLE QUA,CS Womens Care,NON FOOD,1,43.25,0,0.00%,43.25,0.01%,0.07%
16 OZ ICED CAFFE MOCHA,Starbucks,FOOD,3,42,0,0.00%,42,0.03%,0.06%
Brownie,Dessert,FOOD,3,42,0,0.00%,42,0.03%,0.06%
CROISSANT MEDIUM,PASTRIES,FOOD,6,42,0,0.00%,42,0.06%,0.06%
Pepperoni,Pizza,FOOD,7,42,0,0.00%,42,0.07%,0.06%
LINDT EXCELLENCE 90% CACOA 100GM,CS Chocolate ,FOOD,3,41.25,0,0.00%,41.25,0.03%,0.06%
LINDT EXCELLENCE MINT INTENSE 10,CS Chocolate ,FOOD,3,41.25,0,0.00%,41.25,0.03%,0.06%
ALPRO ALMOND MILK 1L,CS Dairy ,FOOD,2,41,0,0.00%,41,0.02%,0.06%
16 OZ FRAPPUCINO WHITE MOCHA,Starbucks,FOOD,2,40,0,0.00%,40,0.02%,0.06%
CERES CRANBERRY KIWI JUICE 1L,CS Packet Juice,BEVERAGE,4,40,0,0.00%,40,0.04%,0.06%
CEYLON GINGER LOOSE TEA,Tea,FOOD,4,40,0,0.00%,40,0.04%,0.06%
French Toast,Breakfast,FOOD,10,40,0,0.00%,40,0.11%,0.06%
Granola,Dessert,FOOD,5,40,0,0.00%,40,0.05%,0.06%
MINUTE STEAK,Grill,FOOD,2,40,0,0.00%,40,0.02%,0.06%
Mixed Green Salad(V),Salads,FOOD,2,40,0,0.00%,40,0.02%,0.06%
ORAL B BRUSH NATURAL FRESH,CS Oral Care,NON FOOD,4,40,0,0.00%,40,0.04%,0.06%
AL RABIE ORANGE PEACH 330ML,Fresh Juices,BEVERAGE,11,39.5,0,0.00%,39.5,0.12%,0.06%
Oatmeal Porridge,Breakfast,FOOD,13,39,0,0.00%,39,0.14%,0.06%
CLEARLY SCRUMPTIOUS GOLDEN BERRI,CS Dry Fruits,FOOD,3,38.25,0,0.00%,38.25,0.03%,0.06%
16 OZ CARAMEL LATTE,Starbucks,FOOD,2,38,0,0.00%,38,0.02%,0.06%
NECTAFLOR SOFT FIGS 200GM,CS Dry Fruits,FOOD,2,38,0,0.00%,38,0.02%,0.06%
MAGNUM I/C WHITE,CS Ice Cream,FOOD,5,37.5,0,0.00%,37.5,0.05%,0.06%
BOGUTTI WHITE CHOCO PCS 37%,Biscuit & Cookies,FOOD,4,37,0,0.00%,37,0.04%,0.06%
ADD ESPRESSO SHOT,Starbucks,FOOD,9,36,0,0.00%,36,0.10%,0.05%
AL AIN MORNING BLACKBERRY MUSELI,CS Dairy ,FOOD,12,36,0,0.00%,36,0.13%,0.05%
Choc Caramel Eclair,Dessert,FOOD,3,36,0,0.00%,36,0.03%,0.05%
DOVE BODY LOTION ESSENTIAL NOURI,CS Body Care,NON FOOD,2,36,0,0.00%,36,0.02%,0.05%
GATORADE GRAPE,Energy Drinks,BEVERAGE,3,36,0,0.00%,36,0.03%,0.05%
Large Salad,Salads,FOOD,2,36,0,0.00%,36,0.02%,0.05%
Small Salad,Salads,FOOD,3,36,0,0.00%,36,0.03%,0.05%
CARTE D'OR PINT CHOCOLATE,CS Ice Cream,FOOD,2,35,0,0.00%,35,0.02%,0.05%
CARTE D'OR PINT STRAWBERRY,CS Ice Cream,FOOD,2,35,0,0.00%,35,0.02%,0.05%
Portion Vegetable,Main course,FOOD,7,35,0,0.00%,35,0.07%,0.05%
RED BULL SUGAR FREE 250ML,CS Sports & Energy Drinks,BEVERAGE,5,35,0,0.00%,35,0.05%,0.05%
FRUIT & FIBRE KELLOGS 375GM,CS Cereal,FOOD,2,34.5,0,0.00%,34.5,0.02%,0.05%
16 OZ HOT CHOCOLATE,Starbucks,FOOD,2,34,0,0.00%,34,0.02%,0.05%
16 OZ ICED CHOCOLATE,Starbucks,FOOD,2,34,0,0.00%,34,0.02%,0.05%
White Bean(V),Pizza,FOOD,1,34,0,0.00%,34,0.01%,0.05%
NESCAFE GOLD COFFEE 100GM,CS Coffee,FOOD,1,33.5,0,0.00%,33.5,0.01%,0.05%
CADBURY DM CHOCOLATE 230GM,CS Chocolate ,FOOD,3,33,0,0.00%,33,0.03%,0.05%
MATESERES 37GM,CS Chocolate ,FOOD,9,33,0,0.00%,33,0.10%,0.05%
CITYPACK PAPER CUP 8OZ 50PCS,CS Disposable,NON FOOD,5,32.5,0,0.00%,32.5,0.05%,0.05%
G S Frid Noodls W Tofu,Noodles,FOOD,1,32,0,0.00%,32,0.01%,0.05%
LifebyHndSnitzrHul55m,CS Soap & Handwash,NON FOOD,4,32,0,0.00%,32,0.04%,0.05%
LIPTON LEMON ICED TEA,Tea,BEVERAGE,8,32,0,0.00%,32,0.08%,0.05%
Pain an Raisin,Dessert,FOOD,4,32,0,0.00%,32,0.04%,0.05%
Steamed Rice,Main course,FOOD,4,32,0,0.00%,32,0.04%,0.05%
TEA BAG JASMINE GREEN,Tea,FOOD,4,32,0,0.00%,32,0.04%,0.05%
Vegetable Noodles,Main course,FOOD,4,32,0,0.00%,32,0.04%,0.05%
BISCUITSDIGES250 ,Biscuit & Cookies,FOOD,3,31.5,0,0.00%,31.5,0.03%,0.05%
WEETABIX ORIGINAL 430GM,CS Cereal,FOOD,2,31.5,0,0.00%,31.5,0.02%,0.05%
ALPRO SOYA ORIGINAL1L,CS Dairy ,BEVERAGE,2,31,0,0.00%,31,0.02%,0.05%
VASELINE BW MEN 2 IN 1 220ML,CS Bath & Shower,NON FOOD,2,31,0,0.00%,31,0.02%,0.05%
Pitrcoriceliolivoil1L,CS Coocking & Baking,FOOD,1,30.5,0,0.00%,30.5,0.01%,0.05%
AL AIN WATER 5 LTR,CS Water,BEVERAGE,12,30,0,0.00%,30,0.13%,0.05%
Asst. Rolls Two,Breakfast,FOOD,15,30,0,0.00%,30,0.16%,0.05%
BEST CAN CASHEWS SALTED 110GM,CS Nuts & Seeds,FOOD,2,30,0,0.00%,30,0.02%,0.05%
EARL GREY LOOSE TEA,Tea,FOOD,3,30,0,0.00%,30,0.03%,0.05%
FISH MAIN,Main course,FOOD,2,30,0,0.00%,30,0.02%,0.05%
Grilled Chicken,Pizza,FOOD,5,30,0,0.00%,30,0.05%,0.05%
NIVEA AFTER SUN MOISTURE 200ML,CS Body Care,NON FOOD,1,30,0,0.00%,30,0.01%,0.05%
NIVEA MEN SHOWER ORIGINAL CARE 2,CS Bath & Shower,NON FOOD,2,30,0,0.00%,30,0.02%,0.05%
NIVEA MEN SHOWER VITALITY FRESH ,CS Bath & Shower,NON FOOD,2,30,0,0.00%,30,0.02%,0.05%
PEAR DRAGON LOOSE TEA,Tea,FOOD,3,30,0,0.00%,30,0.03%,0.05%
SCHOGETTEN MILK CHOCOLATE 100GM,CS Chocolate ,FOOD,5,30,0,0.00%,30,0.05%,0.05%
SINGLE ESSPRESSO,Starbucks,FOOD,3,30,0,0.00%,30,0.03%,0.05%
VEGGIE MAIN,Main course,FOOD,2,30,0,0.00%,30,0.02%,0.05%
NESCAFE PACKET SACHET RED MUG 50,CS Coffee,FOOD,1,29.5,0,0.00%,29.5,0.01%,0.04%
TOBLERONE WHITE 35GM,CS Chocolate ,FOOD,9,29.25,0,0.00%,29.25,0.10%,0.04%
SibloWhiteFishFillet,CS Frozen Food,FOOD,1,29,0,0.00%,29,0.01%,0.04%
ALO EXPOSED ALO JUICE,Fresh Juices,FOOD,2,28,0,0.00%,28,0.02%,0.04%
AL SHIFA 400GM SQUEEZE HONEY,CS Can & Jar Food,FOOD,1,28,0,0.00%,28,0.01%,0.04%
FIRE FLY GRAPE FRUIT,Packet Juice,BEVERAGE,2,28,0,0.00%,28,0.02%,0.04%
LADY CHOICE CREAMY PEANUT BUTTER,CS Can & Jar Food,FOOD,2,28,0,0.00%,28,0.02%,0.04%
MilkHalfCrem1Ltr ,CS Dairy ,FOOD,7,28,0,0.00%,28,0.07%,0.04%
NIVEA WIPES GENTLE CLEANSING 25P,CS Tissue & Toilet Rolls,NON FOOD,1,28,0,0.00%,28,0.01%,0.04%
PRINGLES 40GM ORIGINAL,CS Chips & Snacks,FOOD,7,28,0,0.00%,28,0.07%,0.04%
BarillaPestoSml,CS Sauce,FOOD,1,27.5,0,0.00%,27.5,0.01%,0.04%
LINDT EXCELLENCE SEA SALT 100GM,CS Chocolate ,FOOD,2,27.5,0,0.00%,27.5,0.02%,0.04%
ALWAYS MEGAPACK LARGE WINGS 30 P,CS Sanitary Care,NON FOOD,2,27,0,0.00%,27,0.02%,0.04%
BERRY CO SUPERBERRY RED 1L,CS Packet Juice,BEVERAGE,2,27,0,0.00%,27,0.02%,0.04%
Best Salted Peanut30g,Peannuts,FOOD,9,27,0,0.00%,27,0.10%,0.04%
C&C MAKEUP REMOVER DEEP CLEAN 15,CS Facial Care,NON FOOD,1,26.75,0,0.00%,26.75,0.01%,0.04%
DR OETKER VEGETABLE PIZZA,CS Frozen Food,FOOD,1,26.25,0,0.00%,26.25,0.01%,0.04%
Apple Red,CS Fresh Fruit,FOOD,13,26,0,0.00%,26,0.14%,0.04%
CORNETTO I/C LOVE COOKIE,CS Ice Cream,FOOD,4,26,0,0.00%,26,0.04%,0.04%
SAN PELLEGRINO WATER 500ML,CS Water,BEVERAGE,4,26,0,0.00%,26,0.04%,0.04%
SUNNY BIO AGAVE SYRUP 250G,CS Can & Jar Food,FOOD,1,25.75,0,0.00%,25.75,0.01%,0.04%
TOBLERONE MILK 100GM,CS Chocolate ,FOOD,3,25.5,0,0.00%,25.5,0.03%,0.04%
TRESEMME CD 24 HOUR BODY 500ML,CS Shampoo & Conditioner,NON FOOD,1,25.5,0,0.00%,25.5,0.01%,0.04%
25 Dhs Rech,CS Others,NON FOOD,1,25,0,0.00%,25,0.01%,0.04%
Castania Fried Peanut 60g,CS Nuts & Seeds,FOOD,5,25,0,0.00%,25,0.05%,0.04%
PERRIER WATER LEMON 330ML,CS Water,BEVERAGE,5,25,0,0.00%,25,0.05%,0.04%
KOKA CUP CHICKEN,CS Pasta & Noodles,FOOD,7,24.5,0,0.00%,24.5,0.07%,0.04%
NUTELLA 400GM,CS Can & Jar Food,FOOD,1,24.5,0,0.00%,24.5,0.01%,0.04%
RACHELS HONEY YOGHURT 450G,CS Organic Food,FOOD,1,24.5,0,0.00%,24.5,0.01%,0.04%
B.BAG CHEDDAR150g,CS Chips & Snacks,FOOD,2,24,0,0.00%,24,0.02%,0.04%
ESPRESSO MACCHIATO,Starbucks,FOOD,2,24,0,0.00%,24,0.02%,0.04%
GLAD GARBAGE BAG MEDIUM 35L X 30,CS Tissue & Toilet Rolls,NON FOOD,2,24,0,0.00%,24,0.02%,0.04%
HIBISCUS ICED TEA,Tea,FOOD,3,24,0,0.00%,24,0.03%,0.04%
Jalapenos,Pizza,FOOD,4,24,0,0.00%,24,0.04%,0.04%
Lacnor Full Fat Milk 1L ,CS Dairy ,BEVERAGE,6,24,0,0.00%,24,0.06%,0.04%
LAYS 40GM SALT,CS Chips & Snacks,FOOD,12,24,0,0.00%,24,0.13%,0.04%
MENTOS BOTTLE JUICE BLAST WATERM,CS Mint & Gum,FOOD,3,24,0,0.00%,24,0.03%,0.04%
TEA BAG EARL GREY,Tea,FOOD,3,24,0,0.00%,24,0.03%,0.04%
THE BERRY CO BLUEBERRY JUICE,Packet Juice,BEVERAGE,3,24,0,0.00%,24,0.03%,0.04%
V.Ramen Noodle,Main course,FOOD,2,24,0,0.00%,24,0.02%,0.04%
AMBROSI MASCARPONE CHEESE 250G,CS Dairy ,FOOD,1,23.5,0,0.00%,23.5,0.01%,0.04%
PRO BAR MEAL WHOLEBERRY BLAST 85,CS Cereal,FOOD,1,23,0,0.00%,23,0.01%,0.03%
SELPAK KITCHEN ROLL 2 PCS,CS Tissue & Toilet Rolls,NON FOOD,2,23,0,0.00%,23,0.02%,0.03%
CADBURY DM FRUIT & NUT 100GM,CS Chocolate ,FOOD,4,22,0,0.00%,22,0.04%,0.03%
COKE CAN 330ML ,CS Soft Drinks,BEVERAGE,11,22,0,0.00%,22,0.12%,0.03%
LIFEBUOY HW MILD CARE 200ML,CS Soap & Handwash,NON FOOD,2,22,0,0.00%,22,0.02%,0.03%
LIFEBUOY HW TOTAL 10 200ML,CS Soap & Handwash,NON FOOD,2,22,0,0.00%,22,0.02%,0.03%
NIVEA AFTER SHAVE SILVER PROTECT,CS Mens Care,NON FOOD,1,22,0,0.00%,22,0.01%,0.03%
Orange Pcs,CS Fresh Fruit,FOOD,11,22,0,0.00%,22,0.12%,0.03%
OREO 176g,Biscuit & Cookies,FOOD,4,22,0,0.00%,22,0.04%,0.03%
SCHWEPPES SODA CAN 300M,CS Soft Drinks,BEVERAGE,11,22,0,0.00%,22,0.12%,0.03%
SNAPPLE FRUIT PUNCH JUICE,CS Packet Juice,BEVERAGE,4,22,0,0.00%,22,0.04%,0.03%
BARILLA PASTA SPAGHETTI NO.3 500,CS Pasta & Noodles,FOOD,3,21.75,0,0.00%,21.75,0.03%,0.03%
AL AIN MORNING CRANBERRY MUSELI ,CS Dairy ,FOOD,7,21,0,0.00%,21,0.07%,0.03%
BAYARA EXTRA MIXED NUTS 300GM,CS Dry Fruits,FOOD,1,21,0,0.00%,21,0.01%,0.03%
EMMENTHAL CHEESE GRATED 150G,CS Dairy ,FOOD,2,21,0,0.00%,21,0.02%,0.03%
LACNOR MILK CHOCOLATE 180ML,CS Packet Juice,BEVERAGE,14,21,0,0.00%,21,0.15%,0.03%
COCO POPS KELLOGS 375GM,CS Cereal,FOOD,1,20.5,0,0.00%,20.5,0.01%,0.03%
AL AIN WATER 1.5 LITER,Water,BEVERAGE,10,20,0,0.00%,20,0.11%,0.03%
AL MARAI POMPEGRANATE 300ML,CS Packet Juice,BEVERAGE,8,20,0,0.00%,20,0.08%,0.03%
BARILA FARFALE500g,CS Pasta & Noodles,FOOD,2,20,0,0.00%,20,0.02%,0.03%
CLOROX SPONGE SCOURER 1PCS,CS Cleaning Supplies,NON FOOD,5,20,0,0.00%,20,0.05%,0.03%
Lacnor Low Fat Milk 1L,CS Dairy ,BEVERAGE,5,20,0,0.00%,20,0.05%,0.03%
SCONES,Dessert,FOOD,2,20,0,0.00%,20,0.02%,0.03%
SUBSTITUTE SOYA,Soya Milk,FOOD,5,20,0,0.00%,20,0.05%,0.03%
SUBSTITUTE SOYA ALMOND,Soya Milk,FOOD,5,20,0,0.00%,20,0.05%,0.03%
AL AIN YOGHURT FULL CREAM 170GM,CS Dairy ,FOOD,13,19.5,0,0.00%,19.5,0.14%,0.03%
BARILLA PASTA PENNE RIGATE 500G,CS Pasta & Noodles,FOOD,2,19.5,0,0.00%,19.5,0.02%,0.03%
16 OZ SIGNATURE HOT CHOCOLATE,Starbucks,FOOD,1,19,0,0.00%,19,0.01%,0.03%
FLORA BUTTERY GULF 500G,CS Dairy ,FOOD,1,19,0,0.00%,19,0.01%,0.03%
ZwanLuncheonMeat200g,CS Can & Jar Food,FOOD,2,19,0,0.00%,19,0.02%,0.03%
OREO GOLDEN 16 PACK 44GM,Biscuit & Cookies,FOOD,1,18.25,0,0.00%,18.25,0.01%,0.03%
OREO ORIGINAL 16 PACK 44GM,Biscuit & Cookies,FOOD,1,18.25,0,0.00%,18.25,0.01%,0.03%
16 OZ ICED CARAMEL LATTE,Starbucks,FOOD,1,18,0,0.00%,18,0.01%,0.03%
AL AIN MANGO YOGHURT 125GM,CS Dairy ,FOOD,9,18,0,0.00%,18,0.10%,0.03%
ALWAYS NORMAL WINGS 10 PCS,CS Sanitary Care,NON FOOD,4,18,0,0.00%,18,0.04%,0.03%
CERES RUBY GRAPE FRUIT JUICE 1L,CS Packet Juice,BEVERAGE,2,18,0,0.00%,18,0.02%,0.03%
CheseTomatoCrossiant,Sandwiches,FOOD,1,18,0,0.00%,18,0.01%,0.03%
Coke Zero355ML,Softdrinks,BEVERAGE,9,18,0,0.00%,18,0.10%,0.03%
DOVE HW FRESH TOUCH CUCUM & G.TE,CS Soap & Handwash,NON FOOD,1,18,0,0.00%,18,0.01%,0.03%
Flake Cadbury32g ,CS Chocolate ,FOOD,6,18,0,0.00%,18,0.06%,0.03%
FOUNTAIN SODA LARGE,Softdrinks,BEVERAGE,6,18,0,0.00%,18,0.06%,0.03%
Mash and Gravy,Extras,FOOD,2,18,0,0.00%,18,0.02%,0.03%
Mature Cheddar&Pickle,Sandwiches,FOOD,1,18,0,0.00%,18,0.01%,0.03%
PRINGLES CHEESE 165GM,CS Chips & Snacks,FOOD,2,18,0,0.00%,18,0.02%,0.03%
SCHOGETTEN CAPPUCCINO 100G,CS Chocolate ,FOOD,3,18,0,0.00%,18,0.03%,0.03%
SCHOGETTEN DARK CHOCOLATE 100GM,CS Chocolate ,FOOD,3,18,0,0.00%,18,0.03%,0.03%
SMINT POCKET LEMON ,CS Mint & Gum,FOOD,3,18,0,0.00%,18,0.03%,0.03%
TAMRAH CHOCO DARK ZIPPER BAG 100,CS Dry Fruits,FOOD,2,18,0,0.00%,18,0.02%,0.03%
TAMRAH COCO DATES ZIPPER BAG 100,CS Dry Fruits,FOOD,2,18,0,0.00%,18,0.02%,0.03%
VOLVIC WATER 500ML,CS Water,BEVERAGE,4,18,0,0.00%,18,0.04%,0.03%
A/G POP CORN MICROWAVE NATURAL 2,CS Can & Jar Food,FOOD,2,17.5,0,0.00%,17.5,0.02%,0.03%
CARTE D'OR PINT COOKIES,CS Ice Cream,FOOD,1,17.5,0,0.00%,17.5,0.01%,0.03%
FOOD DOCTOR BAR P/A & BANANA 35G,CS Organic Food,FOOD,2,17.5,0,0.00%,17.5,0.02%,0.03%
FRUIT TELLA STRAWBERRY 39G,CS Mint & Gum,FOOD,10,17.5,0,0.00%,17.5,0.11%,0.03%
BROWN BAG CHIPS 40GM LIGHTLY SAL,CS Chips & Snacks,FOOD,4,17,0,0.00%,17,0.04%,0.03%
DAWAT TRADITIONAL BASMATI RICE 1,CS Coocking & Baking,FOOD,1,17,0,0.00%,17,0.01%,0.03%
KIT KAT 4 FINGERS,CS Chocolate ,FOOD,5,17,0,0.00%,17,0.05%,0.03%
VASELINE PETROLEUM JELLY 120M,CS Body Care,NON FOOD,2,17,0,0.00%,17,0.02%,0.03%
ALPROSoyaMilkUnswtnd1L,CS Packet Juice,BEVERAGE,1,16.75,0,0.00%,16.75,0.01%,0.03%
DaryMlkEgCadbury,CS Chocolate ,FOOD,3,16.5,0,0.00%,16.5,0.03%,0.03%
MODERN BAKE PEANUT PEACAN ENERGY,CS Cereal,FOOD,3,16.5,0,0.00%,16.5,0.03%,0.03%
OB TAMPONS NORMAL 16PCS,CS Sanitary Care,NON FOOD,1,16.25,0,0.00%,16.25,0.01%,0.02%
ADD FLAVOURED SYRUP,Starbucks,FOOD,4,16,0,0.00%,16,0.04%,0.02%
ADD WHIPPED CREAM,Starbucks,FOOD,4,16,0,0.00%,16,0.04%,0.02%
ALPEN BAR FRUIT NUT 28GM,CS Cereal,FOOD,4,16,0,0.00%,16,0.04%,0.02%
ALPEN BAR FRUIT NUT MILK CHOCOLA,CS Cereal,FOOD,4,16,0,0.00%,16,0.04%,0.02%
BEACON MARSHMALLOWS PINK & WHITE,CS Packet Food,FOOD,4,16,0,0.00%,16,0.04%,0.02%
CLOROX WIPES DISINFECTING CITRUS,CS Cleaning Supplies,NON FOOD,1,16,0,0.00%,16,0.01%,0.02%
EXTRA PELLET WHITE GUM,CS Mint & Gum,FOOD,8,16,0,0.00%,16,0.08%,0.02%
MANGO ICED TEA,Tea,FOOD,2,16,0,0.00%,16,0.02%,0.02%
THE BERRY CO GOJI BERRY JUICE,Packet Juice,BEVERAGE,2,16,0,0.00%,16,0.02%,0.02%
COMFORT IRIS JASMINE CONCENTRATE,CS Laundry Care,NON FOOD,1,15.5,0,0.00%,15.5,0.01%,0.02%
FOOD DOCTOR POT TOMATO BLACK OLI,CS Organic Food,FOOD,1,15.5,0,0.00%,15.5,0.01%,0.02%
JDS ALMOND THINS,Biscuit & Cookies,FOOD,1,15.5,0,0.00%,15.5,0.01%,0.02%
AL AIN YOGHURT LOW FAT 170GM,CS Dairy ,FOOD,10,15,0,0.00%,15,0.11%,0.02%
Al R.F.Cocktail ,CS Packet Juice,BEVERAGE,6,15,0,0.00%,15,0.06%,0.02%
AL RABIE MANGO PASSION 330ML,CS Fresh Juice,BEVERAGE,6,15,0,0.00%,15,0.06%,0.02%
AM Chd Sli 200,CS Dairy ,FOOD,2,15,0,0.00%,15,0.02%,0.02%
BEST 13GM ALMOND,CS Nuts & Seeds,FOOD,10,15,0,0.00%,15,0.11%,0.02%
CastaniaMixedNuts125G,CS Nuts & Seeds,FOOD,2,15,0,0.00%,15,0.02%,0.02%
CROISSANT CHOCOLATE,CS Bakery,FOOD,6,15,0,0.00%,15,0.06%,0.02%
Delivery Charges,Delivery charge,LABOR CHARGE,3,15,0,0.00%,15,0.03%,0.02%
ENERGIZER AAA 4 PCS,CS Others,NON FOOD,1,15,0,0.00%,15,0.01%,0.02%
MANI 20G SWEET COCKTAIL NUTS FRU,CS Dry Fruits,FOOD,6,15,0,0.00%,15,0.06%,0.02%
MentoGmBerryLime,CS Mint & Gum,FOOD,3,15,0,0.00%,15,0.03%,0.02%
POCARI SWEAT PET 500ML,CS Sports & Energy Drinks,BEVERAGE,3,15,0,0.00%,15,0.03%,0.02%
Salted Pistachios30g,Peannuts,FOOD,5,15,0,0.00%,15,0.05%,0.02%
SCHOGETTEN STRAWBERRY YOGURT100G,CS Chocolate ,FOOD,3,15,0,0.00%,15,0.03%,0.02%
TOBLETOBLERONE MILK 35GM,CS Chocolate ,FOOD,5,15,0,0.00%,15,0.05%,0.02%
DOVE ROLLON MEN CARE INVISIBLE D,CS Deodrants,NON FOOD,1,14.75,0,0.00%,14.75,0.01%,0.02%
CLOROX SUPER WIPES 5PCS,CS Tissue & Toilet Rolls,NON FOOD,2,14.5,0,0.00%,14.5,0.02%,0.02%
GLADE AIR INFUSIONS LILY & JASMI,CS Air Freshner,NON FOOD,1,14.5,0,0.00%,14.5,0.01%,0.02%
JIF EASY CLEAN FLOWER BREEZE 1LI,CS Cleaning Supplies,NON FOOD,1,14.5,0,0.00%,14.5,0.01%,0.02%
LIP ENG BREKFAST 15 PYRAMID TB,CS Tea,FOOD,1,14.5,0,0.00%,14.5,0.01%,0.02%
NIVEA STICK WOMEN POWDER TOUCH 4,CS Deodrants,NON FOOD,1,14.5,0,0.00%,14.5,0.01%,0.02%
REXONA DEO INVISIBLE 150ML,CS Deodrants,NON FOOD,1,14.25,0,0.00%,14.25,0.01%,0.02%
AL AIN FRESH MILK 1L SKIMMED,CS Dairy ,FOOD,2,14,0,0.00%,14,0.02%,0.02%
AL AIN KIWI APPLE YOGHURT 125GM,CS Dairy ,FOOD,7,14,0,0.00%,14,0.07%,0.02%
ALO ALLURE MANGO JUICE,Fresh Juices,FOOD,1,14,0,0.00%,14,0.01%,0.02%
ALO ENRICH POMEGRANATE JUICE,Fresh Juices,FOOD,1,14,0,0.00%,14,0.01%,0.02%
FIREFLY RECHARGE POMEGRANATE,Tea,BEVERAGE,1,14,0,0.00%,14,0.01%,0.02%
FIREFLY WAKE UP PEACH,Tea,BEVERAGE,1,14,0,0.00%,14,0.01%,0.02%
FOUNTAIN SODA SMALL,Softdrinks,BEVERAGE,7,14,0,0.00%,14,0.07%,0.02%
HANSPLAST ABC HEAT PLASTER 1 PCS,CS Others,NON FOOD,1,14,0,0.00%,14,0.01%,0.02%
LADY CHOICE CHUNKY PEANUT BUTTER,CS Can & Jar Food,FOOD,1,14,0,0.00%,14,0.01%,0.02%
NECTAFLOR PREMIUM FIGS 200GM,CS Dry Fruits,FOOD,1,14,0,0.00%,14,0.01%,0.02%
SCHWEPPES GINGER ALE 300M,CS Soft Drinks,BEVERAGE,7,14,0,0.00%,14,0.07%,0.02%
LIND CHERRY INTENSE100G,CS Chocolate ,FOOD,1,13.75,0,0.00%,13.75,0.01%,0.02%
LINDT EXCELLENCE 85% CACOA 100GM,CS Chocolate ,FOOD,1,13.75,0,0.00%,13.75,0.01%,0.02%
LINDT EXCELLENCE BLACK CURRANT 1,CS Chocolate ,FOOD,1,13.75,0,0.00%,13.75,0.01%,0.02%
OREO DOUBLE STUFF 8 PACK 56GM,Biscuit & Cookies,FOOD,1,13.75,0,0.00%,13.75,0.01%,0.02%
SELPAK KITCHEN ROLL 3PCS 20% OFF,CS Tissue & Toilet Rolls,NON FOOD,1,13.75,0,0.00%,13.75,0.01%,0.02%
ALMARAI SANDWICH SLICE CHEESE 20,CS Dairy ,FOOD,2,13.5,0,0.00%,13.5,0.02%,0.02%
CLEAR SH WOMEN ICE COOL 200ML,CS Deodrants,NON FOOD,1,13.5,0,0.00%,13.5,0.01%,0.02%
DgstiveBiscuits400g,Biscuit & Cookies,FOOD,1,13.5,0,0.00%,13.5,0.01%,0.02%
EMMENTHAL CHEESE PORTION 150G,CS Dairy ,FOOD,1,13.5,0,0.00%,13.5,0.01%,0.02%
BEST CAN PISTACHIOS SALTED 110GM,CS Nuts & Seeds,FOOD,1,13.25,0,0.00%,13.25,0.01%,0.02%
DOVE SH MEN CARE ANTI DANDRUF 20,CS Shampoo & Conditioner,NON FOOD,1,13.25,0,0.00%,13.25,0.01%,0.02%
CLOROX SPONGE SCOURER 4PCS,CS Cleaning Supplies,NON FOOD,2,13,0,0.00%,13,0.02%,0.02%
CORNETTO I/C LOVE TOFFEE,CS Ice Cream,FOOD,2,13,0,0.00%,13,0.02%,0.02%
CORNETTO I/C LOVE VANILLA RASPBE,CS Ice Cream,FOOD,2,13,0,0.00%,13,0.02%,0.02%
H&S SH NATURAL FRESH 200ML,CS Shampoo & Conditioner,NON FOOD,1,13,0,0.00%,13,0.01%,0.02%
H&S SH REFRESHING MENTHOL 200ML,CS Shampoo & Conditioner,NON FOOD,1,13,0,0.00%,13,0.01%,0.02%
LAYS CHILI 185GM,CS Chips & Snacks,FOOD,2,13,0,0.00%,13,0.02%,0.02%
LAYS SALT 185GM,CS Chips & Snacks,FOOD,2,13,0,0.00%,13,0.02%,0.02%
LAYS SALT VINEGAR 185GM,CS Chips & Snacks,FOOD,2,13,0,0.00%,13,0.02%,0.02%
A/G TRADITIONAL PASTA SAUCE 24OZ,CS Sauce,FOOD,1,12.75,0,0.00%,12.75,0.01%,0.02%
BAHLSEN CH BTRSWT12g,Biscuit & Cookies,FOOD,1,12.5,0,0.00%,12.5,0.01%,0.02%
EXTRA BIG BOTTLE PEPPERMINT,CS Mint & Gum,FOOD,1,12.5,0,0.00%,12.5,0.01%,0.02%
EXTRA BIG BOTTLE WATERMELON,CS Mint & Gum,FOOD,1,12.5,0,0.00%,12.5,0.01%,0.02%
JOHNSONS BABY SHAMPOO 200ML,CS Baby Care,NON FOOD,1,12.5,0,0.00%,12.5,0.01%,0.02%
PHILADELPHIA LIGHT CHEESE SPREAD,CS Dairy ,FOOD,1,12.5,0,0.00%,12.5,0.01%,0.02%
SAFETY MATCH STICK BOX,CS Non Food,NON FOOD,7,12.25,0,0.00%,12.25,0.07%,0.02%
7 UP DIET CAN,Softdrinks,BEVERAGE,3,12,0,0.00%,12,0.03%,0.02%
ADD CARAMEL DRIZZLE,Starbucks,FOOD,3,12,0,0.00%,12,0.03%,0.02%
ADD ESPRESSO SHOT,Starbucks,FOOD,3,12,0,0.00%,12,0.03%,0.02%
ADD FLAVOURED SYRUP,Starbucks,FOOD,3,12,0,0.00%,12,0.03%,0.02%
BAYARA SALTED PISTACHIOS 150G,CS Nuts & Seeds,FOOD,1,12,0,0.00%,12,0.01%,0.02%
CROISSANT HI BUTTER ALMOND,CS Bakery,FOOD,3,12,0,0.00%,12,0.03%,0.02%
CROISSANT HI BUTTER CHOCOLATE,CS Bakery,FOOD,3,12,0,0.00%,12,0.03%,0.02%
JOHNSONS SHOWER GEL ENERGISE 250,CS Bath & Shower,NON FOOD,1,12,0,0.00%,12,0.01%,0.02%
LAYS 40GM SALT VINEGAR,CS Chips & Snacks,FOOD,6,12,0,0.00%,12,0.06%,0.02%
LAYS FRENCH CHEESE 185GM,CS Chips & Snacks,FOOD,2,12,0,0.00%,12,0.02%,0.02%
LIPTON PYRAMID TROPICAL FRUIT TE,CS Tea,FOOD,1,12,0,0.00%,12,0.01%,0.02%
LUX BW MAGICAL BEAUTY 250ML,CS Bath & Shower,NON FOOD,1,12,0,0.00%,12,0.01%,0.02%
PERRIER WATER 330ML,CS Water,BEVERAGE,3,12,0,0.00%,12,0.03%,0.02%
PERRIER WATER 330ML,Water,BEVERAGE,2,12,0,0.00%,12,0.02%,0.02%
PERRIER WATER 750ML,Water,BEVERAGE,1,12,0,0.00%,12,0.01%,0.02%
PRINGLES 40GM HOT & SPICY,CS Chips & Snacks,FOOD,3,12,0,0.00%,12,0.03%,0.02%
SMINT POCKET PEPPERMINT,CS Mint & Gum,FOOD,2,12,0,0.00%,12,0.02%,0.02%
SNAPPLES KIWI & STRAWBERRY,Fresh Juices,BEVERAGE,1,12,0,0.00%,12,0.01%,0.02%
ALMARAI TIN CHEESE 200G,CS Dairy ,FOOD,1,11.75,0,0.00%,11.75,0.01%,0.02%
Dol Ex Onion&Garlic Sauce 500g,CS Sauce,FOOD,1,11.5,0,0.00%,11.5,0.01%,0.02%
DOMESTOS BLEACH LEMON FRESH 750M,CS Cleaning Supplies,NON FOOD,1,11.5,0,0.00%,11.5,0.01%,0.02%
SMINT POCKET WILDBERRY,CS Mint & Gum,FOOD,2,11.5,0,0.00%,11.5,0.02%,0.02%
BEST CAN ALMONDS SALTED 110GM,CS Nuts & Seeds,FOOD,1,11.25,0,0.00%,11.25,0.01%,0.02%
LINDT CHOCOLETTI KOKOS NUSS 100G,CS Organic Food,FOOD,1,11.25,0,0.00%,11.25,0.01%,0.02%
AL AIN WATER 500ML,Water,BEVERAGE,11,11,0,0.00%,11,0.12%,0.02%
H&S SH LIVELY SILKY 2 IN 1 200ML,CS Shampoo & Conditioner,NON FOOD,1,11,0,0.00%,11,0.01%,0.02%
LUX HW SECRET BLISS 250ML,CS Soap & Handwash,NON FOOD,1,11,0,0.00%,11,0.01%,0.02%
LUX HW VELVET TOUCH 250ML,CS Soap & Handwash,NON FOOD,1,11,0,0.00%,11,0.01%,0.02%
MANI BERRY NUT PUMPKIN SEED 45G,CS Dry Fruits,FOOD,2,11,0,0.00%,11,0.02%,0.02%
MODERN BAKE MANGO PISTA ENERGY B,CS Cereal,FOOD,2,11,0,0.00%,11,0.02%,0.02%
ORAL B FLOSS WAXED,CS Oral Care,NON FOOD,1,11,0,0.00%,11,0.01%,0.02%
PANTENE SH COLORED HAIR REPAIR 2,CS Shampoo & Conditioner,NON FOOD,1,11,0,0.00%,11,0.01%,0.02%
SIS SugarCubeWhite 454g,CS Coocking & Baking,FOOD,1,11,0,0.00%,11,0.01%,0.02%
CLOROX SUPER WIPES 3PCS,CS Tissue & Toilet Rolls,NON FOOD,2,10.5,0,0.00%,10.5,0.02%,0.02%
CROISSANT HI BUTTER PLAIN,CS Bakery,FOOD,3,10.5,0,0.00%,10.5,0.03%,0.02%
LACNOR MILK BANANA 180ML,CS Packet Juice,BEVERAGE,7,10.5,0,0.00%,10.5,0.07%,0.02%
MUFFIN BLUEBERRY,CS Bakery,FOOD,3,10.5,0,0.00%,10.5,0.03%,0.02%
MUFFIN CHOCOLATE,CS Bakery,FOOD,3,10.5,0,0.00%,10.5,0.03%,0.02%
SCHOGETTEN PRALINE NOISETTES 100,CS Chocolate ,FOOD,2,10.5,0,0.00%,10.5,0.02%,0.02%
WALKERS SB HIGHLANDERS 40G,Biscuit & Cookies,FOOD,3,10.5,0,0.00%,10.5,0.03%,0.02%
LABELLO MEN ACTIVE CARE 4.8G,CS Facial Care,NON FOOD,1,10.25,0,0.00%,10.25,0.01%,0.02%
Cookie,Dessert,FOOD,2,10,0,0.00%,10,0.02%,0.02%
CROISSANT CHEESE,CS Bakery,FOOD,5,10,0,0.00%,10,0.05%,0.02%
DARJEELING LOOSE TEA,Tea,FOOD,1,10,0,0.00%,10,0.01%,0.02%
GREEN TEA LOOSE ,Tea,FOOD,1,10,0,0.00%,10,0.01%,0.02%
JASMINE GREEN LOOSE TEA,Tea,FOOD,1,10,0,0.00%,10,0.01%,0.02%
LAYS FORNO CHEESE 43G,CHIPS,FOOD,2,10,0,0.00%,10,0.02%,0.02%
MentoGmSwtMint,CS Mint & Gum,FOOD,2,10,0,0.00%,10,0.02%,0.02%
MOROCCAN LOOSE TEA,Tea,FOOD,1,10,0,0.00%,10,0.01%,0.02%
SENCHA GREEN LOOSE TEA,Tea,FOOD,1,10,0,0.00%,10,0.01%,0.02%
SILVER SWAN JASMINE RICE 1KG,CS Coocking & Baking,FOOD,1,10,0,0.00%,10,0.01%,0.02%
SINGLE ASSAM LOOSE TEA,Tea,FOOD,1,10,0,0.00%,10,0.01%,0.02%
SPRIGHT LIGHT CAN 355M,CS Soft Drinks,BEVERAGE,5,10,0,0.00%,10,0.05%,0.02%
TWIX TWIN BAR 50GM,CS Chocolate ,FOOD,4,10,0,0.00%,10,0.04%,0.02%
ALMARAI JAR CREAM SPREAD CHEESE ,CS Dairy ,FOOD,1,9.75,0,0.00%,9.75,0.01%,0.01%
COCO TREE JUICE 330ML,CS Packet Juice,BEVERAGE,3,9.75,0,0.00%,9.75,0.03%,0.01%
JIF WINDOW CLEANER SPRAY 500ML,CS Cleaning Supplies,NON FOOD,1,9.5,0,0.00%,9.5,0.01%,0.01%
LIPTON EARL GREY 25 TB,CS Tea,FOOD,1,9.5,0,0.00%,9.5,0.01%,0.01%
BEST CAN MIXED NUTS 110GM,CS Nuts & Seeds,FOOD,1,9,0,0.00%,9,0.01%,0.01%
CERES PEAR JUICE 1L,CS Packet Juice,BEVERAGE,1,9,0,0.00%,9,0.01%,0.01%
COKE PET 500ML,CS Soft Drinks,BEVERAGE,3,9,0,0.00%,9,0.03%,0.01%
CROISSANT HI BUTTER CHEESE,CS Bakery,FOOD,3,9,0,0.00%,9,0.03%,0.01%
GLADZprSandwichBg,CS Bags/Foil/Wraps,NON FOOD,1,9,0,0.00%,9,0.01%,0.01%
HeinzBaked Beans415g ,CS Can & Jar Food,FOOD,2,9,0,0.00%,9,0.02%,0.01%
LacnorOrange180ML ,CS Packet Juice,BEVERAGE,6,9,0,0.00%,9,0.06%,0.01%
NATURE VALLEY OATS & HONEY,CS Cereal,FOOD,3,9,0,0.00%,9,0.03%,0.01%
POKKA ICED TEA PEACH 500ML,CS Packet Juice,BEVERAGE,3,9,0,0.00%,9,0.03%,0.01%
PRINGLES HOT & SPICY 165GM,CS Chips & Snacks,FOOD,1,9,0,0.00%,9,0.01%,0.01%
PRINGLES KETCHUP 165GM,CS Chips & Snacks,FOOD,1,9,0,0.00%,9,0.01%,0.01%
PRINGLES SALT VINEGAR 165GM,CS Chips & Snacks,FOOD,1,9,0,0.00%,9,0.01%,0.01%
SAN PELLEGRINO WATER 1000ML,CS Water,BEVERAGE,1,9,0,0.00%,9,0.01%,0.01%
THAI CHOICE VEGTBLE,CS Pasta & Noodles,FOOD,2,9,0,0.00%,9,0.02%,0.01%
A/G POP CORN MICROWAVE BUTTER 29,CS Can & Jar Food,FOOD,1,8.75,0,0.00%,8.75,0.01%,0.01%
LifebuoyAbWetWipes,CS Tissue & Toilet Rolls,NON FOOD,1,8.5,0,0.00%,8.5,0.01%,0.01%
AL RABIE LIME & KIWI 330ML,Fresh Juices,BEVERAGE,2,8,0,0.00%,8,0.02%,0.01%
AL RABIE MANGO 330ML,Fresh Juices,BEVERAGE,2,8,0,0.00%,8,0.02%,0.01%
BOGUTTI CHOCOFIT GOJI CRAN WHITE,Biscuit & Cookies,FOOD,1,8,0,0.00%,8,0.01%,0.01%
BREAKFAST TEA BAG,Tea,FOOD,1,8,0,0.00%,8,0.01%,0.01%
DOUGHNUT PLAIN,CS Bakery,FOOD,4,8,0,0.00%,8,0.04%,0.01%
EXTRA PELLET LIME,Biscuit & Cookies,FOOD,4,8,0,0.00%,8,0.04%,0.01%
EXTRA PROFESSIONAL FRESH MINT GU,CS Mint & Gum,FOOD,2,8,0,0.00%,8,0.02%,0.01%
EXTRA PROFESSIONAL STRONG MINT G,CS Mint & Gum,FOOD,2,8,0,0.00%,8,0.02%,0.01%
KNORR CREAM OF CORN80G,CS Packet Food,FOOD,1,8,0,0.00%,8,0.01%,0.01%
KNORR CUP SOUP TOMATO 4 SACHET,CS Packet Food,FOOD,1,8,0,0.00%,8,0.01%,0.01%
LAYS 40GM FRENCH CHEESE,CS Chips & Snacks,FOOD,4,8,0,0.00%,8,0.04%,0.01%
LAYS 40GM TOMATO KETCHUP,CS Chips & Snacks,FOOD,4,8,0,0.00%,8,0.04%,0.01%
Mixed Salad&Pitta,Extras,FOOD,1,8,0,0.00%,8,0.01%,0.01%
REDBULL REGULAR,Energy Drinks,BEVERAGE,1,8,0,0.00%,8,0.01%,0.01%
SMINT CANDY GUM PEPPERMINT 14.2G,CS Mint & Gum,FOOD,2,8,0,0.00%,8,0.02%,0.01%
SUNSILK SHINE & STRENGTH 200ML,CS Shampoo & Conditioner,NON FOOD,1,8,0,0.00%,8,0.01%,0.01%
SUNSILK SH NOURISHING SOFT & SMO,CS Shampoo & Conditioner,NON FOOD,1,8,0,0.00%,8,0.01%,0.01%
SUPREME CEYLON TEA BAG,Tea,FOOD,1,8,0,0.00%,8,0.01%,0.01%
TEA BAG MOROCCAN,Tea,FOOD,1,8,0,0.00%,8,0.01%,0.01%
THE BERRY CO ACAI BERRY JUICE,Packet Juice,BEVERAGE,1,8,0,0.00%,8,0.01%,0.01%
MENTOS BOTTLE WHITE SWEET MINT,CS Mint & Gum,FOOD,1,7.75,0,0.00%,7.75,0.01%,0.01%
AL MARAI YOGHURT FULL CREAM 170G,CS Dairy ,FOOD,5,7.5,0,0.00%,7.5,0.05%,0.01%
BAYARA SALTED PISTACHIOS 50GM,CS Dry Fruits,FOOD,2,7.5,0,0.00%,7.5,0.02%,0.01%
LACNOR MILK STRAWBERRY 180ML,CS Packet Juice,BEVERAGE,5,7.5,0,0.00%,7.5,0.05%,0.01%
A/G BAKED BEANS TOMATO SAUCE 420,CS Can & Jar Food,FOOD,2,7,0,0.00%,7,0.02%,0.01%
ALMARAI MILK FAT FREE1L,CS Dairy ,FOOD,1,7,0,0.00%,7,0.01%,0.01%
BAYARA GREEN LENTILS BOTTLE 400M,CS Coocking & Baking,FOOD,2,7,0,0.00%,7,0.02%,0.01%
FUNPLSTCFORK6.5,CS Disposable,NON FOOD,2,7,0,0.00%,7,0.02%,0.01%
JIF CREAM LEMON 250ML,CS Dishwashing,NON FOOD,1,7,0,0.00%,7,0.01%,0.01%
JIF CREAM ORIGINAL REGULAR 250ML,CS Dishwashing,NON FOOD,1,7,0,0.00%,7,0.01%,0.01%
KOKA CUP CURRY,CS Pasta & Noodles,FOOD,2,7,0,0.00%,7,0.02%,0.01%
KOKA CUP NODLE VEG,CS Pasta & Noodles,FOOD,2,7,0,0.00%,7,0.02%,0.01%
LUX BAR WAKE ME UP 120GM,CS Soap & Handwash,NON FOOD,2,7,0,0.00%,7,0.02%,0.01%
MUFFIN APPLE,CS Bakery,FOOD,2,7,0,0.00%,7,0.02%,0.01%
Tide HS MB260g ,CS Laundry Care,NON FOOD,2,7,0,0.00%,7,0.02%,0.01%
SIGNAL TOOTHPASTE FRESH GREEN 12,CS Oral Care,NON FOOD,1,6.75,0,0.00%,6.75,0.01%,0.01%
BOGUTTI AMERICAN COOKIES CHOCO C,Biscuit & Cookies,FOOD,1,6.5,0,0.00%,6.5,0.01%,0.01%
COKE LIGHT LARGE 2.25L,CS Soft Drinks,BEVERAGE,1,6.5,0,0.00%,6.5,0.01%,0.01%
FANTA LARGE 2.25L,CS Soft Drinks,BEVERAGE,1,6.5,0,0.00%,6.5,0.01%,0.01%
INDOMIE CUP BEEF,CS Pasta & Noodles,FOOD,2,6.5,0,0.00%,6.5,0.02%,0.01%
MENTOS CHEWY MINT 30GM,CS Mint & Gum,FOOD,5,6.25,0,0.00%,6.25,0.05%,0.01%
Add Mini PastryCombo,Dessert,FOOD,6,6,0,0.00%,6,0.06%,0.01%
AL AIN MORNING MANGO MUSELI 250G,CS Dairy ,FOOD,2,6,0,0.00%,6,0.02%,0.01%
BOUNTY BAR 57GM,CS Chocolate ,FOOD,2,6,0,0.00%,6,0.02%,0.01%
Chicken Tikka,Pizza,FOOD,1,6,0,0.00%,6,0.01%,0.01%
COCA COLA PET 500ML,Softdrinks,BEVERAGE,1,6,0,0.00%,6,0.01%,0.01%
COKE LIGHT PET 500ML,CS Soft Drinks,BEVERAGE,2,6,0,0.00%,6,0.02%,0.01%
COLGATEToothPaste125M,CS Oral Care,NON FOOD,1,6,0,0.00%,6,0.01%,0.01%
EXTRA PELLET SPEARMINT GUM,CS Mint & Gum,FOOD,3,6,0,0.00%,6,0.03%,0.01%
FANTA ORANGE CAN,Softdrinks,BEVERAGE,2,6,0,0.00%,6,0.02%,0.01%
Fruit&NCadbry40g,CS Chocolate ,FOOD,2,6,0,0.00%,6,0.02%,0.01%
GLASS OF SOYA MILK,Soya Milk,FOOD,1,6,0,0.00%,6,0.01%,0.01%
Grilled Veg Olives,Pizza,FOOD,1,6,0,0.00%,6,0.01%,0.01%
LIPTON YELLOW LABEL TEA BAG 25PC,CS Tea,FOOD,1,6,0,0.00%,6,0.01%,0.01%
NATURE VALLEY CANADIAN MAPLE SYR,CS Cereal,FOOD,2,6,0,0.00%,6,0.02%,0.01%
Peppers,Pizza,FOOD,1,6,0,0.00%,6,0.01%,0.01%
PEPSI DIET CAN 335ML ,CS Soft Drinks,BEVERAGE,3,6,0,0.00%,6,0.03%,0.01%
Pineapple,Pizza,FOOD,1,6,0,0.00%,6,0.01%,0.01%
SPRITE PET 500ML,CS Soft Drinks,BEVERAGE,2,6,0,0.00%,6,0.02%,0.01%
Teriyaki Chicken,Pizza,FOOD,1,6,0,0.00%,6,0.01%,0.01%
VIVANI BAR CREAMY CARAMEL 40G,CS Organic Food,FOOD,1,6,0,0.00%,6,0.01%,0.01%
BAHLSEN LEIBNIZ ZOO 100GM,Biscuit & Cookies,FOOD,1,5.5,0,0.00%,5.5,0.01%,0.01%
COLGATE TP 125ML,CS Oral Care,NON FOOD,1,5.5,0,0.00%,5.5,0.01%,0.01%
GROWERS PACKET GARLIC PEANUTS,CS Nuts & Seeds,FOOD,1,5.5,0,0.00%,5.5,0.01%,0.01%
PARADISE CORN FLOUR 400G,CS Coocking & Baking,FOOD,2,5.5,0,0.00%,5.5,0.02%,0.01%
VOCHELLE DARK CHOC FRUIT & NUTS ,CS Chocolate ,FOOD,1,5.5,0,0.00%,5.5,0.01%,0.01%
A/G Red Grape Vinegar 16oz,CS Can & Jar Food,FOOD,1,5.25,0,0.00%,5.25,0.01%,0.01%
ARIEL 260GM GREEN,CS Laundry Care,NON FOOD,1,5,0,0.00%,5,0.01%,0.01%
CADBURY DM CHOCOLATE 37GM,CS Chocolate ,FOOD,1,5,0,0.00%,5,0.01%,0.01%
CORNETTO I/C CLASSICO BERRY,CS Ice Cream,FOOD,1,5,0,0.00%,5,0.01%,0.01%
CORNETTO I/C CLASSICO CREAM,CS Ice Cream,FOOD,1,5,0,0.00%,5,0.01%,0.01%
MARS BAR 51GM,CS Chocolate ,FOOD,1,5,0,0.00%,5,0.01%,0.01%
MentoGmWatrMelon,CS Mint & Gum,FOOD,1,5,0,0.00%,5,0.01%,0.01%
ORAL B BRUSH KIDS,CS Oral Care,NON FOOD,1,5,0,0.00%,5,0.01%,0.01%
SCHOGETTEN STARCIA 100GM,CS Chocolate ,FOOD,1,5,0,0.00%,5,0.01%,0.01%
SNICKERS BAR,Chocolate,FOOD,1,5,0,0.00%,5,0.01%,0.01%
ARIEL 260GM BLUE,CS Laundry Care,NON FOOD,1,4.5,0,0.00%,4.5,0.01%,0.01%
DOUGHNUT ICING WHITE,CS Bakery,FOOD,3,4.5,0,0.00%,4.5,0.03%,0.01%
FUNWDTOOTHPICK,CS Disposable,NON FOOD,1,4.5,0,0.00%,4.5,0.01%,0.01%
LACNOR APPLE 180ML,CS Packet Juice,BEVERAGE,3,4.5,0,0.00%,4.5,0.03%,0.01%
THAI CHOICE SHRIMP,CS Pasta & Noodles,FOOD,1,4.5,0,0.00%,4.5,0.01%,0.01%
THAI CHOICE TOMYUM,CS Pasta & Noodles,FOOD,1,4.5,0,0.00%,4.5,0.01%,0.01%
BAYARA PAPRIKA BOTTLE 100ML,CS Spices & Herbs,FOOD,1,4.25,0,0.00%,4.25,0.01%,0.01%
7 UP CAN 355 ML,CS Soft Drinks,BEVERAGE,2,4,0,0.00%,4,0.02%,0.01%
AL RABIE APPLE 330ML,Fresh Juices,BEVERAGE,1,4,0,0.00%,4,0.01%,0.01%
AL RABIE FRUIT COCKTAIL 330ML,Fresh Juices,BEVERAGE,1,4,0,0.00%,4,0.01%,0.01%
AL RABIE P/A & COCONUT 330ML,Fresh Juices,BEVERAGE,1,4,0,0.00%,4,0.01%,0.01%
BEACON MARSHMALLOWS TWISTERS 150,CS Coffee,FOOD,1,4,0,0.00%,4,0.01%,0.01%
EXTRA PELLET STRAWBERRY GUM,Biscuit & Cookies,FOOD,2,4,0,0.00%,4,0.02%,0.01%
EXTRA TABS SPEARMINT GUM,CS Mint & Gum,FOOD,1,4,0,0.00%,4,0.01%,0.01%
FAMILIA 50GM MUESLI ORIGINAL,CS Cereal,FOOD,1,4,0,0.00%,4,0.01%,0.01%
Lacnor Skim Milk 1 L,CS Dairy ,BEVERAGE,1,4,0,0.00%,4,0.01%,0.01%
LAYS CHEESE & ONION 40G,CHIPS,FOOD,1,4,0,0.00%,4,0.01%,0.01%
LAYS KETCHUP 40G,CHIPS,FOOD,1,4,0,0.00%,4,0.01%,0.01%
LAYS SALT & VINEGAR 40G,CHIPS,FOOD,1,4,0,0.00%,4,0.01%,0.01%
LAYS SALT 40G,CHIPS,FOOD,1,4,0,0.00%,4,0.01%,0.01%
Mirinda Orange355M,Softdrinks,FOOD,2,4,0,0.00%,4,0.02%,0.01%
MOUNTAIN DEW CAN 335ML ,CS Soft Drinks,BEVERAGE,2,4,0,0.00%,4,0.02%,0.01%
SCHWEPPES BITTER LEMON 300M,CS Soft Drinks,BEVERAGE,2,4,0,0.00%,4,0.02%,0.01%
SMINT CANDY GUM MINT 14.2G,CS Mint & Gum,FOOD,1,4,0,0.00%,4,0.01%,0.01%
SMINT CANDY GUM STRAWBERRY 14.2G,CS Mint & Gum,FOOD,1,4,0,0.00%,4,0.01%,0.01%
SPRITE LIGHT CAN 330M,CS Soft Drinks,BEVERAGE,2,4,0,0.00%,4,0.02%,0.01%
FAMILIA 50GM MUESLI CHOCO,CS Cereal,FOOD,1,3.5,0,0.00%,3.5,0.01%,0.01%
LUX BAR CREAMY PERFECTION 120GM,CS Soap & Handwash,NON FOOD,1,3.5,0,0.00%,3.5,0.01%,0.01%
LUX BAR DREAM DELIGHT 120GM,CS Soap & Handwash,NON FOOD,1,3.5,0,0.00%,3.5,0.01%,0.01%
LUX BAR MAGICAL BEAUTY 120GM,CS Oral Care,NON FOOD,1,3.5,0,0.00%,3.5,0.01%,0.01%
LUX BAR SECRET BLISS 120GM,CS Soap & Handwash,NON FOOD,1,3.5,0,0.00%,3.5,0.01%,0.01%
MUFFIN DOUBLE CHOCOLATE,CS Bakery,FOOD,1,3.5,0,0.00%,3.5,0.01%,0.01%
ORAL B BRUSH CLASSIC,CS Oral Care,NON FOOD,1,3.5,0,0.00%,3.5,0.01%,0.01%
VOLVIC WATER 330ML,CS Water,BEVERAGE,1,3.5,0,0.00%,3.5,0.01%,0.01%
WALKERS SB FINGERS 40G,Biscuit & Cookies,FOOD,1,3.5,0,0.00%,3.5,0.01%,0.01%
BAYARA CHANA DAL 400GM,CS Coocking & Baking,FOOD,1,3,0,0.00%,3,0.01%,0.00%
CADBURY DM HAZELNUT 37GM,CS Chocolate ,FOOD,1,3,0,0.00%,3,0.01%,0.00%
DOUGHNUT JAM,CS Bakery,FOOD,2,3,0,0.00%,3,0.02%,0.00%
Extra Cheese,Cheese,FOOD,1,3,0,0.00%,3,0.01%,0.00%
KAGI SWISS WAFERS SINGLE MINI 25,CS Mint & Gum,FOOD,1,3,0,0.00%,3,0.01%,0.00%
NATURE VALLEY ROASTED ALMOND,CS Cereal,FOOD,1,3,0,0.00%,3,0.01%,0.00%
POKKA PEACH ICED TEA 330ML,CS Soft Drinks,BEVERAGE,1,3,0,0.00%,3,0.01%,0.00%
BAYARA GRAM FLOUR 400GM,CS Coocking & Baking,FOOD,1,2.75,0,0.00%,2.75,0.01%,0.00%
PERRIER WATER SLIM CAN 250ML,Convenience Beverages,BEVERAGE,1,2.75,0,0.00%,2.75,0.01%,0.00%
AL MARAI MIXED FRUIT 300ML,CS Packet Juice,BEVERAGE,1,2.5,0,0.00%,2.5,0.01%,0.00%
ALRABI PINEAPPLE & GUAVA330m,CS Packet Juice,BEVERAGE,1,2.5,0,0.00%,2.5,0.01%,0.00%
CLOROX HEAVY DUTY SCOURER 1PCS,CS Cleaning Supplies,NON FOOD,1,2.5,0,0.00%,2.5,0.01%,0.00%
CROISSANT ZATAR,CS Bakery,FOOD,1,2.5,0,0.00%,2.5,0.01%,0.00%
MENTOS CHEWY RAINBOW 30GM,CS Mint & Gum,FOOD,2,2.5,0,0.00%,2.5,0.02%,0.00%
ADD SOYA MILK,Starbucks,FOOD,1,2,0,0.00%,2,0.01%,0.00%
EXTRA PELLET PEPPERMINT GUM,CS Mint & Gum,FOOD,1,2,0,0.00%,2,0.01%,0.00%
Khubus Bread,Breakfast,FOOD,1,2,0,0.00%,2,0.01%,0.00%
Nutro Straw90gm,Biscuit & Cookies,FOOD,1,2,0,0.00%,2,0.01%,0.00%
PEPSI CAN 355ML ,CS Soft Drinks,BEVERAGE,1,2,0,0.00%,2,0.01%,0.00%
SPRITE CAN 355ML,CS Soft Drinks,BEVERAGE,1,2,0,0.00%,2,0.01%,0.00%
LACNOR JUICE STRAWBERRY 180ML,CS Packet Juice,BEVERAGE,1,1.5,0,0.00%,1.5,0.01%,0.00%
LACNOR PEACH 180ML,CS Packet Juice,BEVERAGE,1,1.5,0,0.00%,1.5,0.01%,0.00%
Panadol96 ,CS Others,NON FOOD,1,1,0,0.00%,1,0.01%,0.00%
Alain Small Wtr500ml,Water,BEVERAGE,70,0,0,0.00%,0,0.74%,0.00%
Coffee Filter,Tea,BEVERAGE,2,0,0,0.00%,0,0.02%,0.00%
Earl Grey Tea,Tea,FOOD,40,0,0,0.00%,0,0.42%,0.00%
Fresh Orange Juice,Fresh Juices,BEVERAGE,45,0,0,0.00%,0,0.48%,0.00%
Fresh Water Melon,Fresh Juices,BEVERAGE,40,0,0,0.00%,0,0.42%,0.00%
FRUIT JUICE,Fresh Juices,BEVERAGE,10,0,0,0.00%,0,0.11%,0.00%
Lungo,Nespresso,FOOD,25,0,0,0.00%,0,0.26%,0.00%
Tea Regular,Tea,BEVERAGE,2,0,0,0.00%,0,0.02%,0.00%
TOTAL*,,,"8,018","65,748.00",0,0.00%,"65,748.00",84.95%,100.00%
,,,,,,,,,
