Menu Engineering Items Summary,,,,,,,,,
,,,,,,,,,
Business Dates,12/1/2015,,,,,,,,
Locations,"DEMO,UAE",,,,,,,,
Revenue Centers,All,,,,,,,,
Menu Items,All,,,,,,,,
,,,,,,,,,
Menu Item Name,Family Group,Major Group,Qty Sold,Net Sales,Prep Cost,Cost %,Margin Less Item Disc,% Qty,% Margin
Stud Meal Combo,Main course,FOOD,222,"6,540.00",0,0.00%,"6,540.00",2.17%,7.82%
GLOBAL STREET MAIN,Main course,FOOD,152,"3,952.00",0,0.00%,"3,952.00",1.49%,4.73%
Student Breakfast,Breakfast,FOOD,95,"2,850.00",0,0.00%,"2,850.00",0.93%,3.41%
Buffet Meal,Main course,FOOD,92,"2,002.00",0,0.00%,"2,002.00",0.90%,2.40%
MARINATED SALMON STEAK,Grill,FOOD,52,"1,560.00",0,0.00%,"1,560.00",0.51%,1.87%
SERCO LUNCH,SERCO LUNCH,FOOD,85,"1,275.00",0,0.00%,"1,275.00",0.83%,1.53%
Open Food,Open Food,FOOD,5,"1,263.00",0,0.00%,"1,263.00",0.05%,1.51%
Classic Angus Burger,Burgers,FOOD,42,"1,260.00",0,0.00%,"1,260.00",0.41%,1.51%
BEEF MEAL,Main course,FOOD,49,"1,200.00",0,0.00%,"1,200.00",0.48%,1.44%
BBQ Glazed Chicken,Sandwiches,FOOD,48,"1,008.00",0,0.00%,"1,008.00",0.47%,1.21%
Chicken Steak,Grill,FOOD,41,984,0,0.00%,984,0.40%,1.18%
CHICKEN MEAL ,Main course,FOOD,39,975,0,0.00%,975,0.38%,1.17%
Margherita(V),Pizza,FOOD,37,925,0,0.00%,925,0.36%,1.11%
MEAT PLATTER,Main course,FOOD,30,900,0,0.00%,900,0.29%,1.08%
Slice of the Day,Pizza,FOOD,154,770,0,0.00%,770,1.51%,0.92%
SERCO DINNER,SERCO DINNER,FOOD,51,765,0,0.00%,765,0.50%,0.92%
Chicken Caesar,Salads,FOOD,30,750,0,0.00%,750,0.29%,0.90%
12 OZ TOFFEE NUT LATTE,Coffee,FOOD,44,748,0,0.00%,748,0.43%,0.89%
Take Away Box,Take Away Boxes,NON FOOD,237,711,0,0.00%,711,2.32%,0.85%
FG MEDIUM BOWL,FEEL GOOD,FOOD,40,702,0,0.00%,702,0.39%,0.84%
Masafi Water500ml,Water,BEVERAGE,653,652,0,0.00%,652,6.39%,0.78%
FG LARGE BOWL,FEEL GOOD,FOOD,25,650,0,0.00%,650,0.24%,0.78%
BUTTER FLY CHICKEN BREAST ,Grill,FOOD,27,648,0,0.00%,648,0.26%,0.78%
Two Eggs ,Breakfast,FOOD,119,590,0,0.00%,590,1.16%,0.71%
Teriyaki Salmon,Main course,FOOD,13,585,0,0.00%,585,0.13%,0.70%
VEGGIE MEAL,Veggie,FOOD,26,572,0,0.00%,572,0.25%,0.68%
7 OZ DOUBLE SHOT ICED SHAKEN,Starbucks,FOOD,38,532,0,0.00%,532,0.37%,0.64%
16 OZ CAFFE LATTE,Starbucks,FOOD,37,518,0,0.00%,518,0.36%,0.62%
BLACK ANGUS CLUB 6 OZ,Burgers,FOOD,16,512,0,0.00%,512,0.16%,0.61%
Falafel Tomato & Hummus(V),Sandwiches,FOOD,26,468,0,0.00%,468,0.25%,0.56%
4 OZ BURGER COMBO,Burgers,FOOD,12,456,0,0.00%,456,0.12%,0.55%
Fresh Fruit Pcs,Extras,FOOD,153,453,0,0.00%,453,1.50%,0.54%
Bulgogi,Main course,FOOD,15,450,0,0.00%,450,0.15%,0.54%
FRESH JUICE SMALL,Breakfast,FOOD,113,448,0,0.00%,448,1.11%,0.54%
12 OZ CAFFE AMERICANO,Starbucks,FOOD,44,440,0,0.00%,440,0.43%,0.53%
Five a Day,Fresh Juices,BEVERAGE,18,432,0,0.00%,432,0.18%,0.52%
Smoked Salmon,Sandwiches,FOOD,17,425,0,0.00%,425,0.17%,0.51%
Buffet Fruit Salad,Salads,FOOD,85,420,0,0.00%,420,0.83%,0.50%
CHICKEN CEASAR SALAD,Salads,FOOD,13,416,0,0.00%,416,0.13%,0.50%
Chocolate Bar,Extras,FOOD,82,410,0,0.00%,410,0.80%,0.49%
WALK IN LUNCH,WALK IN LUNCH,FOOD,41,410,0,0.00%,410,0.40%,0.49%
Chicken Tikka,Sandwiches,FOOD,17,408,0,0.00%,408,0.17%,0.49%
12 OZ CAFFE LATTE,Starbucks,FOOD,33,396,0,0.00%,396,0.32%,0.47%
Tenderloin Steak,Burgers,FOOD,13,390,0,0.00%,390,0.13%,0.47%
16 OZ CAFFE AMERICANO,Starbucks,FOOD,32,384,0,0.00%,384,0.31%,0.46%
Go Large,Pizza,FOOD,47,376,0,0.00%,376,0.46%,0.45%
Side Salad,Salads,FOOD,87,344,0,0.00%,344,0.85%,0.41%
CEASAR CHICKEN WRAP,Wraps,FOOD,10,340,0,0.00%,340,0.10%,0.41%
12 OZ CAPPUCHINO,Starbucks,FOOD,28,336,0,0.00%,336,0.27%,0.40%
GRILLED CHICKEN & BACON S/W,Sandwiches,FOOD,9,315,0,0.00%,315,0.09%,0.38%
FRESH JUICE LARGE,Fresh Juices,FOOD,44,308,0,0.00%,308,0.43%,0.37%
SERCO BREAKFAST,SERCO BREAKFAST,FOOD,19,285,0,0.00%,285,0.19%,0.34%
16 OZ CAPPUCHINO,Starbucks,FOOD,20,280,0,0.00%,280,0.20%,0.33%
Guest Meal Combo,Main course,FOOD,14,280,0,0.00%,280,0.14%,0.33%
CROISSANT MEDIUM,PASTRIES,FOOD,39,273,0,0.00%,273,0.38%,0.33%
SMOKED TURKEY S/W,Sandwiches,FOOD,8,272,0,0.00%,272,0.08%,0.33%
CHICKEN ROCQUET CHEESE S/W,Sandwiches,FOOD,9,270,0,0.00%,270,0.09%,0.32%
Pad Vegetables,Main course,FOOD,9,270,0,0.00%,270,0.09%,0.32%
Banana Pcs,CS Fresh Fruit,FOOD,265,265,0,0.00%,265,2.59%,0.32%
Extra Portion Grill,Main course,FOOD,22,264,0,0.00%,264,0.22%,0.32%
Fruit Salad,Yoghurt Pots,FOOD,22,264,0,0.00%,264,0.22%,0.32%
Pesto Roasted Chicken,Sandwiches,FOOD,11,253,0,0.00%,253,0.11%,0.30%
Salmon Salad,Salads,FOOD,10,250,0,0.00%,250,0.10%,0.30%
Digest dark200,Biscuit & Cookies,FOOD,18,243,0,0.00%,243,0.18%,0.29%
FYO SHAWARMA,Main course,FOOD,16,240,0,0.00%,240,0.16%,0.29%
Grilled Chicken Burger,Burgers,FOOD,10,240,0,0.00%,240,0.10%,0.29%
SIMPLE SHAWARMA,Main course,FOOD,30,240,0,0.00%,240,0.29%,0.29%
16 OZ ICED WHITE CHOCOLATE MOCHA,Starbucks,FOOD,13,238,0,0.00%,238,0.13%,0.28%
Yoghurt,Yogurt,FOOD,59,236,0,0.00%,236,0.58%,0.28%
CHICKEN WRAP COMBO,Burgers,FOOD,6,228,0,0.00%,228,0.06%,0.27%
SWEET CHILLI SALMON SALAD,Sandwiches,FOOD,6,228,0,0.00%,228,0.06%,0.27%
Beef sausage,Breakfast,FOOD,46,225,0,0.00%,225,0.45%,0.27%
Buffalo Chicken,Grill,FOOD,14,224,0,0.00%,224,0.14%,0.27%
RED BULL 250ML,CS Sports & Energy Drinks,BEVERAGE,27,216,0,0.00%,216,0.26%,0.26%
GALLON WATER COUPON,CS Water,BEVERAGE,30,210,0,0.00%,210,0.29%,0.25%
Isabella(V),Pizza,FOOD,6,210,0,0.00%,210,0.06%,0.25%
Portion Protein,Main course,FOOD,21,210,0,0.00%,210,0.21%,0.25%
LACNOR COCKTAIL 180ML,Fresh Juices,BEVERAGE,52,208,0,0.00%,208,0.51%,0.25%
12 OZ ICED TOFFEE NUT LATTE,Coffee,FOOD,12,204,0,0.00%,204,0.12%,0.24%
16 OZ ICED CAFFE LATTE,Starbucks,FOOD,14,204,0,0.00%,204,0.14%,0.24%
Dessert,Dessert,FOOD,51,204,0,0.00%,204,0.50%,0.24%
Homemade Beef Burger,Burgers,FOOD,10,200,0,0.00%,200,0.10%,0.24%
CROISSANT MINI,Dessert,FOOD,67,198,0,0.00%,198,0.66%,0.24%
Super Food Salad (V),Salads,FOOD,8,192,0,0.00%,192,0.08%,0.23%
Yogurt Muesli Honey,Yoghurt Pots,FOOD,12,192,0,0.00%,192,0.12%,0.23%
Hash Browns,Breakfast,FOOD,47,188,0,0.00%,188,0.46%,0.22%
Soup,Extras,FOOD,32,186,0,0.00%,186,0.31%,0.22%
AL AIN FRESH MILK LOW FAT 2L,CS Dairy ,FOOD,18,180,0,0.00%,180,0.18%,0.22%
BUTTERNUT & GOAT CHEESE SALAD ,Sandwiches,FOOD,5,180,0,0.00%,180,0.05%,0.22%
DOUBLE ESSPRESSO,Starbucks,FOOD,15,180,0,0.00%,180,0.15%,0.22%
FG SMALL BOWL,FEEL GOOD,FOOD,15,180,0,0.00%,180,0.15%,0.22%
REUBENS S/W,Sandwiches,FOOD,6,180,0,0.00%,180,0.06%,0.22%
California Rolls(6Pcs),Sushi,FOOD,8,176,0,0.00%,176,0.08%,0.21%
Smoked Turkey Ham Pasta,Salads,FOOD,8,176,0,0.00%,176,0.08%,0.21%
BAYARA 1KG ALMOND,CS Nuts & Seeds,FOOD,3,173.25,0,0.00%,173.25,0.03%,0.21%
16 OZ VANILLA LATTE,Starbucks,FOOD,9,171,0,0.00%,171,0.09%,0.20%
12 OZ VANILLA LATTE,Starbucks,FOOD,10,170,0,0.00%,170,0.10%,0.20%
16 OZ CARAMEL MACCHIATO,Starbucks,FOOD,10,170,0,0.00%,170,0.10%,0.20%
Filter Coffee,Tea,FOOD,39,170,0,0.00%,170,0.38%,0.20%
AMERICAN 4 OZ,Burgers,FOOD,6,168,0,0.00%,168,0.06%,0.20%
JAYS POM PUNCH,Smoothies,BEVERAGE,6,168,0,0.00%,168,0.06%,0.20%
Yogurt Blueberry,Yoghurt Pots,FOOD,9,162,0,0.00%,162,0.09%,0.19%
Cereal Portion,Breakfast,FOOD,25,161,0,0.00%,161,0.24%,0.19%
Croissant,Breakfast,FOOD,22,154,0,0.00%,154,0.22%,0.18%
Roast Beef,Sandwiches,FOOD,7,154,0,0.00%,154,0.07%,0.18%
Tuna Cheese Melt,Sandwiches,FOOD,7,154,0,0.00%,154,0.07%,0.18%
Meat Feast,Pizza,FOOD,4,152,0,0.00%,152,0.04%,0.18%
12OZ WHITE CHOCOLATE MOCHA,Starbucks,FOOD,10,150,0,0.00%,150,0.10%,0.18%
CHICKEN STACK,Burgers,FOOD,5,150,0,0.00%,150,0.05%,0.18%
RACHELS GREEK YOGHURT NATURAL 45,CS Dairy ,FOOD,6,147,0,0.00%,147,0.06%,0.18%
16 OZ ICED CARAMEL MACCHIATO,Starbucks,FOOD,8,144,0,0.00%,144,0.08%,0.17%
Chicken Chirashi,Sushi,FOOD,8,144,0,0.00%,144,0.08%,0.17%
CHUNKY MONKEY,Milk Shake,BEVERAGE,6,144,0,0.00%,144,0.06%,0.17%
FRESH GREEN SALAD,Salads,FOOD,9,144,0,0.00%,144,0.09%,0.17%
TAMRAH CHOCO MILK ZIPPER BAG 100,CS Dry Fruits,FOOD,16,144,0,0.00%,144,0.16%,0.17%
Yakisoba,Main course,FOOD,8,144,0,0.00%,144,0.08%,0.17%
MAGNUM I/C WHITE,CS Ice Cream,FOOD,19,142.5,0,0.00%,142.5,0.19%,0.17%
COCA COLA CAN,Softdrinks,BEVERAGE,35,140,0,0.00%,140,0.34%,0.17%
FALAFEL COMBO,Burgers,FOOD,5,140,0,0.00%,140,0.05%,0.17%
Mixed Green Salad(V),Salads,FOOD,7,140,0,0.00%,140,0.07%,0.17%
BRIE & TOMATO S/W,Sandwiches,FOOD,4,136,0,0.00%,136,0.04%,0.16%
LACNOR ORANGE 180ML,Fresh Juices,BEVERAGE,34,136,0,0.00%,136,0.33%,0.16%
CLASSIC FRIES,Main course,FOOD,27,135,0,0.00%,135,0.26%,0.16%
Filter Tea,Tea,FOOD,27,135,0,0.00%,135,0.26%,0.16%
TAMRAH CHOCO CARAMEL ZIPPER BAG ,CS Dry Fruits,FOOD,15,135,0,0.00%,135,0.15%,0.16%
AL AIN FRESH MILK FULL FAT 2L,CS Dairy ,FOOD,13,130,0,0.00%,130,0.13%,0.16%
KIT KAT MINI BAG 250GM,CS Chocolate ,FOOD,8,130,0,0.00%,130,0.08%,0.16%
MAGNUM I/C ALMOND,CS Ice Cream,FOOD,17,127.5,0,0.00%,127.5,0.17%,0.15%
TAMRAH CHOCO DARK ZIPPER BAG 100,CS Dry Fruits,FOOD,14,126,0,0.00%,126,0.14%,0.15%
TAMRAH COCO DATES ZIPPER BAG 100,CS Dry Fruits,FOOD,14,126,0,0.00%,126,0.14%,0.15%
Bagel S. Salmon,Sandwiches,FOOD,5,125,0,0.00%,125,0.05%,0.15%
LINDT EXCELLENCE 70% CACOA 100GM,CS Chocolate ,FOOD,9,123.75,0,0.00%,123.75,0.09%,0.15%
16 OZ FRAPPUCINO CARAMEL,Starbucks,FOOD,6,120,0,0.00%,120,0.06%,0.14%
Chicken Sweetcorn,Pre Packed Sandwiches,FOOD,12,120,0,0.00%,120,0.12%,0.14%
VOCHELLE TIN SOUK AL BAHAR 205GM,CS Chocolate ,FOOD,4,120,0,0.00%,120,0.04%,0.14%
WASA CRISPBREAD ORIGINAL 275GM,Biscuit & Cookies,FOOD,7,117.25,0,0.00%,117.25,0.07%,0.14%
PEPSI CAN,Softdrinks,BEVERAGE,29,116,0,0.00%,116,0.28%,0.14%
Extra Topping,Pizza,FOOD,23,115,0,0.00%,115,0.22%,0.14%
16 OZ ICED CAFE AMERICANO,Starbucks,FOOD,9,114,0,0.00%,114,0.09%,0.14%
BRIE & BACON S/W,Sandwiches,FOOD,3,108,0,0.00%,108,0.03%,0.13%
Large Salad,Salads,FOOD,6,108,0,0.00%,108,0.06%,0.13%
MOROCCAN LAMB BURGER,Burgers,FOOD,3,108,0,0.00%,108,0.03%,0.13%
PERRIER WATER 330ML,CS Water,BEVERAGE,27,108,0,0.00%,108,0.26%,0.13%
Tandoori Chicken,Pizza,FOOD,3,108,0,0.00%,108,0.03%,0.13%
CARTE D'OR PINT STRAWBERRY,CS Ice Cream,FOOD,6,105,0,0.00%,105,0.06%,0.13%
Apple Red,CS Fresh Fruit,FOOD,52,104,0,0.00%,104,0.51%,0.12%
Salmon Temaki (3 Pcs),Sushi,FOOD,4,104,0,0.00%,104,0.04%,0.12%
French Fries,Extras,FOOD,17,102,0,0.00%,102,0.17%,0.12%
Grilled Halloumi(V),Sandwiches,FOOD,5,100,0,0.00%,100,0.05%,0.12%
LACNOR MILK STRAWBERRY,Flavoured Milk,BEVERAGE,25,100,0,0.00%,100,0.24%,0.12%
BJORG ORGANIC FOURRES FRAMBOISES,CS Organic Food,FOOD,3,99.75,0,0.00%,99.75,0.03%,0.12%
Pancakes,Breakfast,FOOD,33,99,0,0.00%,99,0.32%,0.12%
FG Juice Bottled,FEEL GOOD,FOOD,12,96,0,0.00%,96,0.12%,0.11%
Hawaiian,Pizza,FOOD,3,96,0,0.00%,96,0.03%,0.11%
HIT THE ROOF,Milk Shake,BEVERAGE,4,96,0,0.00%,96,0.04%,0.11%
Peanut Butter & Jelly(V),Sandwiches,FOOD,6,96,0,0.00%,96,0.06%,0.11%
Baked beans,Breakfast,FOOD,19,95,0,0.00%,95,0.19%,0.11%
AL AIN WATER 1.5L,CS Water,BEVERAGE,63,94.5,0,0.00%,94.5,0.62%,0.11%
SELPAK TOILET ROLL 7+2,CS Tissue & Toilet Rolls,NON FOOD,4,93,0,0.00%,93,0.04%,0.11%
Plum Red,CS Fresh Fruit,FOOD,46,92,0,0.00%,92,0.45%,0.11%
AL AIN FRESH MILK 1L FULL CREAM,CS Dairy ,FOOD,14,91,0,0.00%,91,0.14%,0.11%
12 OZ CAFFE MOCHA,Starbucks,FOOD,6,90,0,0.00%,90,0.06%,0.11%
Pesto,Pizza,FOOD,3,90,0,0.00%,90,0.03%,0.11%
TORCH CLUB STEAK S/W,Sandwiches,FOOD,2,90,0,0.00%,90,0.02%,0.11%
CLEARLY SCRUMPTIOUS CRANBERRY 30,CS Dry Fruits,FOOD,7,89.25,0,0.00%,89.25,0.07%,0.11%
PAPER BAG,BAGS,NON FOOD,89,89,0,0.00%,89,0.87%,0.11%
AL AIN WATER 500ml,CS Water,BEVERAGE,84,84,0,0.00%,84,0.82%,0.10%
RED BULL SUGAR FREE 250ML,CS Sports & Energy Drinks,BEVERAGE,12,84,0,0.00%,84,0.12%,0.10%
Salmon Chirashi,Sushi,FOOD,4,84,0,0.00%,84,0.04%,0.10%
Sea Feast,Pizza,FOOD,2,84,0,0.00%,84,0.02%,0.10%
PERRIER WATER 750ML,Water,BEVERAGE,9,81,0,0.00%,81,0.09%,0.10%
SELPAK KITCHEN ROLL 2 PCS,CS Tissue & Toilet Rolls,NON FOOD,7,80.5,0,0.00%,80.5,0.07%,0.10%
16 OZ FRAPPUCINO WHITE MOCHA,Starbucks,FOOD,4,80,0,0.00%,80,0.04%,0.10%
7 UP CAN,Softdrinks,BEVERAGE,20,80,0,0.00%,80,0.20%,0.10%
BLUE BERRY MUFFIN,Dessert,FOOD,8,80,0,0.00%,80,0.08%,0.10%
CEYLON GINGER LOOSE TEA,Tea,FOOD,8,80,0,0.00%,80,0.08%,0.10%
Egg Cress Mayonnaise,Pre Packed Sandwiches,FOOD,10,80,0,0.00%,80,0.10%,0.10%
GATORADE PINK LEMONDAE PET 500ML,CS Sports & Energy Drinks,BEVERAGE,16,80,0,0.00%,80,0.16%,0.10%
LACNOR MANGO 180ML,Fresh Juices,BEVERAGE,20,80,0,0.00%,80,0.20%,0.10%
Portion Vegetable,Main course,FOOD,17,80,0,0.00%,80,0.17%,0.10%
Three Cheese Spring Onion,Pre Packed Sandwiches,FOOD,8,80,0,0.00%,80,0.08%,0.10%
Tuna Sweetcorn,Pre Packed Sandwiches,FOOD,5,80,0,0.00%,80,0.05%,0.10%
Yogurt Mango,Yoghurt Pots,FOOD,8,80,0,0.00%,80,0.08%,0.10%
FOOD DOCTOR BAR APPLE WALNUT 35G,CS Organic Food,FOOD,9,78.75,0,0.00%,78.75,0.09%,0.09%
TUNA NICOISE SALAD,Salads,FOOD,3,78,0,0.00%,78,0.03%,0.09%
JOHNSONS COTTON PADS 80 PCS,CS Facial Care,NON FOOD,7,77,0,0.00%,77,0.07%,0.09%
COCA COLA ZERO CAN,Softdrinks,BEVERAGE,19,76,0,0.00%,76,0.19%,0.09%
Mexican Melt,Pizza,FOOD,2,76,0,0.00%,76,0.02%,0.09%
POKKA LEMON ICED TEA CAN,Packet Juice,BEVERAGE,19,76,0,0.00%,76,0.19%,0.09%
STREPSILS HONEY & LEMON PACKET,CS Chocolate ,FOOD,4,76,0,0.00%,76,0.04%,0.09%
BJORG ORGANIC FOURRES MYRTILLES ,CS Organic Food,FOOD,2,75.5,0,0.00%,75.5,0.02%,0.09%
GATORADE LEMON PET 500ML,CS Sports & Energy Drinks,BEVERAGE,15,75,0,0.00%,75,0.15%,0.09%
M&M PEANUT 45GM,CS Chocolate ,FOOD,23,74.75,0,0.00%,74.75,0.22%,0.09%
BLUEBERRY MUFFINS,Dessert,FOOD,6,72,0,0.00%,72,0.06%,0.09%
Double Trouble,Milk Shake,BEVERAGE,3,72,0,0.00%,72,0.03%,0.09%
Eggplant Maki(6pcs),Sushi,FOOD,4,72,0,0.00%,72,0.04%,0.09%
LIPTON LEMON ICED TEA,Tea,BEVERAGE,18,72,0,0.00%,72,0.18%,0.09%
MOUNTAIN DEW,Softdrinks,BEVERAGE,18,72,0,0.00%,72,0.18%,0.09%
Small Salad,Salads,FOOD,6,72,0,0.00%,72,0.06%,0.09%
Tropical Maki (6 Pcs),Sushi,FOOD,4,72,0,0.00%,72,0.04%,0.09%
WEIGHT W BAR APPLE CRUMBLE PIE 6,CS Cereal,FOOD,5,71.25,0,0.00%,71.25,0.05%,0.09%
WEIGHT W BAR RASPBERRY 6 BARS,CS Cereal,FOOD,5,71.25,0,0.00%,71.25,0.05%,0.09%
CADBURY DM FRUIT & NUT 230GM,CS Chocolate ,FOOD,6,70.5,0,0.00%,70.5,0.06%,0.08%
16 OZ ICED CHOCOLATE,Starbucks,FOOD,4,70,0,0.00%,70,0.04%,0.08%
BRILLIANT BREAKFAST LOOSE TEA,Tea,FOOD,7,70,0,0.00%,70,0.07%,0.08%
Rocco,Pizza,FOOD,2,70,0,0.00%,70,0.02%,0.08%
SWEET POTATO WEDGES,Main course,FOOD,7,70,0,0.00%,70,0.07%,0.08%
BJORG ORGANIC GAUFRES AU MIEL 17,CS Organic Food,FOOD,3,69.75,0,0.00%,69.75,0.03%,0.08%
PRO BAR MEAL SUPERFRUIT SLAM 85G,CS Cereal,FOOD,3,68.25,0,0.00%,68.25,0.03%,0.08%
12 OZ HOT CHOCOLATE,Starbucks,FOOD,4,68,0,0.00%,68,0.04%,0.08%
16 OZ WHITE CHOCOLATE MOCHA,Starbucks,FOOD,4,68,0,0.00%,68,0.04%,0.08%
CHEETOS 205GM CRUNCHY FLAMING HO,CS Chips & Snacks,FOOD,8,68,0,0.00%,68,0.08%,0.08%
MODERN BAKE CRANBERRY ENERGY BAR,CS Cereal,FOOD,12,66,0,0.00%,66,0.12%,0.08%
EXTRA PROFESSIONAL WHITE GUM,CS Mint & Gum,FOOD,20,65,0,0.00%,65,0.20%,0.08%
MOTHER E OAT SLICE APRICOT CHOCO,CS Dry Fruits,FOOD,4,65,0,0.00%,65,0.04%,0.08%
12 OZ SOYA CAFFE LATTE,Coffee,FOOD,4,64,0,0.00%,64,0.04%,0.08%
Frid Rice W Chicken,Fried Rice,FOOD,2,64,0,0.00%,64,0.02%,0.08%
FRIED CHICKEN WRAP,Burgers,FOOD,2,64,0,0.00%,64,0.02%,0.08%
TUNA & MAYO WRAP,Sandwiches,FOOD,2,64,0,0.00%,64,0.02%,0.08%
12 OZ SOYA TOFFE NUT LATTE,Coffee,FOOD,3,63,0,0.00%,63,0.03%,0.08%
BAYARA EXTRA MIXED NUTS 300GM,CS Dry Fruits,FOOD,3,63,0,0.00%,63,0.03%,0.08%
BRESSE BLEU CHEESE 150G ,CS Dairy ,FOOD,3,63,0,0.00%,63,0.03%,0.08%
LISTERINE MW FRESH BURST 250ML,CS Oral Care,NON FOOD,3,63,0,0.00%,63,0.03%,0.08%
DORITOS 180GM SWEET CHILI PEPPER,CS Chips & Snacks,FOOD,10,62.5,0,0.00%,62.5,0.10%,0.07%
EXTRA BIG BOTTLE PEPPERMINT,CS Mint & Gum,FOOD,5,62.5,0,0.00%,62.5,0.05%,0.07%
WASA CRISPBREAD SESAM 200GM,Biscuit & Cookies,FOOD,4,62,0,0.00%,62,0.04%,0.07%
ALPRO ALMOND MILK 1L,CS Dairy ,FOOD,3,61.5,0,0.00%,61.5,0.03%,0.07%
Toast,Breakfast,FOOD,61,61,0,0.00%,61,0.60%,0.07%
Chicken Maki(6pcs),Sushi,FOOD,3,60,0,0.00%,60,0.03%,0.07%
ENERGIZER AAA 6 PCS,CS Tissue & Toilet Rolls,NON FOOD,4,60,0,0.00%,60,0.04%,0.07%
Latte Macchiato,Nespresso,FOOD,5,60,0,0.00%,60,0.05%,0.07%
MINUTE STEAK,Grill,FOOD,3,60,0,0.00%,60,0.03%,0.07%
Oatmeal Porridge,Breakfast,FOOD,20,60,0,0.00%,60,0.20%,0.07%
Pepperoni,Pizza,FOOD,10,60,0,0.00%,60,0.10%,0.07%
SCONES,Dessert,FOOD,6,60,0,0.00%,60,0.06%,0.07%
SINGLE ESSPRESSO,Starbucks,FOOD,6,60,0,0.00%,60,0.06%,0.07%
TRIPLE CHOCOLATE MUFFIN,Dessert,FOOD,5,60,0,0.00%,60,0.05%,0.07%
Yoghurt,Yogurt,FOOD,5,60,0,0.00%,60,0.05%,0.07%
BAYARA 1KG APRICOT DRIED,CS Dry Fruits,FOOD,1,59.5,0,0.00%,59.5,0.01%,0.07%
Walkers Short Bread40g,Biscuits,FOOD,17,59.5,0,0.00%,59.5,0.17%,0.07%
BJORG ORGANIC MUESLI NO SUGAR 37,CS Organic Food,FOOD,2,58.5,0,0.00%,58.5,0.02%,0.07%
BOURSIN CHEESE GARLIC & HERBS 15,CS Dairy ,FOOD,3,58.5,0,0.00%,58.5,0.03%,0.07%
FARM FRESH EGGS WHITE 6PCS,CS Eggs,FOOD,13,58.5,0,0.00%,58.5,0.13%,0.07%
VOLVIC WATER 500ML,CS Water,BEVERAGE,13,58.5,0,0.00%,58.5,0.13%,0.07%
Lays Chips,Extras,FOOD,29,58,0,0.00%,58,0.28%,0.07%
WASA CRISPBREAD FIBRE 200GM,Biscuit & Cookies,FOOD,4,58,0,0.00%,58,0.04%,0.07%
DOVE SHOWER POMEGRANTE & LEMON 2,CS Bath & Shower,NON FOOD,3,57.75,0,0.00%,57.75,0.03%,0.07%
16 OZ CARAMEL LATTE,Starbucks,FOOD,3,57,0,0.00%,57,0.03%,0.07%
Valley Crunchy,Cereal Bar,FOOD,19,57,0,0.00%,57,0.19%,0.07%
EXTRA TABS SPEARMINT GUM,CS Mint & Gum,FOOD,15,56.25,0,0.00%,56.25,0.15%,0.07%
Brownie,Dessert,FOOD,4,56,0,0.00%,56,0.04%,0.07%
French Toast,Breakfast,FOOD,15,56,0,0.00%,56,0.15%,0.07%
JAMIES BERRY BURST,Smoothies,BEVERAGE,2,56,0,0.00%,56,0.02%,0.07%
LACNOR APPLE 180ML,Fresh Juices,BEVERAGE,14,56,0,0.00%,56,0.14%,0.07%
MARKOS TOP BANANA,Smoothies,BEVERAGE,2,56,0,0.00%,56,0.02%,0.07%
Pure VitaminC,Fresh Juices,BEVERAGE,2,56,0,0.00%,56,0.02%,0.07%
TEA BAG JASMINE GREEN,Tea,FOOD,7,56,0,0.00%,56,0.07%,0.07%
VANIAS SPRING GREEN,Smoothies,BEVERAGE,2,56,0,0.00%,56,0.02%,0.07%
EBI NIGIRI,Sushi,FOOD,11,55,0,0.00%,55,0.11%,0.07%
LINDT EXCELLENCE 90% CACOA 100GM,CS Chocolate ,FOOD,4,55,0,0.00%,55,0.04%,0.07%
OREO MILK & CHOCOLATE 16 PACK 44,Biscuit & Cookies,FOOD,3,54.75,0,0.00%,54.75,0.03%,0.07%
CheseTomatoCrossiant,Sandwiches,FOOD,3,54,0,0.00%,54,0.03%,0.06%
Go Green,Milk Shake,BEVERAGE,3,54,0,0.00%,54,0.03%,0.06%
BISCUITSDIGES250 ,Biscuit & Cookies,FOOD,5,52.5,0,0.00%,52.5,0.05%,0.06%
DR OETKER MOZZRELLA PIZZA,CS Frozen Food,FOOD,2,52.5,0,0.00%,52.5,0.02%,0.06%
NIVEA DOUBLE EFFECT MAKEUP REMOV,CS Deodrants,NON FOOD,2,52.5,0,0.00%,52.5,0.02%,0.06%
BRIGHT BREAKFAST,Smoothies,BEVERAGE,2,52,0,0.00%,52,0.02%,0.06%
CROISSANT HI BUTTER ALMOND,CS Bakery,FOOD,13,52,0,0.00%,52,0.13%,0.06%
FETA & ROAST VEG PANINI,Sandwiches,FOOD,2,52,0,0.00%,52,0.02%,0.06%
GILLETTE BLADE MACH 3 TURBO 2PCS,CS Mens Care,NON FOOD,2,52,0,0.00%,52,0.02%,0.06%
STRAWBERRY SHAKE,Milk Shake,BEVERAGE,2,52,0,0.00%,52,0.02%,0.06%
FRUIT & FIBRE KELLOGS 375GM,CS Cereal,FOOD,3,51.75,0,0.00%,51.75,0.03%,0.06%
12 OZ CARAMEL LATTE,Starbucks,FOOD,3,51,0,0.00%,51,0.03%,0.06%
BEST CAN PECAN SALTED 110GM,CS Nuts & Seeds,FOOD,2,51,0,0.00%,51,0.02%,0.06%
SNICKERS SINGLE BAR,CS Chocolate ,FOOD,17,51,0,0.00%,51,0.17%,0.06%
TRESEMME CD KERATIN SMOOTH 500ML,CS Shampoo & Conditioner,NON FOOD,2,51,0,0.00%,51,0.02%,0.06%
WEIGHT W BERRY MUESLI 495GM,CS Cereal,FOOD,2,50.5,0,0.00%,50.5,0.02%,0.06%
50 Dhs Rech,CS Others,NON FOOD,1,50,0,0.00%,50,0.01%,0.06%
Chicken Tandoori,Pre Packed Sandwiches,FOOD,5,50,0,0.00%,50,0.05%,0.06%
Cold Cuts,Breakfast,FOOD,10,50,0,0.00%,50,0.10%,0.06%
EARL GREY LOOSE TEA,Tea,FOOD,5,50,0,0.00%,50,0.05%,0.06%
WALK IN BREAKFAST,WALK IN BREAKFAST,FOOD,5,50,0,0.00%,50,0.05%,0.06%
WALK IN DINNER,WALK IN DINNER,FOOD,5,50,0,0.00%,50,0.05%,0.06%
PURELL REFRESHING HAND SANITIZER,CS Soap & Handwash,NON FOOD,4,49,0,0.00%,49,0.04%,0.06%
RACHELS APPLE & CINNAMON YOGHURT,CS Organic Food,FOOD,2,49,0,0.00%,49,0.02%,0.06%
PERSIL LIQUID GREEN POWER GEL 3L,CS Laundry Care,NON FOOD,1,48.75,0,0.00%,48.75,0.01%,0.06%
Add Cheese,Extras,FOOD,16,48,0,0.00%,48,0.16%,0.06%
AlpenMuslie625g,CS Cereal,FOOD,2,48,0,0.00%,48,0.02%,0.06%
B.BAG SEA SALT150g,CS Chips & Snacks,FOOD,4,48,0,0.00%,48,0.04%,0.06%
Carrot Cake,Dessert,FOOD,4,48,0,0.00%,48,0.04%,0.06%
CHOCOLATE BROWNIE ,Dessert,FOOD,4,48,0,0.00%,48,0.04%,0.06%
CROISSANT HI BUTTER CHOCOLATE,CS Bakery,FOOD,12,48,0,0.00%,48,0.12%,0.06%
DOVE SH DAMAGE INTENSIVE REPAIR ,CS Shampoo & Conditioner,NON FOOD,4,48,0,0.00%,48,0.04%,0.06%
ESPRESSO MACCHIATO DOUBLE,Coffee,FOOD,4,48,0,0.00%,48,0.04%,0.06%
KPS COOL COCONUT,Smoothies,BEVERAGE,2,48,0,0.00%,48,0.02%,0.06%
MOTHER E OAT SLICE KIWI AFGHAN 6,CS Dry Fruits,FOOD,3,48,0,0.00%,48,0.03%,0.06%
Mushrooms,Pizza,FOOD,8,48,0,0.00%,48,0.08%,0.06%
NESCAFE GOLD COFFEE 200GM,CS Coffee,FOOD,1,48,0,0.00%,48,0.01%,0.06%
PEPPERMINT TEA BAG,Tea,FOOD,6,48,0,0.00%,48,0.06%,0.06%
REDBULL SUGAR FREE,Energy Drinks,BEVERAGE,6,48,0,0.00%,48,0.06%,0.06%
STRAIGHT DUTCH,Smoothies,BEVERAGE,4,48,0,0.00%,48,0.04%,0.06%
THE 3RD DATE,Milk Shake,BEVERAGE,2,48,0,0.00%,48,0.02%,0.06%
The Big Apple,Milk Shake,BEVERAGE,2,48,0,0.00%,48,0.02%,0.06%
Veg Noodle Soup,Soup ,FOOD,4,48,0,0.00%,48,0.04%,0.06%
A/G POP CORN MICROWAV EXTRA BUTT,CS Can & Jar Food,FOOD,5,46.25,0,0.00%,46.25,0.05%,0.06%
Orange Pcs,CS Fresh Fruit,FOOD,23,46,0,0.00%,46,0.22%,0.06%
AL AIN FRESH MILK 1L LOW FAT,CS Dairy ,FOOD,7,45.5,0,0.00%,45.5,0.07%,0.05%
OREO 704g,Biscuit & Cookies,FOOD,2,45,0,0.00%,45,0.02%,0.05%
PERRIER WATER LEMON 330ML,CS Water,BEVERAGE,9,45,0,0.00%,45,0.09%,0.05%
PHILADELPHIA CHEESE SPREAD 200GM,CS Dairy ,FOOD,4,45,0,0.00%,45,0.04%,0.05%
Tamago Nigiri,Sushi,FOOD,9,45,0,0.00%,45,0.09%,0.05%
Banana Shake,Milk Shake,BEVERAGE,2,44,0,0.00%,44,0.02%,0.05%
CADBURY DM CHOCOLATE 230GM,CS Chocolate ,FOOD,4,44,0,0.00%,44,0.04%,0.05%
PPPPLEASE ME,Fresh Juices,BEVERAGE,2,44,0,0.00%,44,0.02%,0.05%
Pure Honey Acasia250g,CS Can & Jar Food,FOOD,2,44,0,0.00%,44,0.02%,0.05%
MOTHER E FRUIT STICK APPLE PEACH,CS Dry Fruits,FOOD,3,42.75,0,0.00%,42.75,0.03%,0.05%
VASELINE LOTION COCOA RADIANT 20,CS Body Care,NON FOOD,3,42.75,0,0.00%,42.75,0.03%,0.05%
WEIGHT W BAR NUT DELUXE 4 BARS,CS Cereal,FOOD,3,42.75,0,0.00%,42.75,0.03%,0.05%
12 OZ ICED SOYA TOFFE NUT LATTE,Coffee,FOOD,2,42,0,0.00%,42,0.02%,0.05%
Chicken Noodle Suop,Soup ,FOOD,3,42,0,0.00%,42,0.03%,0.05%
DoritoNacho85g,CS Chips & Snacks,FOOD,7,42,0,0.00%,42,0.07%,0.05%
IcedHazlnutmachiato,Nespresso,FOOD,3,42,0,0.00%,42,0.03%,0.05%
LISTERINE MW COOL MINT 250ML,CS Oral Care,NON FOOD,2,42,0,0.00%,42,0.02%,0.05%
SCHOGETTEN TROLOGIA 100GM,CS Chocolate ,FOOD,7,42,0,0.00%,42,0.07%,0.05%
LINDT EXCELLENCE CARAMEL 100G,CS Chocolate ,FOOD,3,41.25,0,0.00%,41.25,0.03%,0.05%
LINDT EXCELLENCE MINT INTENSE 10,CS Chocolate ,FOOD,3,41.25,0,0.00%,41.25,0.03%,0.05%
Alain Small Wtr500ml,Water,BEVERAGE,41,41,0,0.00%,41,0.40%,0.05%
karimOilCorn1.8L,CS Coocking & Baking,FOOD,2,41,0,0.00%,41,0.02%,0.05%
ORAL B MOUTH WASH MULTI PROTECT ,CS Oral Care,NON FOOD,2,41,0,0.00%,41,0.02%,0.05%
KRAFT CHEESE ORIGINAL 12 SLICES,CS Dairy ,FOOD,3,40.5,0,0.00%,40.5,0.03%,0.05%
16 OZ FRAPPUCINO VANILA,Starbucks,FOOD,2,40,0,0.00%,40,0.02%,0.05%
7 UP DIET CAN,Softdrinks,BEVERAGE,10,40,0,0.00%,40,0.10%,0.05%
ADD ESPRESSO SHOT,Starbucks,FOOD,10,40,0,0.00%,40,0.10%,0.05%
AL AIN WATER 5 LTR,CS Water,BEVERAGE,16,40,0,0.00%,40,0.16%,0.05%
Beef Bacon,Breakfast,FOOD,8,40,0,0.00%,40,0.08%,0.05%
CheseTurkeyHamCrossiant,Sandwiches,FOOD,2,40,0,0.00%,40,0.02%,0.05%
D Coke,Softdrinks,BEVERAGE,10,40,0,0.00%,40,0.10%,0.05%
Delivery Charges,Delivery charge,LABOR CHARGE,8,40,0,0.00%,40,0.08%,0.05%
LACNOR MILK CHOCOLATE,Flavoured Milk,BEVERAGE,10,40,0,0.00%,40,0.10%,0.05%
Pear,CS Fresh Fruit,FOOD,20,40,0,0.00%,40,0.20%,0.05%
PEAR DRAGON LOOSE TEA,Tea,FOOD,4,40,0,0.00%,40,0.04%,0.05%
POCARI SWEAT PET 500ML,CS Sports & Energy Drinks,BEVERAGE,8,40,0,0.00%,40,0.08%,0.05%
TOBLERONE 50GM,CS Chocolate ,FOOD,8,40,0,0.00%,40,0.08%,0.05%
OB TAMPONS SUPER 16PCS,CS Sanitary Care,NON FOOD,2,39.5,0,0.00%,39.5,0.02%,0.05%
BJORG ORGANIC FOURRES CHOCOLAT L,CS Organic Food,FOOD,1,38.75,0,0.00%,38.75,0.01%,0.05%
DOVE SHOWER NOURISHING 250ML,CS Bath & Shower,NON FOOD,2,38.5,0,0.00%,38.5,0.02%,0.05%
WALKERS SB FINGERS 40G,Biscuit & Cookies,FOOD,11,38.5,0,0.00%,38.5,0.11%,0.05%
16 OZ HOT CHOCOLATE,Starbucks,FOOD,2,38,0,0.00%,38,0.02%,0.05%
DOVE HW FRESH TOUCH CUCUM & G.TE,CS Soap & Handwash,NON FOOD,2,38,0,0.00%,38,0.02%,0.05%
MALTESERS THICK SHAKE 300ML,Convenience Beverages,BEVERAGE,4,38,0,0.00%,38,0.04%,0.05%
SALMON NICOISE,Salads,FOOD,1,38,0,0.00%,38,0.01%,0.05%
BJORG ORGANIC PRUNE JUICE 75CL,CS ORGANIC BEVERAGE,BEVERAGE,1,37.75,0,0.00%,37.75,0.01%,0.05%
CHIABIA CHIA BLUEBERRY MIX 100GM,CS Cereal,FOOD,1,37.75,0,0.00%,37.75,0.01%,0.05%
MAGNUM I/C CLASSIC,CS Ice Cream,FOOD,5,37.5,0,0.00%,37.5,0.05%,0.04%
SELPAK TOILET PAPER 4 ROLLS,CS Tissue & Toilet Rolls,NON FOOD,3,37.5,0,0.00%,37.5,0.03%,0.04%
PRINGLES CHEESE 165GM,CS Chips & Snacks,FOOD,4,37,0,0.00%,37,0.04%,0.04%
PRINGLES KETCHUP 165GM,CS Chips & Snacks,FOOD,4,37,0,0.00%,37,0.04%,0.04%
PRINGLES SALT VINEGAR 165GM,CS Chips & Snacks,FOOD,4,37,0,0.00%,37,0.04%,0.04%
AXE DEO GOLD TEMPTATION 150ML,CS Deodrants,NON FOOD,2,36.5,0,0.00%,36.5,0.02%,0.04%
NECTAFLOR SOFT CRANBERRIES 200GM,CS Dry Fruits,FOOD,2,36.5,0,0.00%,36.5,0.02%,0.04%
16 OZ ICED CARAMEL LATTE,Starbucks,FOOD,2,36,0,0.00%,36,0.02%,0.04%
ADD ESPRESSO SHOT,Starbucks,FOOD,9,36,0,0.00%,36,0.09%,0.04%
BAYARA SALTED PISTACHIOS 150G,CS Nuts & Seeds,FOOD,3,36,0,0.00%,36,0.03%,0.04%
CERES APPLE JUICE 1L,CS Packet Juice,BEVERAGE,4,36,0,0.00%,36,0.04%,0.04%
Choc Caramel Eclair,Dessert,FOOD,3,36,0,0.00%,36,0.03%,0.04%
COCA COLA DIET CAN,Softdrinks,BEVERAGE,9,36,0,0.00%,36,0.09%,0.04%
CORN FLAKES KELLOGS 500GM,CS Cereal,FOOD,2,36,0,0.00%,36,0.02%,0.04%
DOVE HAIR CONDITIONER HAIR FALL ,CS Shampoo & Conditioner,NON FOOD,3,36,0,0.00%,36,0.03%,0.04%
Glazed Veg,Sandwiches,FOOD,2,36,0,0.00%,36,0.02%,0.04%
LABELLO FRUITY SHINE 4.8GM,CS Facial Care,NON FOOD,3,36,0,0.00%,36,0.03%,0.04%
LACNOR MILK BANANA,Flavoured Milk,BEVERAGE,9,36,0,0.00%,36,0.09%,0.04%
Muture Cheddar(V),Sandwiches,FOOD,2,36,0,0.00%,36,0.02%,0.04%
NECTAFLOR PREMIUM RAISINS 200GM,CS Dry Fruits,FOOD,3,36,0,0.00%,36,0.03%,0.04%
Open Beverage,Open Beverage,BEVERAGE,24,36,0,0.00%,36,0.23%,0.04%
QUAKER WHITE OATS TIN 500GM,CS Cereal,FOOD,4,36,0,0.00%,36,0.04%,0.04%
SCHOGETTEN DARK CHOCOLATE 100GM,CS Chocolate ,FOOD,6,36,0,0.00%,36,0.06%,0.04%
SLICED BREAD MULTI GRAIN MEDIUM,CS Bakery,FOOD,6,36,0,0.00%,36,0.06%,0.04%
AL AIN FRESH GRAPEFRUIT JUICE330,CS Packet Juice,BEVERAGE,5,35,0,0.00%,35,0.05%,0.04%
KAGI SWISS WAFERS CHOCOLATE 50G,CS Mint & Gum,FOOD,7,35,0,0.00%,35,0.07%,0.04%
MentoGmWatrMelon,CS Mint & Gum,FOOD,7,35,0,0.00%,35,0.07%,0.04%
ORAL B TP COMPLETE EXTRA FRESH M,CS Oral Care,NON FOOD,3,34.5,0,0.00%,34.5,0.03%,0.04%
NUTELLA JAR 750GM,CS Can & Jar Food,FOOD,1,34.25,0,0.00%,34.25,0.01%,0.04%
16 OZ CAFFE MOCHA,Starbucks,FOOD,2,34,0,0.00%,34,0.02%,0.04%
G S Frid Noodls W chicken,Noodles,FOOD,1,34,0,0.00%,34,0.01%,0.04%
NECTAFLOR PREMIUM FRUIT MIX 200G,CS Dry Fruits,FOOD,2,34,0,0.00%,34,0.02%,0.04%
ALPROMilkFlvrChoc 1L,CS Dairy ,BEVERAGE,2,33.5,0,0.00%,33.5,0.02%,0.04%
16 OZ ICED CAFFE MOCHA,Starbucks,FOOD,2,33,0,0.00%,33,0.02%,0.04%
CADBURY DM HAZELNUT 37GM,CS Chocolate ,FOOD,11,33,0,0.00%,33,0.11%,0.04%
M&M CHOCOLATE 45GM,CS Chocolate ,FOOD,11,33,0,0.00%,33,0.11%,0.04%
MamanWildBlubryPrsrv,CS Can & Jar Food,FOOD,2,33,0,0.00%,33,0.02%,0.04%
AL RABIE LIME KIWI 330ML,CS Packet Juice,BEVERAGE,13,32.5,0,0.00%,32.5,0.13%,0.04%
EXTRA PROFESSIONAL STRONG MINT G,CS Mint & Gum,FOOD,10,32.5,0,0.00%,32.5,0.10%,0.04%
OB TAMPONS LIGHT DAYS 16PCS,CS Sanitary Care,NON FOOD,2,32.5,0,0.00%,32.5,0.02%,0.04%
C&C FOAM WASH DEEP CLEANSING 150,CS Facial Care,NON FOOD,1,32.25,0,0.00%,32.25,0.01%,0.04%
Crab Sushi,Sushi,FOOD,1,32,0,0.00%,32,0.01%,0.04%
CROISSANT HI BUTTER ZATAR,CS Bakery,FOOD,8,32,0,0.00%,32,0.08%,0.04%
HIBISCUS ICED TEA,Tea,FOOD,4,32,0,0.00%,32,0.04%,0.04%
Lacnor Full Fat Milk 1L ,CS Dairy ,BEVERAGE,8,32,0,0.00%,32,0.08%,0.04%
SUBSTITUTE SOYA,Soya Milk,FOOD,8,32,0,0.00%,32,0.08%,0.04%
WalkersChocolate Chips40g,Biscuits,FOOD,9,31.5,0,0.00%,31.5,0.09%,0.04%
BAYARA 1KG PRUNES DRIED,CS Dry Fruits,FOOD,1,31.25,0,0.00%,31.25,0.01%,0.04%
GILLETTE BLUE AFT SHAVE SPLASH 1,CS Mens Care,NON FOOD,1,30.5,0,0.00%,30.5,0.01%,0.04%
12 OZ CARAMEL MACCHIATO,Starbucks,FOOD,2,30,0,0.00%,30,0.02%,0.04%
AL AIN MORNING PEACH MUSELI 250G,CS Dairy ,FOOD,10,30,0,0.00%,30,0.10%,0.04%
BBQ or CurrySouce,Pizza,FOOD,1,30,0,0.00%,30,0.01%,0.04%
CARTE DOR VANILLA 1 SCOOP,Ice cream,FOOD,6,30,0,0.00%,30,0.06%,0.04%
CHICKEN MAIN,Main course,FOOD,2,30,0,0.00%,30,0.02%,0.04%
Chicken Nuggets,Extras,FOOD,3,30,0,0.00%,30,0.03%,0.04%
CROISSANT CHOCOLATE,CS Bakery,FOOD,12,30,0,0.00%,30,0.12%,0.04%
FISH MAIN,Main course,FOOD,2,30,0,0.00%,30,0.02%,0.04%
Grilled Chicken,Pizza,FOOD,5,30,0,0.00%,30,0.05%,0.04%
NIVEA SHOWER LEMON GRASS OIL 250,CS Bath & Shower,NON FOOD,2,30,0,0.00%,30,0.02%,0.04%
RAINBOWEvpMilk160ML ,CS Dairy ,FOOD,10,30,0,0.00%,30,0.10%,0.04%
Sweet Potato Wedges,Extras,FOOD,3,30,0,0.00%,30,0.03%,0.04%
VOCHELLE TIN DUBAI MARINA 205GM,CS Chocolate ,FOOD,1,30,0,0.00%,30,0.01%,0.04%
COCO TREE JUICE 330ML,CS Packet Juice,BEVERAGE,9,29.25,0,0.00%,29.25,0.09%,0.03%
GILLETTE FOAM MENTHOL,CS Mens Care,NON FOOD,3,29.25,0,0.00%,29.25,0.03%,0.03%
PastaFusilliBari ,CS Pasta & Noodles,FOOD,3,29.25,0,0.00%,29.25,0.03%,0.03%
AL AIN WATER 500ML,Water,BEVERAGE,29,29,0,0.00%,29,0.28%,0.03%
AL AIN YOGHURT LOW FAT 170GM,CS Dairy ,FOOD,23,28.75,0,0.00%,28.75,0.22%,0.03%
GALAXY THICK SHAKE CARAMEL 300ML,Convenience Beverages,BEVERAGE,3,28.5,0,0.00%,28.5,0.03%,0.03%
SCRUMMIES RASPBERRY CRANBERRIES ,CS Dry Fruits,FOOD,6,28.5,0,0.00%,28.5,0.06%,0.03%
WEIGHT W BAR APRICOT PIE 6 BARS,CS Cereal,FOOD,2,28.5,0,0.00%,28.5,0.02%,0.03%
WEIGHT W BAR CARAMEL SHORTCAKE 7,CS Cereal,FOOD,2,28.5,0,0.00%,28.5,0.02%,0.03%
ADD FLAVOURED SYRUP,Starbucks,FOOD,7,28,0,0.00%,28,0.07%,0.03%
ALO ALLURE MANGO JUICE,Fresh Juices,FOOD,2,28,0,0.00%,28,0.02%,0.03%
ALO ENRICH POMEGRANATE JUICE,Fresh Juices,FOOD,2,28,0,0.00%,28,0.02%,0.03%
Coke,Softdrinks,BEVERAGE,7,28,0,0.00%,28,0.07%,0.03%
CROISSANT BUTTER CHEESE,CS Bakery,FOOD,7,28,0,0.00%,28,0.07%,0.03%
CROISSANT HI BUTTER PLAIN,CS Bakery,FOOD,8,28,0,0.00%,28,0.08%,0.03%
FIREFLY WAKE UP PEACH,Tea,BEVERAGE,2,28,0,0.00%,28,0.02%,0.03%
ROASTED TOMATO,Wraps,FOOD,1,28,0,0.00%,28,0.01%,0.03%
SPRITE LIGHT CAN,Softdrinks,BEVERAGE,7,28,0,0.00%,28,0.07%,0.03%
AL SHIFA 400GM SQUEEZE HONEY,CS Can & Jar Food,FOOD,1,27.75,0,0.00%,27.75,0.01%,0.03%
BJORG ORGANIC SUGAR FREE ALMOND ,CS Organic Food,FOOD,1,27.75,0,0.00%,27.75,0.01%,0.03%
BEST CAN PISTACHIOS SALTED 110GM,CS Nuts & Seeds,FOOD,2,27.5,0,0.00%,27.5,0.02%,0.03%
KIT KAT CHUNKY 46GM,CS Chocolate ,FOOD,10,27.5,0,0.00%,27.5,0.10%,0.03%
LINDT EXCELLENCE 85% CACOA 100GM,CS Chocolate ,FOOD,2,27.5,0,0.00%,27.5,0.02%,0.03%
LINDT EXCELLENCE SESAME ROASTED ,CS Organic Food,FOOD,2,27.5,0,0.00%,27.5,0.02%,0.03%
MODERN BAKE PEANUT PEACAN ENERGY,CS Cereal,FOOD,5,27.5,0,0.00%,27.5,0.05%,0.03%
ARIEL 260GM BLUE,CS Laundry Care,NON FOOD,6,27,0,0.00%,27,0.06%,0.03%
ARIEL BLUE 1.5KG,CS Laundry Care,NON FOOD,1,27,0,0.00%,27,0.01%,0.03%
BERRY CO CRANBERRY 1L,CS Packet Juice,BEVERAGE,2,27,0,0.00%,27,0.02%,0.03%
BOUNTY BAR 57GM,CS Chocolate ,FOOD,9,27,0,0.00%,27,0.09%,0.03%
CERES ORANGE JUICE 1L,CS Packet Juice,BEVERAGE,3,27,0,0.00%,27,0.03%,0.03%
CERES RUBY GRAPE FRUIT JUICE 1L,CS Packet Juice,BEVERAGE,3,27,0,0.00%,27,0.03%,0.03%
DgstiveBiscuits400g,Biscuit & Cookies,FOOD,2,27,0,0.00%,27,0.02%,0.03%
FANTA APPLE CAN,Softdrinks,BEVERAGE,8,27,0,0.00%,27,0.08%,0.03%
FrostiesCMB25g,CS Cereal,FOOD,9,27,0,0.00%,27,0.09%,0.03%
MAGNUM I/C DOUBLE CHOCOLATE,CS Ice Cream,FOOD,3,27,0,0.00%,27,0.03%,0.03%
A/G POP CORN MICROWAVE BUTTER 29,CS Can & Jar Food,FOOD,3,26.25,0,0.00%,26.25,0.03%,0.03%
DDR OETKER PEPPRONI PIZZA,CS Frozen Food,FOOD,1,26.25,0,0.00%,26.25,0.01%,0.03%
ALWAYS NORMAL WINGS 10 PCS,CS Sanitary Care,NON FOOD,4,26,0,0.00%,26,0.04%,0.03%
CARTE DOR PISTACIO 1 SCOOP,Ice cream,FOOD,4,26,0,0.00%,26,0.04%,0.03%
CORNETTO I/C LOVE VANILLA RASPBE,CS Ice Cream,FOOD,4,26,0,0.00%,26,0.04%,0.03%
ILE DE FRANCE CHEESE PETIT CAMEM,CS Dairy ,FOOD,1,26,0,0.00%,26,0.01%,0.03%
INDOMIE CUP BEEF,CS Pasta & Noodles,FOOD,8,26,0,0.00%,26,0.08%,0.03%
JOHNSONS BODY WASH ROSE WATER 25,CS Bath & Shower,NON FOOD,2,26,0,0.00%,26,0.02%,0.03%
JOHNSONS COTTON BUDS 100PCS,CS Others,NON FOOD,2,26,0,0.00%,26,0.02%,0.03%
LAYS 40GM SALT VINEGAR,CS Chips & Snacks,FOOD,13,26,0,0.00%,26,0.13%,0.03%
MARS BAR 51GM,CS Chocolate ,FOOD,8,26,0,0.00%,26,0.08%,0.03%
MELONS GALORE,Smoothies,BEVERAGE,1,26,0,0.00%,26,0.01%,0.03%
REXONA ROLLON WOMEN BAMBOO 50ML,CS Deodrants,NON FOOD,2,26,0,0.00%,26,0.02%,0.03%
LIPTON PYRAMID PEACH MANGO TEA B,CS Tea,FOOD,2,25.5,0,0.00%,25.5,0.02%,0.03%
TRESEMME CD PLATINUM STRENGTH 50,CS Shampoo & Conditioner,NON FOOD,1,25.5,0,0.00%,25.5,0.01%,0.03%
TRESEMME CD SPLIT REMEDY 500ML,CS Shampoo & Conditioner,NON FOOD,1,25.5,0,0.00%,25.5,0.01%,0.03%
TRESEMME SH PLATINUM STRENGTH 50,CS Shampoo & Conditioner,NON FOOD,1,25.5,0,0.00%,25.5,0.01%,0.03%
TRESEMME SH SPLIT REMEDY 500ML,CS Shampoo & Conditioner,NON FOOD,1,25.5,0,0.00%,25.5,0.01%,0.03%
WEIGHT W FRUIT FIBRE TROPICAL 45,CS Cereal,FOOD,1,25.25,0,0.00%,25.25,0.01%,0.03%
WEIGHT W FRUITY MUSELI 495GM,CS Cereal,FOOD,1,25.25,0,0.00%,25.25,0.01%,0.03%
WEIGHT W NUTTY MUESLI 495GM,CS Cereal,FOOD,1,25.25,0,0.00%,25.25,0.01%,0.03%
ENERGIZER 9V BATTERY,CS Others,NON FOOD,2,25,0,0.00%,25,0.02%,0.03%
FISH & SHRIMP MEAL,Main course,FOOD,1,25,0,0.00%,25,0.01%,0.03%
NIVEA EYE MAKEUP REMOVER 125ML,CS Facial Care,NON FOOD,1,25,0,0.00%,25,0.01%,0.03%
Open Miscellaneous,Open Miscellaneous,MISCELLANEOUS,2,25,0,0.00%,25,0.02%,0.03%
ORAL B BRUSH KIDS,CS Oral Care,NON FOOD,5,25,0,0.00%,25,0.05%,0.03%
SNICKERS BAR,Chocolate,FOOD,5,25,0,0.00%,25,0.05%,0.03%
VOCHELLE TIN FRUIT NUTS 205GM,CS Chocolate ,FOOD,1,24.75,0,0.00%,24.75,0.01%,0.03%
DOVE HAIR CONDITIONER DAILY CARE,CS Shampoo & Conditioner,NON FOOD,2,24.5,0,0.00%,24.5,0.02%,0.03%
MUFFIN APPLE,CS Bakery,FOOD,7,24.5,0,0.00%,24.5,0.07%,0.03%
RACHELS GREEK COCONUT YOGHURT 45,CS Organic Food,FOOD,1,24.5,0,0.00%,24.5,0.01%,0.03%
WELLA CD REPAIR 500ML,CS Shampoo & Conditioner,NON FOOD,1,24.5,0,0.00%,24.5,0.01%,0.03%
AL AIN WATER 1.5 LITER,Water,BEVERAGE,12,24,0,0.00%,24,0.12%,0.03%
BEACON MARSHMALLOWS TWISTERS 150,CS Coffee,FOOD,6,24,0,0.00%,24,0.06%,0.03%
CHOCOLATE CHIP COOKIE,Dessert,FOOD,4,24,0,0.00%,24,0.04%,0.03%
Chocolate shake,Milk Shake,BEVERAGE,1,24,0,0.00%,24,0.01%,0.03%
CocoPopsCMB20g,CS Cereal,FOOD,8,24,0,0.00%,24,0.08%,0.03%
ESPRESSO MACCHIATO,Starbucks,FOOD,2,24,0,0.00%,24,0.02%,0.03%
Frid Rice W Vegetable,Fried Rice,FOOD,1,24,0,0.00%,24,0.01%,0.03%
GLASS OF SOYA MILK,Soya Milk,FOOD,4,24,0,0.00%,24,0.04%,0.03%
Grilled Veg Olives,Pizza,FOOD,4,24,0,0.00%,24,0.04%,0.03%
Jalapenos,Pizza,FOOD,4,24,0,0.00%,24,0.04%,0.03%
MilkHalfCrem1Ltr ,CS Dairy ,FOOD,6,24,0,0.00%,24,0.06%,0.03%
MIRINDA ORANGE CAN,Softdrinks,BEVERAGE,6,24,0,0.00%,24,0.06%,0.03%
Mixed Salad&Pitta,Extras,FOOD,3,24,0,0.00%,24,0.03%,0.03%
MY THAI,Milk Shake,BEVERAGE,1,24,0,0.00%,24,0.01%,0.03%
Steamed Rice,Main course,FOOD,3,24,0,0.00%,24,0.03%,0.03%
TEA BAG EARL GREY,Tea,FOOD,3,24,0,0.00%,24,0.03%,0.03%
THE BIG APPLE,Milk Shake,BEVERAGE,1,24,0,0.00%,24,0.01%,0.03%
FAMILIA CHOCO 500GM,CS Cereal,FOOD,1,23.75,0,0.00%,23.75,0.01%,0.03%
FAMILIA CRUNCH 500GM,CS Cereal,FOOD,1,23.75,0,0.00%,23.75,0.01%,0.03%
BEST CAN ALMONDS SALTED 110GM,CS Nuts & Seeds,FOOD,2,23.5,0,0.00%,23.5,0.02%,0.03%
P.BAR CHOCO 85,CS Cereal,FOOD,1,23,0,0.00%,23,0.01%,0.03%
SAINT AGUR CHEESE 125G,CS Dairy ,FOOD,1,23,0,0.00%,23,0.01%,0.03%
AL AIN MANGO YOGHURT 125GM,CS Dairy ,FOOD,13,22.75,0,0.00%,22.75,0.13%,0.03%
PRO BAR MEAL PEANUT BUTTER CHOCO,CS Cereal,FOOD,1,22.75,0,0.00%,22.75,0.01%,0.03%
PRO BAR MEAL WHOLEBERRY BLAST 85,CS Cereal,FOOD,1,22.75,0,0.00%,22.75,0.01%,0.03%
CastaniaCashew,CS Nuts & Seeds,FOOD,1,22.5,0,0.00%,22.5,0.01%,0.03%
THAI CHOICE SHRIMP,CS Pasta & Noodles,FOOD,5,22.5,0,0.00%,22.5,0.05%,0.03%
Asst. Rolls Two,Breakfast,FOOD,11,22,0,0.00%,22,0.11%,0.03%
C&C GEL CLEANSER DEEP ACTION 150,CS Facial Care,NON FOOD,1,22,0,0.00%,22,0.01%,0.03%
FALAFEL BURGER,Burgers,FOOD,1,22,0,0.00%,22,0.01%,0.03%
LAYS 40GM FRENCH CHEESE,CS Chips & Snacks,FOOD,11,22,0,0.00%,22,0.11%,0.03%
LUX HW SWEET EMBRACE 250ML,CS Shampoo & Conditioner,NON FOOD,2,22,0,0.00%,22,0.02%,0.03%
MEAN GREEN,Fresh Juices,BEVERAGE,1,22,0,0.00%,22,0.01%,0.03%
BUNALUN ORGANIC PORRIDGE OATS 50,CS Organic Food,FOOD,1,21.5,0,0.00%,21.5,0.01%,0.03%
16 OZ SOYA CAFFE LATTE,Coffee,FOOD,1,21,0,0.00%,21,0.01%,0.03%
Bagels w/Cr.Cheese,Breakfast,FOOD,3,21,0,0.00%,21,0.03%,0.03%
CAREFREE WASH SENSITIVE 200ML ,CS Sanitary Care,NON FOOD,1,21,0,0.00%,21,0.01%,0.03%
FITA CRACKERS 150G,Biscuit & Cookies,FOOD,6,21,0,0.00%,21,0.06%,0.03%
Mash and Gravy,Extras,FOOD,3,21,0,0.00%,21,0.03%,0.03%
MUFFIN BLUEBERRY,CS Bakery,FOOD,6,21,0,0.00%,21,0.06%,0.03%
VITA COCO PEACH & MANGO 330ML,Convenience Beverages,BEVERAGE,2,21,0,0.00%,21,0.02%,0.03%
WALKERS SB CHOCO CHIPS 40G,Biscuit & Cookies,FOOD,6,21,0,0.00%,21,0.06%,0.03%
ANCHOR BUTTER UNSALTED 454G,CS Dairy ,FOOD,1,20.5,0,0.00%,20.5,0.01%,0.02%
BONNE MANAM APRICOT PRESERVE 370,CS Can & Jar Food,FOOD,1,20.5,0,0.00%,20.5,0.01%,0.02%
BONNE MANAM BLACK CURRANT JELLY ,CS Can & Jar Food,FOOD,1,20.5,0,0.00%,20.5,0.01%,0.02%
BONNE MANAM RASPBERRY PRESERVE 3,CS Can & Jar Food,FOOD,1,20.5,0,0.00%,20.5,0.01%,0.02%
JOHN WEST WHITE TUNA SOLID WATER,CS Can & Jar Food,FOOD,2,20.5,0,0.00%,20.5,0.02%,0.02%
CAREFREE ALOE 30PCS,CS Sanitary Care,NON FOOD,1,20.25,0,0.00%,20.25,0.01%,0.02%
1 Scoop Protein Powder,TOPPINGS,FOOD,4,20,0,0.00%,20,0.04%,0.02%
ADD CARAMEL DRIZZLE,Starbucks,FOOD,5,20,0,0.00%,20,0.05%,0.02%
ADD FLAVOURED SYRUP,Starbucks,FOOD,5,20,0,0.00%,20,0.05%,0.02%
AL AIN FRESH ORANGE JUICE 330ML,CS Packet Juice,BEVERAGE,5,20,0,0.00%,20,0.05%,0.02%
BEACON MARSHMALLOWS WHITE 150GM,CS Packet Food,FOOD,5,20,0,0.00%,20,0.05%,0.02%
CARTE DOR CHOCOLATE 1 SCOOP,Ice cream,FOOD,4,20,0,0.00%,20,0.04%,0.02%
DAN'S TOPICAL BLAST,Smoothies,BEVERAGE,1,20,0,0.00%,20,0.01%,0.02%
ESPRESSO MACCHIATO SINGLE,Starbucks,FOOD,2,20,0,0.00%,20,0.02%,0.02%
LARGE SPARKLING WATER PREMIUM,Water,BEVERAGE,1,20,0,0.00%,20,0.01%,0.02%
LAYS FORNO BLACK PEPPER 43GM,CS Chips & Snacks,FOOD,8,20,0,0.00%,20,0.08%,0.02%
Lungo,Nespresso,FOOD,2,20,0,0.00%,20,0.02%,0.02%
MOROCCAN LOOSE TEA,Tea,FOOD,2,20,0,0.00%,20,0.02%,0.02%
NYU RE-USABLE BAG,BAGS,NON FOOD,1,20,0,0.00%,20,0.01%,0.02%
SENCHA GREEN LOOSE TEA,Tea,FOOD,2,20,0,0.00%,20,0.02%,0.02%
SMINT CANDY GUM STRAWBERRY 14.2G,CS Mint & Gum,FOOD,5,20,0,0.00%,20,0.05%,0.02%
UNCLE BENS RICE 2KG,CS Coocking & Baking,FOOD,1,20,0,0.00%,20,0.01%,0.02%
VEG BURGER,Burgers,FOOD,1,20,0,0.00%,20,0.01%,0.02%
CORNETTO I/C LOVE COOKIE,CS Ice Cream,FOOD,3,19.5,0,0.00%,19.5,0.03%,0.02%
SAN PELLEGRINO WATER 500ML,CS Water,BEVERAGE,3,19.5,0,0.00%,19.5,0.03%,0.02%
DOVE SHOWER CUCUMBER & GREEN TEA,CS Bath & Shower,NON FOOD,1,19.25,0,0.00%,19.25,0.01%,0.02%
12 OZ SOYA WHITE CHOCO MOCHA,Coffee,FOOD,1,19,0,0.00%,19,0.01%,0.02%
16 OZ SIGNATURE HOT CHOCOLATE,Starbucks,FOOD,1,19,0,0.00%,19,0.01%,0.02%
DOVE BODY LOTION ESSENTIAL NOURI,CS Body Care,NON FOOD,1,19,0,0.00%,19,0.01%,0.02%
DOVE BODY LOTION SHEA BUTTER 250,CS Body Care,NON FOOD,1,19,0,0.00%,19,0.01%,0.02%
EGG Mayo & Spring Onion,Sandwiches,FOOD,1,19,0,0.00%,19,0.01%,0.02%
STREPSILS LEMON SUGAR FREE PACKE,CS Chocolate ,FOOD,1,19,0,0.00%,19,0.01%,0.02%
STREPSILS REGULAR PACKET,CS Chocolate ,FOOD,1,19,0,0.00%,19,0.01%,0.02%
ALL BRAN FLAKES KELLOGS 500GM,CS Cereal,FOOD,1,18.75,0,0.00%,18.75,0.01%,0.02%
SELPAK FACIAL TISSUE 100 SHEET,CS Tissue & Toilet Rolls,NON FOOD,3,18.75,0,0.00%,18.75,0.03%,0.02%
PAPILLON ROQUEFORT RED LABEL 100,CS Dairy ,FOOD,1,18.5,0,0.00%,18.5,0.01%,0.02%
AXE DEO APOLLO 150ML,CS Deodrants,NON FOOD,1,18.25,0,0.00%,18.25,0.01%,0.02%
OREO GOLDEN 16 PACK 44GM,Biscuit & Cookies,FOOD,1,18.25,0,0.00%,18.25,0.01%,0.02%
OREO ORIGINAL 16 PACK 44GM,Biscuit & Cookies,FOOD,1,18.25,0,0.00%,18.25,0.01%,0.02%
AL AIN MORNING CRANBERRY MUSELI ,CS Dairy ,FOOD,6,18,0,0.00%,18,0.06%,0.02%
Apple Green,CS Fresh Fruit,FOOD,9,18,0,0.00%,18,0.09%,0.02%
Chicken Tikka,Pizza,FOOD,3,18,0,0.00%,18,0.03%,0.02%
COKE PET 500ML,CS Soft Drinks,BEVERAGE,9,18,0,0.00%,18,0.09%,0.02%
DR OETKER H.B MUSICAL CANDLE,CS Disposable,NON FOOD,1,18,0,0.00%,18,0.01%,0.02%
Masafi Water1.5Ltr,Water,BEVERAGE,9,18,0,0.00%,18,0.09%,0.02%
Peppers,Pizza,FOOD,3,18,0,0.00%,18,0.03%,0.02%
PERRIER WATER 330ML,Water,BEVERAGE,3,18,0,0.00%,18,0.03%,0.02%
POKKA ICED TEA PEACH 500ML,CS Packet Juice,BEVERAGE,6,18,0,0.00%,18,0.06%,0.02%
Potato Wedges,Extras,FOOD,2,18,0,0.00%,18,0.02%,0.02%
SAN PELLEGRINO WATER 1000ML,CS Water,BEVERAGE,2,18,0,0.00%,18,0.02%,0.02%
SLICED BREAD BROWN JUMBO,CS Bakery,FOOD,4,18,0,0.00%,18,0.04%,0.02%
SPRITE LIGHT CAN 330ML ,CS Soft Drinks,BEVERAGE,12,18,0,0.00%,18,0.12%,0.02%
AL AIN KIWI APPLE YOGHURT 125GM,CS Dairy ,FOOD,10,17.5,0,0.00%,17.5,0.10%,0.02%
AL AIN YOGHURT FULL CREAM 170GM,CS Dairy ,FOOD,14,17.5,0,0.00%,17.5,0.14%,0.02%
ALWAYS MEGAPACK LARGE WINGS 30 P,CS Sanitary Care,NON FOOD,1,17.5,0,0.00%,17.5,0.01%,0.02%
KOKA CUP CHICKEN,CS Pasta & Noodles,FOOD,5,17.5,0,0.00%,17.5,0.05%,0.02%
KOKA CUP SEAFOOD,CS Pasta & Noodles,FOOD,5,17.5,0,0.00%,17.5,0.05%,0.02%
MUFFIN CHOCOLATE,CS Bakery,FOOD,5,17.5,0,0.00%,17.5,0.05%,0.02%
ALWAYS PANTYR LINER 40 NORMAL,CS Sanitary Care,NON FOOD,1,17.25,0,0.00%,17.25,0.01%,0.02%
BEST CAN SUPER CASHEW 110GM,CS Nuts & Seeds,FOOD,1,17.25,0,0.00%,17.25,0.01%,0.02%
SMINT POCKET WILDBERRY,CS Mint & Gum,FOOD,3,17.25,0,0.00%,17.25,0.03%,0.02%
12 OZ SIGNATURE HOT CHOCOLATE,Starbucks,FOOD,1,17,0,0.00%,17,0.01%,0.02%
BrilaArabiata400g,CS Sauce,FOOD,1,17,0,0.00%,17,0.01%,0.02%
RED LABEL INDIAN LOOSE TEA 400GM,CS Tea,FOOD,1,17,0,0.00%,17,0.01%,0.02%
ALPROSoyaMilkUnswtnd1L,CS Packet Juice,BEVERAGE,1,16.75,0,0.00%,16.75,0.01%,0.02%
BAHLSEN LEIBNIZ ZOO 100GM,Biscuit & Cookies,FOOD,3,16.5,0,0.00%,16.5,0.03%,0.02%
BEST CAN SUPER MIX NUTS 110GM,CS Nuts & Seeds,FOOD,1,16.5,0,0.00%,16.5,0.01%,0.02%
LIFEBUOY BODYWASH LEMON FRESH 30,CS Bath & Shower,NON FOOD,1,16.5,0,0.00%,16.5,0.01%,0.02%
LIFEBUOY BODYWASH NATURE 300ML,CS Bath & Shower,NON FOOD,1,16.5,0,0.00%,16.5,0.01%,0.02%
DOVE DEO BEAUTY FINISH 150ML,CS Deodrants,NON FOOD,1,16.25,0,0.00%,16.25,0.01%,0.02%
ILE DE FRANCE CHEESE PETIT BRIE ,CS Dairy ,FOOD,1,16.25,0,0.00%,16.25,0.01%,0.02%
JUNGLE OAT APPLE & CINAMON 500G,CS Cereal,FOOD,1,16.25,0,0.00%,16.25,0.01%,0.02%
KIT KAT 2 FINGERS,CS Chocolate ,FOOD,13,16.25,0,0.00%,16.25,0.13%,0.02%
12 OZ SOYA CAPPUCCINO,Coffee,FOOD,1,16,0,0.00%,16,0.01%,0.02%
ALPEN BAR FRUIT NUT 28GM,CS Cereal,FOOD,4,16,0,0.00%,16,0.04%,0.02%
Extra Cheese,Cheese,FOOD,4,16,0,0.00%,16,0.04%,0.02%
Granola,Dessert,FOOD,2,16,0,0.00%,16,0.02%,0.02%
INDOMIE PILLOW 5 PCS SATAY FRIED,CS Pasta & Noodles,FOOD,2,16,0,0.00%,16,0.02%,0.02%
MOTHER E OAT SLICE CHOCOLATE CHI,CS Dry Fruits,FOOD,1,16,0,0.00%,16,0.01%,0.02%
MOTHER E OAT SLICE RASPBERRY WHI,CS Dry Fruits,FOOD,1,16,0,0.00%,16,0.01%,0.02%
MOTHER E OAT SLICE SULTANA HONEY,CS Dry Fruits,FOOD,1,16,0,0.00%,16,0.01%,0.02%
REDBULL REGULAR,Energy Drinks,BEVERAGE,2,16,0,0.00%,16,0.02%,0.02%
SMINT CANDY GUM MINT 14.2G,CS Mint & Gum,FOOD,4,16,0,0.00%,16,0.04%,0.02%
THE BERRY CO ACAI BERRY JUICE,Packet Juice,BEVERAGE,2,16,0,0.00%,16,0.02%,0.02%
THE BERRY CO GREEN TEA ,Packet Juice,BEVERAGE,2,16,0,0.00%,16,0.02%,0.02%
KELLOGS BARS MILK CHOCO 04PCX1PK,CS Cereal,FOOD,1,15.75,0,0.00%,15.75,0.01%,0.02%
SCHIK RAZOR SILK EFFECT+,CS Womens Care,NON FOOD,1,15.75,0,0.00%,15.75,0.01%,0.02%
WEETABIX ORIGINAL 430GM,CS Cereal,FOOD,1,15.75,0,0.00%,15.75,0.01%,0.02%
ALPRO SOYA ORIGINAL1L,CS Dairy ,BEVERAGE,1,15.5,0,0.00%,15.5,0.01%,0.02%
COMFORT ORANGE ALOE VERA CONCENT,CS Laundry Care,NON FOOD,1,15.25,0,0.00%,15.25,0.01%,0.02%
AL RABIE PINEAPPLE 330ML,CS Packet Juice,BEVERAGE,6,15,0,0.00%,15,0.06%,0.02%
CastaniaPnutRostd,CS Nuts & Seeds,FOOD,2,15,0,0.00%,15,0.02%,0.02%
COKE LARGE 2.25L,CS Soft Drinks,BEVERAGE,3,15,0,0.00%,15,0.03%,0.02%
Cookie,Dessert,FOOD,3,15,0,0.00%,15,0.03%,0.02%
DOVE ROLLON BEAUTY FINISH 50ML,CS Deodrants,NON FOOD,1,15,0,0.00%,15,0.01%,0.02%
ENERGIZER AA 4 PCS,CS Others,NON FOOD,1,15,0,0.00%,15,0.01%,0.02%
ENERGIZER AAA 4 PCS,CS Others,NON FOOD,1,15,0,0.00%,15,0.01%,0.02%
MOMA CUP POREIDGE PLAIN 70GM,CS Cereal,FOOD,1,15,0,0.00%,15,0.01%,0.02%
NATURE VALLEY ROASTED ALMOND,CS Cereal,FOOD,5,15,0,0.00%,15,0.05%,0.02%
NIVEA MEN SHOWER COOL KICK 250ML,CS Bath & Shower,NON FOOD,1,15,0,0.00%,15,0.01%,0.02%
NIVEA MEN SHOWER ORIGINAL CARE 2,CS Bath & Shower,NON FOOD,1,15,0,0.00%,15,0.01%,0.02%
NIVEA MEN SHOWER VITALITY FRESH ,CS Bath & Shower,NON FOOD,1,15,0,0.00%,15,0.01%,0.02%
NIVEA SHOWER CR�ME COCONUT 250ML,CS Bath & Shower,NON FOOD,1,15,0,0.00%,15,0.01%,0.02%
REXONA DEO WOMEN B&W DIAMOND ,CS Deodrants,NON FOOD,1,15,0,0.00%,15,0.01%,0.02%
FINE TOILET ROLLS 2PLY X 10 PCS ,CS Tissue & Toilet Rolls,NON FOOD,1,14.75,0,0.00%,14.75,0.01%,0.02%
DAILY FRESH MUSTARD OIL 475ML,CS Coocking & Baking,FOOD,2,14.5,0,0.00%,14.5,0.02%,0.02%
GLADE AIR INFUSIONS LILY & JASMI,CS Air Freshner,NON FOOD,1,14.5,0,0.00%,14.5,0.01%,0.02%
JIF EASY CLEAN FLOWER BREEZE 1LI,CS Cleaning Supplies,NON FOOD,1,14.25,0,0.00%,14.25,0.01%,0.02%
MOTHER E FRUIT STICK APPLE STRAW,CS Dry Fruits,FOOD,1,14.25,0,0.00%,14.25,0.01%,0.02%
MOTHER E FRUIT STICK APRICOT 8 B,CS Dry Fruits,FOOD,1,14.25,0,0.00%,14.25,0.01%,0.02%
MOTHER E FRUIT STICK BLUEBERRY 8,CS Dry Fruits,FOOD,1,14.25,0,0.00%,14.25,0.01%,0.02%
REXONA STICK WOMEN COTTON 40GM,CS Deodrants,NON FOOD,1,14.25,0,0.00%,14.25,0.01%,0.02%
WEIGHT W BAR CHERRY CHOCOLATE 7 ,CS Cereal,FOOD,1,14.25,0,0.00%,14.25,0.01%,0.02%
AL AIN FRESH MILK 1L SKIMMED,CS Dairy ,FOOD,2,14,0,0.00%,14,0.02%,0.02%
AL MARAI FRESH MILK LOW FAT 1L,CS Dairy ,FOOD,2,14,0,0.00%,14,0.02%,0.02%
ALMARAI MILK FAT FREE1L,CS Dairy ,FOOD,2,14,0,0.00%,14,0.02%,0.02%
ALO APPEAL POMELO JUICE,Fresh Juices,FOOD,1,14,0,0.00%,14,0.01%,0.02%
ALO EXPOSED ALO JUICE,Fresh Juices,FOOD,1,14,0,0.00%,14,0.01%,0.02%
AXE SHOWER GEL DARK TEMPTATION 2,CS Bath & Shower,NON FOOD,1,14,0,0.00%,14,0.01%,0.02%
FAMILIA 50GM MUESLI CHOCO,CS Cereal,FOOD,4,14,0,0.00%,14,0.04%,0.02%
FIREFLY RECHARGE POMEGRANATE,Tea,BEVERAGE,1,14,0,0.00%,14,0.01%,0.02%
LARGE GLASS FRESH MILK,Coffee,FOOD,2,14,0,0.00%,14,0.02%,0.02%
ORGANIC TOTMATO PACKET,CS Fresh Fruit,FOOD,1,14,0,0.00%,14,0.01%,0.02%
PEPSODENT TP GERMICHECK+BRUSH 15,CS Oral Care,NON FOOD,2,14,0,0.00%,14,0.02%,0.02%
REXONA DEO COTTON 150ML,CS Deodrants,NON FOOD,1,14,0,0.00%,14,0.01%,0.02%
REXONA ROLL ON SPORT DEFENCE 50M,CS Deodrants,NON FOOD,1,14,0,0.00%,14,0.01%,0.02%
SMALL GREEN SALAD ,Salads,FOOD,2,14,0,0.00%,14,0.02%,0.02%
LIND CHERRY INTENSE100G,CS Chocolate ,FOOD,1,13.75,0,0.00%,13.75,0.01%,0.02%
BERRY CO BLUEBERRY JUICE 1L,CS Packet Juice,BEVERAGE,1,13.5,0,0.00%,13.5,0.01%,0.02%
KIT KAT 4 FINGERS,CS Chocolate ,FOOD,6,13.5,0,0.00%,13.5,0.06%,0.02%
SCHWEPPES SODA CAN 300M,CS Soft Drinks,BEVERAGE,9,13.5,0,0.00%,13.5,0.09%,0.02%
BEST 30GM SALTED CASHEWS,CS Nuts & Seeds,FOOD,4,13,0,0.00%,13,0.04%,0.02%
BOGUTTI AMERICAN COOKIES CHOCO C,Biscuit & Cookies,FOOD,2,13,0,0.00%,13,0.02%,0.02%
ClearHerbFusionWmen,CS Shampoo & Conditioner,NON FOOD,1,13,0,0.00%,13,0.01%,0.02%
CLEAR MEN COOL SPORT MENTHOL 200,CS Shampoo & Conditioner,NON FOOD,1,13,0,0.00%,13,0.01%,0.02%
CLEAR SH MEN 2 IN 1 STYLE EXPRES,CS Shampoo & Conditioner,NON FOOD,1,13,0,0.00%,13,0.01%,0.02%
CLEAR SH WOMEN INTENSE HYDRATION,CS Shampoo & Conditioner,NON FOOD,1,13,0,0.00%,13,0.01%,0.02%
CORNETTO I/C LOVE TOFFEE,CS Ice Cream,FOOD,2,13,0,0.00%,13,0.02%,0.02%
DESIAM THAI RED CURRY PASTE 70GM,CS Sauce,FOOD,2,13,0,0.00%,13,0.02%,0.02%
DR OETKER NO.1 CANDLE,CS Disposable,NON FOOD,2,13,0,0.00%,13,0.02%,0.02%
H&S SH FOR MEN 200ML,CS Shampoo & Conditioner,NON FOOD,1,13,0,0.00%,13,0.01%,0.02%
H&S SH MOISTURIZING SCALP CARE A,CS Shampoo & Conditioner,NON FOOD,1,13,0,0.00%,13,0.01%,0.02%
LADY CHOICE CHUNKY PEANUT BUTTER,CS Can & Jar Food,FOOD,1,13,0,0.00%,13,0.01%,0.02%
REXONA ROLLON MEN QUANTUM 50ML,CS Deodrants,NON FOOD,1,13,0,0.00%,13,0.01%,0.02%
VOLVIC WATER 500ML,Water,BEVERAGE,2,13,0,0.00%,13,0.02%,0.02%
CLEARLY SCRUMPTIOUS GOLDEN BERRI,CS Dry Fruits,FOOD,1,12.75,0,0.00%,12.75,0.01%,0.02%
DR OETEKER PARTY CANDLE,CS Disposable,NON FOOD,1,12.75,0,0.00%,12.75,0.01%,0.02%
DR OETKER CELEBRATION CANDLE,CS Disposable,NON FOOD,1,12.75,0,0.00%,12.75,0.01%,0.02%
FA SHOWER GEL ACTIVE SPORT GINKG,CS Hair Styling & Spray,NON FOOD,1,12.75,0,0.00%,12.75,0.01%,0.02%
FA SHOWER GEL YOGHURT COCONUT 25,CS Bath & Shower,NON FOOD,1,12.75,0,0.00%,12.75,0.01%,0.02%
LIPTON PYRAMID FOREST FRUIT TEA,CS Tea,FOOD,1,12.75,0,0.00%,12.75,0.01%,0.02%
AL RABIE MANGO PASSION 330ML,CS Fresh Juice,BEVERAGE,5,12.5,0,0.00%,12.5,0.05%,0.01%
CAREFREE COTTON EXTRACT FRESH 20,CS Sanitary Care,NON FOOD,1,12.5,0,0.00%,12.5,0.01%,0.01%
LAYS CHILI 185GM,CS Chips & Snacks,FOOD,2,12.5,0,0.00%,12.5,0.02%,0.01%
LAYS FRENCH CHEESE 185GM,CS Chips & Snacks,FOOD,2,12.5,0,0.00%,12.5,0.02%,0.01%
LAYS TOMATO KETCHUP 185GM,CS Chips & Snacks,FOOD,2,12.5,0,0.00%,12.5,0.02%,0.01%
LUX SUNLIGHT LEMON 400ML,CS Dishwashing,NON FOOD,2,12.5,0,0.00%,12.5,0.02%,0.01%
MENTOS CHEWY MINT 30GM,CS Mint & Gum,FOOD,10,12.5,0,0.00%,12.5,0.10%,0.01%
DOVE HAIR CONDITIONER MOISTURIZI,CS Shampoo & Conditioner,NON FOOD,1,12.25,0,0.00%,12.25,0.01%,0.01%
ADD CARAMEL DRIZZLE,Starbucks,FOOD,3,12,0,0.00%,12,0.03%,0.01%
BARILA CANELONI 250g,CS Pasta & Noodles,FOOD,1,12,0,0.00%,12,0.01%,0.01%
BEACON MARSHMALLOWS PINK & WHITE,CS Packet Food,FOOD,3,12,0,0.00%,12,0.03%,0.01%
Beef Noodle Soup,Soup ,FOOD,1,12,0,0.00%,12,0.01%,0.01%
Best SaltedCashew30g,Peannuts,FOOD,4,12,0,0.00%,12,0.04%,0.01%
Cappuccino,Nespresso,FOOD,3,12,0,0.00%,12,0.03%,0.01%
COKE CAN 300ML,CS Soft Drinks,BEVERAGE,8,12,0,0.00%,12,0.08%,0.01%
COKE LIGHT PET 500ML,CS Soft Drinks,BEVERAGE,6,12,0,0.00%,12,0.06%,0.01%
CROISSANT CHEESE,CS Bakery,FOOD,6,12,0,0.00%,12,0.06%,0.01%
DOVE SH DAMAGE COLOUR CARE 200ML,CS Shampoo & Conditioner,NON FOOD,1,12,0,0.00%,12,0.01%,0.01%
Fanta,Softdrinks,BEVERAGE,3,12,0,0.00%,12,0.03%,0.01%
FANTA STRAWBERRY CAN,Softdrinks,BEVERAGE,3,12,0,0.00%,12,0.03%,0.01%
FOUNTAIN SODA LARGE,Softdrinks,BEVERAGE,4,12,0,0.00%,12,0.04%,0.01%
GATORADE BLUE BOLT,Energy Drinks,BEVERAGE,1,12,0,0.00%,12,0.01%,0.01%
GATORADE LEMON,Energy Drinks,BEVERAGE,1,12,0,0.00%,12,0.01%,0.01%
GLAD GARBAGE BAG MEDIUM 35L X 30,CS Tissue & Toilet Rolls,NON FOOD,1,12,0,0.00%,12,0.01%,0.01%
GranAppleCunch,CS Cereal,FOOD,4,12,0,0.00%,12,0.04%,0.01%
HONEY & MUSTARD SAUCE,Extras,FOOD,6,12,0,0.00%,12,0.06%,0.01%
LABELLO ORIGINAL CLASSIC CARE 4.,CS Facial Care,NON FOOD,1,12,0,0.00%,12,0.01%,0.01%
LAYS 40GM TOMATO KETCHUP,CS Chips & Snacks,FOOD,6,12,0,0.00%,12,0.06%,0.01%
LAYS SALT & VINEGAR 40G,CHIPS,FOOD,3,12,0,0.00%,12,0.03%,0.01%
Lemon Drizzle,Dessert,FOOD,1,12,0,0.00%,12,0.01%,0.01%
LUX BW DREAM DELIGHT 250ML,CS Bath & Shower,NON FOOD,1,12,0,0.00%,12,0.01%,0.01%
MINI CARROT CAKE,Dessert,FOOD,1,12,0,0.00%,12,0.01%,0.01%
Pesto Chicken,SAUCE,FOOD,1,12,0,0.00%,12,0.01%,0.01%
SCHOGETTEN CAPPUCCINO 100G,CS Chocolate ,FOOD,2,12,0,0.00%,12,0.02%,0.01%
Short Bread,Dessert,FOOD,1,12,0,0.00%,12,0.01%,0.01%
SLICED BREAD WHITE JUMBO,CS Bakery,FOOD,3,12,0,0.00%,12,0.03%,0.01%
SMINT CANDY GUM PEPPERMINT 14.2G,CS Mint & Gum,FOOD,3,12,0,0.00%,12,0.03%,0.01%
SMINT POCKET LEMON ,CS Mint & Gum,FOOD,2,12,0,0.00%,12,0.02%,0.01%
SNAPPLES FRUIT PUNCH,Fresh Juices,BEVERAGE,1,12,0,0.00%,12,0.01%,0.01%
BAYARA MIXED NUTS 300GM,CS Nuts & Seeds,FOOD,1,11.75,0,0.00%,11.75,0.01%,0.01%
Dol Ex Onion&Garlic Sauce 500g,CS Sauce,FOOD,1,11.5,0,0.00%,11.5,0.01%,0.01%
BAYARA SALTED PISTACHIOS 50GM,CS Dry Fruits,FOOD,3,11.25,0,0.00%,11.25,0.03%,0.01%
CDMFrt&NutCdbry230g,CS Chocolate ,FOOD,1,11,0,0.00%,11,0.01%,0.01%
FARM FRESH EGGS WHITE 15PCS,CS Eggs,FOOD,1,11,0,0.00%,11,0.01%,0.01%
GROWERS PACKET HONEY PEANUTS,CS Nuts & Seeds,FOOD,2,11,0,0.00%,11,0.02%,0.01%
LIFEBUOY HW TOTAL 10 200ML,CS Soap & Handwash,NON FOOD,1,11,0,0.00%,11,0.01%,0.01%
PANTENE SH MOISTURE RENEWAL 200M,CS Shampoo & Conditioner,NON FOOD,1,11,0,0.00%,11,0.01%,0.01%
PANTENE SH SHEER VOLUME 200ML,CS Shampoo & Conditioner,NON FOOD,1,11,0,0.00%,11,0.01%,0.01%
SNAPPLE FRUIT PUNCH JUICE,CS Packet Juice,BEVERAGE,2,11,0,0.00%,11,0.02%,0.01%
Sugar Granul2Kg ,CS Coocking & Baking,FOOD,1,11,0,0.00%,11,0.01%,0.01%
TAMPAX REGULAR,CS Sanitary Care,NON FOOD,1,11,0,0.00%,11,0.01%,0.01%
BAYARA EXTRA MIXED NUTS 150GM,CS Nuts & Seeds,FOOD,1,10.75,0,0.00%,10.75,0.01%,0.01%
YUM YUM CRUNCHY PEANUT BUTTER 40,CS Dairy ,FOOD,1,10.75,0,0.00%,10.75,0.01%,0.01%
"BUN BREAD SEASAME 4"" 6 PCS",CS Bakery,FOOD,3,10.5,0,0.00%,10.5,0.03%,0.01%
EMMENTHAL CHEESE GRATED 150G,CS Dairy ,FOOD,1,10.5,0,0.00%,10.5,0.01%,0.01%
Ferrarelle 330Ml ,CS Water,BEVERAGE,2,10.5,0,0.00%,10.5,0.02%,0.01%
MANI SWEET COCKTAIL NUTS FRUIT 4,CS Dry Fruits,FOOD,2,10.5,0,0.00%,10.5,0.02%,0.01%
SCHOGETTEN PRALINE NOISETTES 100,CS Chocolate ,FOOD,2,10.5,0,0.00%,10.5,0.02%,0.01%
SCHWEPPES BITTER LEMON 300M,CS Soft Drinks,BEVERAGE,7,10.5,0,0.00%,10.5,0.07%,0.01%
SCHWEPPES GINGER ALE 300M,CS Soft Drinks,BEVERAGE,7,10.5,0,0.00%,10.5,0.07%,0.01%
SLIM PASTA SPAGHETTI 270GM,CS Pasta & Noodles,FOOD,1,10.25,0,0.00%,10.25,0.01%,0.01%
CARTE DOR CARAMEL 1 SCOOP,Ice cream,FOOD,2,10,0,0.00%,10,0.02%,0.01%
CARTE DOR S.BERRY 1 SCOOP,Ice cream,FOOD,2,10,0,0.00%,10,0.02%,0.01%
COKE LIGHT LARGE 2.25L,CS Soft Drinks,BEVERAGE,2,10,0,0.00%,10,0.02%,0.01%
CORNETTO I/C CLASSICO CREAM,CS Ice Cream,FOOD,2,10,0,0.00%,10,0.02%,0.01%
CROISSANT ZATAR,CS Bakery,FOOD,4,10,0,0.00%,10,0.04%,0.01%
DOUGHNUT CHOCOLATE,CS Bakery,FOOD,4,10,0,0.00%,10,0.04%,0.01%
Fresh Pineapple Juice,Fresh Juices,BEVERAGE,1,10,0,0.00%,10,0.01%,0.01%
Green Tea,Tea,FOOD,1,10,0,0.00%,10,0.01%,0.01%
JASMINE GREEN LOOSE TEA,Tea,FOOD,1,10,0,0.00%,10,0.01%,0.01%
LABELLO SUN PROTECTION SPF 30 4.,CS Facial Care,NON FOOD,1,10,0,0.00%,10,0.01%,0.01%
Lemon,CS Fresh Vegatables,FOOD,5,10,0,0.00%,10,0.05%,0.01%
MentoFruitLime,CS Mint & Gum,FOOD,2,10,0,0.00%,10,0.02%,0.01%
MIXED NUT & CEREAL 8 OZ,Peannuts,FOOD,1,10,0,0.00%,10,0.01%,0.01%
PEPPERMEIN LOOSE TEA,Tea,FOOD,1,10,0,0.00%,10,0.01%,0.01%
PEPSI LARGE 2.25L,CS Soft Drinks,BEVERAGE,2,10,0,0.00%,10,0.02%,0.01%
SCHOGETTEN STRAWBERRY YOGURT100G,CS Chocolate ,FOOD,2,10,0,0.00%,10,0.02%,0.01%
SILVER SWAN JASMINE RICE 1KG,CS Coocking & Baking,FOOD,1,10,0,0.00%,10,0.01%,0.01%
ALMARAI JAR CREAM SPREAD CHEESE ,CS Dairy ,FOOD,1,9.75,0,0.00%,9.75,0.01%,0.01%
CLOSEUP FIRE FREEZE INTENSE 100M,CS Oral Care,NON FOOD,1,9.75,0,0.00%,9.75,0.01%,0.01%
VOCHELLE BLOCK DAIRY MILK 180G,CS Chocolate ,FOOD,1,9.75,0,0.00%,9.75,0.01%,0.01%
BEST CAN MIXED NUTS 110GM,CS Nuts & Seeds,FOOD,1,9.5,0,0.00%,9.5,0.01%,0.01%
LIPTON EARL GREY 25 TB,CS Tea,FOOD,1,9.5,0,0.00%,9.5,0.01%,0.01%
LUX SUNLIGHT LEMON 750ML,CS Dishwashing,NON FOOD,1,9.5,0,0.00%,9.5,0.01%,0.01%
OREO MINI CUP 115GM,CS Food,FOOD,1,9.5,0,0.00%,9.5,0.01%,0.01%
SCRUMMIES BLUEBERRY CRANBERRIES ,CS Dry Fruits,FOOD,2,9.5,0,0.00%,9.5,0.02%,0.01%
JOHN WEST WHITE TUNA SUNFLOWER O,CS Coocking & Baking,FOOD,1,9.25,0,0.00%,9.25,0.01%,0.01%
BEST 13GM ALMOND,CS Nuts & Seeds,FOOD,5,9,0,0.00%,9,0.05%,0.01%
Canadian Maple Syrup,Cereal Bar,FOOD,3,9,0,0.00%,9,0.03%,0.01%
COKE ZERO CAN 300M,CS Soft Drinks,BEVERAGE,6,9,0,0.00%,9,0.06%,0.01%
DOUGHNUT ICING WHITE,CS Bakery,FOOD,6,9,0,0.00%,9,0.06%,0.01%
GALAXY HAZELNUT 40GM,CS Chocolate ,FOOD,3,9,0,0.00%,9,0.03%,0.01%
LACNOR PEACH 180ML,CS Packet Juice,BEVERAGE,6,9,0,0.00%,9,0.06%,0.01%
RiceKrispiesCMB20g,CS Cereal,FOOD,3,9,0,0.00%,9,0.03%,0.01%
SIGNALC8AGold120M,CS Oral Care,NON FOOD,1,9,0,0.00%,9,0.01%,0.01%
A/G GREEN BEANS CUT 14.5OZ,CS Can & Jar Food,FOOD,2,8.5,0,0.00%,8.5,0.02%,0.01%
BAYARA SALTED PEANUTS 300GM,CS Dry Fruits,FOOD,2,8.5,0,0.00%,8.5,0.02%,0.01%
CLOSE UP DEEP ACTION120ml,CS Oral Care,NON FOOD,1,8.5,0,0.00%,8.5,0.01%,0.01%
FUNHAPBRTHDYBAL,CS Disposable,NON FOOD,1,8.5,0,0.00%,8.5,0.01%,0.01%
HERING HOT TOM200g,CS Sauce,FOOD,1,8.5,0,0.00%,8.5,0.01%,0.01%
LifebuoyAbWetWipes,CS Tissue & Toilet Rolls,NON FOOD,1,8.5,0,0.00%,8.5,0.01%,0.01%
PEPSODENT TP CENTER FRESH 150G,CS Oral Care,NON FOOD,1,8.5,0,0.00%,8.5,0.01%,0.01%
Add Mini PastryCombo,Dessert,FOOD,8,8,0,0.00%,8,0.08%,0.01%
ADD WHIPPED CREAM,Starbucks,FOOD,2,8,0,0.00%,8,0.02%,0.01%
AL AIN FRESH MANGO JUICE 330ML,CS Packet Juice,BEVERAGE,1,8,0,0.00%,8,0.01%,0.01%
CAPRISUN MANGO,CS Packet Juice,BEVERAGE,8,8,0,0.00%,8,0.08%,0.01%
COCONUT WATER CAN,Packet Juice,BEVERAGE,2,8,0,0.00%,8,0.02%,0.01%
Fresh Carrot & Orange,Fresh Juices,BEVERAGE,1,8,0,0.00%,8,0.01%,0.01%
Fresh Orange Juice,Fresh Juices,BEVERAGE,1,8,0,0.00%,8,0.01%,0.01%
FUN PLASTIC PLATE FUCHSIA 10PCS ,CS Disposable,NON FOOD,1,8,0,0.00%,8,0.01%,0.01%
FUN WOODEN FORK 25PCS,CS Disposable,NON FOOD,2,8,0,0.00%,8,0.02%,0.01%
FUN WOODEN SPOON 25PCS,CS Disposable,NON FOOD,2,8,0,0.00%,8,0.02%,0.01%
INDOMIE PILLOW 5 PCS CHICKEN,CS Pasta & Noodles,FOOD,1,8,0,0.00%,8,0.01%,0.01%
JASMINE ICED TEA,Tea,FOOD,1,8,0,0.00%,8,0.01%,0.01%
KNORR CUP SOUP TOMATO 4 SACHET,CS Packet Food,FOOD,1,8,0,0.00%,8,0.01%,0.01%
Lacnor Low Fat Milk 1L,CS Dairy ,BEVERAGE,2,8,0,0.00%,8,0.02%,0.01%
LifebyHndSnitzrHul55m,CS Soap & Handwash,NON FOOD,1,8,0,0.00%,8,0.01%,0.01%
LIPTON PEACH ICED TEA,Tea,BEVERAGE,2,8,0,0.00%,8,0.02%,0.01%
MANGO ICED TEA,Tea,FOOD,1,8,0,0.00%,8,0.01%,0.01%
Pain an Raisin,Dessert,FOOD,1,8,0,0.00%,8,0.01%,0.01%
PEPSI DIET CAN,Softdrinks,BEVERAGE,2,8,0,0.00%,8,0.02%,0.01%
POKKA PEACH ICED TEA CAN,Packet Juice,BEVERAGE,2,8,0,0.00%,8,0.02%,0.01%
Portion Starch,Main course,FOOD,1,8,0,0.00%,8,0.01%,0.01%
SPRITE CAN,Softdrinks,BEVERAGE,2,8,0,0.00%,8,0.02%,0.01%
SUBSTITUTE SOYA ALMOND,Soya Milk,FOOD,2,8,0,0.00%,8,0.02%,0.01%
SUPREME CEYLON TEA BAG,Tea,FOOD,1,8,0,0.00%,8,0.01%,0.01%
THE BERRY CO GOJI BERRY JUICE,Packet Juice,BEVERAGE,1,8,0,0.00%,8,0.01%,0.01%
Veg Fried Rice,Main course,FOOD,1,8,0,0.00%,8,0.01%,0.01%
TABASCO PEPPER SAUCE BOTTLE,CS Sauce,FOOD,1,7.75,0,0.00%,7.75,0.01%,0.01%
AM Chd Sli 200,CS Dairy ,FOOD,1,7.5,0,0.00%,7.5,0.01%,0.01%
KOKA PILLOW 5 PCS SPICY STIR FRY,CS Pasta & Noodles,FOOD,1,7.5,0,0.00%,7.5,0.01%,0.01%
FUN PLASTIC KNIFE PLUM 18PCS,CS Disposable,NON FOOD,1,7.25,0,0.00%,7.25,0.01%,0.01%
AMLacto Free Milk 1L,CS Dairy ,FOOD,1,7,0,0.00%,7,0.01%,0.01%
BREAD ROLL ENGLISH BROWN,CS Bakery,FOOD,2,7,0,0.00%,7,0.02%,0.01%
"BUN BREAD PLAIN 4"" 6 PCS",CS Bakery,FOOD,2,7,0,0.00%,7,0.02%,0.01%
KOKA CUP SPICY SHRIMP,CS Pasta & Noodles,FOOD,2,7,0,0.00%,7,0.02%,0.01%
Tide HS MB260g ,CS Laundry Care,NON FOOD,2,7,0,0.00%,7,0.02%,0.01%
SIGNAL TOOTHPASTE FRESH GREEN 12,CS Oral Care,NON FOOD,1,6.75,0,0.00%,6.75,0.01%,0.01%
AL RABIE ORANGE PEACH 330ML,Fresh Juices,BEVERAGE,2,6.5,0,0.00%,6.5,0.02%,0.01%
BAYARA BEEF STEAK PEPPER BOTTLE ,CS Spices & Herbs,FOOD,1,6.5,0,0.00%,6.5,0.01%,0.01%
BOGUTTI AMERICAN COOKIES HAZELNU,Biscuit & Cookies,FOOD,1,6.5,0,0.00%,6.5,0.01%,0.01%
GALAXY SMOOTH MILK 40GM,CS Chocolate ,FOOD,2,6.5,0,0.00%,6.5,0.02%,0.01%
JOHN WEST LIGHT TUNA CHUNK OIL 1,CS Can & Jar Food,FOOD,1,6.25,0,0.00%,6.25,0.01%,0.01%
LAYS SALT VINEGAR 185GM,CS Chips & Snacks,FOOD,1,6.25,0,0.00%,6.25,0.01%,0.01%
Best Salted Peanut30g,Peannuts,FOOD,2,6,0,0.00%,6,0.02%,0.01%
COKE LIGHT CAN 300ML,CS Soft Drinks,BEVERAGE,4,6,0,0.00%,6,0.04%,0.01%
CROISSANT HI BUTTER CHEESE,CS Bakery,FOOD,2,6,0,0.00%,6,0.02%,0.01%
Extra Cheese,Cheese,FOOD,2,6,0,0.00%,6,0.02%,0.01%
FOUNTAIN SODA SMALL,Softdrinks,BEVERAGE,3,6,0,0.00%,6,0.03%,0.01%
Khubus Bread,Breakfast,FOOD,3,6,0,0.00%,6,0.03%,0.01%
Lacnor Cocktail180ML,Fresh Juices,FOOD,4,6,0,0.00%,6,0.04%,0.01%
NATURE VALLEY CANADIAN MAPLE SYR,CS Cereal,FOOD,2,6,0,0.00%,6,0.02%,0.01%
Nutra Van90gm,Biscuit & Cookies,FOOD,3,6,0,0.00%,6,0.03%,0.01%
NutroChoco90g,Biscuit & Cookies,FOOD,3,6,0,0.00%,6,0.03%,0.01%
PEPSI DIET 500ML,Softdrinks,BEVERAGE,1,6,0,0.00%,6,0.01%,0.01%
Pineapple,Pizza,FOOD,1,6,0,0.00%,6,0.01%,0.01%
POKKA LEMON ICED TEA 330ML,CS Soft Drinks,BEVERAGE,2,6,0,0.00%,6,0.02%,0.01%
POKKA PEACH ICED TEA 330ML,CS Soft Drinks,BEVERAGE,2,6,0,0.00%,6,0.02%,0.01%
Rainbow Low Fat 160ml,CS Dairy ,FOOD,2,6,0,0.00%,6,0.02%,0.01%
SCHWEPPES TONIC WATER CAN 300M,CS Soft Drinks,BEVERAGE,4,6,0,0.00%,6,0.04%,0.01%
SPRITE PET 500ML,Softdrinks,BEVERAGE,1,6,0,0.00%,6,0.01%,0.01%
GYMA DIJON MUSTARD 200G,CS Sauce,FOOD,1,5.5,0,0.00%,5.5,0.01%,0.01%
MANI 20G ALMONDS SMOKED BBQ,CS Dry Fruits,FOOD,2,5.5,0,0.00%,5.5,0.02%,0.01%
MODERN BAKE MANGO PISTA ENERGY B,CS Cereal,FOOD,1,5.5,0,0.00%,5.5,0.01%,0.01%
VOCHELLE DARK CHOC ALMOND 90G,CS Chocolate ,FOOD,1,5.5,0,0.00%,5.5,0.01%,0.01%
VOCHELLE DARK CHOC PLAIN 90G,CS Chocolate ,FOOD,1,5.5,0,0.00%,5.5,0.01%,0.01%
AL AIN PINEAPPLE YOGHURT 125GM,CS Dairy ,FOOD,3,5.25,0,0.00%,5.25,0.03%,0.01%
BAYARA BLACK PEPPER POWDER BOTTL,CS Spices & Herbs,FOOD,1,5.25,0,0.00%,5.25,0.01%,0.01%
MANI PISTACHIOS SALT PEPPER 40G,CS Dry Fruits,FOOD,1,5.25,0,0.00%,5.25,0.01%,0.01%
A/G PLAIN BREAD CRUMBS 10OZ,CS Can & Jar Food,FOOD,1,5,0,0.00%,5,0.01%,0.01%
CARTE DOR BANANA 1 SCOOP,Ice cream,FOOD,1,5,0,0.00%,5,0.01%,0.01%
CARTE DOR LEMON SORBET 1 SCOOP,Ice cream,FOOD,1,5,0,0.00%,5,0.01%,0.01%
CORNETTO I/C CLASSICO CHOCOLATE,CS Ice Cream,FOOD,1,5,0,0.00%,5,0.01%,0.01%
FANTA LARGE 2.25L,CS Soft Drinks,BEVERAGE,1,5,0,0.00%,5,0.01%,0.01%
FUN WHISTLE BALOON 6PCS,CS Disposable,NON FOOD,1,5,0,0.00%,5,0.01%,0.01%
GATORADE TOPICL FRUIT PET 500ML,CS Sports & Energy Drinks,BEVERAGE,1,5,0,0.00%,5,0.01%,0.01%
Kit Kat,Chocolate,FOOD,1,5,0,0.00%,5,0.01%,0.01%
LAYS FORNO CHEESE 43G,CHIPS,FOOD,1,5,0,0.00%,5,0.01%,0.01%
SPRITE LARGE 2.25L,CS Soft Drinks,BEVERAGE,1,5,0,0.00%,5,0.01%,0.01%
WHOLE FRUIT,Dessert,FOOD,1,5,0,0.00%,5,0.01%,0.01%
BAHLSEN LEIBNIZ,Biscuit & Cookies,FOOD,1,4.5,0,0.00%,4.5,0.01%,0.01%
KNORR PACKET GOURMET WILD MUSHRO,CS Packet Food,FOOD,1,4.5,0,0.00%,4.5,0.01%,0.01%
LacnorOrange180ML ,CS Packet Juice,BEVERAGE,3,4.5,0,0.00%,4.5,0.03%,0.01%
PEPSI CAN 355ML ,CS Soft Drinks,BEVERAGE,3,4.5,0,0.00%,4.5,0.03%,0.01%
BAYARA SALAD MIX BOTTLE 100ML,CS Spices & Herbs,FOOD,1,4.25,0,0.00%,4.25,0.01%,0.01%
ADD WHIPPED CREAM,Starbucks,FOOD,1,4,0,0.00%,4,0.01%,0.00%
AL RABIE APPLE 330ML,Fresh Juices,BEVERAGE,1,4,0,0.00%,4,0.01%,0.00%
BAYARA PARSLEY BOTTLE 100ML,CS Spices & Herbs,FOOD,1,4,0,0.00%,4,0.01%,0.00%
BBQ SAUCE,Extras,FOOD,2,4,0,0.00%,4,0.02%,0.00%
CLOROX SPONGE SCOURER 1PCS,CS Cleaning Supplies,NON FOOD,1,4,0,0.00%,4,0.01%,0.00%
Coca Cola Light Can,Softdrinks,BEVERAGE,1,4,0,0.00%,4,0.01%,0.00%
Coke Zero,Softdrinks,BEVERAGE,1,4,0,0.00%,4,0.01%,0.00%
D Sprite,Softdrinks,BEVERAGE,1,4,0,0.00%,4,0.01%,0.00%
EXTRA PELLET WHITE GUM,CS Mint & Gum,FOOD,2,4,0,0.00%,4,0.02%,0.00%
FacialTissuewhit,CS Tissue & Toilet Rolls,NON FOOD,2,4,0,0.00%,4,0.02%,0.00%
FANTA ORANGE CAN,Softdrinks,BEVERAGE,1,4,0,0.00%,4,0.01%,0.00%
GLASS OF MILK,Milk,FOOD,1,4,0,0.00%,4,0.01%,0.00%
LAYS KETCHUP 40G,CHIPS,FOOD,1,4,0,0.00%,4,0.01%,0.00%
LAYS SALT 40G,CHIPS,FOOD,1,4,0,0.00%,4,0.01%,0.00%
Mountain Dew,Softdrinks,BEVERAGE,1,4,0,0.00%,4,0.01%,0.00%
PEPSI DIET PET 500M,CS Soft Drinks,BEVERAGE,2,4,0,0.00%,4,0.02%,0.00%
SPRITE PET 500ML,CS Soft Drinks,BEVERAGE,2,4,0,0.00%,4,0.02%,0.00%
STILL WATER REG,Water,BEVERAGE,2,4,0,0.00%,4,0.02%,0.00%
MENTOS ICE CHERRY MINT 10G,CS Mint & Gum,FOOD,3,3.75,0,0.00%,3.75,0.03%,0.00%
KOKA CUP BEEF,CS Pasta & Noodles,FOOD,1,3.5,0,0.00%,3.5,0.01%,0.00%
KOKA CUP CHICKEN CORN,CS Pasta & Noodles,FOOD,1,3.5,0,0.00%,3.5,0.01%,0.00%
LUX BAR CREAMY PERFECTION 120GM,CS Soap & Handwash,NON FOOD,1,3.5,0,0.00%,3.5,0.01%,0.00%
VOLVIC WATER 330ML,CS Water,BEVERAGE,1,3.5,0,0.00%,3.5,0.01%,0.00%
WALKERS SB HIGHLANDERS 40G,Biscuit & Cookies,FOOD,1,3.5,0,0.00%,3.5,0.01%,0.00%
7 UP CAN 355 ML,CS Soft Drinks,BEVERAGE,2,3,0,0.00%,3,0.02%,0.00%
AL AIN MORNING BLACKBERRY MUSELI,CS Dairy ,FOOD,1,3,0,0.00%,3,0.01%,0.00%
CROISSANT PLAIN,CS Bakery,FOOD,2,3,0,0.00%,3,0.02%,0.00%
DOUGHNUT JAM,CS Bakery,FOOD,2,3,0,0.00%,3,0.02%,0.00%
LacnorMango180ML ,CS Packet Juice,BEVERAGE,2,3,0,0.00%,3,0.02%,0.00%
LACNOR MILK BANANA 180ML,CS Packet Juice,BEVERAGE,2,3,0,0.00%,3,0.02%,0.00%
LACNOR PINEAPPLE180ml,CS Packet Juice,BEVERAGE,2,3,0,0.00%,3,0.02%,0.00%
NATURE VALLEY APPLE CRIS,CS Cereal,FOOD,1,3,0,0.00%,3,0.01%,0.00%
Roasted Almond ,Cereal Bar,FOOD,1,3,0,0.00%,3,0.01%,0.00%
SPRITE CAN 355ML,CS Soft Drinks,BEVERAGE,2,3,0,0.00%,3,0.02%,0.00%
BAYARA GRAM FLOUR 400GM,CS Coocking & Baking,FOOD,1,2.75,0,0.00%,2.75,0.01%,0.00%
PERRIER WATER SLIM CAN 250ML,Convenience Beverages,BEVERAGE,1,2.75,0,0.00%,2.75,0.01%,0.00%
ALMARAI CUSTARD VANILLA 100G,CS Dairy ,FOOD,2,2.5,0,0.00%,2.5,0.02%,0.00%
CLOROX HEAVY DUTY SCOURER 1PCS,CS Cleaning Supplies,NON FOOD,1,2.5,0,0.00%,2.5,0.01%,0.00%
MENTOS ICE SPEARMINT 10G,CS Mint & Gum,FOOD,2,2.5,0,0.00%,2.5,0.02%,0.00%
BAYARA RICE POWDER 400GM,CS Coocking & Baking,FOOD,1,2.25,0,0.00%,2.25,0.01%,0.00%
CAPRISUN APPLE,CS Packet Juice,BEVERAGE,2,2,0,0.00%,2,0.02%,0.00%
CAPRISUN MIXED FRUIT,CS Packet Juice,BEVERAGE,2,2,0,0.00%,2,0.02%,0.00%
CAPRISUN STRAWBERY ,CS Packet Juice,BEVERAGE,2,2,0,0.00%,2,0.02%,0.00%
COKE ZERO PET 500ML,CS Soft Drinks,BEVERAGE,1,2,0,0.00%,2,0.01%,0.00%
DOUGHNUT PLAIN,CS Bakery,FOOD,1,2,0,0.00%,2,0.01%,0.00%
FANTA PET 500ML,CS Soft Drinks,BEVERAGE,1,2,0,0.00%,2,0.01%,0.00%
Peach ,CS Fresh Fruit,FOOD,1,2,0,0.00%,2,0.01%,0.00%
THOUSAND ISALND SAUCE,Extras,FOOD,1,2,0,0.00%,2,0.01%,0.00%
Comb Large ,CS Others,NON FOOD,1,1.75,0,0.00%,1.75,0.01%,0.00%
SUPER GLUE 3G,CS Others,NON FOOD,1,1.75,0,0.00%,1.75,0.01%,0.00%
AlAinYogLFat170g,CS Dairy ,FOOD,1,1.5,0,0.00%,1.5,0.01%,0.00%
FANTA STRAWBERRY 355M,CS Soft Drinks,BEVERAGE,1,1.5,0,0.00%,1.5,0.01%,0.00%
LACNOR JUICE STRAWBERRY 180ML,CS Packet Juice,BEVERAGE,1,1.5,0,0.00%,1.5,0.01%,0.00%
LACNOR MILK CHOCOLATE 180ML,CS Packet Juice,BEVERAGE,1,1.5,0,0.00%,1.5,0.01%,0.00%
LACNOR PEACH 180ml,CS Packet Juice,BEVERAGE,1,1.5,0,0.00%,1.5,0.01%,0.00%
MOUNTAIN DEW CAN 335ML ,CS Soft Drinks,BEVERAGE,1,1.5,0,0.00%,1.5,0.01%,0.00%
CAPRISUN PINEAPPLE,CS Packet Juice,BEVERAGE,1,1,0,0.00%,1,0.01%,0.00%
COMB ROUND,CS Others,NON FOOD,1,0.75,0,0.00%,0.75,0.01%,0.00%
SAFETY MATCH STICK BOX 2PCS,CS Others,NON FOOD,1,0.5,0,0.00%,0.5,0.01%,0.00%
Espresso,Nespresso,FOOD,2,0,0,0.00%,0,0.02%,0.00%
Espresso Macchiato,Nespresso,FOOD,1,0,0,0.00%,0,0.01%,0.00%
TOTAL*,,,"8,515","83,588.00",0,0.00%,"83,588.00",83.27%,100.00%
,,,,,,,,,
