Menu Engineering Items Summary,,,,,,,,,
,,,,,,,,,
Business Dates,11/23/2015,,,,,,,,
Locations,"DEMO,UAE",,,,,,,,
Revenue Centers,All,,,,,,,,
Menu Items,All,,,,,,,,
,,,,,,,,,
Menu Item Name,Family Group,Major Group,Qty Sold,Net Sales,Prep Cost,Cost %,Margin Less Item Disc,% Qty,% Margin
Stud Meal Combo,Main course,FOOD,213,"6,390.00",0,0.00%,"6,390.00",1.93%,6.85%
GLOBAL STREET MAIN,Main course,FOOD,146,"3,692.00",0,0.00%,"3,692.00",1.32%,3.96%
Open Food,Open Food,FOOD,9,"2,978.00",0,0.00%,"2,978.00",0.08%,3.19%
Student Breakfast,Breakfast,FOOD,83,"2,490.00",0,0.00%,"2,490.00",0.75%,2.67%
MARINATED SALMON STEAK,Grill,FOOD,81,"2,430.00",0,0.00%,"2,430.00",0.73%,2.61%
CHICKEN MEAL ,Main course,FOOD,88,"2,200.00",0,0.00%,"2,200.00",0.80%,2.36%
Buffet Meal,Main course,FOOD,76,"1,518.00",0,0.00%,"1,518.00",0.69%,1.63%
SERCO LUNCH,SERCO LUNCH,FOOD,84,"1,260.00",0,0.00%,"1,260.00",0.76%,1.35%
FG LARGE BOWL,FEEL GOOD,FOOD,46,"1,170.00",0,0.00%,"1,170.00",0.42%,1.25%
Classic Angus Burger,Burgers,FOOD,31,930,0,0.00%,930,0.28%,1.00%
BBQ Glazed Chicken,Sandwiches,FOOD,43,903,0,0.00%,903,0.39%,0.97%
BEEF MEAL,Main course,FOOD,34,850,0,0.00%,850,0.31%,0.91%
BUTTER FLY CHICKEN BREAST ,Grill,FOOD,35,840,0,0.00%,840,0.32%,0.90%
CHICKEN ROCQUET CHEESE S/W,Sandwiches,FOOD,28,840,0,0.00%,840,0.25%,0.90%
MEAT PLATTER,Main course,FOOD,28,840,0,0.00%,840,0.25%,0.90%
Take Away Box,Take Away Boxes,NON FOOD,269,807,0,0.00%,807,2.44%,0.87%
Two Eggs ,Breakfast,FOOD,159,795,0,0.00%,795,1.44%,0.85%
Chicken Steak,Grill,FOOD,32,768,0,0.00%,768,0.29%,0.82%
Slice of the Day,Pizza,FOOD,152,760,0,0.00%,760,1.38%,0.82%
FG MEDIUM BOWL,FEEL GOOD,FOOD,41,738,0,0.00%,738,0.37%,0.79%
Tenderloin Steak,Burgers,FOOD,23,690,0,0.00%,690,0.21%,0.74%
Chang Mai Curry,Main course,FOOD,33,682,0,0.00%,682,0.30%,0.73%
Chicken Udon Noodle,Main course,FOOD,27,675,0,0.00%,675,0.24%,0.72%
Margherita(V),Pizza,FOOD,25,625,0,0.00%,625,0.23%,0.67%
Fresh Fruit Pcs,Extras,FOOD,207,618,0,0.00%,618,1.88%,0.66%
VEGGIE MEAL,Veggie,FOOD,28,616,0,0.00%,616,0.25%,0.66%
SERCO DINNER,SERCO DINNER,FOOD,41,615,0,0.00%,615,0.37%,0.66%
12 OZ CAFFE LATTE,Starbucks,FOOD,51,612,0,0.00%,612,0.46%,0.66%
12 OZ CAFFE AMERICANO,Starbucks,FOOD,60,600,0,0.00%,600,0.54%,0.64%
Chicken Caesar,Salads,FOOD,24,600,0,0.00%,600,0.22%,0.64%
Masafi Water500ml,Water,BEVERAGE,603,598,0,0.00%,598,5.47%,0.64%
CHICKEN CEASAR SALAD,Salads,FOOD,18,576,0,0.00%,576,0.16%,0.62%
Open Beverage,Open Beverage,BEVERAGE,2,575,0,0.00%,575,0.02%,0.62%
16 OZ CAFFE LATTE,Starbucks,FOOD,41,574,0,0.00%,574,0.37%,0.62%
COOKED TURKEY PER KG @ 29,CS Festival Food,FOOD,3,565.5,0,0.00%,565.5,0.03%,0.61%
Super Food Salad (V),Salads,FOOD,23,552,0,0.00%,552,0.21%,0.59%
BLACK ANGUS CLUB 6 OZ,Burgers,FOOD,17,544,0,0.00%,544,0.15%,0.58%
Falafel Tomato & Hummus(V),Sandwiches,FOOD,30,540,0,0.00%,540,0.27%,0.58%
Five a Day,Fresh Juices,BEVERAGE,22,528,0,0.00%,528,0.20%,0.57%
Side Salad,Salads,FOOD,128,504,0,0.00%,504,1.16%,0.54%
Meat Feast,Pizza,FOOD,13,494,0,0.00%,494,0.12%,0.53%
Chicken Tikka,Sandwiches,FOOD,20,480,0,0.00%,480,0.18%,0.51%
FRESH JUICE SMALL,Breakfast,FOOD,118,460,0,0.00%,460,1.07%,0.49%
Grilled Chicken Burger,Burgers,FOOD,19,456,0,0.00%,456,0.17%,0.49%
Buffet Fruit Salad,Salads,FOOD,90,445,0,0.00%,445,0.82%,0.48%
16 OZ CAFFE AMERICANO,Starbucks,FOOD,36,432,0,0.00%,432,0.33%,0.46%
WALK IN LUNCH,WALK IN LUNCH,FOOD,43,430,0,0.00%,430,0.39%,0.46%
7 OZ DOUBLE SHOT ICED SHAKEN,Starbucks,FOOD,30,420,0,0.00%,420,0.27%,0.45%
Isabella(V),Pizza,FOOD,12,420,0,0.00%,420,0.11%,0.45%
12 OZ CAPPUCHINO,Starbucks,FOOD,34,408,0,0.00%,408,0.31%,0.44%
Dessert,Dessert,FOOD,100,396,0,0.00%,396,0.91%,0.42%
SERCO BREAKFAST,SERCO BREAKFAST,FOOD,26,390,0,0.00%,390,0.24%,0.42%
Hawaiian,Pizza,FOOD,12,384,0,0.00%,384,0.11%,0.41%
Smoked Salmon,Sandwiches,FOOD,15,375,0,0.00%,375,0.14%,0.40%
Extra Portion Grill,Main course,FOOD,29,348,0,0.00%,348,0.26%,0.37%
16 OZ CAPPUCHINO,Starbucks,FOOD,23,322,0,0.00%,322,0.21%,0.35%
Banana Pcs,CS Fresh Fruit,FOOD,313,313,0,0.00%,313,2.84%,0.34%
Chocolate Bar,Extras,FOOD,62,310,0,0.00%,310,0.56%,0.33%
SWEET CHILLI SALMON SALAD,Sandwiches,FOOD,8,304,0,0.00%,304,0.07%,0.33%
16 OZ ICED CAFFE LATTE,Starbucks,FOOD,20,292,0,0.00%,292,0.18%,0.31%
FRIED CHICKEN WRAP,Burgers,FOOD,9,288,0,0.00%,288,0.08%,0.31%
12OZ WHITE CHOCOLATE MOCHA,Starbucks,FOOD,19,285,0,0.00%,285,0.17%,0.31%
LACNOR COCKTAIL 180ML,Fresh Juices,BEVERAGE,69,276,0,0.00%,276,0.63%,0.30%
Salmon Salad,Salads,FOOD,11,275,0,0.00%,275,0.10%,0.29%
16 OZ ICED CARAMEL MACCHIATO,Starbucks,FOOD,15,273,0,0.00%,273,0.14%,0.29%
12 OZ CARAMEL MACCHIATO,Starbucks,FOOD,18,270,0,0.00%,270,0.16%,0.29%
Yogurt Blueberry,Yoghurt Pots,FOOD,15,270,0,0.00%,270,0.14%,0.29%
Double Trouble,Milk Shake,BEVERAGE,11,264,0,0.00%,264,0.10%,0.28%
Smoked Turkey Ham Pasta,Salads,FOOD,13,264,0,0.00%,264,0.12%,0.28%
SIMPLE SHAWARMA,Main course,FOOD,32,256,0,0.00%,256,0.29%,0.27%
Pesto Roasted Chicken,Sandwiches,FOOD,11,253,0,0.00%,253,0.10%,0.27%
CROISSANT MEDIUM,PASTRIES,FOOD,35,245,0,0.00%,245,0.32%,0.26%
GRILLED CHICKEN & BACON S/W,Sandwiches,FOOD,8,245,0,0.00%,245,0.07%,0.26%
MEZZE,Main course,FOOD,7,245,0,0.00%,245,0.06%,0.26%
California Rolls,Sushi,FOOD,11,242,0,0.00%,242,0.10%,0.26%
CHICKEN STACK,Burgers,FOOD,8,240,0,0.00%,240,0.07%,0.26%
VEG BURGER,Burgers,FOOD,12,240,0,0.00%,240,0.11%,0.26%
Yogurt Muesli Honey,Yoghurt Pots,FOOD,15,240,0,0.00%,240,0.14%,0.26%
16 OZ WHITE CHOCOLATE MOCHA,Starbucks,FOOD,14,238,0,0.00%,238,0.13%,0.26%
Beef sausage,Breakfast,FOOD,47,235,0,0.00%,235,0.43%,0.25%
Angus Beef Burger,Burgers,FOOD,6,228,0,0.00%,228,0.05%,0.24%
Hash Browns,Breakfast,FOOD,58,228,0,0.00%,228,0.53%,0.24%
FYO SHAWARMA,Main course,FOOD,15,225,0,0.00%,225,0.14%,0.24%
FRESH GREEN SALAD,Salads,FOOD,14,224,0,0.00%,224,0.13%,0.24%
Soup,Extras,FOOD,37,222,0,0.00%,222,0.34%,0.24%
Fruit Salad,Yoghurt Pots,FOOD,18,216,0,0.00%,216,0.16%,0.23%
Yoghurt,Yogurt,FOOD,54,216,0,0.00%,216,0.49%,0.23%
Buffalo Chicken,Grill,FOOD,13,208,0,0.00%,208,0.12%,0.22%
Go Large,Pizza,FOOD,26,208,0,0.00%,208,0.24%,0.22%
BRIE & TOMATO S/W,Sandwiches,FOOD,7,204,0,0.00%,204,0.06%,0.22%
Yoghurt,Yogurt,FOOD,17,204,0,0.00%,204,0.15%,0.22%
16 OZ FRAPPUCINO CARAMEL,Starbucks,FOOD,10,200,0,0.00%,200,0.09%,0.21%
Filter Tea,Tea,FOOD,39,195,0,0.00%,195,0.35%,0.21%
SALMON NICOISE,Salads,FOOD,5,190,0,0.00%,190,0.05%,0.20%
CROISSANT MINI,Dessert,FOOD,64,186,0,0.00%,186,0.58%,0.20%
16 OZ ICED WHITE CHOCOLATE MOCHA,Starbucks,FOOD,10,183,0,0.00%,183,0.09%,0.20%
FETA & ROAST VEG PANINI,Sandwiches,FOOD,7,182,0,0.00%,182,0.06%,0.20%
FRESH JUICE LARGE,Fresh Juices,FOOD,27,182,0,0.00%,182,0.24%,0.20%
BRIE & BACON S/W,Sandwiches,FOOD,5,180,0,0.00%,180,0.05%,0.19%
REUBENS S/W,Sandwiches,FOOD,6,180,0,0.00%,180,0.05%,0.19%
TORCH CLUB STEAK S/W,Sandwiches,FOOD,4,180,0,0.00%,180,0.04%,0.19%
12 OZ HOT CHOCOLATE,Starbucks,FOOD,10,178,0,0.00%,178,0.09%,0.19%
California Rolls(6Pcs),Sushi,FOOD,8,176,0,0.00%,176,0.07%,0.19%
Cereal Portion,Breakfast,FOOD,25,175,0,0.00%,175,0.23%,0.19%
BAYARA 1KG ALMOND,CS Nuts & Seeds,FOOD,3,173.25,0,0.00%,173.25,0.03%,0.19%
RACHELS GREEK YOGHURT NATURAL 45,CS Dairy ,FOOD,7,171.5,0,0.00%,171.5,0.06%,0.18%
16 OZ VANILLA LATTE,Starbucks,FOOD,9,171,0,0.00%,171,0.08%,0.18%
CHUNKY MONKEY,Milk Shake,BEVERAGE,7,168,0,0.00%,168,0.06%,0.18%
FALAFEL COMBO,Burgers,FOOD,6,168,0,0.00%,168,0.05%,0.18%
ROASTED TOMATO,Wraps,FOOD,6,168,0,0.00%,168,0.05%,0.18%
Hiyashi Chuka,Main course,FOOD,9,162,0,0.00%,162,0.08%,0.17%
Filter Coffee,Tea,FOOD,36,160,0,0.00%,160,0.33%,0.17%
Tuna Sweetcorn,Pre Packed Sandwiches,FOOD,10,160,0,0.00%,160,0.09%,0.17%
Small Salad,Salads,FOOD,13,156,0,0.00%,156,0.12%,0.17%
TUNA NICOISE SALAD,Salads,FOOD,6,156,0,0.00%,156,0.05%,0.17%
UNCOOKED TURKEY PER KG @ 24,CS Festival Food,FOOD,1,156,0,0.00%,156,0.01%,0.17%
Croissant,Breakfast,FOOD,22,154,0,0.00%,154,0.20%,0.17%
16 OZ CARAMEL MACCHIATO,Starbucks,FOOD,9,153,0,0.00%,153,0.08%,0.16%
CHICKEN WRAP COMBO,Burgers,FOOD,4,152,0,0.00%,152,0.04%,0.16%
16 OZ ICED CAFE AMERICANO,Starbucks,FOOD,12,150,0,0.00%,150,0.11%,0.16%
CHICKEN MAIN,Main course,FOOD,10,150,0,0.00%,150,0.09%,0.16%
CLASSIC FRIES,Main course,FOOD,30,150,0,0.00%,150,0.27%,0.16%
SINGLE ESSPRESSO,Starbucks,FOOD,15,150,0,0.00%,150,0.14%,0.16%
Yogurt Mango,Yoghurt Pots,FOOD,15,150,0,0.00%,150,0.14%,0.16%
BUTTERNUT & GOAT CHEESE SALAD ,Sandwiches,FOOD,4,144,0,0.00%,144,0.04%,0.15%
FG SMALL BOWL,FEEL GOOD,FOOD,12,144,0,0.00%,144,0.11%,0.15%
AL AIN FRESH MILK FULL FAT 2L,CS Dairy ,FOOD,14,140,0,0.00%,140,0.13%,0.15%
AMERICAN 4 OZ,Burgers,FOOD,5,140,0,0.00%,140,0.05%,0.15%
Chicken Nuggets,Extras,FOOD,14,140,0,0.00%,140,0.13%,0.15%
Homemade Beef Burger,Burgers,FOOD,7,140,0,0.00%,140,0.06%,0.15%
Rocco,Pizza,FOOD,4,140,0,0.00%,140,0.04%,0.15%
CstaniaMixSuperNuts350G,CS Nuts & Seeds,FOOD,4,138,0,0.00%,138,0.04%,0.15%
12 OZ VANILLA LATTE,Starbucks,FOOD,8,136,0,0.00%,136,0.07%,0.15%
CEASAR CHICKEN WRAP,Wraps,FOOD,4,136,0,0.00%,136,0.04%,0.15%
FG Juice Bottled,FEEL GOOD,FOOD,17,136,0,0.00%,136,0.15%,0.15%
PPPPLEASE ME,Fresh Juices,BEVERAGE,6,132,0,0.00%,132,0.05%,0.14%
Tuna Cheese Melt,Sandwiches,FOOD,6,132,0,0.00%,132,0.05%,0.14%
OAT KING BAR PURE 95GM,CS Cereal,FOOD,9,130.5,0,0.00%,130.5,0.08%,0.14%
AL AIN FRESH MILK LOW FAT 2L,CS Dairy ,FOOD,13,130,0,0.00%,130,0.12%,0.14%
LACNOR ORANGE 180ML,Fresh Juices,BEVERAGE,32,128,0,0.00%,128,0.29%,0.14%
TEA BAG JASMINE GREEN,Tea,FOOD,16,128,0,0.00%,128,0.15%,0.14%
TURKEY HAM,Wraps,FOOD,5,125,0,0.00%,125,0.05%,0.13%
COCA COLA CAN,Softdrinks,BEVERAGE,31,124,0,0.00%,124,0.28%,0.13%
VOCHELLE TIN ALMONDS 205GM,CS Chocolate ,FOOD,5,123.75,0,0.00%,123.75,0.05%,0.13%
OREO MINI CUP 115GM,CS Food,FOOD,13,123.5,0,0.00%,123.5,0.12%,0.13%
NUTELLA 400GM,CS Can & Jar Food,FOOD,5,122.5,0,0.00%,122.5,0.05%,0.13%
16 OZ FRAPPUCINO WHITE MOCHA,Starbucks,FOOD,6,120,0,0.00%,120,0.05%,0.13%
AL AIN WATER 500ml,CS Water,BEVERAGE,120,120,0,0.00%,120,1.09%,0.13%
BLUE BERRY MUFFIN,Dessert,FOOD,12,120,0,0.00%,120,0.11%,0.13%
BLUEBERRY MUFFINS,Dessert,FOOD,10,120,0,0.00%,120,0.09%,0.13%
LARGE STILL WATER PREMIUM,Water,BEVERAGE,6,120,0,0.00%,120,0.05%,0.13%
MAGNUM I/C WHITE,CS Ice Cream,FOOD,16,120,0,0.00%,120,0.15%,0.13%
Portion Protein,Main course,FOOD,12,120,0,0.00%,120,0.11%,0.13%
THE 3RD DATE,Milk Shake,BEVERAGE,5,120,0,0.00%,120,0.05%,0.13%
Three Cheese Spring Onion,Pre Packed Sandwiches,FOOD,12,120,0,0.00%,120,0.11%,0.13%
TRIPLE CHOCOLATE MUFFIN,Dessert,FOOD,10,120,0,0.00%,120,0.09%,0.13%
JACK LINKS 50GM ORIGINAL BEEF JE,CS Chips & Snacks,FOOD,9,119.25,0,0.00%,119.25,0.08%,0.13%
16 OZ CAFFE MOCHA,Starbucks,FOOD,7,119,0,0.00%,119,0.06%,0.13%
OAT KING BAR CHOCOLATE CHIP 95GM,CS Cereal,FOOD,8,116,0,0.00%,116,0.07%,0.12%
PAPER BAG,BAGS,NON FOOD,116,116,0,0.00%,116,1.05%,0.12%
Baked beans,Breakfast,FOOD,23,115,0,0.00%,115,0.21%,0.12%
4 OZ BURGER COMBO,Burgers,FOOD,3,114,0,0.00%,114,0.03%,0.12%
Mexican Melt,Pizza,FOOD,3,114,0,0.00%,114,0.03%,0.12%
PRO BAR MEAL WHOLEBERRY BLAST 85,CS Cereal,FOOD,5,113.75,0,0.00%,113.75,0.05%,0.12%
MAGNUM I/C CLASSIC,CS Ice Cream,FOOD,15,112.5,0,0.00%,112.5,0.14%,0.12%
Chicken Sweetcorn,Pre Packed Sandwiches,FOOD,11,110,0,0.00%,110,0.10%,0.12%
Chicken Tandoori,Pre Packed Sandwiches,FOOD,11,110,0,0.00%,110,0.10%,0.12%
NECTAFLOR SOFT CRANBERRIES 200GM,CS Dry Fruits,FOOD,6,109.5,0,0.00%,109.5,0.05%,0.12%
16 OZ ICED VANILLA LATTE,Starbucks,FOOD,6,109,0,0.00%,109,0.05%,0.12%
Digest dark200,Biscuit & Cookies,FOOD,8,108,0,0.00%,108,0.07%,0.12%
DOUBLE ESSPRESSO,Starbucks,FOOD,9,108,0,0.00%,108,0.08%,0.12%
MOROCCAN LAMB BURGER,Burgers,FOOD,3,108,0,0.00%,108,0.03%,0.12%
12 OZ CAFFE MOCHA,Starbucks,FOOD,7,105,0,0.00%,105,0.06%,0.11%
Cheeses,Dessert,FOOD,3,105,0,0.00%,105,0.03%,0.11%
Cold Cuts,Breakfast,FOOD,22,105,0,0.00%,105,0.20%,0.11%
Guest Meal Combo,Main course,FOOD,6,105,0,0.00%,105,0.05%,0.11%
POKKA PEACH ICED TEA CAN,Packet Juice,BEVERAGE,26,104,0,0.00%,104,0.24%,0.11%
Salmon Temaki (3 Pcs),Sushi,FOOD,5,104,0,0.00%,104,0.05%,0.11%
DAN'S TOPICAL BLAST,Smoothies,BEVERAGE,5,100,0,0.00%,100,0.05%,0.11%
Grilled Halloumi(V),Sandwiches,FOOD,5,100,0,0.00%,100,0.05%,0.11%
Pokchoy Chesnut,Main course,FOOD,4,100,0,0.00%,100,0.04%,0.11%
LINDT EXCELLENCE 70% CACOA 100GM,CS Chocolate ,FOOD,7,96.25,0,0.00%,96.25,0.06%,0.10%
Egg Cress Mayonnaise,Pre Packed Sandwiches,FOOD,12,96,0,0.00%,96,0.11%,0.10%
HIT THE ROOF,Milk Shake,BEVERAGE,4,96,0,0.00%,96,0.04%,0.10%
Mixed Juice,Fresh Juices,BEVERAGE,6,96,0,0.00%,96,0.05%,0.10%
Pancakes,Breakfast,FOOD,33,96,0,0.00%,96,0.30%,0.10%
The Big Apple,Milk Shake,BEVERAGE,4,96,0,0.00%,96,0.04%,0.10%
KELLOGS BARS MILK CHOCO 04PCX1PK,CS Cereal,FOOD,6,94.5,0,0.00%,94.5,0.05%,0.10%
VOCHELLE TIN I LOVE DUBAI 205GM,CS Chocolate ,FOOD,3,90,0,0.00%,90,0.03%,0.10%
WALK IN DINNER,WALK IN DINNER,FOOD,9,90,0,0.00%,90,0.08%,0.10%
EXTRA BIG BOTTLE PEPPERMINT,CS Mint & Gum,FOOD,7,87.5,0,0.00%,87.5,0.06%,0.09%
KIT KAT 4 FINGERS,CS Chocolate ,FOOD,24,86,0,0.00%,86,0.22%,0.09%
Brownie,Dessert,FOOD,6,84,0,0.00%,84,0.05%,0.09%
Choc Caramel Eclair,Dessert,FOOD,7,84,0,0.00%,84,0.06%,0.09%
CHUCKS MAN OH MANGO,Smoothies,BEVERAGE,3,84,0,0.00%,84,0.03%,0.09%
JAMIES BERRY BURST,Smoothies,BEVERAGE,3,84,0,0.00%,84,0.03%,0.09%
JAYS POM PUNCH,Smoothies,BEVERAGE,3,84,0,0.00%,84,0.03%,0.09%
LISTERINE MW COOL MINT 250ML,CS Oral Care,NON FOOD,4,84,0,0.00%,84,0.04%,0.09%
AL SHIFA 400GM SQUEEZE HONEY,CS Can & Jar Food,FOOD,3,83.25,0,0.00%,83.25,0.03%,0.09%
BarillaPestoSml,CS Sauce,FOOD,3,82.5,0,0.00%,82.5,0.03%,0.09%
Plum Red,CS Fresh Fruit,FOOD,41,82,0,0.00%,82,0.37%,0.09%
FUN PLASTIC PLATE WHITE 25PCS 26,CS Disposable,NON FOOD,5,81.25,0,0.00%,81.25,0.05%,0.09%
AL AIN WATER 1.5L,CS Water,BEVERAGE,54,81,0,0.00%,81,0.49%,0.09%
MAGNUM I/C DOUBLE CHOCOLATE,CS Ice Cream,FOOD,9,81,0,0.00%,81,0.08%,0.09%
CEYLON GINGER LOOSE TEA,Tea,FOOD,8,80,0,0.00%,80,0.07%,0.09%
Chicken Maki(6pcs),Sushi,FOOD,4,80,0,0.00%,80,0.04%,0.09%
FALAFEL & HUMUS,Wraps,FOOD,5,80,0,0.00%,80,0.05%,0.09%
Mixed Green Salad(V),Salads,FOOD,4,80,0,0.00%,80,0.04%,0.09%
RED BULL 250ML,CS Sports & Energy Drinks,BEVERAGE,11,80,0,0.00%,80,0.10%,0.09%
REDBULL REGULAR,Energy Drinks,BEVERAGE,10,80,0,0.00%,80,0.09%,0.09%
SCONES,Dessert,FOOD,8,80,0,0.00%,80,0.07%,0.09%
SUPASHAPE PROTEIN LITE DOUBLE CH,CS Chips & Snacks,FOOD,8,80,0,0.00%,80,0.07%,0.09%
GALLON WATER COUPON,CS Water,BEVERAGE,11,77,0,0.00%,77,0.10%,0.08%
Apple Red,CS Fresh Fruit,FOOD,38,76,0,0.00%,76,0.34%,0.08%
STREPSILS MENTHOL PACKET,CS Chocolate ,FOOD,4,76,0,0.00%,76,0.04%,0.08%
CHIABIA CHIA BLUEBERRY MIX 100GM,CS Cereal,FOOD,2,75.5,0,0.00%,75.5,0.02%,0.08%
CHIABIA CHIA CRANBERRY MIX 100GM,CS Cereal,FOOD,2,75.5,0,0.00%,75.5,0.02%,0.08%
Add Cheese,Extras,FOOD,25,75,0,0.00%,75,0.23%,0.08%
PRINGLES CHEESE 165GM,CS Chips & Snacks,FOOD,8,74,0,0.00%,74,0.07%,0.08%
FINE TOILET ROLLS 2PLY X 10 PCS ,CS Tissue & Toilet Rolls,NON FOOD,5,73.75,0,0.00%,73.75,0.05%,0.08%
CROISSANT HI BUTTER PLAIN,CS Bakery,FOOD,21,73.5,0,0.00%,73.5,0.19%,0.08%
RACHELS GREEK COCONUT YOGHURT 45,CS Organic Food,FOOD,3,73.5,0,0.00%,73.5,0.03%,0.08%
RACHELS HONEY YOGHURT 450G,CS Organic Food,FOOD,3,73.5,0,0.00%,73.5,0.03%,0.08%
AL AIN WATER 500ML,Water,BEVERAGE,72,72,0,0.00%,72,0.65%,0.08%
AlpenMuslie625g,CS Cereal,FOOD,3,72,0,0.00%,72,0.03%,0.08%
Cappuccino,Nespresso,FOOD,7,72,0,0.00%,72,0.06%,0.08%
Carrot Cake,Dessert,FOOD,6,72,0,0.00%,72,0.05%,0.08%
CHICKEN CAESAR,Salads,FOOD,2,72,0,0.00%,72,0.02%,0.08%
PEACH & BASIL SMOOTHIE,Smoothies,BEVERAGE,3,72,0,0.00%,72,0.03%,0.08%
STRAIGHT DUTCH,Smoothies,BEVERAGE,6,72,0,0.00%,72,0.05%,0.08%
ALO ENRICH POMEGRANATE JUICE,Fresh Juices,FOOD,5,70,0,0.00%,70,0.05%,0.08%
ALO EXPOSED ALO JUICE,Fresh Juices,FOOD,5,70,0,0.00%,70,0.05%,0.08%
Extra Topping,Pizza,FOOD,14,70,0,0.00%,70,0.13%,0.08%
Full Breakfast,Breakfast,FOOD,2,70,0,0.00%,70,0.02%,0.08%
SWEET POTATO WEDGES,Main course,FOOD,7,70,0,0.00%,70,0.06%,0.08%
LINDT EXCELLENCE MINT INTENSE 10,CS Chocolate ,FOOD,5,68.75,0,0.00%,68.75,0.05%,0.07%
NUTELLA JAR 750GM,CS Can & Jar Food,FOOD,2,68.5,0,0.00%,68.5,0.02%,0.07%
Banana Shake,Milk Shake,BEVERAGE,3,66,0,0.00%,66,0.03%,0.07%
French Fries,Extras,FOOD,11,66,0,0.00%,66,0.10%,0.07%
Roast Beef,Sandwiches,FOOD,3,66,0,0.00%,66,0.03%,0.07%
POCARI SWEAT PET 500ML,CS Sports & Energy Drinks,BEVERAGE,13,65,0,0.00%,65,0.12%,0.07%
PRINGLES KETCHUP 165GM,CS Chips & Snacks,FOOD,7,64.75,0,0.00%,64.75,0.06%,0.07%
MilkHalfCrem1Ltr ,CS Dairy ,FOOD,16,64,0,0.00%,64,0.15%,0.07%
POKKA LEMON ICED TEA CAN,Packet Juice,BEVERAGE,16,64,0,0.00%,64,0.15%,0.07%
Portion Starch,Main course,FOOD,8,64,0,0.00%,64,0.07%,0.07%
TEA BAG EARL GREY,Tea,FOOD,8,64,0,0.00%,64,0.07%,0.07%
16 OZ SOYA CAFFE LATTE,Coffee,FOOD,3,63,0,0.00%,63,0.03%,0.07%
TAMRAH CHOCO DARK ZIPPER BAG 100,CS Dry Fruits,FOOD,7,63,0,0.00%,63,0.06%,0.07%
Toast,Breakfast,FOOD,63,63,0,0.00%,63,0.57%,0.07%
VITA COCO PINEAPPLE 330ML,Convenience Beverages,BEVERAGE,6,63,0,0.00%,63,0.05%,0.07%
ANCHOR BUTTER UNSALTED 454G,CS Dairy ,FOOD,3,61.5,0,0.00%,61.5,0.03%,0.07%
NECTAFLOR SOFT FIGS 200GM,CS Dry Fruits,FOOD,3,60.75,0,0.00%,60.75,0.03%,0.07%
Alain Small Wtr500ml,Water,BEVERAGE,65,60,0,0.00%,60,0.59%,0.06%
BBQ or CurrySouce,Pizza,FOOD,2,60,0,0.00%,60,0.02%,0.06%
BEEF MAIN,Main course,FOOD,3,60,0,0.00%,60,0.03%,0.06%
COCA COLA DIET CAN,Softdrinks,BEVERAGE,15,60,0,0.00%,60,0.14%,0.06%
COCA COLA ZERO CAN,Softdrinks,BEVERAGE,15,60,0,0.00%,60,0.14%,0.06%
COCONUT WATER CAN,Packet Juice,BEVERAGE,15,60,0,0.00%,60,0.14%,0.06%
GATORADE PINK LEMONDAE PET 500ML,CS Sports & Energy Drinks,BEVERAGE,12,60,0,0.00%,60,0.11%,0.06%
Latte Macchiato,Nespresso,FOOD,5,60,0,0.00%,60,0.05%,0.06%
Lemon Drizzle,Dessert,FOOD,5,60,0,0.00%,60,0.05%,0.06%
MCVITIES DIGESTIVE 250GM LIGHT,Biscuit & Cookies,FOOD,5,60,0,0.00%,60,0.05%,0.06%
MIXED NUT & CEREAL 8 OZ,Peannuts,FOOD,6,60,0,0.00%,60,0.05%,0.06%
MOROCCAN LOOSE TEA,Tea,FOOD,6,60,0,0.00%,60,0.05%,0.06%
Veg Sushi 6 pcs,Sushi,FOOD,3,60,0,0.00%,60,0.03%,0.06%
WALKERS SB FINGERS 40G,Biscuit & Cookies,FOOD,17,59.5,0,0.00%,59.5,0.15%,0.06%
Oatmeal Porridge,Breakfast,FOOD,19,57,0,0.00%,57,0.17%,0.06%
Valley Crunchy,Cereal Bar,FOOD,19,57,0,0.00%,57,0.17%,0.06%
SELPAK FACIAL TISSUE 100 SHEET,CS Tissue & Toilet Rolls,NON FOOD,9,56.25,0,0.00%,56.25,0.08%,0.06%
ADD ESPRESSO SHOT,Starbucks,FOOD,14,56,0,0.00%,56,0.13%,0.06%
Berry Tart,Dessert,FOOD,4,56,0,0.00%,56,0.04%,0.06%
Espresso Doppio,Nespresso,FOOD,4,56,0,0.00%,56,0.04%,0.06%
MARKOS TOP BANANA,Smoothies,BEVERAGE,2,56,0,0.00%,56,0.02%,0.06%
Pain an Raisin,Dessert,FOOD,7,56,0,0.00%,56,0.06%,0.06%
Pear,CS Fresh Fruit,FOOD,28,56,0,0.00%,56,0.25%,0.06%
Pure VitaminC,Fresh Juices,BEVERAGE,2,56,0,0.00%,56,0.02%,0.06%
REDBULL SUGAR FREE,Energy Drinks,BEVERAGE,7,56,0,0.00%,56,0.06%,0.06%
BJORG ORGANIC SUGAR FREE ALMOND ,CS Organic Food,FOOD,2,55.5,0,0.00%,55.5,0.02%,0.06%
Delivery Charges,Delivery charge,LABOR CHARGE,11,55,0,0.00%,55,0.10%,0.06%
GATORADE LEMON PET 500ML,CS Sports & Energy Drinks,BEVERAGE,11,55,0,0.00%,55,0.10%,0.06%
LINDT EXCELLENCE SEA SALT 100GM,CS Chocolate ,FOOD,4,55,0,0.00%,55,0.04%,0.06%
BAYARA 1KG CASHEW NUT,CS Nuts & Seeds,FOOD,1,54,0,0.00%,54,0.01%,0.06%
BEST CAN SUPER PISTACHIO 110GM,CS Nuts & Seeds,FOOD,3,54,0,0.00%,54,0.03%,0.06%
Large Salad,Salads,FOOD,3,54,0,0.00%,54,0.03%,0.06%
Mash and Gravy,Extras,FOOD,6,54,0,0.00%,54,0.05%,0.06%
SNICKERS SINGLE BAR,CS Chocolate ,FOOD,18,54,0,0.00%,54,0.16%,0.06%
Tropical Maki (6 Pcs),Sushi,FOOD,3,54,0,0.00%,54,0.03%,0.06%
16 OZ ICED CHOCOLATE,Starbucks,FOOD,3,53,0,0.00%,53,0.03%,0.06%
CARTE D'OR PINT CHOCOLATE,CS Ice Cream,FOOD,3,52.5,0,0.00%,52.5,0.03%,0.06%
NIVEA DOUBLE EFFECT MAKEUP REMOV,CS Deodrants,NON FOOD,2,52.5,0,0.00%,52.5,0.02%,0.06%
VITA COCO LEMONADE COCONUT 330ML,CS Packet Juice,BEVERAGE,5,52.5,0,0.00%,52.5,0.05%,0.06%
Crab Cakes,Main course,FOOD,2,52,0,0.00%,52,0.02%,0.06%
MOUNTAIN DEW,Softdrinks,BEVERAGE,13,52,0,0.00%,52,0.12%,0.06%
PEPSI CAN,Softdrinks,BEVERAGE,13,52,0,0.00%,52,0.12%,0.06%
TOBLERONE WHITE 35GM,CS Chocolate ,FOOD,16,52,0,0.00%,52,0.15%,0.06%
FRUIT & FIBRE KELLOGS 375GM,CS Cereal,FOOD,3,51.75,0,0.00%,51.75,0.03%,0.06%
CLEARLY SCRUMPTIOUS CRANBERRY 30,CS Dry Fruits,FOOD,4,51,0,0.00%,51,0.04%,0.05%
Apple Green,CS Fresh Fruit,FOOD,25,50,0,0.00%,50,0.23%,0.05%
KAGI SWISS WAFERS CHOCOLATE 50G,CS Mint & Gum,FOOD,10,50,0,0.00%,50,0.09%,0.05%
Portion Vegetable,Main course,FOOD,10,50,0,0.00%,50,0.09%,0.05%
WALK IN BREAKFAST,WALK IN BREAKFAST,FOOD,5,50,0,0.00%,50,0.05%,0.05%
WELLA CD REPAIR 500ML,CS Shampoo & Conditioner,NON FOOD,2,49,0,0.00%,49,0.02%,0.05%
ILE DE FRANCE CHEESE PETIT BRIE ,CS Dairy ,FOOD,3,48.75,0,0.00%,48.75,0.03%,0.05%
PERSIL LIQUID GREEN POWER GEL 3L,CS Laundry Care,NON FOOD,1,48.75,0,0.00%,48.75,0.01%,0.05%
AL AIN FRESH MILK 1L LOW FAT,CS Dairy ,FOOD,8,48,0,0.00%,48,0.07%,0.05%
B.BAG SEA SALT150g,CS Chips & Snacks,FOOD,4,48,0,0.00%,48,0.04%,0.05%
Battered Fish Chips,Main course,FOOD,1,48,0,0.00%,48,0.01%,0.05%
ESPRESSO MACCHIATO DOUBLE,Coffee,FOOD,4,48,0,0.00%,48,0.04%,0.05%
EXTRA PELLET PEPPERMINT GUM,CS Mint & Gum,FOOD,24,48,0,0.00%,48,0.22%,0.05%
French Toast,Breakfast,FOOD,12,48,0,0.00%,48,0.11%,0.05%
Frid Rice W Vegetable,Fried Rice,FOOD,2,48,0,0.00%,48,0.02%,0.05%
KIT KAT MINI BAG 250GM,CS Chocolate ,FOOD,3,48,0,0.00%,48,0.03%,0.05%
LACNOR MILK STRAWBERRY,Flavoured Milk,BEVERAGE,12,48,0,0.00%,48,0.11%,0.05%
MINI CARROT CAKE,Dessert,FOOD,4,48,0,0.00%,48,0.04%,0.05%
MIRINDA ORANGE CAN,Softdrinks,BEVERAGE,12,48,0,0.00%,48,0.11%,0.05%
Peanut Butter & Jelly(V),Sandwiches,FOOD,3,48,0,0.00%,48,0.03%,0.05%
PEPPERMINT TEA BAG,Tea,FOOD,6,48,0,0.00%,48,0.05%,0.05%
PEPSI DIET CAN,Softdrinks,BEVERAGE,12,48,0,0.00%,48,0.11%,0.05%
SLICED BREAD MULTI GRAIN MEDIUM,CS Bakery,FOOD,8,48,0,0.00%,48,0.07%,0.05%
SELPAK TOILET ROLL 7+2,CS Tissue & Toilet Rolls,NON FOOD,2,46.5,0,0.00%,46.5,0.02%,0.05%
PRINGLES SALT VINEGAR 165GM,CS Chips & Snacks,FOOD,5,46.25,0,0.00%,46.25,0.05%,0.05%
P.BAR KOKA 85g,CS Cereal,FOOD,2,46,0,0.00%,46,0.02%,0.05%
SELPAK KITCHEN ROLL 2 PCS,CS Tissue & Toilet Rolls,NON FOOD,4,46,0,0.00%,46,0.04%,0.05%
SMINT POCKET WILDBERRY,CS Mint & Gum,FOOD,8,46,0,0.00%,46,0.07%,0.05%
LUX MACHINE WASH TABLET 28PCS,CS Cleaning Supplies,NON FOOD,1,45.5,0,0.00%,45.5,0.01%,0.05%
DveAntiDandrfSHAMP400ML,CS Shampoo & Conditioner,NON FOOD,2,45,0,0.00%,45,0.02%,0.05%
EBI NIGIRI,Sushi,FOOD,9,45,0,0.00%,45,0.08%,0.05%
ENERGIZER AA 4 PCS,CS Others,NON FOOD,3,45,0,0.00%,45,0.03%,0.05%
GATORADE TOPICL FRUIT PET 500ML,CS Sports & Energy Drinks,BEVERAGE,9,45,0,0.00%,45,0.08%,0.05%
MOMA CUP POREIDGE CRANBERRY RAIS,CS Cereal,FOOD,3,45,0,0.00%,45,0.03%,0.05%
Greek Salad,Salads,FOOD,2,44,0,0.00%,44,0.02%,0.05%
JOHNSONS COTTON PADS 80 PCS,CS Facial Care,NON FOOD,4,44,0,0.00%,44,0.04%,0.05%
LACNOR MILK BANANA,Flavoured Milk,BEVERAGE,11,44,0,0.00%,44,0.10%,0.05%
Pure Honey Acasia250g,CS Can & Jar Food,FOOD,2,44,0,0.00%,44,0.02%,0.05%
FOOD DOCTOR BAR APPLE WALNUT 35G,CS Organic Food,FOOD,5,43.75,0,0.00%,43.75,0.05%,0.05%
OAT KING BAR APPLE STRUDEL 95GM,CS Cereal,FOOD,3,43.5,0,0.00%,43.5,0.03%,0.05%
ALO ALLURE MANGO JUICE,Fresh Juices,FOOD,3,42,0,0.00%,42,0.03%,0.05%
RED BULL SUGAR FREE 250ML,CS Sports & Energy Drinks,BEVERAGE,6,42,0,0.00%,42,0.05%,0.05%
Salmon Chirashi,Sushi,FOOD,2,42,0,0.00%,42,0.02%,0.05%
LINDT EXCELLENCE 85% CACOA 100GM,CS Chocolate ,FOOD,3,41.25,0,0.00%,41.25,0.03%,0.04%
LINDT EXCELLENCE CARAMEL 100G,CS Chocolate ,FOOD,3,41.25,0,0.00%,41.25,0.03%,0.04%
LINDT EXCELLENCE SESAME ROASTED ,CS Organic Food,FOOD,3,41.25,0,0.00%,41.25,0.03%,0.04%
BORGES EXRA VIRGIN OLIVE OIL 500,CS Coocking & Baking,FOOD,2,41,0,0.00%,41,0.02%,0.04%
COCO POPS KELLOGS 375GM,CS Cereal,FOOD,2,41,0,0.00%,41,0.02%,0.04%
ORAL B MOUTH WASH MULTI PROTECT ,CS Oral Care,NON FOOD,2,41,0,0.00%,41,0.02%,0.04%
AL AIN YOGHURT LOW FAT 170GM,CS Dairy ,FOOD,27,40.5,0,0.00%,40.5,0.24%,0.04%
KRAFT CHEESE ORIGINAL 12 SLICES,CS Dairy ,FOOD,3,40.5,0,0.00%,40.5,0.03%,0.04%
AL AIN PINEAPPLE YOGHURT 125GM,CS Dairy ,FOOD,20,40,0,0.00%,40,0.18%,0.04%
Beef Bacon,Breakfast,FOOD,8,40,0,0.00%,40,0.07%,0.04%
BREAD BASKET,Condiments,FOOD,5,40,0,0.00%,40,0.05%,0.04%
BREAKFAST TEA BAG,Tea,FOOD,5,40,0,0.00%,40,0.05%,0.04%
BRILLIANT BREAKFAST LOOSE TEA,Tea,FOOD,4,40,0,0.00%,40,0.04%,0.04%
CROISSANT HI BUTTER CHOCOLATE,CS Bakery,FOOD,10,40,0,0.00%,40,0.09%,0.04%
HIBISCUS ICED TEA,Tea,FOOD,5,40,0,0.00%,40,0.05%,0.04%
JASMINE ICED TEA,Tea,FOOD,5,40,0,0.00%,40,0.05%,0.04%
KOKA BOWL CHICKEN,CS Pasta & Noodles,FOOD,8,40,0,0.00%,40,0.07%,0.04%
LARGE SPARKLING WATER PREMIUM,Water,BEVERAGE,2,40,0,0.00%,40,0.02%,0.04%
LIPTON LEMON ICED TEA,Tea,BEVERAGE,10,40,0,0.00%,40,0.09%,0.04%
PEAR DRAGON LOOSE TEA,Tea,FOOD,4,40,0,0.00%,40,0.04%,0.04%
SPRITE LIGHT CAN,Softdrinks,BEVERAGE,10,40,0,0.00%,40,0.09%,0.04%
Sushi Temakin Veg Soup,Sushi,FOOD,1,40,0,0.00%,40,0.01%,0.04%
JACK LINKS 50GM BBQ BEEF JERKY,CS Chips & Snacks,FOOD,3,39.75,0,0.00%,39.75,0.03%,0.04%
FAMILIA 50GM MUESLI CHOCO,CS Cereal,FOOD,11,38.5,0,0.00%,38.5,0.10%,0.04%
KOKA CUP CHICKEN CORN,CS Pasta & Noodles,FOOD,11,38.5,0,0.00%,38.5,0.10%,0.04%
MODERN BAKE CRANBERRY ENERGY BAR,CS Cereal,FOOD,7,38.5,0,0.00%,38.5,0.06%,0.04%
Walkers Short Bread40g,Biscuits,FOOD,11,38.5,0,0.00%,38.5,0.10%,0.04%
16 OZ HOT CHOCOLATE,Starbucks,FOOD,2,38,0,0.00%,38,0.02%,0.04%
AL AIN WATER 1.5 LITER,Water,BEVERAGE,19,38,0,0.00%,38,0.17%,0.04%
Masafi Water1.5Ltr,Water,BEVERAGE,19,38,0,0.00%,38,0.17%,0.04%
STREPSILS ORANGE PACKET,CS Chocolate ,FOOD,2,38,0,0.00%,38,0.02%,0.04%
CROISSANT CHOCOLATE,CS Bakery,FOOD,15,37.5,0,0.00%,37.5,0.14%,0.04%
LAYS CHILI 185GM,CS Chips & Snacks,FOOD,6,37.5,0,0.00%,37.5,0.05%,0.04%
MAGNUM I/C ALMOND,CS Ice Cream,FOOD,5,37.5,0,0.00%,37.5,0.05%,0.04%
MANI CASHEWS ROSTED SEA SALT 40G,CS Dry Fruits,FOOD,7,36.75,0,0.00%,36.75,0.06%,0.04%
OREO ORIGINAL 16 PACK 44GM,Biscuit & Cookies,FOOD,2,36.5,0,0.00%,36.5,0.02%,0.04%
Asst. Rolls Two,Breakfast,FOOD,19,36,0,0.00%,36,0.17%,0.04%
BAYARA SALTED PISTACHIOS 150G,CS Nuts & Seeds,FOOD,3,36,0,0.00%,36,0.03%,0.04%
BEACON MARSHMALLOWS PINK & WHITE,CS Packet Food,FOOD,9,36,0,0.00%,36,0.08%,0.04%
CHOCOLATE BROWNIE ,Dessert,FOOD,3,36,0,0.00%,36,0.03%,0.04%
FLAT WHITE,Coffee,BEVERAGE,2,36,0,0.00%,36,0.02%,0.04%
FrostiesCMB25g,CS Cereal,FOOD,12,36,0,0.00%,36,0.11%,0.04%
GLAD GARBAGE BAG MEDIUM 35L X 30,CS Tissue & Toilet Rolls,NON FOOD,3,36,0,0.00%,36,0.03%,0.04%
Latte Macchiato,Coffee,BEVERAGE,3,36,0,0.00%,36,0.03%,0.04%
ROASTED BUTTERNUT,Salads,FOOD,1,36,0,0.00%,36,0.01%,0.04%
SCHOGETTEN DARK CHOCOLATE 100GM,CS Chocolate ,FOOD,6,36,0,0.00%,36,0.05%,0.04%
SUPASHAPE DIET SNACK BAR CARAMEL,CS Chips & Snacks,FOOD,4,36,0,0.00%,36,0.04%,0.04%
Tandoori Chicken,Pizza,FOOD,1,36,0,0.00%,36,0.01%,0.04%
ALWAYS DIAMOND ULTRA THIN 14 PCS,CS Sanitary Care,NON FOOD,2,35.5,0,0.00%,35.5,0.02%,0.04%
CADBURY DM CHOCOLATE 37GM,CS Chocolate ,FOOD,7,35,0,0.00%,35,0.06%,0.04%
CAPRISUN MIXED FRUIT,CS Packet Juice,BEVERAGE,35,35,0,0.00%,35,0.32%,0.04%
Extra Fruit,TOPPINGS,FOOD,7,35,0,0.00%,35,0.06%,0.04%
PERRIER WATER LEMON 330ML,CS Water,BEVERAGE,7,35,0,0.00%,35,0.06%,0.04%
BEST CAN SUPER CASHEW 110GM,CS Nuts & Seeds,FOOD,2,34.5,0,0.00%,34.5,0.02%,0.04%
SIBLOU 10 FISH FINGERS 250GM,CS Frozen Food,FOOD,2,34.5,0,0.00%,34.5,0.02%,0.04%
12 OZ CARAMEL LATTE,Starbucks,FOOD,2,34,0,0.00%,34,0.02%,0.04%
12 OZ SIGNATURE HOT CHOCOLATE,Starbucks,FOOD,2,34,0,0.00%,34,0.02%,0.04%
JDS ALMOND THINS,Biscuit & Cookies,FOOD,2,34,0,0.00%,34,0.02%,0.04%
Lays Chips,Extras,FOOD,17,34,0,0.00%,34,0.15%,0.04%
NECTAFLOR PREMIUM FRUIT MIX 200G,CS Dry Fruits,FOOD,2,34,0,0.00%,34,0.02%,0.04%
White Bean(V),Pizza,FOOD,1,34,0,0.00%,34,0.01%,0.04%
PHILADELPHIA CHEESE SPREAD 200GM,CS Dairy ,FOOD,3,33.75,0,0.00%,33.75,0.03%,0.04%
ALPROMilkFlvrChoc 1L,CS Dairy ,BEVERAGE,2,33.5,0,0.00%,33.5,0.02%,0.04%
ALPRO SOYAMilkVanilaFlvr1L,CS Packet Juice,BEVERAGE,2,33.5,0,0.00%,33.5,0.02%,0.04%
AL MARAI LABAN FULL FAT 360ML,CS Dairy ,FOOD,11,33,0,0.00%,33,0.10%,0.04%
CDMFrt&NutCdbry230g,CS Chocolate ,FOOD,3,33,0,0.00%,33,0.03%,0.04%
FARM FRESH EGGS WHITE 15PCS,CS Eggs,FOOD,3,33,0,0.00%,33,0.03%,0.04%
H&S SH LIVELY SILKY 2 IN 1 200ML,CS Shampoo & Conditioner,NON FOOD,3,33,0,0.00%,33,0.03%,0.04%
MODERN BAKE PEANUT PEACAN ENERGY,CS Cereal,FOOD,6,33,0,0.00%,33,0.05%,0.04%
JUNGLE OAT APPLE & CINAMON 500G,CS Cereal,FOOD,2,32.5,0,0.00%,32.5,0.02%,0.03%
JUNGLE OAT CHOCOLATE 500G,CS Cereal,FOOD,2,32.5,0,0.00%,32.5,0.02%,0.03%
PRINGLES 40GM SOUR CREAM,CS Chips & Snacks,FOOD,10,32.5,0,0.00%,32.5,0.09%,0.03%
C&C FOAM WASH DEEP CLEANSING 150,CS Facial Care,NON FOOD,1,32.25,0,0.00%,32.25,0.01%,0.03%
ADD ESPRESSO SHOT,Starbucks,FOOD,8,32,0,0.00%,32,0.07%,0.03%
ADD WHIPPED CREAM,Starbucks,FOOD,8,32,0,0.00%,32,0.07%,0.03%
ALL BRAN ORIGINAL 500GM,CS Cereal,FOOD,2,32,0,0.00%,32,0.02%,0.03%
Frid Rice W Chicken,Fried Rice,FOOD,1,32,0,0.00%,32,0.01%,0.03%
Granola,Dessert,FOOD,4,32,0,0.00%,32,0.04%,0.03%
THE BERRY CO BLUEBERRY JUICE,Packet Juice,BEVERAGE,4,32,0,0.00%,32,0.04%,0.03%
BEST CAN CASHEWS SALTED 110GM,CS Nuts & Seeds,FOOD,2,31.5,0,0.00%,31.5,0.02%,0.03%
BAYARA 1KG PRUNES DRIED,CS Dry Fruits,FOOD,1,31.25,0,0.00%,31.25,0.01%,0.03%
FAMILIA C.M PLUS ORIGINAL 600GM,CS Cereal,FOOD,1,31.25,0,0.00%,31.25,0.01%,0.03%
ALWAYS NIGHT WINGS 8 PCS,CS Sanitary Care,NON FOOD,4,31,0,0.00%,31,0.04%,0.03%
AlwaysUltraNightFresh6,CS Sanitary Care,NON FOOD,4,30,0,0.00%,30,0.04%,0.03%
Cookie,Dessert,FOOD,6,30,0,0.00%,30,0.05%,0.03%
CROISSANT HI BUTTER CHEESE,CS Bakery,FOOD,10,30,0,0.00%,30,0.09%,0.03%
ENERGIZER AAA 6 PCS,CS Tissue & Toilet Rolls,NON FOOD,2,30,0,0.00%,30,0.02%,0.03%
ESPRESSO MACCHIATO SINGLE,Starbucks,FOOD,3,30,0,0.00%,30,0.03%,0.03%
FOUNTAIN SODA LARGE,Softdrinks,BEVERAGE,10,30,0,0.00%,30,0.09%,0.03%
GLASS OF SOYA MILK,Soya Milk,FOOD,5,30,0,0.00%,30,0.05%,0.03%
Lungo,Nespresso,FOOD,6,30,0,0.00%,30,0.05%,0.03%
NIVEA MEN SHOWER ENERGY 250ML,CS Bath & Shower,NON FOOD,2,30,0,0.00%,30,0.02%,0.03%
NIVEA PURIFYING FACE WASH 150ML,CS Facial Care,NON FOOD,1,30,0,0.00%,30,0.01%,0.03%
NIVEA REFRESHING FACE WASH 150ML,CS Facial Care,NON FOOD,1,30,0,0.00%,30,0.01%,0.03%
Pesto,Pizza,FOOD,1,30,0,0.00%,30,0.01%,0.03%
SINGLE ASSAM LOOSE TEA,Tea,FOOD,3,30,0,0.00%,30,0.03%,0.03%
SNICKERS BAR,Chocolate,FOOD,6,30,0,0.00%,30,0.05%,0.03%
VEGGIE MAIN,Main course,FOOD,2,30,0,0.00%,30,0.02%,0.03%
VOCHELLE TIN SOUK AL BAHAR 205GM,CS Chocolate ,FOOD,1,30,0,0.00%,30,0.01%,0.03%
OAT KING BAR TASTY CHOCOLATE 95G,CS Cereal,FOOD,2,29,0,0.00%,29,0.02%,0.03%
BEST CAN MIXED NUTS 110GM,CS Nuts & Seeds,FOOD,3,28.5,0,0.00%,28.5,0.03%,0.03%
CastaniaExtMixNuts350G,CS Nuts & Seeds,FOOD,1,28.5,0,0.00%,28.5,0.01%,0.03%
MALTESERS THICK SHAKE 300ML,Convenience Beverages,BEVERAGE,3,28.5,0,0.00%,28.5,0.03%,0.03%
AL AIN FRESH MILK 1L SKIMMED,CS Dairy ,FOOD,4,28,0,0.00%,28,0.04%,0.03%
ARIEL GREEN 1.5KG,CS Laundry Care,NON FOOD,1,28,0,0.00%,28,0.01%,0.03%
CROISSANT HI BUTTER ALMOND,CS Bakery,FOOD,7,28,0,0.00%,28,0.06%,0.03%
D Coke,Softdrinks,BEVERAGE,7,28,0,0.00%,28,0.06%,0.03%
FANTA STRAWBERRY CAN,Softdrinks,BEVERAGE,7,28,0,0.00%,28,0.06%,0.03%
FIREFLY RECHARGE POMEGRANATE,Tea,BEVERAGE,2,28,0,0.00%,28,0.02%,0.03%
FIREFLY WAKE UP PEACH,Tea,BEVERAGE,2,28,0,0.00%,28,0.02%,0.03%
LACNOR APPLE 180ML,Fresh Juices,BEVERAGE,7,28,0,0.00%,28,0.06%,0.03%
LAYS 40GM SALT,CS Chips & Snacks,FOOD,14,28,0,0.00%,28,0.13%,0.03%
Lemon & Mint,Fresh Juices,BEVERAGE,2,28,0,0.00%,28,0.02%,0.03%
PERRIER WATER 330ML,CS Water,BEVERAGE,7,28,0,0.00%,28,0.06%,0.03%
Pineapple & Beetroot,Fresh Juices,BEVERAGE,2,28,0,0.00%,28,0.02%,0.03%
SPRITE CAN,Softdrinks,BEVERAGE,7,28,0,0.00%,28,0.06%,0.03%
VANIAS SPRING GREEN,Smoothies,BEVERAGE,1,28,0,0.00%,28,0.01%,0.03%
A/G POP CORN MICROWAV EXTRA BUTT,CS Can & Jar Food,FOOD,3,27.75,0,0.00%,27.75,0.03%,0.03%
TWIX TWIN BAR 50GM,CS Chocolate ,FOOD,11,27.5,0,0.00%,27.5,0.10%,0.03%
AL MARAI STRAWBERRY MILK 360ML,CS Dairy ,FOOD,9,27,0,0.00%,27,0.08%,0.03%
CocoPopsCMB20g,CS Cereal,FOOD,9,27,0,0.00%,27,0.08%,0.03%
EMMENTHAL CHEESE PORTION 150G,CS Dairy ,FOOD,2,27,0,0.00%,27,0.02%,0.03%
FARM FRESH EGGS WHITE 6PCS,CS Eggs,FOOD,6,27,0,0.00%,27,0.05%,0.03%
Potato Wedges,Extras,FOOD,3,27,0,0.00%,27,0.03%,0.03%
C&C DEEP ACTION CREAM CLEANSER 1,CS Facial Care,NON FOOD,1,26.75,0,0.00%,26.75,0.01%,0.03%
CORNETTO I/C LOVE TOFFEE,CS Ice Cream,FOOD,4,26,0,0.00%,26,0.04%,0.03%
NIVEA ROLL ON WOMEN INVISIBLE 50,CS Deodrants,NON FOOD,2,26,0,0.00%,26,0.02%,0.03%
STRAWBERRY SHAKE,Milk Shake,BEVERAGE,1,26,0,0.00%,26,0.01%,0.03%
BJORG ORGANIC OAT FLAKES 500GM,CS Organic Food,FOOD,1,25.5,0,0.00%,25.5,0.01%,0.03%
TRESEMME CD 24 HOUR BODY 500ML,CS Shampoo & Conditioner,NON FOOD,1,25.5,0,0.00%,25.5,0.01%,0.03%
TRESEMME CD PLATINUM STRENGTH 50,CS Shampoo & Conditioner,NON FOOD,1,25.5,0,0.00%,25.5,0.01%,0.03%
TRESEMME SH 24 HOUR BODY 500ML,CS Shampoo & Conditioner,NON FOOD,1,25.5,0,0.00%,25.5,0.01%,0.03%
TRESEMME SH PLATINUM STRENGTH 50,CS Shampoo & Conditioner,NON FOOD,1,25.5,0,0.00%,25.5,0.01%,0.03%
Bagel S. Salmon,Sandwiches,FOOD,1,25,0,0.00%,25,0.01%,0.03%
Castania Peanut 60g,CS Nuts & Seeds,FOOD,5,25,0,0.00%,25,0.05%,0.03%
ORAL B TP PRO EXPERT FRESH MINT ,CS Oral Care,NON FOOD,1,25,0,0.00%,25,0.01%,0.03%
SELPAK TOILET PAPER 4 ROLLS,CS Tissue & Toilet Rolls,NON FOOD,2,25,0,0.00%,25,0.02%,0.03%
WHOLE FRUIT,Dessert,FOOD,5,25,0,0.00%,25,0.05%,0.03%
BAYARA SALTED PISTACHIOS 300GM,CS Nuts & Seeds,FOOD,1,24.75,0,0.00%,24.75,0.01%,0.03%
FAMILIA BIO ORGANIC HONEY ALMOND,CS Organic Food,FOOD,1,24.25,0,0.00%,24.25,0.01%,0.03%
ADD FLAVOURED SYRUP,Starbucks,FOOD,6,24,0,0.00%,24,0.05%,0.03%
AL AIN MORNING CRANBERRY MUSELI ,CS Dairy ,FOOD,8,24,0,0.00%,24,0.07%,0.03%
Beef Noodle Soup,Soup ,FOOD,2,24,0,0.00%,24,0.02%,0.03%
Best Salted Peanut30g,Peannuts,FOOD,8,24,0,0.00%,24,0.07%,0.03%
ESPRESSO MACCHIATO,Starbucks,FOOD,2,24,0,0.00%,24,0.02%,0.03%
Fruit Platter,Dessert,FOOD,1,24,0,0.00%,24,0.01%,0.03%
Lacnor Low Fat Milk 1L,CS Dairy ,BEVERAGE,6,24,0,0.00%,24,0.05%,0.03%
Pepperoni,Pizza,FOOD,4,24,0,0.00%,24,0.04%,0.03%
PERRIER WATER 330ML,Water,BEVERAGE,4,24,0,0.00%,24,0.04%,0.03%
RiceKrispiesCMB20g,CS Cereal,FOOD,8,24,0,0.00%,24,0.07%,0.03%
SCHOGETTEN CAPPUCCINO 100G,CS Chocolate ,FOOD,4,24,0,0.00%,24,0.04%,0.03%
SUBSTITUTE SOYA,Soya Milk,FOOD,6,24,0,0.00%,24,0.05%,0.03%
THE BERRY CO GOJI BERRY JUICE,Packet Juice,BEVERAGE,3,24,0,0.00%,24,0.03%,0.03%
THE BERRY CO RED SUPEBERRY JUICE,Packet Juice,BEVERAGE,3,24,0,0.00%,24,0.03%,0.03%
Tuna maki(6Pcs) W/Sundried Tomat,Sushi,FOOD,1,24,0,0.00%,24,0.01%,0.03%
FAMILIA CHOCO 500GM,CS Cereal,FOOD,1,23.75,0,0.00%,23.75,0.01%,0.03%
FAMILIA CRUNCH 500GM,CS Cereal,FOOD,1,23.75,0,0.00%,23.75,0.01%,0.03%
GILLETTE GEL FUSION HYDRATING,CS Mens Care,NON FOOD,1,23.75,0,0.00%,23.75,0.01%,0.03%
SCRUMMIES BLACKCURRANT CRANBERRI,CS Dry Fruits,FOOD,5,23.75,0,0.00%,23.75,0.05%,0.03%
ALMARAI TIN CHEESE 200G,CS Dairy ,FOOD,2,23.5,0,0.00%,23.5,0.02%,0.03%
16 OZ SOYA WHITE CHOCO MOCHA,Coffee,FOOD,1,23,0,0.00%,23,0.01%,0.02%
DOVE INTENSIVE CREAM NOURISHING ,CS Body Care,NON FOOD,2,23,0,0.00%,23,0.02%,0.02%
ORAL B TP COMPLETE EXTRA FRESH M,CS Oral Care,NON FOOD,2,23,0,0.00%,23,0.02%,0.02%
TideReg Original1.5Kg ,CS Laundry Care,NON FOOD,1,22.75,0,0.00%,22.75,0.01%,0.02%
AL RABIE ORANGE 330ML,CS Packet Juice,BEVERAGE,9,22.5,0,0.00%,22.5,0.08%,0.02%
CastaniaCashew,CS Nuts & Seeds,FOOD,1,22.5,0,0.00%,22.5,0.01%,0.02%
JACK LINKS TERIYAKI BEEF JERKY 2,CS Chips & Snacks,FOOD,3,22.5,0,0.00%,22.5,0.03%,0.02%
OREO 704g,Biscuit & Cookies,FOOD,1,22.5,0,0.00%,22.5,0.01%,0.02%
RICE KRISPIES KELLOGS 510GM,CS Cereal,FOOD,1,22.5,0,0.00%,22.5,0.01%,0.02%
ANTIDOTE,Fresh Juices,BEVERAGE,1,22,0,0.00%,22,0.01%,0.02%
DOCTOR'S ORDERS,Fresh Juices,BEVERAGE,1,22,0,0.00%,22,0.01%,0.02%
DOUGHNUT PLAIN,CS Bakery,FOOD,11,22,0,0.00%,22,0.10%,0.02%
FALAFEL BURGER,Burgers,FOOD,1,22,0,0.00%,22,0.01%,0.02%
LAYS 40GM TOMATO KETCHUP,CS Chips & Snacks,FOOD,11,22,0,0.00%,22,0.10%,0.02%
LUX HW SECRET BLISS 250ML,CS Soap & Handwash,NON FOOD,2,22,0,0.00%,22,0.02%,0.02%
LUX HW VELVET TOUCH 250ML,CS Soap & Handwash,NON FOOD,2,22,0,0.00%,22,0.02%,0.02%
MODERN BAKE MANGO PISTA ENERGY B,CS Cereal,FOOD,4,22,0,0.00%,22,0.04%,0.02%
Orange Pcs,CS Fresh Fruit,FOOD,11,22,0,0.00%,22,0.10%,0.02%
TAMPAX SUPER,CS Sanitary Care,NON FOOD,2,22,0,0.00%,22,0.02%,0.02%
AL AIN FRESH GRAPEFRUIT JUICE330,CS Packet Juice,BEVERAGE,3,21,0,0.00%,21,0.03%,0.02%
Bagels w/Cr.Cheese,Breakfast,FOOD,3,21,0,0.00%,21,0.03%,0.02%
BAYARA EXTRA MIXED NUTS 300GM,CS Dry Fruits,FOOD,1,21,0,0.00%,21,0.01%,0.02%
M&M CHOCOLATE 45GM,CS Chocolate ,FOOD,7,21,0,0.00%,21,0.06%,0.02%
MUFFIN BLUEBERRY,CS Bakery,FOOD,6,21,0,0.00%,21,0.05%,0.02%
SCHOGETTEN PRALINE NOISETTES 100,CS Chocolate ,FOOD,4,21,0,0.00%,21,0.04%,0.02%
SMALL GREEN SALAD ,Salads,FOOD,3,21,0,0.00%,21,0.03%,0.02%
INA PAARMAN FETA GARLIC DRESSING,CS Sauce,FOOD,1,20.75,0,0.00%,20.75,0.01%,0.02%
INA PAARMAN HERB DRESSING 300ML,CS Sauce,FOOD,1,20.75,0,0.00%,20.75,0.01%,0.02%
ALPRO ALMOND MILK 1L,CS Dairy ,FOOD,1,20.5,0,0.00%,20.5,0.01%,0.02%
BEST 30GM SALTED PISTACHIO,CS Nuts & Seeds,FOOD,7,20.5,0,0.00%,20.5,0.06%,0.02%
BONNE MANAM BLACK BEERY PRESERVE,CS Can & Jar Food,FOOD,1,20.5,0,0.00%,20.5,0.01%,0.02%
BONNE MANAM STRAWBERRY PRESERVE ,CS Can & Jar Food,FOOD,1,20.5,0,0.00%,20.5,0.01%,0.02%
FITA 600G,Biscuit & Cookies,FOOD,1,20.5,0,0.00%,20.5,0.01%,0.02%
16 OZ FRAPPUCINO VANILA,Starbucks,FOOD,1,20,0,0.00%,20,0.01%,0.02%
7 UP CAN,Softdrinks,BEVERAGE,5,20,0,0.00%,20,0.05%,0.02%
BlueberyCheseCake,Dessert,FOOD,1,20,0,0.00%,20,0.01%,0.02%
Brownie,Dessert,FOOD,1,20,0,0.00%,20,0.01%,0.02%
CARTE DOR S.BERRY 1 SCOOP,Ice cream,FOOD,4,20,0,0.00%,20,0.04%,0.02%
CARTE DOR VANILLA 1 SCOOP,Ice cream,FOOD,4,20,0,0.00%,20,0.04%,0.02%
CERES CRANBERRY KIWI JUICE 1L,CS Packet Juice,BEVERAGE,2,20,0,0.00%,20,0.02%,0.02%
Coke,Softdrinks,BEVERAGE,5,20,0,0.00%,20,0.05%,0.02%
EARL GREY LOOSE TEA,Tea,FOOD,2,20,0,0.00%,20,0.02%,0.02%
JASMINE GREEN LOOSE TEA,Tea,FOOD,2,20,0,0.00%,20,0.02%,0.02%
LAYS 40GM SALT VINEGAR,CS Chips & Snacks,FOOD,10,20,0,0.00%,20,0.09%,0.02%
MARS BAR 51GM,CS Chocolate ,FOOD,6,20,0,0.00%,20,0.05%,0.02%
SCHOGETTEN HAZELNUT100G,CS Chocolate ,FOOD,4,20,0,0.00%,20,0.04%,0.02%
SILVER SWAN JASMINE RICE 1KG,CS Coocking & Baking,FOOD,2,20,0,0.00%,20,0.02%,0.02%
SMINT CANDY GUM PEPPERMINT 14.2G,CS Mint & Gum,FOOD,5,20,0,0.00%,20,0.05%,0.02%
SUBSTITUTE SOYA ALMOND,Soya Milk,FOOD,5,20,0,0.00%,20,0.05%,0.02%
SUPASHAPE PROTEIN LITE CHOCOLATE,CS Chips & Snacks,FOOD,2,20,0,0.00%,20,0.02%,0.02%
OB TAMPONS SUPER PLUS 16PCS,CS Sanitary Care,NON FOOD,1,19.75,0,0.00%,19.75,0.01%,0.02%
BOURSIN CHEESE BLACK PEPPER 150G,CS Dairy ,FOOD,1,19.5,0,0.00%,19.5,0.01%,0.02%
BOURSIN CHEESE GARLIC & HERBS 15,CS Dairy ,FOOD,1,19.5,0,0.00%,19.5,0.01%,0.02%
CARTE DOR PISTACIO 1 SCOOP,Ice cream,FOOD,3,19.5,0,0.00%,19.5,0.03%,0.02%
SMACKS HONEY KELLOGS 375GM,CS Cereal,FOOD,1,19.5,0,0.00%,19.5,0.01%,0.02%
DOVE SHOWER NOURISHING 250ML,CS Bath & Shower,NON FOOD,1,19.25,0,0.00%,19.25,0.01%,0.02%
16 OZ CARAMEL LATTE,Starbucks,FOOD,1,19,0,0.00%,19,0.01%,0.02%
16 OZ HAZEL NUT LATTE,Starbucks,FOOD,1,19,0,0.00%,19,0.01%,0.02%
16 OZ ICED CAFFE MOCHA,Starbucks,FOOD,1,19,0,0.00%,19,0.01%,0.02%
DOVE BODY LOTION SHEA BUTTER 250,CS Body Care,NON FOOD,1,19,0,0.00%,19,0.01%,0.02%
GALAXY THICK SHAKE CARAMEL 300ML,Convenience Beverages,BEVERAGE,2,19,0,0.00%,19,0.02%,0.02%
JWLIGHTMEATOIL170G,CS Can & Jar Food,FOOD,2,19,0,0.00%,19,0.02%,0.02%
LIPTON EARL GREY 25 TB,CS Tea,FOOD,2,19,0,0.00%,19,0.02%,0.02%
SCRUMMIES RASPBERRY CRANBERRIES ,CS Dry Fruits,FOOD,4,19,0,0.00%,19,0.04%,0.02%
STREPSILS LEMON SUGAR FREE PACKE,CS Chocolate ,FOOD,1,19,0,0.00%,19,0.01%,0.02%
AXE DEO ANARCHY 4 HIM 150ML,CS Deodrants,NON FOOD,1,18.25,0,0.00%,18.25,0.01%,0.02%
AXE DEO DEEP SPACE 150ML,CS Deodrants,NON FOOD,1,18.25,0,0.00%,18.25,0.01%,0.02%
NECTAFLOR SOFT APRICOTS 200GM,CS Dry Fruits,FOOD,1,18.25,0,0.00%,18.25,0.01%,0.02%
OREO GOLDEN 16 PACK 44GM,Biscuit & Cookies,FOOD,1,18.25,0,0.00%,18.25,0.01%,0.02%
OREO MILK & CHOCOLATE 16 PACK 44,Biscuit & Cookies,FOOD,1,18.25,0,0.00%,18.25,0.01%,0.02%
16 OZ ICED CARAMEL LATTE,Starbucks,FOOD,1,18,0,0.00%,18,0.01%,0.02%
AL AIN MORNING BLACKBERRY MUSELI,CS Dairy ,FOOD,6,18,0,0.00%,18,0.05%,0.02%
AL AIN MORNING PEACH MUSELI 250G,CS Dairy ,FOOD,6,18,0,0.00%,18,0.05%,0.02%
BOUNTY BAR 57GM,CS Chocolate ,FOOD,4,18,0,0.00%,18,0.04%,0.02%
Chicken Chirashi,Sushi,FOOD,1,18,0,0.00%,18,0.01%,0.02%
Coca Cola,Softdrinks,BEVERAGE,4,18,0,0.00%,18,0.04%,0.02%
DR OETKER H.B MUSICAL CANDLE,CS Disposable,NON FOOD,1,18,0,0.00%,18,0.01%,0.02%
Grilled Chicken,Pizza,FOOD,3,18,0,0.00%,18,0.03%,0.02%
Mock Rose,Mocktails,BEVERAGE,1,18,0,0.00%,18,0.01%,0.02%
Muture Cheddar(V),Sandwiches,FOOD,1,18,0,0.00%,18,0.01%,0.02%
NATURE VALLEY CANADIAN MAPLE SYR,CS Cereal,FOOD,6,18,0,0.00%,18,0.05%,0.02%
PERRIER WATER 750ML,Water,BEVERAGE,2,18,0,0.00%,18,0.02%,0.02%
SAN PELLEGRINO WATER 1000ML,CS Water,BEVERAGE,2,18,0,0.00%,18,0.02%,0.02%
SUPASHAPE DIET SNACK BAR CHOCOLA,CS Chips & Snacks,FOOD,2,18,0,0.00%,18,0.02%,0.02%
TAMRAH CHOCO MILK ZIPPER BAG 100,CS Dry Fruits,FOOD,2,18,0,0.00%,18,0.02%,0.02%
TAMRAH COCO DATES ZIPPER BAG 100,CS Dry Fruits,FOOD,2,18,0,0.00%,18,0.02%,0.02%
A/G POP CORN MICROWAVE BUTTER 29,CS Can & Jar Food,FOOD,2,17.5,0,0.00%,17.5,0.02%,0.02%
AL RABIE LIME KIWI 330ML,CS Packet Juice,BEVERAGE,7,17.5,0,0.00%,17.5,0.06%,0.02%
Alrabi PineApple/Coconut330M,Fresh Juices,FOOD,7,17.5,0,0.00%,17.5,0.06%,0.02%
MUFFIN APPLE,CS Bakery,FOOD,5,17.5,0,0.00%,17.5,0.05%,0.02%
MUFFIN CHOCOLATE,CS Bakery,FOOD,5,17.5,0,0.00%,17.5,0.05%,0.02%
COEUR DE LION PETIT CAMEMBERT 15,CS Dairy ,FOOD,1,17.25,0,0.00%,17.25,0.01%,0.02%
KAGI SWISS WAFERS ORIGINAL MINI ,CS Mint & Gum,FOOD,1,17.25,0,0.00%,17.25,0.01%,0.02%
12 OZ Hazel Nut Latte,Starbucks,FOOD,1,17,0,0.00%,17,0.01%,0.02%
AUSLESE MELITTA CLASSIC COFFEE 2,CS Coffee,FOOD,1,17,0,0.00%,17,0.01%,0.02%
NIVEA DEO FEMALE BLACK & WHITE 2,CS Deodrants,NON FOOD,1,17,0,0.00%,17,0.01%,0.02%
ALPROSoyaMilkUnswtnd1L,CS Packet Juice,BEVERAGE,1,16.75,0,0.00%,16.75,0.01%,0.02%
SNAPPLE FRUIT PUNCH JUICE,CS Packet Juice,BEVERAGE,3,16.5,0,0.00%,16.5,0.03%,0.02%
EXTRA PROFESSIONAL WHITE GUM,CS Mint & Gum,FOOD,5,16.25,0,0.00%,16.25,0.05%,0.02%
JACK LINKS STICK PEPPERED BEEF J,CS Chips & Snacks,FOOD,5,16.25,0,0.00%,16.25,0.05%,0.02%
12 OZ SOYA CAFFE LATTE,Coffee,FOOD,1,16,0,0.00%,16,0.01%,0.02%
12 OZ SOYA CAPPUCCINO,Coffee,FOOD,1,16,0,0.00%,16,0.01%,0.02%
7 UP DIET CAN,Softdrinks,BEVERAGE,4,16,0,0.00%,16,0.04%,0.02%
AL AIN FRESH MANGO JUICE 330ML,CS Packet Juice,BEVERAGE,2,16,0,0.00%,16,0.02%,0.02%
ALPEN BAR FRUIT NUT MILK CHOCOLA,CS Cereal,FOOD,4,16,0,0.00%,16,0.04%,0.02%
AYESHAS CITRUS SUNRISE,Smoothies,BEVERAGE,1,16,0,0.00%,16,0.01%,0.02%
BOGUTTI CHOCOFIT CHOCO HAZELNUT,Biscuit & Cookies,FOOD,2,16,0,0.00%,16,0.02%,0.02%
BOGUTTI CHOCOFIT GOJI CRAN WHITE,Biscuit & Cookies,FOOD,2,16,0,0.00%,16,0.02%,0.02%
CAPRISUN STRAWBERY ,CS Packet Juice,BEVERAGE,16,16,0,0.00%,16,0.15%,0.02%
CHAMOMILE TEA BAG,Tea,FOOD,2,16,0,0.00%,16,0.02%,0.02%
CLOROX WIPES DISINFECTING FRESH ,CS Cleaning Supplies,NON FOOD,1,16,0,0.00%,16,0.01%,0.02%
COKE PET 500ML,CS Soft Drinks,BEVERAGE,8,16,0,0.00%,16,0.07%,0.02%
CROISSANT BUTTER CHEESE,CS Bakery,FOOD,4,16,0,0.00%,16,0.04%,0.02%
CROISSANT HI BUTTER ZATAR,CS Bakery,FOOD,4,16,0,0.00%,16,0.04%,0.02%
FUNHDPSFORKPLM,CS Disposable,NON FOOD,2,16,0,0.00%,16,0.02%,0.02%
HEINZ TUNA LIGHT SOLID OIL TIN 1,CS Can & Jar Food,FOOD,2,16,0,0.00%,16,0.02%,0.02%
INDOMIE PILLOW 5 PCS SPECIAL CHI,CS Pasta & Noodles,FOOD,2,16,0,0.00%,16,0.02%,0.02%
LAYS 40GM FRENCH CHEESE,CS Chips & Snacks,FOOD,8,16,0,0.00%,16,0.07%,0.02%
Lemon,CS Fresh Vegatables,FOOD,8,16,0,0.00%,16,0.07%,0.02%
Lemon Iced Tea,Tea,BEVERAGE,2,16,0,0.00%,16,0.02%,0.02%
MANGO ICED TEA,Tea,FOOD,2,16,0,0.00%,16,0.02%,0.02%
Mixed Salad&Pitta,Extras,FOOD,2,16,0,0.00%,16,0.02%,0.02%
Moroccan Green Tea,Tea,FOOD,2,16,0,0.00%,16,0.02%,0.02%
Pepsi,Softdrinks,BEVERAGE,4,16,0,0.00%,16,0.04%,0.02%
SLICED BREAD WHITE JUMBO,CS Bakery,FOOD,4,16,0,0.00%,16,0.04%,0.02%
SMINT CANDY GUM STRAWBERRY 14.2G,CS Mint & Gum,FOOD,4,16,0,0.00%,16,0.04%,0.02%
SUPREME CEYLON TEA BAG,Tea,FOOD,2,16,0,0.00%,16,0.02%,0.02%
TEA BAG MOROCCAN,Tea,FOOD,2,16,0,0.00%,16,0.02%,0.02%
THE BERRY CO GREEN TEA ,Packet Juice,BEVERAGE,2,16,0,0.00%,16,0.02%,0.02%
TUNA & SWEET CORN,Sandwiches,FOOD,1,16,0,0.00%,16,0.01%,0.02%
Veg Fried Rice,Main course,FOOD,2,16,0,0.00%,16,0.02%,0.02%
KELLOGS BARS DARK CHOCO 04PCX1PK,CS Cereal,FOOD,1,15.75,0,0.00%,15.75,0.01%,0.02%
MANI PISTACHIOS SALT PEPPER 40G,CS Dry Fruits,FOOD,3,15.75,0,0.00%,15.75,0.03%,0.02%
ALPRO SOYA ORIGINAL1L,CS Dairy ,BEVERAGE,1,15.5,0,0.00%,15.5,0.01%,0.02%
DOVE+MCCCDS150ML,CS Shampoo & Conditioner,NON FOOD,1,15.5,0,0.00%,15.5,0.01%,0.02%
COMFORT LAVENDER MAGNOLIA CONCEN,CS Laundry Care,NON FOOD,1,15.25,0,0.00%,15.25,0.01%,0.02%
1 Scoop Protein Powder,TOPPINGS,FOOD,3,15,0,0.00%,15,0.03%,0.02%
AL AIN WATER 5 LTR,CS Water,BEVERAGE,6,15,0,0.00%,15,0.05%,0.02%
BAYARA MIXED NUTS 150G,CS Nuts & Seeds,FOOD,2,15,0,0.00%,15,0.02%,0.02%
Best SaltedCashew30g,Peannuts,FOOD,5,15,0,0.00%,15,0.05%,0.02%
CADBURY DM HAZELNUT 37GM,CS Chocolate ,FOOD,5,15,0,0.00%,15,0.05%,0.02%
CORNETTO I/C CLASSICO CREAM,CS Ice Cream,FOOD,3,15,0,0.00%,15,0.03%,0.02%
DOUGHNUT CHOCOLATE,CS Bakery,FOOD,6,15,0,0.00%,15,0.05%,0.02%
DOVE BODY CREAM GO FRESH NOURISH,CS Body Care,NON FOOD,1,15,0,0.00%,15,0.01%,0.02%
ENERGIZER AAA 4 PCS,CS Others,NON FOOD,1,15,0,0.00%,15,0.01%,0.02%
Fruit&NCadbry40g,CS Chocolate ,FOOD,5,15,0,0.00%,15,0.05%,0.02%
Kit Kat,Chocolate,FOOD,3,15,0,0.00%,15,0.03%,0.02%
MentoFruitLime,CS Mint & Gum,FOOD,3,15,0,0.00%,15,0.03%,0.02%
MOMA CUP POREIDGE PLAIN 70GM,CS Cereal,FOOD,1,15,0,0.00%,15,0.01%,0.02%
NATURE VALLEY OATS & HONEY,CS Cereal,FOOD,5,15,0,0.00%,15,0.05%,0.02%
NIVEA MEN SHOWER COOL KICK 250ML,CS Bath & Shower,NON FOOD,1,15,0,0.00%,15,0.01%,0.02%
NIVEA MEN SHOWER ORIGINAL CARE 2,CS Bath & Shower,NON FOOD,1,15,0,0.00%,15,0.01%,0.02%
NIVEA MEN SHOWER VITALITY FRESH ,CS Bath & Shower,NON FOOD,1,15,0,0.00%,15,0.01%,0.02%
NIVEA SHOWER CR�ME CARE 250ML,CS Bath & Shower,NON FOOD,1,15,0,0.00%,15,0.01%,0.02%
NIVEA SHOWER WATERLILY 250ML,CS Bath & Shower,NON FOOD,1,15,0,0.00%,15,0.01%,0.02%
UAE Bunting Flag,CS Festival Non Food,NON FOOD,1,15,0,0.00%,15,0.01%,0.02%
LIP LEMON MELIS GREN TEA 12 pcs,CS Tea,FOOD,1,14.5,0,0.00%,14.5,0.01%,0.02%
SIGNAL TP HERBAL MESWAK 120ML,CS Oral Care,NON FOOD,2,14.5,0,0.00%,14.5,0.02%,0.02%
Spghetti Barila500G,CS Pasta & Noodles,FOOD,2,14.5,0,0.00%,14.5,0.02%,0.02%
DOVE HAND CREAM ESSENTIAL NOURIS,CS Shampoo & Conditioner,NON FOOD,1,14.25,0,0.00%,14.25,0.01%,0.02%
JIF EASY CLEAN FLOWER BREEZE 1LI,CS Cleaning Supplies,NON FOOD,1,14.25,0,0.00%,14.25,0.01%,0.02%
SCRUMMIES BLUEBERRY CRANBERRIES ,CS Dry Fruits,FOOD,3,14.25,0,0.00%,14.25,0.03%,0.02%
SCRUMMIES STRAWBERRY CRANBERRIES,CS Dry Fruits,FOOD,3,14.25,0,0.00%,14.25,0.03%,0.02%
Castania Peanuts60g,Peannuts,FOOD,2,14,0,0.00%,14,0.02%,0.02%
Chicken Noodle Suop,Soup ,FOOD,1,14,0,0.00%,14,0.01%,0.02%
EXTRA PELLET STRAWBERRY GUM,Biscuit & Cookies,FOOD,7,14,0,0.00%,14,0.06%,0.02%
Fresh Pomegranate,Fresh Juices,BEVERAGE,1,14,0,0.00%,14,0.01%,0.02%
GALLO RISOTTO PRONTO 4 CHEESE 17,CS Coocking & Baking,FOOD,1,14,0,0.00%,14,0.01%,0.02%
IcedVanillaMachiato,Nespresso,FOOD,1,14,0,0.00%,14,0.01%,0.02%
Orange,Fresh Juices,BEVERAGE,5,14,0,0.00%,14,0.05%,0.02%
Orange & Carrot,Fresh Juices,BEVERAGE,6,14,0,0.00%,14,0.05%,0.02%
ORGANIC TOTMATO PACKET,CS Fresh Fruit,FOOD,1,14,0,0.00%,14,0.01%,0.02%
STILL WATER REG,Water,BEVERAGE,7,14,0,0.00%,14,0.06%,0.02%
BEST CAN PISTACHIOS SALTED 110GM,CS Nuts & Seeds,FOOD,1,13.75,0,0.00%,13.75,0.01%,0.01%
LIND CHERRY INTENSE100G,CS Chocolate ,FOOD,1,13.75,0,0.00%,13.75,0.01%,0.01%
LINDT EXCELLENCE LIME INTENSE 10,CS Chocolate ,FOOD,1,13.75,0,0.00%,13.75,0.01%,0.01%
NECTAFLOR PREMIUM GINGER 200GM,CS Dry Fruits,FOOD,1,13.75,0,0.00%,13.75,0.01%,0.01%
OREO DOUBLE STUFF 8 PACK 56GM,Biscuit & Cookies,FOOD,1,13.75,0,0.00%,13.75,0.01%,0.01%
ALMARAI SANDWICH SLICE CHEESE 20,CS Dairy ,FOOD,2,13.5,0,0.00%,13.5,0.02%,0.01%
BERRY CO CRANBERRY 1L,CS Packet Juice,BEVERAGE,1,13.5,0,0.00%,13.5,0.01%,0.01%
DgstiveBiscuits400g,Biscuit & Cookies,FOOD,1,13.5,0,0.00%,13.5,0.01%,0.01%
DOVE SH MEN CARE ANTI DANDRUF 20,CS Shampoo & Conditioner,NON FOOD,1,13.25,0,0.00%,13.25,0.01%,0.01%
ClearHerbFusionWmen,CS Shampoo & Conditioner,NON FOOD,1,13,0,0.00%,13,0.01%,0.01%
ClrDpCleanseMen,CS Shampoo & Conditioner,NON FOOD,1,13,0,0.00%,13,0.01%,0.01%
DR OETKER NO.0 CANDLE,CS Disposable,NON FOOD,2,13,0,0.00%,13,0.02%,0.01%
DR OETKER NO.8 CANDLE,CS Disposable,NON FOOD,2,13,0,0.00%,13,0.02%,0.01%
JOHNSONS BODY WASH PAPAYA 250ML,CS Bath & Shower,NON FOOD,1,13,0,0.00%,13,0.01%,0.01%
LADY CHOICE CREAMY PEANUT BUTTER,CS Can & Jar Food,FOOD,1,13,0,0.00%,13,0.01%,0.01%
PRINGLES 40GM HOT & SPICY,CS Chips & Snacks,FOOD,4,13,0,0.00%,13,0.04%,0.01%
PRINGLES 40GM ORIGINAL,CS Chips & Snacks,FOOD,4,13,0,0.00%,13,0.04%,0.01%
A/G TRADITIONAL PASTA SAUCE 24OZ,CS Sauce,FOOD,1,12.75,0,0.00%,12.75,0.01%,0.01%
BEST 30GM SALTED CASHEWS,CS Nuts & Seeds,FOOD,3,12.5,0,0.00%,12.5,0.03%,0.01%
JOHNSONS BABY SHAMPOO 200ML,CS Baby Care,NON FOOD,1,12.5,0,0.00%,12.5,0.01%,0.01%
JOHNSONS COTTON BALLS 50 PCS,CS Facial Care,NON FOOD,1,12.5,0,0.00%,12.5,0.01%,0.01%
JOHN WEST LIGHT TUNA CHUNKS BRIN,CS Coocking & Baking,FOOD,2,12.5,0,0.00%,12.5,0.02%,0.01%
ADD CARAMEL DRIZZLE,Starbucks,FOOD,3,12,0,0.00%,12,0.03%,0.01%
ADD FLAVOURED SYRUP,Starbucks,FOOD,3,12,0,0.00%,12,0.03%,0.01%
Cappuccino,Coffee,BEVERAGE,1,12,0,0.00%,12,0.01%,0.01%
CARTE DOR PISTACIO 2 SCOOP,Ice cream,FOOD,1,12,0,0.00%,12,0.01%,0.01%
Chicken Tikka,Pizza,FOOD,2,12,0,0.00%,12,0.02%,0.01%
CHOCOLATE CHIP COOKIE,Dessert,FOOD,2,12,0,0.00%,12,0.02%,0.01%
DOVE SH DAMAGE COLOUR CARE 200ML,CS Shampoo & Conditioner,NON FOOD,1,12,0,0.00%,12,0.01%,0.01%
DOVE SH DAMAGE INTENSIVE REPAIR ,CS Shampoo & Conditioner,NON FOOD,1,12,0,0.00%,12,0.01%,0.01%
FAMILIA 50GM MUESLI ORIGINAL,CS Cereal,FOOD,3,12,0,0.00%,12,0.03%,0.01%
FANTA APPLE CAN,Softdrinks,BEVERAGE,3,12,0,0.00%,12,0.03%,0.01%
FANTA ORANGE CAN,Softdrinks,BEVERAGE,3,12,0,0.00%,12,0.03%,0.01%
Ferrarelle 500Ml ,CS Water,BEVERAGE,2,12,0,0.00%,12,0.02%,0.01%
GALAXY HAZELNUT 40GM,CS Chocolate ,FOOD,4,12,0,0.00%,12,0.04%,0.01%
GATORADE LEMON,Energy Drinks,BEVERAGE,1,12,0,0.00%,12,0.01%,0.01%
GLASS OF MILK,Milk,FOOD,3,12,0,0.00%,12,0.03%,0.01%
Jalapenos,Pizza,FOOD,2,12,0,0.00%,12,0.02%,0.01%
JOHNSONS SHOWER GEL UNWIND 250ML,CS Bath & Shower,NON FOOD,1,12,0,0.00%,12,0.01%,0.01%
LAYS 40GM CHILLI,CS Chips & Snacks,FOOD,6,12,0,0.00%,12,0.05%,0.01%
Mushrooms,Pizza,FOOD,2,12,0,0.00%,12,0.02%,0.01%
Roasted Almond ,Cereal Bar,FOOD,4,12,0,0.00%,12,0.04%,0.01%
Short Bread,Dessert,FOOD,1,12,0,0.00%,12,0.01%,0.01%
SMINT CANDY GUM MINT 14.2G,CS Mint & Gum,FOOD,3,12,0,0.00%,12,0.03%,0.01%
Sprite,Softdrinks,BEVERAGE,3,12,0,0.00%,12,0.03%,0.01%
TOBLETOBLERONE MILK 35GM,CS Chocolate ,FOOD,4,12,0,0.00%,12,0.04%,0.01%
Veg Noodle Soup,Soup ,FOOD,1,12,0,0.00%,12,0.01%,0.01%
BEST CAN ALMONDS SALTED 110GM,CS Nuts & Seeds,FOOD,1,11.75,0,0.00%,11.75,0.01%,0.01%
CADBURY DM FRUIT & NUT 230GM,CS Chocolate ,FOOD,1,11.75,0,0.00%,11.75,0.01%,0.01%
Dol Ex Onion&Garlic Sauce 500g,CS Sauce,FOOD,1,11.5,0,0.00%,11.5,0.01%,0.01%
Dolmio Bolognaise Sauce 500g,CS Sauce,FOOD,1,11.5,0,0.00%,11.5,0.01%,0.01%
DOLMIO BOLOGNESE LOW FAT SAUCE 5,CS Sauce,FOOD,1,11.5,0,0.00%,11.5,0.01%,0.01%
ORAL B TP COMPLETE EXTREME MINT ,CS Oral Care,NON FOOD,1,11.5,0,0.00%,11.5,0.01%,0.01%
DOMESTOS BLEACH LEMON FRESH 750M,CS Cleaning Supplies,NON FOOD,1,11.25,0,0.00%,11.25,0.01%,0.01%
GROWERS PACKET ORIENTAL PEANUTS,CS Nuts & Seeds,FOOD,2,11,0,0.00%,11,0.02%,0.01%
LUX HW MAGICAL BEAUTY 250ML,CS Soap & Handwash,NON FOOD,1,11,0,0.00%,11,0.01%,0.01%
LUX HW SILK SENSATION 250ML,CS Shampoo & Conditioner,NON FOOD,1,11,0,0.00%,11,0.01%,0.01%
PANTENE SH MOISTURE RENEWAL 200M,CS Shampoo & Conditioner,NON FOOD,1,11,0,0.00%,11,0.01%,0.01%
PANTENE SH SMOOTH SILKY 200ML,CS Shampoo & Conditioner,NON FOOD,1,11,0,0.00%,11,0.01%,0.01%
VOCHELLE DARK CHOC ALMOND 90G,CS Chocolate ,FOOD,2,11,0,0.00%,11,0.02%,0.01%
YUM YUM CRUNCHY PEANUT BUTTER 40,CS Dairy ,FOOD,1,10.75,0,0.00%,10.75,0.01%,0.01%
BRIE PORT CHEESE COEUR DE LION 1,CS Dairy ,FOOD,1,10.5,0,0.00%,10.5,0.01%,0.01%
EMMENTHAL CHEESE GRATED 150G,CS Dairy ,FOOD,1,10.5,0,0.00%,10.5,0.01%,0.01%
Ferrarelle 330Ml ,CS Water,BEVERAGE,2,10.5,0,0.00%,10.5,0.02%,0.01%
FRUIT TELLA STRAWBERRY 39G,CS Mint & Gum,FOOD,6,10.5,0,0.00%,10.5,0.05%,0.01%
LACNOR PEACH 180ML,CS Packet Juice,BEVERAGE,7,10.5,0,0.00%,10.5,0.06%,0.01%
SCHWEPPES GINGER ALE 300M,CS Soft Drinks,BEVERAGE,7,10.5,0,0.00%,10.5,0.06%,0.01%
VITA COCO PEACH & MANGO 330ML,Convenience Beverages,BEVERAGE,1,10.5,0,0.00%,10.5,0.01%,0.01%
WALKERS SB CHOCO CHIPS 40G,Biscuit & Cookies,FOOD,3,10.5,0,0.00%,10.5,0.03%,0.01%
LABELLO MEN ACTIVE CARE 4.8G,CS Facial Care,NON FOOD,1,10.25,0,0.00%,10.25,0.01%,0.01%
AL RABIE MANGO 330ML,CS Packet Juice,BEVERAGE,4,10,0,0.00%,10,0.04%,0.01%
AL RABIE MANGO PASSION 330ML,CS Fresh Juice,BEVERAGE,4,10,0,0.00%,10,0.04%,0.01%
AL RABIE PINEAPPLE 330ML,CS Packet Juice,BEVERAGE,4,10,0,0.00%,10,0.04%,0.01%
BARILA FARFALE500g,CS Pasta & Noodles,FOOD,1,10,0,0.00%,10,0.01%,0.01%
CARTE DOR CARAMEL 1 SCOOP,Ice cream,FOOD,2,10,0,0.00%,10,0.02%,0.01%
CARTE DOR CHOCOLATE 1 SCOOP,Ice cream,FOOD,2,10,0,0.00%,10,0.02%,0.01%
COKE LIGHT LARGE 2.25L,CS Soft Drinks,BEVERAGE,2,10,0,0.00%,10,0.02%,0.01%
Espresso,Coffee,BEVERAGE,1,10,0,0.00%,10,0.01%,0.01%
EXTRA PELLET WHITE GUM,CS Mint & Gum,FOOD,5,10,0,0.00%,10,0.05%,0.01%
FOUNTAIN SODA SMALL,Softdrinks,BEVERAGE,5,10,0,0.00%,10,0.05%,0.01%
GREEN TEA LOOSE ,Tea,FOOD,1,10,0,0.00%,10,0.01%,0.01%
Khubus Bread,Breakfast,FOOD,5,10,0,0.00%,10,0.05%,0.01%
Mars,Chocolate,FOOD,2,10,0,0.00%,10,0.02%,0.01%
PEPPERMEIN LOOSE TEA,Tea,FOOD,1,10,0,0.00%,10,0.01%,0.01%
Pepsi Light,Softdrinks,BEVERAGE,2,10,0,0.00%,10,0.02%,0.01%
PERRIER SMALL ,Water,BEVERAGE,1,10,0,0.00%,10,0.01%,0.01%
SCHOGETTEN STRAWBERRY YOGURT100G,CS Chocolate ,FOOD,2,10,0,0.00%,10,0.02%,0.01%
SENCHA GREEN LOOSE TEA,Tea,FOOD,1,10,0,0.00%,10,0.01%,0.01%
Spaghetti or Farfalle,pasta,FOOD,1,10,0,0.00%,10,0.01%,0.01%
Tamago Nigiri,Sushi,FOOD,2,10,0,0.00%,10,0.02%,0.01%
TANDOORI CHICKEN,Sandwiches,FOOD,1,10,0,0.00%,10,0.01%,0.01%
TOBLERONE 50GM,CS Chocolate ,FOOD,2,10,0,0.00%,10,0.02%,0.01%
A/G CHICK PEAS CLASSIC 400G,CS Can & Jar Food,FOOD,3,9.75,0,0.00%,9.75,0.03%,0.01%
A/G KIDNEY BEANS DARK RED 400G,CS Can & Jar Food,FOOD,3,9.75,0,0.00%,9.75,0.03%,0.01%
ALMARAI JAR CREAM SPREAD CHEESE ,CS Dairy ,FOOD,1,9.75,0,0.00%,9.75,0.01%,0.01%
SUNSILK SH ANTI DANDRUFF SOLUTIO,CS Shampoo & Conditioner,NON FOOD,1,9.75,0,0.00%,9.75,0.01%,0.01%
SUNSILK SH STRONG GROWTH 200ML,CS Shampoo & Conditioner,NON FOOD,1,9.75,0,0.00%,9.75,0.01%,0.01%
VOCHELLE BLOCK ALMOND 180G,CS Chocolate ,FOOD,1,9.75,0,0.00%,9.75,0.01%,0.01%
VOCHELLE BLOCK DAIRY MILK 180G,CS Chocolate ,FOOD,1,9.75,0,0.00%,9.75,0.01%,0.01%
CASTANIA KRI KRI 60G,CS Nuts & Seeds,FOOD,2,9.5,0,0.00%,9.5,0.02%,0.01%
PRINGLES HOT & SPICY 165GM,CS Chips & Snacks,FOOD,1,9.25,0,0.00%,9.25,0.01%,0.01%
BEST 30GM SALTED PEANUTS,CS Nuts & Seeds,FOOD,6,9,0,0.00%,9,0.05%,0.01%
CARTE DOR CHOCOLATE 2 SCOOP,Ice cream,FOOD,1,9,0,0.00%,9,0.01%,0.01%
COKE ZERO CAN 300M,CS Soft Drinks,BEVERAGE,6,9,0,0.00%,9,0.05%,0.01%
CROISSANT PLAIN,CS Bakery,FOOD,6,9,0,0.00%,9,0.05%,0.01%
DOUGHNUT ICING WHITE,CS Bakery,FOOD,6,9,0,0.00%,9,0.05%,0.01%
DOUGHNUT JAM,CS Bakery,FOOD,6,9,0,0.00%,9,0.05%,0.01%
Espresso,Nespresso,FOOD,1,9,0,0.00%,9,0.01%,0.01%
GranAppleCunch,CS Cereal,FOOD,3,9,0,0.00%,9,0.03%,0.01%
NESCAFE CAPPUCINO SACHET 1PCS,CS Coffee,FOOD,4,9,0,0.00%,9,0.04%,0.01%
QUAKER WHITE OATS TIN 500GM,CS Cereal,FOOD,1,9,0,0.00%,9,0.01%,0.01%
VOLVIC WATER 500ML,CS Water,BEVERAGE,2,9,0,0.00%,9,0.02%,0.01%
FOOD DOCTOR BAR FIG & MANGO 35G,CS Food,FOOD,1,8.75,0,0.00%,8.75,0.01%,0.01%
BAYARA NUTMEG POWDER BOTTLE 100M,CS Spices & Herbs,FOOD,1,8.5,0,0.00%,8.5,0.01%,0.01%
CLOSE UP DEEP ACTION120ml,CS Oral Care,NON FOOD,1,8.5,0,0.00%,8.5,0.01%,0.01%
FUNHAPBRTHDYBAL,CS Disposable,NON FOOD,1,8.5,0,0.00%,8.5,0.01%,0.01%
HeinzCreamMushroomSoup400G,CS Can & Jar Food,FOOD,1,8.5,0,0.00%,8.5,0.01%,0.01%
LifebuoyAbWetWipes,CS Tissue & Toilet Rolls,NON FOOD,1,8.5,0,0.00%,8.5,0.01%,0.01%
MANI 20G ALMONDS SMOKED BBQ,CS Dry Fruits,FOOD,3,8.25,0,0.00%,8.25,0.03%,0.01%
AL AIN MANGO YOGHURT 125GM,CS Dairy ,FOOD,4,8,0,0.00%,8,0.04%,0.01%
BOGUTTI CHOCOFIT CHOCO CRANBERRY,Biscuit & Cookies,FOOD,1,8,0,0.00%,8,0.01%,0.01%
Brilliant B-Tea,Tea,FOOD,1,8,0,0.00%,8,0.01%,0.01%
CHOCOLATE ECLAIR,PASTRIES,FOOD,1,8,0,0.00%,8,0.01%,0.01%
COKE LIGHT PET 500ML,CS Soft Drinks,BEVERAGE,4,8,0,0.00%,8,0.04%,0.01%
Earl Grey Tea,Tea,FOOD,1,8,0,0.00%,8,0.01%,0.01%
EXTRA CHEDDAR,Cheese,FOOD,2,8,0,0.00%,8,0.02%,0.01%
Extra Cheese,Cheese,FOOD,2,8,0,0.00%,8,0.02%,0.01%
Fanta,Softdrinks,BEVERAGE,2,8,0,0.00%,8,0.02%,0.01%
Fresh Orange Juice,Fresh Juices,BEVERAGE,1,8,0,0.00%,8,0.01%,0.01%
FUNHDPSFORKTURQ18,CS Disposable,NON FOOD,1,8,0,0.00%,8,0.01%,0.01%
FUNHDPSKNIFETS18,CS Disposable,NON FOOD,1,8,0,0.00%,8,0.01%,0.01%
FUNHDPSTURTOIS18,CS Disposable,NON FOOD,1,8,0,0.00%,8,0.01%,0.01%
FUN WOODEN SPOON 25PCS,CS Disposable,NON FOOD,2,8,0,0.00%,8,0.02%,0.01%
INDOMIE PILLOW 5 PCS CHICKEN CUR,CS Pasta & Noodles,FOOD,1,8,0,0.00%,8,0.01%,0.01%
INDOMIE PILLOW 5 PCS HOT & SPICY,CS Pasta & Noodles,FOOD,1,8,0,0.00%,8,0.01%,0.01%
INDOMIE PILLOW 5 PCS PANCIT CANT,CS Pasta & Noodles,FOOD,1,8,0,0.00%,8,0.01%,0.01%
KNORR CREAM OF CORN80G,CS Packet Food,FOOD,1,8,0,0.00%,8,0.01%,0.01%
Lacnor Full Fat Milk 1L ,CS Dairy ,BEVERAGE,2,8,0,0.00%,8,0.02%,0.01%
LACNOR MANGO 180ML,Fresh Juices,BEVERAGE,2,8,0,0.00%,8,0.02%,0.01%
LACNOR MILK CHOCOLATE,Flavoured Milk,BEVERAGE,2,8,0,0.00%,8,0.02%,0.01%
LifebyHndSnitzrHul55m,CS Soap & Handwash,NON FOOD,1,8,0,0.00%,8,0.01%,0.01%
NutroChoco90g,Biscuit & Cookies,FOOD,4,8,0,0.00%,8,0.04%,0.01%
Peach Iced Tea,Tea,BEVERAGE,1,8,0,0.00%,8,0.01%,0.01%
Portion Rice,Main course,FOOD,1,8,0,0.00%,8,0.01%,0.01%
Steamed Rice,Main course,FOOD,1,8,0,0.00%,8,0.01%,0.01%
TEA BAG GREEN,Tea,FOOD,1,8,0,0.00%,8,0.01%,0.01%
THE BERRY CO ACAI BERRY JUICE,Packet Juice,BEVERAGE,1,8,0,0.00%,8,0.01%,0.01%
THE BERRY CO CRANBERRY JUICE,Packet Juice,BEVERAGE,1,8,0,0.00%,8,0.01%,0.01%
THE BERRY CO PURPLE SUPERBERRY J,Packet Juice,BEVERAGE,1,8,0,0.00%,8,0.01%,0.01%
AL AIN YOGHURT FULL CREAM 170GM,CS Dairy ,FOOD,5,7.5,0,0.00%,7.5,0.05%,0.01%
AM Chd Sli 200,CS Dairy ,FOOD,1,7.5,0,0.00%,7.5,0.01%,0.01%
BAYARA SALTED PISTACHIOS 50GM,CS Dry Fruits,FOOD,2,7.5,0,0.00%,7.5,0.02%,0.01%
CastaniaPnutRostd,CS Nuts & Seeds,FOOD,1,7.5,0,0.00%,7.5,0.01%,0.01%
COKE CAN 300ML,CS Soft Drinks,BEVERAGE,5,7.5,0,0.00%,7.5,0.05%,0.01%
COKE LIGHT CAN 300ML,CS Soft Drinks,BEVERAGE,5,7.5,0,0.00%,7.5,0.05%,0.01%
JACK LINKS ORIGINAL BEEF JERKY 2,CS Chips & Snacks,FOOD,1,7.5,0,0.00%,7.5,0.01%,0.01%
JACK LINKS PEPPERED BEEF JERKY 2,CS Chips & Snacks,FOOD,1,7.5,0,0.00%,7.5,0.01%,0.01%
KOKA PILLOW 5 PCS BEEF,CS Pasta & Noodles,FOOD,1,7.5,0,0.00%,7.5,0.01%,0.01%
KOKA PILLOW 5 PCS SPICY STIR FRY,CS Pasta & Noodles,FOOD,1,7.5,0,0.00%,7.5,0.01%,0.01%
LACNOR MILK CHOCOLATE 180ML,CS Packet Juice,BEVERAGE,5,7.5,0,0.00%,7.5,0.05%,0.01%
LACNOR MILK STRAWBERRY 180ML,CS Packet Juice,BEVERAGE,5,7.5,0,0.00%,7.5,0.05%,0.01%
MUDHISH CHIPS CHILLI RIPPLES 15G,CS Chips & Snacks,FOOD,10,7.5,0,0.00%,7.5,0.09%,0.01%
SCHWEPPES SODA CAN 300M,CS Soft Drinks,BEVERAGE,5,7.5,0,0.00%,7.5,0.05%,0.01%
BARILLA PASTA SPAGHETTI NO.3 500,CS Pasta & Noodles,FOOD,1,7.25,0,0.00%,7.25,0.01%,0.01%
CLOROX SUPER WIPES 5PCS,CS Tissue & Toilet Rolls,NON FOOD,1,7.25,0,0.00%,7.25,0.01%,0.01%
AL MARAI FRESH MILK LOW FAT 1L,CS Dairy ,FOOD,1,7,0,0.00%,7,0.01%,0.01%
ALMARAI MILK FAT FREE1L,CS Dairy ,FOOD,1,7,0,0.00%,7,0.01%,0.01%
AMLacto Free Milk 1L,CS Dairy ,FOOD,1,7,0,0.00%,7,0.01%,0.01%
"BUN BREAD PLAIN 4"" 6 PCS",CS Bakery,FOOD,2,7,0,0.00%,7,0.02%,0.01%
FERRARELLE WATER 330ML,Water,BEVERAGE,1,7,0,0.00%,7,0.01%,0.01%
JIF CREAM LEMON 250ML,CS Dishwashing,NON FOOD,1,7,0,0.00%,7,0.01%,0.01%
KOKA CUP CURRY,CS Pasta & Noodles,FOOD,2,7,0,0.00%,7,0.02%,0.01%
KOKA CUP TOMATO,CS Pasta & Noodles,FOOD,2,7,0,0.00%,7,0.02%,0.01%
Panadol96 ,CS Others,NON FOOD,7,7,0,0.00%,7,0.06%,0.01%
WalkersChocolate Chips40g,Biscuits,FOOD,2,7,0,0.00%,7,0.02%,0.01%
JACK LINKS STEAK BAR TRRIYAKI 25,CS Chips & Snacks,FOOD,1,6.75,0,0.00%,6.75,0.01%,0.01%
LIPTON GREEN TEA CLASSIC TEA BAG,CS Tea,FOOD,1,6.75,0,0.00%,6.75,0.01%,0.01%
SIGNAL TOOTHPASTE FRESH GREEN 12,CS Oral Care,NON FOOD,1,6.75,0,0.00%,6.75,0.01%,0.01%
CORNETTO I/C LOVE COOKIE,CS Ice Cream,FOOD,1,6.5,0,0.00%,6.5,0.01%,0.01%
CORNETTO I/C LOVE VANILLA RASPBE,CS Ice Cream,FOOD,1,6.5,0,0.00%,6.5,0.01%,0.01%
DR OETKER NO.1 CANDLE,CS Disposable,NON FOOD,1,6.5,0,0.00%,6.5,0.01%,0.01%
INDOMIE CUP VEGETABLE,CS Pasta & Noodles,FOOD,2,6.5,0,0.00%,6.5,0.02%,0.01%
JOHNSONS WIPES PACKET 24PCS,CS Baby Care,NON FOOD,1,6.5,0,0.00%,6.5,0.01%,0.01%
M&M PEANUT 45GM,CS Chocolate ,FOOD,2,6.5,0,0.00%,6.5,0.02%,0.01%
SAN PELLEGRINO WATER 500ML,CS Water,BEVERAGE,1,6.5,0,0.00%,6.5,0.01%,0.01%
JOHN WEST LIGHT TUNA CHUNK OIL 1,CS Can & Jar Food,FOOD,1,6.25,0,0.00%,6.25,0.01%,0.01%
LAYS SALT VINEGAR 185GM,CS Chips & Snacks,FOOD,1,6.25,0,0.00%,6.25,0.01%,0.01%
LAYS TOMATO KETCHUP 185GM,CS Chips & Snacks,FOOD,1,6.25,0,0.00%,6.25,0.01%,0.01%
REMIA 1000 ISLAND DRESSING 250ML,CS Sauce,FOOD,1,6.25,0,0.00%,6.25,0.01%,0.01%
AXE OIL SMALL,CS Others,NON FOOD,2,6,0,0.00%,6,0.02%,0.01%
Canadian Maple Syrup,Cereal Bar,FOOD,2,6,0,0.00%,6,0.02%,0.01%
Diet Coke,Softdrinks,BEVERAGE,3,6,0,0.00%,6,0.03%,0.01%
Fountain Drink,Softdrinks,BEVERAGE,2,6,0,0.00%,6,0.02%,0.01%
GALAXY FRUIT & NUT 40GM,CS Chocolate ,FOOD,2,6,0,0.00%,6,0.02%,0.01%
Grilled Veg Olives,Pizza,FOOD,1,6,0,0.00%,6,0.01%,0.01%
LIP GREEN MINT 25 TB,CS Tea,FOOD,1,6,0,0.00%,6,0.01%,0.01%
MilkFulCrem500Ml ,CS Dairy ,FOOD,2,6,0,0.00%,6,0.02%,0.01%
NATURE VALLEY ROASTED ALMOND,CS Cereal,FOOD,2,6,0,0.00%,6,0.02%,0.01%
Nutra Van90gm,Biscuit & Cookies,FOOD,3,6,0,0.00%,6,0.03%,0.01%
Pepsi,Softdrinks,BEVERAGE,1,6,0,0.00%,6,0.01%,0.01%
PEPSI PET 500ML,Softdrinks,BEVERAGE,1,6,0,0.00%,6,0.01%,0.01%
Pineapple,Pizza,FOOD,1,6,0,0.00%,6,0.01%,0.01%
POKKA LEMON ICED TEA 330ML,CS Soft Drinks,BEVERAGE,2,6,0,0.00%,6,0.02%,0.01%
Rainbow Low Fat 160ml,CS Dairy ,FOOD,2,6,0,0.00%,6,0.02%,0.01%
BAHLSEN LEIBNIZ MINIS BUTTER 100,Biscuit & Cookies,FOOD,1,5.5,0,0.00%,5.5,0.01%,0.01%
CADBURY DM FRUIT & NUT 100GM,CS Chocolate ,FOOD,1,5.5,0,0.00%,5.5,0.01%,0.01%
GROWERS PACKET HONEY PEANUTS,CS Nuts & Seeds,FOOD,1,5.5,0,0.00%,5.5,0.01%,0.01%
GROWERS PACKET SAVOURY PEANUTS,CS Nuts & Seeds,FOOD,1,5.5,0,0.00%,5.5,0.01%,0.01%
VOCHELLE DARK CHOC FRUIT & NUTS ,CS Chocolate ,FOOD,1,5.5,0,0.00%,5.5,0.01%,0.01%
CLOROX SUPER WIPES 3PCS,CS Tissue & Toilet Rolls,NON FOOD,1,5.25,0,0.00%,5.25,0.01%,0.01%
7UP LARGE 2.25L,CS Soft Drinks,BEVERAGE,1,5,0,0.00%,5,0.01%,0.01%
A/G BLACKEYE PEAS CLASSIC 425GM,CS Can & Jar Food,FOOD,1,5,0,0.00%,5,0.01%,0.01%
ALMARAI CUSTARD VANILLA 100G,CS Dairy ,FOOD,4,5,0,0.00%,5,0.04%,0.01%
CARTE DOR BANANA 1 SCOOP,Ice cream,FOOD,1,5,0,0.00%,5,0.01%,0.01%
CROISSANT ZATAR,CS Bakery,FOOD,2,5,0,0.00%,5,0.02%,0.01%
FANTA LARGE 2.25L,CS Soft Drinks,BEVERAGE,1,5,0,0.00%,5,0.01%,0.01%
GATORADE GRAPE PET 500ML,CS Sports & Energy Drinks,BEVERAGE,1,5,0,0.00%,5,0.01%,0.01%
Ice Cream Scoop,Ice cream,FOOD,1,5,0,0.00%,5,0.01%,0.01%
KIT KAT 2 FINGERS,CS Chocolate ,FOOD,5,5,0,0.00%,5,0.05%,0.01%
KOKA BOWL MUSHROOM,CS Pasta & Noodles,FOOD,1,5,0,0.00%,5,0.01%,0.01%
KOKA BOWL SEAFOOD,CS Pasta & Noodles,FOOD,1,5,0,0.00%,5,0.01%,0.01%
KOKA BOWL TOM YUM,CS Pasta & Noodles,FOOD,1,5,0,0.00%,5,0.01%,0.01%
LAYS FORNO CHEESE 43G,CHIPS,FOOD,1,5,0,0.00%,5,0.01%,0.01%
MentoGmWatrMelon,CS Mint & Gum,FOOD,1,5,0,0.00%,5,0.01%,0.01%
MENTOS CHEWY MINT 30GM,CS Mint & Gum,FOOD,4,5,0,0.00%,5,0.04%,0.01%
PEPSI LARGE 2.25L,CS Soft Drinks,BEVERAGE,1,5,0,0.00%,5,0.01%,0.01%
7 UP CAN 355 ML,CS Soft Drinks,BEVERAGE,3,4.5,0,0.00%,4.5,0.03%,0.00%
BAHLSEN LEIBNIZ,Biscuit & Cookies,FOOD,1,4.5,0,0.00%,4.5,0.01%,0.00%
DETTOL ORIGINAL SOAP110g,CS Soap & Handwash,NON FOOD,1,4.5,0,0.00%,4.5,0.01%,0.00%
HeinzBaked Beans415g ,CS Can & Jar Food,FOOD,1,4.5,0,0.00%,4.5,0.01%,0.00%
LACNOR PEACH 180ml,CS Packet Juice,BEVERAGE,3,4.5,0,0.00%,4.5,0.03%,0.00%
LIFEBOUYPBMOISWRAP125g,CS Soap & Handwash,NON FOOD,1,4.5,0,0.00%,4.5,0.01%,0.00%
LifebuoyPwBarVitaprotect125g,CS Soap & Handwash,NON FOOD,1,4.5,0,0.00%,4.5,0.01%,0.00%
Mirinda Orange355M,Softdrinks,FOOD,3,4.5,0,0.00%,4.5,0.03%,0.00%
NESCAFE SACHET RED MUG 1 PCS,CS Coffee,FOOD,6,4.5,0,0.00%,4.5,0.05%,0.00%
THAI CHOICE SHRIMP,CS Pasta & Noodles,FOOD,1,4.5,0,0.00%,4.5,0.01%,0.00%
7 Up,Softdrinks,BEVERAGE,1,4,0,0.00%,4,0.01%,0.00%
A/G MUSHROOM WHOLE 400GM,CS Can & Jar Food,FOOD,1,4,0,0.00%,4,0.01%,0.00%
A/G TOMATOES CRUSHED 15OZ,CS Can & Jar Food,FOOD,1,4,0,0.00%,4,0.01%,0.00%
A/G TOMATOES DICED 15OZ,CS Can & Jar Food,FOOD,1,4,0,0.00%,4,0.01%,0.00%
ADD CARAMEL DRIZZLE,Starbucks,FOOD,1,4,0,0.00%,4,0.01%,0.00%
AL AIN KIWI APPLE YOGHURT 125GM,CS Dairy ,FOOD,2,4,0,0.00%,4,0.02%,0.00%
AL AIN LABAN 250ML,CS Dairy ,FOOD,2,4,0,0.00%,4,0.02%,0.00%
CAPRISUN APPLE,CS Packet Juice,BEVERAGE,4,4,0,0.00%,4,0.04%,0.00%
Coke Zero,Softdrinks,BEVERAGE,1,4,0,0.00%,4,0.01%,0.00%
EXTRA SALAD,TOPPINGS,FOOD,2,4,0,0.00%,4,0.02%,0.00%
LAYS CHEESE & ONION 40G,CHIPS,FOOD,1,4,0,0.00%,4,0.01%,0.00%
LAYS CHILLI 40G,CHIPS,FOOD,1,4,0,0.00%,4,0.01%,0.00%
LAYS KETCHUP 40G,CHIPS,FOOD,1,4,0,0.00%,4,0.01%,0.00%
LAYS SALT & VINEGAR 40G,CHIPS,FOOD,1,4,0,0.00%,4,0.01%,0.00%
LAYS SALT 40G,CHIPS,FOOD,1,4,0,0.00%,4,0.01%,0.00%
Mountain Dew,Softdrinks,BEVERAGE,1,4,0,0.00%,4,0.01%,0.00%
PEPSI PET 500M,CS Soft Drinks,BEVERAGE,2,4,0,0.00%,4,0.02%,0.00%
SODA CAN,Water,BEVERAGE,2,4,0,0.00%,4,0.02%,0.00%
Soda Water,Softdrinks,BEVERAGE,1,4,0,0.00%,4,0.01%,0.00%
TEA,Tea,FOOD,2,4,0,0.00%,4,0.02%,0.00%
"BUN BREAD SEASAME 4"" 6 PCS",CS Bakery,FOOD,1,3.5,0,0.00%,3.5,0.01%,0.00%
FAMILIA 50GM MUESLI CRUNCH,CS Cereal,FOOD,1,3.5,0,0.00%,3.5,0.01%,0.00%
KOKA CUP BEEF,CS Pasta & Noodles,FOOD,1,3.5,0,0.00%,3.5,0.01%,0.00%
KOKA CUP MUSHROOM,CS Pasta & Noodles,FOOD,1,3.5,0,0.00%,3.5,0.01%,0.00%
KOKA CUP NODLE VEG,CS Pasta & Noodles,FOOD,1,3.5,0,0.00%,3.5,0.01%,0.00%
KOKA CUP SEAFOOD,CS Pasta & Noodles,FOOD,1,3.5,0,0.00%,3.5,0.01%,0.00%
LUX BAR CREAMY PERFECTION 120GM,CS Soap & Handwash,NON FOOD,1,3.5,0,0.00%,3.5,0.01%,0.00%
LUX BAR MAGICAL BEAUTY 120GM,CS Oral Care,NON FOOD,1,3.5,0,0.00%,3.5,0.01%,0.00%
Tide HS MB260g ,CS Laundry Care,NON FOOD,1,3.5,0,0.00%,3.5,0.01%,0.00%
WALKERS SB HIGHLANDERS 40G,Biscuit & Cookies,FOOD,1,3.5,0,0.00%,3.5,0.01%,0.00%
INDOMIE CUP TOMATO NOODLES,CS Pasta & Noodles,FOOD,1,3.25,0,0.00%,3.25,0.01%,0.00%
AlmaFrsMFat500ml,CS Dairy ,FOOD,1,3,0,0.00%,3,0.01%,0.00%
AL MARAI YOGHURT FULL CREAM 170G,CS Dairy ,FOOD,2,3,0,0.00%,3,0.02%,0.00%
BEST 13GM ALMOND,CS Nuts & Seeds,FOOD,1,3,0,0.00%,3,0.01%,0.00%
LacnorMango180ML ,CS Packet Juice,BEVERAGE,2,3,0,0.00%,3,0.02%,0.00%
LACNOR MILK BANANA 180ML,CS Packet Juice,BEVERAGE,2,3,0,0.00%,3,0.02%,0.00%
LACNOR PINEAPPLE180ml,CS Packet Juice,BEVERAGE,2,3,0,0.00%,3,0.02%,0.00%
LiptonTPeach320ml,CS Soft Drinks,BEVERAGE,1,3,0,0.00%,3,0.01%,0.00%
MOUNTAIN DEW CAN 335ML ,CS Soft Drinks,BEVERAGE,2,3,0,0.00%,3,0.02%,0.00%
NATURE VALLEY APPLE CRIS,CS Cereal,FOOD,1,3,0,0.00%,3,0.01%,0.00%
PEPSI DIET CAN 335ML ,CS Soft Drinks,BEVERAGE,2,3,0,0.00%,3,0.02%,0.00%
Rainbow Low Cholestrol160ml,CS Dairy ,FOOD,1,3,0,0.00%,3,0.01%,0.00%
SCHWEPPES BITTER LEMON 300M,CS Soft Drinks,BEVERAGE,2,3,0,0.00%,3,0.02%,0.00%
AM KIWI & LIME 300ml,CS Packet Juice,BEVERAGE,1,2.5,0,0.00%,2.5,0.01%,0.00%
MENTOS ICE CHERRY MINT 10G,CS Mint & Gum,FOOD,2,2.5,0,0.00%,2.5,0.02%,0.00%
Add Mini PastryCombo,Dessert,FOOD,2,2,0,0.00%,2,0.02%,0.00%
AL AIN FRUIT FOREST YOGHURT 125G,CS Dairy ,FOOD,1,2,0,0.00%,2,0.01%,0.00%
CROISSANT CHEESE,CS Bakery,FOOD,1,2,0,0.00%,2,0.01%,0.00%
MENTOS CHEWY STRAWBERRY 30GM,CS Mint & Gum,FOOD,1,2,0,0.00%,2,0.01%,0.00%
NutroLemon90g,Biscuit & Cookies,FOOD,1,2,0,0.00%,2,0.01%,0.00%
Nutro Straw90gm,Biscuit & Cookies,FOOD,1,2,0,0.00%,2,0.01%,0.00%
SPRITE PET 500ML,CS Soft Drinks,BEVERAGE,1,2,0,0.00%,2,0.01%,0.00%
SAFETY MATCH STICK BOX,CS Non Food,NON FOOD,1,1.75,0,0.00%,1.75,0.01%,0.00%
SUPER GLUE 3G,CS Others,NON FOOD,1,1.75,0,0.00%,1.75,0.01%,0.00%
PEPSI CAN 355ML ,CS Soft Drinks,BEVERAGE,1,1.5,0,0.00%,1.5,0.01%,0.00%
SAFETY MATCH STICK BOX 2PCS,CS Others,NON FOOD,3,1.5,0,0.00%,1.5,0.03%,0.00%
SPRIGHT LIGHT CAN 355M,CS Soft Drinks,BEVERAGE,1,1.5,0,0.00%,1.5,0.01%,0.00%
SPRITE CAN 330M,CS Soft Drinks,BEVERAGE,1,1.5,0,0.00%,1.5,0.01%,0.00%
SPRITE CAN 355ML,CS Soft Drinks,BEVERAGE,1,1.5,0,0.00%,1.5,0.01%,0.00%
MENTOS ICE SPEARMINT 10G,CS Mint & Gum,FOOD,1,1.25,0,0.00%,1.25,0.01%,0.00%
Al Ain 1.5 L,Water,BEVERAGE,12,0,0,0.00%,0,0.11%,0.00%
Coffee Filter,Tea,BEVERAGE,20,0,0,0.00%,0,0.18%,0.00%
Espresso Macchiato,Nespresso,FOOD,4,0,0,0.00%,0,0.04%,0.00%
FRUIT JUICE,Fresh Juices,BEVERAGE,5,0,0,0.00%,0,0.05%,0.00%
Tea Regular,Tea,BEVERAGE,5,0,0,0.00%,0,0.05%,0.00%
TOTAL*,,,"9,266","93,245.00",0,0.00%,"93,245.00",84.02%,100.00%
,,,,,,,,,
