Menu Engineering Items Summary,,,,,,,,,
,,,,,,,,,
Business Dates,11/9/2015,,,,,,,,
Locations,"DEMO,UAE",,,,,,,,
Revenue Centers,All,,,,,,,,
Menu Items,All,,,,,,,,
,,,,,,,,,
Menu Item Name,Family Group,Major Group,Qty Sold,Net Sales,Prep Cost,Cost %,Margin Less Item Disc,% Qty,% Margin
Stud Meal Combo,Main course,FOOD,174,"5,160.00",0,0.00%,"5,160.00",1.56%,5.78%
GLOBAL STREET MAIN,Main course,FOOD,132,"3,380.00",0,0.00%,"3,380.00",1.18%,3.78%
CHICKEN MEAL ,Main course,FOOD,112,"2,775.00",0,0.00%,"2,775.00",1.00%,3.11%
Student Breakfast,Breakfast,FOOD,88,"2,640.00",0,0.00%,"2,640.00",0.79%,2.96%
VEGGIE MEAL,Veggie,FOOD,65,"1,430.00",0,0.00%,"1,430.00",0.58%,1.60%
Tenderloin Steak,Burgers,FOOD,40,"1,200.00",0,0.00%,"1,200.00",0.36%,1.34%
FISH & SHRIMP MEAL,Main course,FOOD,48,"1,175.00",0,0.00%,"1,175.00",0.43%,1.32%
Buffet Meal,Main course,FOOD,52,"1,144.00",0,0.00%,"1,144.00",0.47%,1.28%
SERCO LUNCH,SERCO LUNCH,FOOD,75,"1,125.00",0,0.00%,"1,125.00",0.67%,1.26%
BBQ Glazed Chicken,Sandwiches,FOOD,53,"1,113.00",0,0.00%,"1,113.00",0.48%,1.25%
FG LARGE BOWL,FEEL GOOD,FOOD,42,"1,092.00",0,0.00%,"1,092.00",0.38%,1.22%
Slice of the Day,Pizza,FOOD,204,"1,020.00",0,0.00%,"1,020.00",1.83%,1.14%
Classic Angus Burger,Burgers,FOOD,33,990,0,0.00%,990,0.30%,1.11%
Smoked Salmon,Sandwiches,FOOD,37,925,0,0.00%,925,0.33%,1.04%
Chicken Steak,Grill,FOOD,37,888,0,0.00%,888,0.33%,0.99%
BUTTER FLY CHICKEN BREAST ,Grill,FOOD,36,864,0,0.00%,864,0.32%,0.97%
CHICKEN CEASAR SALAD,Salads,FOOD,27,864,0,0.00%,864,0.24%,0.97%
Chicken Udon Noodle,Main course,FOOD,34,850,0,0.00%,850,0.30%,0.95%
SERCO DINNER,SERCO DINNER,FOOD,56,840,0,0.00%,840,0.50%,0.94%
Take Away Box,Take Away Boxes,NON FOOD,275,825,0,0.00%,825,2.47%,0.92%
FG MEDIUM BOWL,FEEL GOOD,FOOD,44,792,0,0.00%,792,0.39%,0.89%
7 OZ DOUBLE SHOT ICED SHAKEN,Starbucks,FOOD,54,756,0,0.00%,756,0.48%,0.85%
SMOKED TURKEY S/W,Sandwiches,FOOD,22,748,0,0.00%,748,0.20%,0.84%
Grilled Chicken Burger,Burgers,FOOD,30,720,0,0.00%,720,0.27%,0.81%
Chicken Caesar,Salads,FOOD,28,700,0,0.00%,700,0.25%,0.78%
Two Eggs ,Breakfast,FOOD,138,690,0,0.00%,690,1.24%,0.77%
FRESH JUICE SMALL,Breakfast,FOOD,173,684,0,0.00%,684,1.55%,0.77%
12 OZ CAFFE LATTE,Starbucks,FOOD,56,672,0,0.00%,672,0.50%,0.75%
Chang Mai Curry,Main course,FOOD,29,638,0,0.00%,638,0.26%,0.71%
MEAT PLATTER,Main course,FOOD,21,630,0,0.00%,630,0.19%,0.71%
Masafi Water500ml,Water,BEVERAGE,611,608,0,0.00%,608,5.48%,0.68%
Chicken Tikka,Sandwiches,FOOD,26,600,0,0.00%,600,0.23%,0.67%
Buffet Fruit Salad,Salads,FOOD,120,585,0,0.00%,585,1.08%,0.65%
MARINATED SALMON STEAK,Grill,FOOD,19,570,0,0.00%,570,0.17%,0.64%
SWEET CHILLI SALMON SALAD,Sandwiches,FOOD,15,570,0,0.00%,570,0.13%,0.64%
16 OZ CAFFE LATTE,Starbucks,FOOD,40,560,0,0.00%,560,0.36%,0.63%
Falafel Tomato & Hummus(V),Sandwiches,FOOD,32,558,0,0.00%,558,0.29%,0.62%
Side Salad,Salads,FOOD,139,556,0,0.00%,556,1.25%,0.62%
Five a Day,Fresh Juices,BEVERAGE,23,552,0,0.00%,552,0.21%,0.62%
WALK IN LUNCH,WALK IN LUNCH,FOOD,53,530,0,0.00%,530,0.48%,0.59%
BLACK ANGUS CLUB 6 OZ,Burgers,FOOD,16,512,0,0.00%,512,0.14%,0.57%
12 OZ CAFFE AMERICANO,Starbucks,FOOD,51,510,0,0.00%,510,0.46%,0.57%
12 OZ CAPPUCHINO,Starbucks,FOOD,41,492,0,0.00%,492,0.37%,0.55%
16 OZ CAFFE AMERICANO,Starbucks,FOOD,40,480,0,0.00%,480,0.36%,0.54%
Margherita(V),Pizza,FOOD,19,475,0,0.00%,475,0.17%,0.53%
Dessert,Dessert,FOOD,115,456,0,0.00%,456,1.03%,0.51%
Fresh Fruit Pcs,Extras,FOOD,144,429,0,0.00%,429,1.29%,0.48%
CHICKEN ROCQUET CHEESE S/W,Sandwiches,FOOD,14,420,0,0.00%,420,0.13%,0.47%
BRIE & TOMATO S/W,Sandwiches,FOOD,12,408,0,0.00%,408,0.11%,0.46%
16 OZ CAPPUCHINO,Starbucks,FOOD,28,392,0,0.00%,392,0.25%,0.44%
SERCO BREAKFAST,SERCO BREAKFAST,FOOD,25,375,0,0.00%,375,0.22%,0.42%
Homemade Beef Burger,Burgers,FOOD,19,360,0,0.00%,360,0.17%,0.40%
16 OZ ICED CARAMEL MACCHIATO,Starbucks,FOOD,20,358,0,0.00%,358,0.18%,0.40%
Pesto Roasted Chicken,Sandwiches,FOOD,16,345,0,0.00%,345,0.14%,0.39%
SALMON NICOISE,Salads,FOOD,9,342,0,0.00%,342,0.08%,0.38%
CEASAR CHICKEN WRAP,Wraps,FOOD,11,340,0,0.00%,340,0.10%,0.38%
JAYS POM PUNCH,Smoothies,BEVERAGE,12,336,0,0.00%,336,0.11%,0.38%
SIMPLE SHAWARMA,Main course,FOOD,41,328,0,0.00%,328,0.37%,0.37%
GILLETTE BLADE FUSION 4PCS,CS Mens Care,NON FOOD,5,326.25,0,0.00%,326.25,0.04%,0.37%
Banana Pcs,CS Fresh Fruit,FOOD,325,325,0,0.00%,325,2.91%,0.36%
Tandoori Chicken,Pizza,FOOD,9,324,0,0.00%,324,0.08%,0.36%
FYO SHAWARMA,Main course,FOOD,21,315,0,0.00%,315,0.19%,0.35%
GRILLED CHICKEN & BACON S/W,Sandwiches,FOOD,9,315,0,0.00%,315,0.08%,0.35%
FG SMALL BOWL,FEEL GOOD,FOOD,25,300,0,0.00%,300,0.22%,0.34%
16 OZ ICED CAFFE LATTE,Starbucks,FOOD,20,288,0,0.00%,288,0.18%,0.32%
Yoghurt,Yogurt,FOOD,72,288,0,0.00%,288,0.65%,0.32%
Yogurt Muesli Honey,Yoghurt Pots,FOOD,18,288,0,0.00%,288,0.16%,0.32%
FRESH JUICE LARGE,Fresh Juices,FOOD,41,287,0,0.00%,287,0.37%,0.32%
California Rolls(6Pcs),Sushi,FOOD,13,286,0,0.00%,286,0.12%,0.32%
Grilled Halloumi(V),Sandwiches,FOOD,14,280,0,0.00%,280,0.13%,0.31%
MARKOS TOP BANANA,Smoothies,BEVERAGE,10,280,0,0.00%,280,0.09%,0.31%
Fruit Salad,Yoghurt Pots,FOOD,23,276,0,0.00%,276,0.21%,0.31%
VITA COCO PURE COCONUT WATER 330,CS Packet Juice,BEVERAGE,25,262.5,0,0.00%,262.5,0.22%,0.29%
12 OZ CARAMEL MACCHIATO,Starbucks,FOOD,17,255,0,0.00%,255,0.15%,0.29%
12OZ WHITE CHOCOLATE MOCHA,Starbucks,FOOD,17,255,0,0.00%,255,0.15%,0.29%
Battered Fish Chips,Main course,FOOD,5,240,0,0.00%,240,0.04%,0.27%
Beef sausage,Breakfast,FOOD,48,240,0,0.00%,240,0.43%,0.27%
DOUBLE ESSPRESSO,Starbucks,FOOD,20,240,0,0.00%,240,0.18%,0.27%
Double Trouble,Milk Shake,BEVERAGE,10,240,0,0.00%,240,0.09%,0.27%
REUBENS S/W,Sandwiches,FOOD,8,240,0,0.00%,240,0.07%,0.27%
12 OZ VANILLA LATTE,Starbucks,FOOD,14,238,0,0.00%,238,0.13%,0.27%
16 OZ CARAMEL MACCHIATO,Starbucks,FOOD,14,238,0,0.00%,238,0.13%,0.27%
Cereal Portion,Breakfast,FOOD,34,238,0,0.00%,238,0.30%,0.27%
16 OZ ICED CAFE AMERICANO,Starbucks,FOOD,18,232,0,0.00%,232,0.16%,0.26%
FRIED CHICKEN WRAP,Burgers,FOOD,7,224,0,0.00%,224,0.06%,0.25%
CROISSANT MEDIUM,PASTRIES,FOOD,31,217,0,0.00%,217,0.28%,0.24%
BRIE & BACON S/W,Sandwiches,FOOD,6,216,0,0.00%,216,0.05%,0.24%
Super Food Salad (V),Salads,FOOD,9,216,0,0.00%,216,0.08%,0.24%
Yogurt Blueberry,Yoghurt Pots,FOOD,12,216,0,0.00%,216,0.11%,0.24%
Portion Protein,Main course,FOOD,21,210,0,0.00%,210,0.19%,0.24%
16 OZ VANILLA LATTE,Starbucks,FOOD,11,209,0,0.00%,209,0.10%,0.23%
Salmon Salad,Salads,FOOD,8,200,0,0.00%,200,0.07%,0.22%
VEG BURGER,Burgers,FOOD,10,200,0,0.00%,200,0.09%,0.22%
Smoked Turkey Ham Pasta,Salads,FOOD,9,198,0,0.00%,198,0.08%,0.22%
LACNOR MILK CHOCOLATE,Flavoured Milk,BEVERAGE,48,192,0,0.00%,192,0.43%,0.21%
4 OZ BURGER COMBO,Burgers,FOOD,5,190,0,0.00%,190,0.04%,0.21%
CHICKEN WRAP COMBO,Burgers,FOOD,5,190,0,0.00%,190,0.04%,0.21%
CROISSANT MINI,Dessert,FOOD,64,186,0,0.00%,186,0.57%,0.21%
16 OZ ICED WHITE CHOCOLATE MOCHA,Starbucks,FOOD,10,184,0,0.00%,184,0.09%,0.21%
Hash Browns,Breakfast,FOOD,46,180,0,0.00%,180,0.41%,0.20%
ROASTED BUTTERNUT,Salads,FOOD,5,180,0,0.00%,180,0.04%,0.20%
Buffalo Chicken,Grill,FOOD,11,176,0,0.00%,176,0.10%,0.20%
Tuna Sweetcorn,Pre Packed Sandwiches,FOOD,11,176,0,0.00%,176,0.10%,0.20%
RACHELS HONEY YOGHURT 450G,CS Organic Food,FOOD,7,171.5,0,0.00%,171.5,0.06%,0.19%
Pancakes,Breakfast,FOOD,57,171,0,0.00%,171,0.51%,0.19%
FALAFEL COMBO,Burgers,FOOD,6,168,0,0.00%,168,0.05%,0.19%
Yoghurt,Yogurt,FOOD,14,168,0,0.00%,168,0.13%,0.19%
Filter Coffee,Tea,FOOD,35,165,0,0.00%,165,0.31%,0.18%
Croissant,Breakfast,FOOD,23,161,0,0.00%,161,0.21%,0.18%
FRESH GREEN SALAD,Salads,FOOD,10,160,0,0.00%,160,0.09%,0.18%
FETA & ROAST VEG PANINI,Sandwiches,FOOD,6,156,0,0.00%,156,0.05%,0.17%
TUNA NICOISE SALAD,Salads,FOOD,6,156,0,0.00%,156,0.05%,0.17%
CHICKEN STACK,Burgers,FOOD,5,150,0,0.00%,150,0.04%,0.17%
Chocolate Bar,Extras,FOOD,30,150,0,0.00%,150,0.27%,0.17%
GALLON WATER COUPON,CS Water,BEVERAGE,21,147,0,0.00%,147,0.19%,0.16%
BUTTERNUT & GOAT CHEESE SALAD ,Sandwiches,FOOD,4,144,0,0.00%,144,0.04%,0.16%
CHICKEN CAESAR,Salads,FOOD,4,144,0,0.00%,144,0.04%,0.16%
Soup,Extras,FOOD,24,144,0,0.00%,144,0.22%,0.16%
CADBURY DM CHOCOLATE 230GM,CS Chocolate ,FOOD,13,143,0,0.00%,143,0.12%,0.16%
16 OZ FRAPPUCINO CARAMEL,Starbucks,FOOD,7,140,0,0.00%,140,0.06%,0.16%
Chicken Nuggets,Extras,FOOD,14,140,0,0.00%,140,0.13%,0.16%
Chicken Tandoori,Pre Packed Sandwiches,FOOD,14,140,0,0.00%,140,0.13%,0.16%
GILLETTE VENUS RAZOR 3UP,CS Mens Care,NON FOOD,4,140,0,0.00%,140,0.04%,0.16%
Guest Meal Combo,Main course,FOOD,8,140,0,0.00%,140,0.07%,0.16%
LACNOR COCKTAIL 180ML,Fresh Juices,BEVERAGE,35,140,0,0.00%,140,0.31%,0.16%
VANIAS SPRING GREEN,Smoothies,BEVERAGE,5,140,0,0.00%,140,0.04%,0.16%
CHICKEN MAIN,Main course,FOOD,9,135,0,0.00%,135,0.08%,0.15%
Banana Shake,Milk Shake,BEVERAGE,6,132,0,0.00%,132,0.05%,0.15%
Greek Salad,Salads,FOOD,6,132,0,0.00%,132,0.05%,0.15%
COCA COLA CAN,Softdrinks,BEVERAGE,32,128,0,0.00%,128,0.29%,0.14%
RED BULL 250ML,CS Sports & Energy Drinks,BEVERAGE,17,126,0,0.00%,126,0.15%,0.14%
AL AIN WATER 500ml,CS Water,BEVERAGE,125,125,0,0.00%,125,1.12%,0.14%
Bagel S. Salmon,Sandwiches,FOOD,5,125,0,0.00%,125,0.04%,0.14%
Baked beans,Breakfast,FOOD,26,125,0,0.00%,125,0.23%,0.14%
Filter Tea,Tea,FOOD,25,125,0,0.00%,125,0.22%,0.14%
AL AIN WATER 1.5L,CS Water,BEVERAGE,81,121.5,0,0.00%,121.5,0.73%,0.14%
12 OZ CAFFE MOCHA,Starbucks,FOOD,8,120,0,0.00%,120,0.07%,0.13%
16 OZ FRAPPUCINO WHITE MOCHA,Starbucks,FOOD,6,120,0,0.00%,120,0.05%,0.13%
CheseTurkeyHamCrossiant,Sandwiches,FOOD,6,120,0,0.00%,120,0.05%,0.13%
LARGE STILL WATER PREMIUM,Water,BEVERAGE,6,120,0,0.00%,120,0.05%,0.13%
PEACH & BASIL SMOOTHIE,Smoothies,BEVERAGE,5,120,0,0.00%,120,0.04%,0.13%
SELPAK TOILET ROLL 7+2,CS Tissue & Toilet Rolls,NON FOOD,5,116.25,0,0.00%,116.25,0.04%,0.13%
COCONUT WATER CAN,Packet Juice,BEVERAGE,29,116,0,0.00%,116,0.26%,0.13%
BAYARA 1KG ALMOND,CS Nuts & Seeds,FOOD,2,115.5,0,0.00%,115.5,0.02%,0.13%
PRO BAR MEAL WHOLEBERRY BLAST 85,CS Cereal,FOOD,5,115,0,0.00%,115,0.04%,0.13%
French Fries,Extras,FOOD,19,114,0,0.00%,114,0.17%,0.13%
Mexican Melt,Pizza,FOOD,3,114,0,0.00%,114,0.03%,0.13%
AL SHIFA 400GM SQUEEZE HONEY,CS Can & Jar Food,FOOD,4,112,0,0.00%,112,0.04%,0.13%
AMERICAN 4 OZ,Burgers,FOOD,4,112,0,0.00%,112,0.04%,0.13%
Go Large,Pizza,FOOD,14,112,0,0.00%,112,0.13%,0.13%
Cold Cuts,Breakfast,FOOD,22,110,0,0.00%,110,0.20%,0.12%
LINDT EXCELLENCE 85% CACOA 100GM,CS Chocolate ,FOOD,8,110,0,0.00%,110,0.07%,0.12%
Tuna Cheese Melt,Sandwiches,FOOD,5,110,0,0.00%,110,0.04%,0.12%
MOROCCAN LAMB BURGER,Burgers,FOOD,3,108,0,0.00%,108,0.03%,0.12%
Open Food,Open Food,FOOD,6,108,0,0.00%,108,0.05%,0.12%
Small Salad,Salads,FOOD,9,108,0,0.00%,108,0.08%,0.12%
Isabella(V),Pizza,FOOD,3,105,0,0.00%,105,0.03%,0.12%
MAGNUM I/C ALMOND,CS Ice Cream,FOOD,14,105,0,0.00%,105,0.13%,0.12%
MODERN BAKE PEANUT PEACAN ENERGY,CS Cereal,FOOD,19,104.5,0,0.00%,104.5,0.17%,0.12%
Egg Cress Mayonnaise,Pre Packed Sandwiches,FOOD,13,104,0,0.00%,104,0.12%,0.12%
ALPRO ALMOND MILK 1L,CS Dairy ,FOOD,5,102.5,0,0.00%,102.5,0.04%,0.11%
16 OZ WHITE CHOCOLATE MOCHA,Starbucks,FOOD,6,102,0,0.00%,102,0.05%,0.11%
50 Dhs Rech,CS Others,NON FOOD,2,100,0,0.00%,100,0.02%,0.11%
AL AIN FRESH MILK LOW FAT 2L,CS Dairy ,FOOD,10,100,0,0.00%,100,0.09%,0.11%
Chicken Sweetcorn,Pre Packed Sandwiches,FOOD,10,100,0,0.00%,100,0.09%,0.11%
LACNOR ORANGE 180ML,Fresh Juices,BEVERAGE,25,100,0,0.00%,100,0.22%,0.11%
Yogurt Mango,Yoghurt Pots,FOOD,11,100,0,0.00%,100,0.10%,0.11%
Add Cheese,Extras,FOOD,32,96,0,0.00%,96,0.29%,0.11%
AlpenMuslie625g,CS Cereal,FOOD,4,96,0,0.00%,96,0.04%,0.11%
Choc Caramel Eclair,Dessert,FOOD,8,96,0,0.00%,96,0.07%,0.11%
HIT THE ROOF,Milk Shake,BEVERAGE,4,96,0,0.00%,96,0.04%,0.11%
NESCAFE GOLD COFFEE 200GM,CS Coffee,FOOD,2,96,0,0.00%,96,0.02%,0.11%
THE 3RD DATE,Milk Shake,BEVERAGE,4,96,0,0.00%,96,0.04%,0.11%
CLASSIC FRIES,Main course,FOOD,19,95,0,0.00%,95,0.17%,0.11%
DOVEM+CEFMMB&W250ML,CS Shampoo & Conditioner,NON FOOD,5,95,0,0.00%,95,0.04%,0.11%
Toast,Breakfast,FOOD,91,91,0,0.00%,91,0.82%,0.10%
CEYLON GINGER LOOSE TEA,Tea,FOOD,9,90,0,0.00%,90,0.08%,0.10%
Hiyashi Chuka,Main course,FOOD,5,90,0,0.00%,90,0.04%,0.10%
PEAR DRAGON LOOSE TEA,Tea,FOOD,9,90,0,0.00%,90,0.08%,0.10%
Sweet Potato Wedges,Extras,FOOD,9,90,0,0.00%,90,0.08%,0.10%
VEGGIE MAIN,Main course,FOOD,7,90,0,0.00%,90,0.06%,0.10%
FALAFEL BURGER,Burgers,FOOD,4,88,0,0.00%,88,0.04%,0.10%
FOOD DOCTOR BAR P/A & BANANA 35G,CS Organic Food,FOOD,10,87.5,0,0.00%,87.5,0.09%,0.10%
PAPER BAG,BAGS,NON FOOD,86,86,0,0.00%,86,0.77%,0.10%
MALTESERS THICK SHAKE 300ML,Convenience Beverages,BEVERAGE,9,85.5,0,0.00%,85.5,0.08%,0.10%
16 OZ ICED CHOCOLATE,Starbucks,FOOD,5,85,0,0.00%,85,0.04%,0.10%
Beef Bacon,Breakfast,FOOD,17,85,0,0.00%,85,0.15%,0.10%
AL AIN FRESH GRAPEFRUIT JUICE330,CS Packet Juice,BEVERAGE,12,84,0,0.00%,84,0.11%,0.09%
Brownie,Dessert,FOOD,6,84,0,0.00%,84,0.05%,0.09%
CHUCKS MAN OH MANGO,Smoothies,BEVERAGE,3,84,0,0.00%,84,0.03%,0.09%
COCA COLA ZERO CAN,Softdrinks,BEVERAGE,21,84,0,0.00%,84,0.19%,0.09%
NIVEA WIPES REFRESHING CLEANSING,CS Tissue & Toilet Rolls,NON FOOD,3,84,0,0.00%,84,0.03%,0.09%
BarillaPestoSml,CS Sauce,FOOD,3,82.5,0,0.00%,82.5,0.03%,0.09%
MODERN BAKE CRANBERRY ENERGY BAR,CS Cereal,FOOD,15,82.5,0,0.00%,82.5,0.13%,0.09%
COCA COLA DIET CAN,Softdrinks,BEVERAGE,20,80,0,0.00%,80,0.18%,0.09%
Peanut Butter & Jelly(V),Sandwiches,FOOD,5,80,0,0.00%,80,0.04%,0.09%
POKKA PEACH ICED TEA CAN,Packet Juice,BEVERAGE,20,80,0,0.00%,80,0.18%,0.09%
SCONES,Dessert,FOOD,8,80,0,0.00%,80,0.07%,0.09%
Three Cheese Spring Onion,Pre Packed Sandwiches,FOOD,8,80,0,0.00%,80,0.07%,0.09%
Oatmeal Porridge,Breakfast,FOOD,27,78,0,0.00%,78,0.24%,0.09%
Salmon Temaki (3 Pcs),Sushi,FOOD,3,78,0,0.00%,78,0.03%,0.09%
SLICED BREAD MULTI GRAIN MEDIUM,CS Bakery,FOOD,13,78,0,0.00%,78,0.12%,0.09%
Valley Crunchy,Cereal Bar,FOOD,26,78,0,0.00%,78,0.23%,0.09%
EGG Mayo & Spring Onion,Sandwiches,FOOD,4,76,0,0.00%,76,0.04%,0.09%
KIT KAT 4 FINGERS,CS Chocolate ,FOOD,24,76,0,0.00%,76,0.22%,0.09%
FISH MAIN,Main course,FOOD,5,75,0,0.00%,75,0.04%,0.08%
MAGNUM I/C CLASSIC,CS Ice Cream,FOOD,10,75,0,0.00%,75,0.09%,0.08%
Pokchoy Chesnut,Main course,FOOD,3,75,0,0.00%,75,0.03%,0.08%
Portion Vegetable,Main course,FOOD,15,75,0,0.00%,75,0.13%,0.08%
TURKEY HAM,Wraps,FOOD,3,75,0,0.00%,75,0.03%,0.08%
SMINT POCKET WILDBERRY,CS Mint & Gum,FOOD,13,74.75,0,0.00%,74.75,0.12%,0.08%
16 OZ ICED VANILLA LATTE,Starbucks,FOOD,4,74,0,0.00%,74,0.04%,0.08%
OAT KING BAR APPLE STRUDEL 95GM,CS Cereal,FOOD,5,72.5,0,0.00%,72.5,0.04%,0.08%
Carrot Cake,Dessert,FOOD,6,72,0,0.00%,72,0.05%,0.08%
Chicken Chirashi,Sushi,FOOD,4,72,0,0.00%,72,0.04%,0.08%
Extra Portion Grill,Main course,FOOD,6,72,0,0.00%,72,0.05%,0.08%
ALO APPEAL POMELO JUICE,Fresh Juices,FOOD,5,70,0,0.00%,70,0.04%,0.08%
Berry Tart,Dessert,FOOD,5,70,0,0.00%,70,0.04%,0.08%
Full Breakfast,Breakfast,FOOD,2,70,0,0.00%,70,0.02%,0.08%
GATORADE BLUE BOLT PET 500ML,CS Sports & Energy Drinks,BEVERAGE,14,70,0,0.00%,70,0.13%,0.08%
PEPPERMEIN LOOSE TEA,Tea,FOOD,7,70,0,0.00%,70,0.06%,0.08%
SINGLE ESSPRESSO,Starbucks,FOOD,7,70,0,0.00%,70,0.06%,0.08%
SWEET POTATO WEDGES,Main course,FOOD,7,70,0,0.00%,70,0.06%,0.08%
CstaniaMixSuperNuts350G,CS Nuts & Seeds,FOOD,2,69,0,0.00%,69,0.02%,0.08%
12 OZ HOT CHOCOLATE,Starbucks,FOOD,4,68,0,0.00%,68,0.04%,0.08%
Lemon,CS Fresh Vegatables,FOOD,34,68,0,0.00%,68,0.30%,0.08%
PEPSI CAN,Softdrinks,BEVERAGE,17,68,0,0.00%,68,0.15%,0.08%
ALPROSoyaMilkUnswtnd1L,CS Packet Juice,BEVERAGE,4,67,0,0.00%,67,0.04%,0.08%
GALAXY THICK SHAKE CARAMEL 300ML,Convenience Beverages,BEVERAGE,7,66.5,0,0.00%,66.5,0.06%,0.07%
MARS THICK SHAKE 300ML,Convenience Beverages,BEVERAGE,7,66.5,0,0.00%,66.5,0.06%,0.07%
Apple Red,CS Fresh Fruit,FOOD,33,66,0,0.00%,66,0.30%,0.07%
PPPPLEASE ME,Fresh Juices,BEVERAGE,4,66,0,0.00%,66,0.04%,0.07%
AL SHIFA HOINEY 750GM,CS Can & Jar Food,FOOD,2,64.5,0,0.00%,64.5,0.02%,0.07%
C&C FACE SCRUB MORNING ENERGY 15,CS Facial Care,NON FOOD,2,64.5,0,0.00%,64.5,0.02%,0.07%
LISTERINE MW TARTAR CONTROL 250 ,CS Oral Care,NON FOOD,3,64.5,0,0.00%,64.5,0.03%,0.07%
12 OZ SOYA CAFFE LATTE,Coffee,FOOD,4,64,0,0.00%,64,0.04%,0.07%
French Toast,Breakfast,FOOD,16,64,0,0.00%,64,0.14%,0.07%
Frid Rice W Chicken,Fried Rice,FOOD,2,64,0,0.00%,64,0.02%,0.07%
Hawaiian,Pizza,FOOD,2,64,0,0.00%,64,0.02%,0.07%
LACNOR APPLE 180ML,Fresh Juices,BEVERAGE,16,64,0,0.00%,64,0.14%,0.07%
POKKA LEMON ICED TEA CAN,Packet Juice,BEVERAGE,16,64,0,0.00%,64,0.14%,0.07%
Alain Small Wtr500ml,Water,BEVERAGE,66,63,0,0.00%,63,0.59%,0.07%
PRINGLES ORIGINAL 165GM,CS Chips & Snacks,FOOD,7,63,0,0.00%,63,0.06%,0.07%
SELPAK TOILET PAPER 4 ROLLS,CS Tissue & Toilet Rolls,NON FOOD,5,62.5,0,0.00%,62.5,0.04%,0.07%
Pear,CS Fresh Fruit,FOOD,31,62,0,0.00%,62,0.28%,0.07%
16 OZ ICED CAFFE MOCHA,Starbucks,FOOD,4,61,0,0.00%,61,0.04%,0.07%
7 UP DIET CAN,Softdrinks,BEVERAGE,15,60,0,0.00%,60,0.13%,0.07%
AL AIN FRESH MILK FULL FAT 2L,CS Dairy ,FOOD,6,60,0,0.00%,60,0.05%,0.07%
BAHLSEN LEIBNIZ MINIS CHOCO 100G,Biscuit & Cookies,FOOD,10,60,0,0.00%,60,0.09%,0.07%
LARGE SPARKLING WATER PREMIUM,Water,BEVERAGE,3,60,0,0.00%,60,0.03%,0.07%
STRAIGHT DUTCH,Smoothies,BEVERAGE,5,60,0,0.00%,60,0.04%,0.07%
Veg Noodle Soup,Soup ,FOOD,5,60,0,0.00%,60,0.04%,0.07%
Veg Sushi 6 pcs,Sushi,FOOD,3,60,0,0.00%,60,0.03%,0.07%
BAYARA 1KG APRICOT DRIED,CS Dry Fruits,FOOD,1,59.5,0,0.00%,59.5,0.01%,0.07%
BOURSIN CHEESE GARLIC & HERBS 15,CS Dairy ,FOOD,3,58.5,0,0.00%,58.5,0.03%,0.07%
VOCHELLE BLOCK FRUIT&NUTS 180G,CS Chocolate ,FOOD,6,58.5,0,0.00%,58.5,0.05%,0.07%
OREO ORIGINAL TRAY PACK 429GM,Biscuit & Cookies,FOOD,5,57.5,0,0.00%,57.5,0.04%,0.06%
16 OZ HOT CHOCOLATE,Starbucks,FOOD,3,57,0,0.00%,57,0.03%,0.06%
AL MARAI LABAN STRAWBERRY 360ML,CS Dairy ,FOOD,19,57,0,0.00%,57,0.17%,0.06%
ADD ESPRESSO SHOT,Starbucks,FOOD,14,56,0,0.00%,56,0.13%,0.06%
AL AIN FRESH ORANGE JUICE 330ML,CS Packet Juice,BEVERAGE,14,56,0,0.00%,56,0.13%,0.06%
AL MARAI FRESH MILK LOW FAT 1L,CS Dairy ,FOOD,8,56,0,0.00%,56,0.07%,0.06%
JAMIES BERRY BURST,Smoothies,BEVERAGE,2,56,0,0.00%,56,0.02%,0.06%
LACNOR MILK BANANA,Flavoured Milk,BEVERAGE,14,56,0,0.00%,56,0.13%,0.06%
LADY CHOICE CHUNKY PEANUT BUTTER,CS Can & Jar Food,FOOD,4,56,0,0.00%,56,0.04%,0.06%
Extra Topping,Pizza,FOOD,11,55,0,0.00%,55,0.10%,0.06%
OREO DOUBLE STUFF 8 PACK 56GM,Biscuit & Cookies,FOOD,4,55,0,0.00%,55,0.04%,0.06%
AL AIN FRESH MILK 1L LOW FAT,CS Dairy ,FOOD,9,54,0,0.00%,54,0.08%,0.06%
Apple Green,CS Fresh Fruit,FOOD,27,54,0,0.00%,54,0.24%,0.06%
BERRY CO POMEGRANTE JUICE 1L,CS Packet Juice,BEVERAGE,4,54,0,0.00%,54,0.04%,0.06%
Large Salad,Salads,FOOD,3,54,0,0.00%,54,0.03%,0.06%
Manakeesh(V),Pizza,FOOD,3,54,0,0.00%,54,0.03%,0.06%
MCVITIES DIGESTIVE LIGHT 400GM,Biscuit & Cookies,FOOD,3,54,0,0.00%,54,0.03%,0.06%
NECTAFLOR PREMIUM FRUIT MIX 200G,CS Dry Fruits,FOOD,3,54,0,0.00%,54,0.03%,0.06%
Tropical Maki (6 Pcs),Sushi,FOOD,3,54,0,0.00%,54,0.03%,0.06%
EMMENTHAL CHEESE GRATED 150G,CS Dairy ,FOOD,5,52.5,0,0.00%,52.5,0.04%,0.06%
FAMILIA 50GM MUESLI CHOCO,CS Cereal,FOOD,15,52.5,0,0.00%,52.5,0.13%,0.06%
EXTRA PROFESSIONAL STRONG MINT G,CS Mint & Gum,FOOD,13,52,0,0.00%,52,0.12%,0.06%
JOHNSONS COTTON BUDS 100PCS,CS Others,NON FOOD,4,52,0,0.00%,52,0.04%,0.06%
12 OZ CARAMEL LATTE,Starbucks,FOOD,3,51,0,0.00%,51,0.03%,0.06%
16 OZ CAFFE MOCHA,Starbucks,FOOD,3,51,0,0.00%,51,0.03%,0.06%
CLEARLY SCRUMPTIOUS GOLDEN BERRI,CS Dry Fruits,FOOD,4,51,0,0.00%,51,0.04%,0.06%
BLUE BERRY MUFFIN,Dessert,FOOD,5,50,0,0.00%,50,0.04%,0.06%
PURELL REFRESHING HAND SANITIZER,CS Soap & Handwash,NON FOOD,4,49,0,0.00%,49,0.04%,0.05%
RACHELS APPLE & CINNAMON YOGHURT,CS Organic Food,FOOD,2,49,0,0.00%,49,0.02%,0.05%
WALKERS SB FINGERS 40G,Biscuit & Cookies,FOOD,14,49,0,0.00%,49,0.13%,0.05%
AL AIN FRESH MANGO JUICE 330ML,CS Packet Juice,BEVERAGE,6,48,0,0.00%,48,0.05%,0.05%
AL AIN WATER 500ML,Water,BEVERAGE,48,48,0,0.00%,48,0.43%,0.05%
B.BAG CHEDDAR150g,CS Chips & Snacks,FOOD,4,48,0,0.00%,48,0.04%,0.05%
B.BAG SEA SALT150g,CS Chips & Snacks,FOOD,4,48,0,0.00%,48,0.04%,0.05%
BREAKFAST TEA BAG,Tea,FOOD,6,48,0,0.00%,48,0.05%,0.05%
Granola,Dessert,FOOD,6,48,0,0.00%,48,0.05%,0.05%
KPS COOL COCONUT,Smoothies,BEVERAGE,2,48,0,0.00%,48,0.02%,0.05%
LABELLO ORIGINAL CLASSIC CARE 4.,CS Facial Care,NON FOOD,4,48,0,0.00%,48,0.04%,0.05%
LACNOR MILK STRAWBERRY,Flavoured Milk,BEVERAGE,12,48,0,0.00%,48,0.11%,0.05%
Latte Macchiato,Nespresso,FOOD,4,48,0,0.00%,48,0.04%,0.05%
Pain an Raisin,Dessert,FOOD,6,48,0,0.00%,48,0.05%,0.05%
TEA BAG JASMINE GREEN,Tea,FOOD,6,48,0,0.00%,48,0.05%,0.05%
The Big Apple,Milk Shake,BEVERAGE,2,48,0,0.00%,48,0.02%,0.05%
VIVANI BAR CREAMY CARAMEL 40G,CS Organic Food,FOOD,8,48,0,0.00%,48,0.07%,0.05%
BAYARA MIXED NUTS 300GM,CS Nuts & Seeds,FOOD,4,47,0,0.00%,47,0.04%,0.05%
BROWN BAG CHIPS 40GM LIGHTLY SAL,CS Chips & Snacks,FOOD,11,46.75,0,0.00%,46.75,0.10%,0.05%
COMFORT LAVENDER MAGNOLIA CONCEN,CS Laundry Care,NON FOOD,3,46.5,0,0.00%,46.5,0.03%,0.05%
JDS ALMOND THINS,Biscuit & Cookies,FOOD,3,46.5,0,0.00%,46.5,0.03%,0.05%
P.BAR CHOCO 85,CS Cereal,FOOD,2,46,0,0.00%,46,0.02%,0.05%
GATORADE TOPICL FRUIT PET 500ML,CS Sports & Energy Drinks,BEVERAGE,9,45,0,0.00%,45,0.08%,0.05%
MAGNUM I/C DOUBLE CHOCOLATE,CS Ice Cream,FOOD,5,45,0,0.00%,45,0.04%,0.05%
MAGNUM I/C WHITE,CS Ice Cream,FOOD,6,45,0,0.00%,45,0.05%,0.05%
NIVEA MEN SHOWER ENERGY 250ML,CS Bath & Shower,NON FOOD,3,45,0,0.00%,45,0.03%,0.05%
TORCH CLUB STEAK S/W,Sandwiches,FOOD,1,45,0,0.00%,45,0.01%,0.05%
FINE TOILET ROLLS 2PLY X 10 PCS ,CS Tissue & Toilet Rolls,NON FOOD,3,44.25,0,0.00%,44.25,0.03%,0.05%
Coke,Softdrinks,BEVERAGE,11,44,0,0.00%,44,0.10%,0.05%
D Coke,Softdrinks,BEVERAGE,11,44,0,0.00%,44,0.10%,0.05%
DOVE BEAUTY CREAM 150ML,CS Body Care,NON FOOD,4,44,0,0.00%,44,0.04%,0.05%
MOUNTAIN DEW,Softdrinks,BEVERAGE,11,44,0,0.00%,44,0.10%,0.05%
A/G POP CORN MICROWAVE NATURAL 2,CS Can & Jar Food,FOOD,5,43.75,0,0.00%,43.75,0.04%,0.05%
AL AIN YOGHURT LOW FAT 170GM,CS Dairy ,FOOD,29,43.5,0,0.00%,43.5,0.26%,0.05%
CLEARLY SCRUMPTIOUS APPLE WEDGES,CS Dry Fruits,FOOD,5,42.5,0,0.00%,42.5,0.04%,0.05%
16 OZ SOYA CAFFE LATTE,Coffee,FOOD,2,42,0,0.00%,42,0.02%,0.05%
ALMARAI MILK FAT FREE1L,CS Dairy ,FOOD,6,42,0,0.00%,42,0.05%,0.05%
Lays Chips,Extras,FOOD,21,42,0,0.00%,42,0.19%,0.05%
LISTERINE MW FRESH BURST 250ML,CS Oral Care,NON FOOD,2,42,0,0.00%,42,0.02%,0.05%
SELPAK FACIAL TISSUE 100 SHEET,CS Tissue & Toilet Rolls,NON FOOD,7,42,0,0.00%,42,0.06%,0.05%
VITA COCO PEACH & MANGO 330ML,Convenience Beverages,BEVERAGE,4,42,0,0.00%,42,0.04%,0.05%
16 OZ FRAPPUCINO VANILA,Starbucks,FOOD,2,40,0,0.00%,40,0.02%,0.04%
7 UP CAN,Softdrinks,BEVERAGE,10,40,0,0.00%,40,0.09%,0.04%
CERES CRANBERRY KIWI JUICE 1L,CS Packet Juice,BEVERAGE,4,40,0,0.00%,40,0.04%,0.04%
GATORADE LEMON PET 500ML,CS Sports & Energy Drinks,BEVERAGE,8,40,0,0.00%,40,0.07%,0.04%
LACNOR MANGO 180ML,Fresh Juices,BEVERAGE,10,40,0,0.00%,40,0.09%,0.04%
Lungo,Coffee,BEVERAGE,4,40,0,0.00%,40,0.04%,0.04%
MilkHalfCrem1Ltr ,CS Dairy ,FOOD,10,40,0,0.00%,40,0.09%,0.04%
Mixed Green Salad(V),Salads,FOOD,2,40,0,0.00%,40,0.02%,0.04%
MIXED NUT & CEREAL 8 OZ,Peannuts,FOOD,4,40,0,0.00%,40,0.04%,0.04%
Tamago Nigiri,Sushi,FOOD,8,40,0,0.00%,40,0.07%,0.04%
TEA BAG EARL GREY,Tea,FOOD,5,40,0,0.00%,40,0.04%,0.04%
TEA BAG MOROCCAN,Tea,FOOD,5,40,0,0.00%,40,0.04%,0.04%
KIT KAT CHUNKY 46GM,CS Chocolate ,FOOD,13,39,0,0.00%,39,0.12%,0.04%
NATURE VALLEY OATS & HONEY,CS Cereal,FOOD,13,39,0,0.00%,39,0.12%,0.04%
MENTOS BOTTLE WHITE SWEET MINT,CS Mint & Gum,FOOD,5,38.75,0,0.00%,38.75,0.04%,0.04%
MATESERES 37GM,CS Chocolate ,FOOD,11,38.5,0,0.00%,38.5,0.10%,0.04%
16 OZ SIGNATURE HOT CHOCOLATE,Starbucks,FOOD,2,38,0,0.00%,38,0.02%,0.04%
Angus Beef Burger,Burgers,FOOD,1,38,0,0.00%,38,0.01%,0.04%
FLORA BUTTERY GULF 500G,CS Dairy ,FOOD,2,38,0,0.00%,38,0.02%,0.04%
Meat Feast,Pizza,FOOD,1,38,0,0.00%,38,0.01%,0.04%
NECTAFLOR SOFT PRUNES 200GM,CS Dry Fruits,FOOD,2,38,0,0.00%,38,0.02%,0.04%
STREPSILS ORANGE PACKET,CS Chocolate ,FOOD,2,38,0,0.00%,38,0.02%,0.04%
KAGI SWISS WAFERS MINI GIFT BOX ,CS Mint & Gum,FOOD,1,37.25,0,0.00%,37.25,0.01%,0.04%
16 OZ ICED CARAMEL LATTE,Starbucks,FOOD,2,37,0,0.00%,37,0.02%,0.04%
MARS BAR 51GM,CS Chocolate ,FOOD,11,37,0,0.00%,37,0.10%,0.04%
ADD FLAVOURED SYRUP,Starbucks,FOOD,9,36,0,0.00%,36,0.08%,0.04%
Asst. Rolls Two,Breakfast,FOOD,18,36,0,0.00%,36,0.16%,0.04%
CheseTomatoCrossiant,Sandwiches,FOOD,2,36,0,0.00%,36,0.02%,0.04%
CHOCOLATE BROWNIE ,Dessert,FOOD,3,36,0,0.00%,36,0.03%,0.04%
ESPRESSO MACCHIATO,Starbucks,FOOD,3,36,0,0.00%,36,0.03%,0.04%
ESPRESSO MACCHIATO DOUBLE,Coffee,FOOD,3,36,0,0.00%,36,0.03%,0.04%
FARM FRESH EGGS WHITE 6PCS,CS Eggs,FOOD,8,36,0,0.00%,36,0.07%,0.04%
Glazed Veg,Sandwiches,FOOD,2,36,0,0.00%,36,0.02%,0.04%
Go Green,Milk Shake,BEVERAGE,2,36,0,0.00%,36,0.02%,0.04%
LACNOR APPLE 180ML,CS Packet Juice,BEVERAGE,24,36,0,0.00%,36,0.22%,0.04%
Lemon Drizzle,Dessert,FOOD,3,36,0,0.00%,36,0.03%,0.04%
MCVITIES DIGESTIVE 250GM LIGHT,Biscuit & Cookies,FOOD,3,36,0,0.00%,36,0.03%,0.04%
MINI CARROT CAKE,Dessert,FOOD,3,36,0,0.00%,36,0.03%,0.04%
MIRINDA ORANGE CAN,Softdrinks,BEVERAGE,9,36,0,0.00%,36,0.08%,0.04%
Mushrooms,Pizza,FOOD,6,36,0,0.00%,36,0.05%,0.04%
Muture Cheddar(V),Sandwiches,FOOD,2,36,0,0.00%,36,0.02%,0.04%
Pepperoni,Pizza,FOOD,6,36,0,0.00%,36,0.05%,0.04%
PEPSI DIET CAN,Softdrinks,BEVERAGE,9,36,0,0.00%,36,0.08%,0.04%
HONEY MOON SQUEEZY HONEY 500G,CS Can & Jar Food,FOOD,1,35.75,0,0.00%,35.75,0.01%,0.04%
1 Scoop Protein Powder,TOPPINGS,FOOD,7,35,0,0.00%,35,0.06%,0.04%
A/G POP CORN MICROWAVE BUTTER 29,CS Can & Jar Food,FOOD,4,35,0,0.00%,35,0.04%,0.04%
EBI NIGIRI,Sushi,FOOD,7,35,0,0.00%,35,0.06%,0.04%
POCARI SWEAT PET 500ML,CS Sports & Energy Drinks,BEVERAGE,7,35,0,0.00%,35,0.06%,0.04%
RED BULL SUGAR FREE 250ML,CS Sports & Energy Drinks,BEVERAGE,5,35,0,0.00%,35,0.04%,0.04%
Rocco,Pizza,FOOD,1,35,0,0.00%,35,0.01%,0.04%
WALKERS SB HIGHLANDERS 40G,Biscuit & Cookies,FOOD,10,35,0,0.00%,35,0.09%,0.04%
Walkers Short Bread40g,Biscuits,FOOD,10,35,0,0.00%,35,0.09%,0.04%
12 OZ SIGNATURE HOT CHOCOLATE,Starbucks,FOOD,2,34,0,0.00%,34,0.02%,0.04%
ILD DE FRANCE CHEESE CAMEMBERT 2,CS Dairy ,FOOD,1,34,0,0.00%,34,0.01%,0.04%
White Bean(V),Pizza,FOOD,1,34,0,0.00%,34,0.01%,0.04%
BEST CAN PEANUTS SALTED 110GM,CS Nuts & Seeds,FOOD,4,33,0,0.00%,33,0.04%,0.04%
GROWERS PACKET SAVOURY PEANUTS,CS Nuts & Seeds,FOOD,6,33,0,0.00%,33,0.05%,0.04%
JOHNSONS COTTON PADS 80 PCS,CS Facial Care,NON FOOD,3,33,0,0.00%,33,0.03%,0.04%
MODERN BAKE MANGO PISTA ENERGY B,CS Cereal,FOOD,6,33,0,0.00%,33,0.05%,0.04%
TAMPAX SUPER,CS Sanitary Care,NON FOOD,3,33,0,0.00%,33,0.03%,0.04%
JUNGLE OAT TROPICAL FRUIT 500G,CS Cereal,FOOD,2,32.5,0,0.00%,32.5,0.02%,0.04%
C&C FOAM WASH DEEP CLEANSING 150,CS Facial Care,NON FOOD,1,32.25,0,0.00%,32.25,0.01%,0.04%
ADD ESPRESSO SHOT,Starbucks,FOOD,8,32,0,0.00%,32,0.07%,0.04%
AL AIN WATER 1.5 LITER,Water,BEVERAGE,16,32,0,0.00%,32,0.14%,0.04%
BOGUTTI CHOCOFIT GOJI CRAN WHITE,Biscuit & Cookies,FOOD,4,32,0,0.00%,32,0.04%,0.04%
CLOROX WIPES DISINFECTING CITRUS,CS Cleaning Supplies,NON FOOD,2,32,0,0.00%,32,0.02%,0.04%
Espresso Doppio,Coffee,BEVERAGE,2,32,0,0.00%,32,0.02%,0.04%
FAMILIA CHAMPION CRISP 750GM,CS Cereal,FOOD,1,32,0,0.00%,32,0.01%,0.04%
JASMINE ICED TEA,Tea,FOOD,4,32,0,0.00%,32,0.04%,0.04%
MANGO ICED TEA,Tea,FOOD,4,32,0,0.00%,32,0.04%,0.04%
Portion Starch,Main course,FOOD,4,32,0,0.00%,32,0.04%,0.04%
RASPBERRY ICED TEA,Tea,FOOD,4,32,0,0.00%,32,0.04%,0.04%
SUBSTITUTE SOYA,Soya Milk,FOOD,8,32,0,0.00%,32,0.07%,0.04%
BEST CAN CASHEWS SALTED 110GM,CS Nuts & Seeds,FOOD,2,31.5,0,0.00%,31.5,0.02%,0.04%
VITA COCO PINEAPPLE 330ML,Convenience Beverages,BEVERAGE,3,31.5,0,0.00%,31.5,0.03%,0.04%
AXE ROLLON DARK TEMPTATION 40ML,CS Deodrants,NON FOOD,2,31,0,0.00%,31,0.02%,0.03%
PIETRO CORICELLI LEMON OLIVE OIL,CS Coocking & Baking,FOOD,1,30.5,0,0.00%,30.5,0.01%,0.03%
BBQ or CurrySouce,Pizza,FOOD,1,30,0,0.00%,30,0.01%,0.03%
BRILLIANT BREAKFAST LOOSE TEA,Tea,FOOD,3,30,0,0.00%,30,0.03%,0.03%
CHOCOLATE CHIP COOKIE,Dessert,FOOD,5,30,0,0.00%,30,0.04%,0.03%
Espresso,Coffee,BEVERAGE,3,30,0,0.00%,30,0.03%,0.03%
Grilled Veg Olives,Pizza,FOOD,5,30,0,0.00%,30,0.04%,0.03%
Jalapenos,Pizza,FOOD,5,30,0,0.00%,30,0.04%,0.03%
NIVEA AFTER SUN MOISTURE 200ML,CS Body Care,NON FOOD,1,30,0,0.00%,30,0.01%,0.03%
NIVEA PURIFYING FACE WASH 150ML,CS Facial Care,NON FOOD,1,30,0,0.00%,30,0.01%,0.03%
NIVEA REFRESHING FACE WASH 150ML,CS Facial Care,NON FOOD,1,30,0,0.00%,30,0.01%,0.03%
NIVEA SHOWER CR�ME SOFT 250ML,CS Bath & Shower,NON FOOD,2,30,0,0.00%,30,0.02%,0.03%
Orange Pcs,CS Fresh Fruit,FOOD,15,30,0,0.00%,30,0.13%,0.03%
Pesto,Pizza,FOOD,1,30,0,0.00%,30,0.01%,0.03%
SENCHA GREEN LOOSE TEA,Tea,FOOD,3,30,0,0.00%,30,0.03%,0.03%
NESCAFE PACKET SACHET RED MUG 50,CS Coffee,FOOD,1,29.5,0,0.00%,29.5,0.01%,0.03%
NIVEA SCRUB SKIN REFINING 150ML,CS Facial Care,NON FOOD,1,29,0,0.00%,29,0.01%,0.03%
OAT KING BAR PURE 95GM,CS Cereal,FOOD,2,29,0,0.00%,29,0.02%,0.03%
AL AIN YOGHURT FULL CREAM 170GM,CS Dairy ,FOOD,19,28.5,0,0.00%,28.5,0.17%,0.03%
BEST CAN MIXED NUTS 110GM,CS Nuts & Seeds,FOOD,3,28.5,0,0.00%,28.5,0.03%,0.03%
C&C DUAL ACTTION MOISTURISER 100,CS Body Care,NON FOOD,1,28.5,0,0.00%,28.5,0.01%,0.03%
CastaniaExtMixNuts350G,CS Nuts & Seeds,FOOD,1,28.5,0,0.00%,28.5,0.01%,0.03%
NIVEA GENTLE FACE WASH 150ML,CS Facial Care,NON FOOD,1,28.5,0,0.00%,28.5,0.01%,0.03%
AL AIN FRESH MILK 1L FULL CREAM,CS Dairy ,FOOD,4,28,0,0.00%,28,0.04%,0.03%
ALO ENRICH POMEGRANATE JUICE,Fresh Juices,FOOD,2,28,0,0.00%,28,0.02%,0.03%
Espresso Doppio,Nespresso,FOOD,2,28,0,0.00%,28,0.02%,0.03%
EXTRA TABS SPEARMINT GUM,CS Mint & Gum,FOOD,7,28,0,0.00%,28,0.06%,0.03%
FAMILIA 50GM MUESLI CRUNCH,CS Cereal,FOOD,8,28,0,0.00%,28,0.07%,0.03%
FIREFLY DETOX LEMON ,Tea,BEVERAGE,2,28,0,0.00%,28,0.02%,0.03%
Fresh Pomegranate,Fresh Juices,BEVERAGE,2,28,0,0.00%,28,0.02%,0.03%
IcedChoclateMachiato,Nespresso,FOOD,2,28,0,0.00%,28,0.02%,0.03%
LADY CHOICE CREAMY PEANUT BUTTER,CS Can & Jar Food,FOOD,2,28,0,0.00%,28,0.02%,0.03%
LIPTON LEMON ICED TEA,Tea,BEVERAGE,7,28,0,0.00%,28,0.06%,0.03%
NIVEA WIPES PURE CLEANSING 25PCS,CS Tissue & Toilet Rolls,NON FOOD,1,28,0,0.00%,28,0.01%,0.03%
Orange & Carrot,Fresh Juices,BEVERAGE,2,28,0,0.00%,28,0.02%,0.03%
Pineapple & Beetroot,Fresh Juices,BEVERAGE,2,28,0,0.00%,28,0.02%,0.03%
Pure VitaminC,Fresh Juices,BEVERAGE,1,28,0,0.00%,28,0.01%,0.03%
A/G POP CORN MICROWAV EXTRA BUTT,CS Can & Jar Food,FOOD,3,27.75,0,0.00%,27.75,0.03%,0.03%
AL MARAI APPLE JUICE 300ML,CS Packet Juice,BEVERAGE,11,27.5,0,0.00%,27.5,0.10%,0.03%
LIND CHERRY INTENSE100G,CS Chocolate ,FOOD,2,27.5,0,0.00%,27.5,0.02%,0.03%
SELPAK KITCHEN ROLL 3PCS 20% OFF,CS Tissue & Toilet Rolls,NON FOOD,2,27.5,0,0.00%,27.5,0.02%,0.03%
AL AIN MORNING CRANBERRY MUSELI ,CS Dairy ,FOOD,9,27,0,0.00%,27,0.08%,0.03%
BEST 30GM SALTED CASHEWS,CS Nuts & Seeds,FOOD,5,27,0,0.00%,27,0.04%,0.03%
BOUNTY BAR 57GM,CS Chocolate ,FOOD,9,27,0,0.00%,27,0.08%,0.03%
PERRIER WATER 750ML,Water,BEVERAGE,3,27,0,0.00%,27,0.03%,0.03%
TAMRAH CHOCO MILK ZIPPER BAG 100,CS Dry Fruits,FOOD,3,27,0,0.00%,27,0.03%,0.03%
VOLVIC WATER 500ML,CS Water,BEVERAGE,6,27,0,0.00%,27,0.05%,0.03%
C&C MAKEUP REMOVER DEEP CLEAN 15,CS Facial Care,NON FOOD,1,26.75,0,0.00%,26.75,0.01%,0.03%
DR OETKER VEGETABLE PIZZA,CS Frozen Food,FOOD,1,26.25,0,0.00%,26.25,0.01%,0.03%
BOGUTTI AMERICAN COOKIES CHOCO C,Biscuit & Cookies,FOOD,4,26,0,0.00%,26,0.04%,0.03%
CAPRICE DES DIEUX CHEESE 125G,CS Dairy ,FOOD,1,26,0,0.00%,26,0.01%,0.03%
ClearHerbFusionWmen,CS Shampoo & Conditioner,NON FOOD,2,26,0,0.00%,26,0.02%,0.03%
EXTRA PELLET PEPPERMINT GUM,CS Mint & Gum,FOOD,13,26,0,0.00%,26,0.12%,0.03%
EXTRA PELLET WHITE GUM,CS Mint & Gum,FOOD,13,26,0,0.00%,26,0.12%,0.03%
GILLETTE BLADE MACH 3 TURBO 2PCS,CS Mens Care,NON FOOD,1,26,0,0.00%,26,0.01%,0.03%
G S Frid Noodls W Veg,Noodles,FOOD,1,26,0,0.00%,26,0.01%,0.03%
JOHNSONS BODY WASH POMEGRANATE 2,CS Bath & Shower,NON FOOD,2,26,0,0.00%,26,0.02%,0.03%
JOHNSONS BODY WASH RASPBERRY 250,CS Bath & Shower,NON FOOD,2,26,0,0.00%,26,0.02%,0.03%
Panadol96 ,CS Others,NON FOOD,26,26,0,0.00%,26,0.23%,0.03%
CLEARLY SCRUMPTIOUS CRANBERRY 30,CS Dry Fruits,FOOD,2,25.5,0,0.00%,25.5,0.02%,0.03%
TRESEMME CD PLATINUM STRENGTH 50,CS Shampoo & Conditioner,NON FOOD,1,25.5,0,0.00%,25.5,0.01%,0.03%
AL MARAI ORANGE PULP JUICE 300ML,CS Packet Juice,BEVERAGE,10,25,0,0.00%,25,0.09%,0.03%
BrilaGorgonzola400g,CS Sauce,FOOD,1,25,0,0.00%,25,0.01%,0.03%
Cookie,Dessert,FOOD,5,25,0,0.00%,25,0.04%,0.03%
Delivery Charges,Delivery charge,LABOR CHARGE,5,25,0,0.00%,25,0.04%,0.03%
GATORADE PINK LEMONDAE PET 500ML,CS Sports & Energy Drinks,BEVERAGE,5,25,0,0.00%,25,0.04%,0.03%
KAGI SWISS WAFERS CHOCOLATE 50G,CS Mint & Gum,FOOD,5,25,0,0.00%,25,0.04%,0.03%
BAYARA SALTED PISTACHIOS 300GM,CS Nuts & Seeds,FOOD,1,24.75,0,0.00%,24.75,0.01%,0.03%
RACHELS GREEK YOGHURT NATURAL 45,CS Dairy ,FOOD,1,24.5,0,0.00%,24.5,0.01%,0.03%
RACHELS NATURAL LOW FAT YOUGHURT,CS Organic Food,FOOD,1,24.5,0,0.00%,24.5,0.01%,0.03%
ADD FLAVOURED SYRUP,Starbucks,FOOD,6,24,0,0.00%,24,0.05%,0.03%
AL AIN MORNING BLACKBERRY MUSELI,CS Dairy ,FOOD,8,24,0,0.00%,24,0.07%,0.03%
AL AIN STRAWBERRY YOGHURT 125GM,CS Dairy ,FOOD,12,24,0,0.00%,24,0.11%,0.03%
AL MARAI LABAN FULL FAT 360ML,CS Dairy ,FOOD,8,24,0,0.00%,24,0.07%,0.03%
BLUEBERRY MUFFINS,Dessert,FOOD,2,24,0,0.00%,24,0.02%,0.03%
CHUNKY MONKEY,Milk Shake,BEVERAGE,1,24,0,0.00%,24,0.01%,0.03%
CROISSANT BUTTER CHEESE,CS Bakery,FOOD,6,24,0,0.00%,24,0.05%,0.03%
Diet Coke,Softdrinks,BEVERAGE,4,24,0,0.00%,24,0.04%,0.03%
DOVE HAIR CONDITIONER HAIR FALL ,CS Shampoo & Conditioner,NON FOOD,2,24,0,0.00%,24,0.02%,0.03%
Extra Cheese,Cheese,FOOD,6,24,0,0.00%,24,0.05%,0.03%
Frid Rice W Vegetable,Fried Rice,FOOD,1,24,0,0.00%,24,0.01%,0.03%
GALAXY FRUIT & NUT 40GM,CS Chocolate ,FOOD,8,24,0,0.00%,24,0.07%,0.03%
HIBISCUS ICED TEA,Tea,FOOD,3,24,0,0.00%,24,0.03%,0.03%
KNORR CUP SOUP CREAM MUSHROOM 4 ,CS Packet Food,FOOD,3,24,0,0.00%,24,0.03%,0.03%
LIPTON PYRAMID FOREST FRUIT TEA,CS Tea,FOOD,2,24,0,0.00%,24,0.02%,0.03%
LUX BW MAGICAL BEAUTY 250ML,CS Bath & Shower,NON FOOD,2,24,0,0.00%,24,0.02%,0.03%
NECTAFLOR PREMIUM RAISINS 200GM,CS Dry Fruits,FOOD,2,24,0,0.00%,24,0.02%,0.03%
PERRIER WATER 330ML,Water,BEVERAGE,4,24,0,0.00%,24,0.04%,0.03%
SCHOGETTEN MILK CHOCOLATE 100GM,CS Chocolate ,FOOD,4,24,0,0.00%,24,0.04%,0.03%
SMINT POCKET PEPPERMINT,CS Mint & Gum,FOOD,4,24,0,0.00%,24,0.04%,0.03%
SPRITE CAN,Softdrinks,BEVERAGE,6,24,0,0.00%,24,0.05%,0.03%
Steamed Rice,Main course,FOOD,3,24,0,0.00%,24,0.03%,0.03%
SUBSTITUTE SOYA ALMOND,Soya Milk,FOOD,6,24,0,0.00%,24,0.05%,0.03%
THE BERRY CO PURPLE SUPERBERRY J,Packet Juice,BEVERAGE,3,24,0,0.00%,24,0.03%,0.03%
YoghurtApri100g,CS Dairy ,FOOD,12,24,0,0.00%,24,0.11%,0.03%
SCRUMMIES RASPBERRY CRANBERRIES ,CS Dry Fruits,FOOD,5,23.75,0,0.00%,23.75,0.04%,0.03%
CADBURY DM FRUIT & NUT 230GM,CS Chocolate ,FOOD,2,23.5,0,0.00%,23.5,0.02%,0.03%
P.BAR KOKA 85g,CS Cereal,FOOD,1,23,0,0.00%,23,0.01%,0.03%
PRO BAR MEAL SUPERFRUIT SLAM 85G,CS Cereal,FOOD,1,23,0,0.00%,23,0.01%,0.03%
ARIEL 260GM BLUE,CS Laundry Care,NON FOOD,5,22.5,0,0.00%,22.5,0.04%,0.03%
BEST CAN ALMONDS SALTED 110GM,CS Nuts & Seeds,FOOD,2,22.5,0,0.00%,22.5,0.02%,0.03%
CastaniaCashew,CS Nuts & Seeds,FOOD,1,22.5,0,0.00%,22.5,0.01%,0.03%
CastaniaMixedNuts125G,CS Nuts & Seeds,FOOD,3,22.5,0,0.00%,22.5,0.03%,0.03%
DveAntiDandrfSHAMP400ML,CS Shampoo & Conditioner,NON FOOD,1,22.5,0,0.00%,22.5,0.01%,0.03%
LAYS FORNO BLACK PEPPER 43GM,CS Chips & Snacks,FOOD,9,22.5,0,0.00%,22.5,0.08%,0.03%
NESCAFE CAPPUCINO PACKET 10PCS,CS Coffee,FOOD,1,22.5,0,0.00%,22.5,0.01%,0.03%
OREO 704g,Biscuit & Cookies,FOOD,1,22.5,0,0.00%,22.5,0.01%,0.03%
Vo5MegaMousse,CS Hair Styling & Spray,NON FOOD,1,22.5,0,0.00%,22.5,0.01%,0.03%
C&C GEL CLEANSER DEEP ACTION 150,CS Facial Care,NON FOOD,1,22,0,0.00%,22,0.01%,0.02%
FARM FRESH EGGS WHITE 15PCS,CS Eggs,FOOD,2,22,0,0.00%,22,0.02%,0.02%
FOUNTAIN SODA SMALL,Softdrinks,BEVERAGE,11,22,0,0.00%,22,0.10%,0.02%
LAYS 40GM SALT,CS Chips & Snacks,FOOD,11,22,0,0.00%,22,0.10%,0.02%
LUX HW SECRET BLISS 250ML,CS Soap & Handwash,NON FOOD,2,22,0,0.00%,22,0.02%,0.02%
OREO 176g,Biscuit & Cookies,FOOD,4,22,0,0.00%,22,0.04%,0.02%
Roast Beef,Sandwiches,FOOD,1,22,0,0.00%,22,0.01%,0.02%
12 OZ SOYA HAZELNUT LATTE,Coffee,FOOD,1,21,0,0.00%,21,0.01%,0.02%
12 OZ SOYA VANILLA LATTE,Coffee,FOOD,1,21,0,0.00%,21,0.01%,0.02%
AL AIN FRESH MILK 1L SKIMMED,CS Dairy ,FOOD,3,21,0,0.00%,21,0.03%,0.02%
AL MARAI FRESH MILK FULL FAT 1L,CS Dairy ,FOOD,3,21,0,0.00%,21,0.03%,0.02%
Bagels w/Cr.Cheese,Breakfast,FOOD,3,21,0,0.00%,21,0.03%,0.02%
BISCUITSDIGES250 ,Biscuit & Cookies,FOOD,2,21,0,0.00%,21,0.02%,0.02%
BRESSE BLEU CHEESE 150G ,CS Dairy ,FOOD,1,21,0,0.00%,21,0.01%,0.02%
CAREFREE WASH ALOE 200ML ,CS Sanitary Care,NON FOOD,1,21,0,0.00%,21,0.01%,0.02%
CASTANIA CASHEW 60G,CS Nuts & Seeds,FOOD,2,21,0,0.00%,21,0.02%,0.02%
FITA CRACKERS 150G,Biscuit & Cookies,FOOD,6,21,0,0.00%,21,0.05%,0.02%
Flake Cadbury32g ,CS Chocolate ,FOOD,7,21,0,0.00%,21,0.06%,0.02%
KOKA CUP SPICY SHRIMP,CS Pasta & Noodles,FOOD,6,21,0,0.00%,21,0.05%,0.02%
LISTERINE MW ZERO 250ML,CS Oral Care,NON FOOD,1,21,0,0.00%,21,0.01%,0.02%
NATURE VALLEY CANADIAN MAPLE SYR,CS Cereal,FOOD,7,21,0,0.00%,21,0.06%,0.02%
POKKA ICED TEA PEACH 500ML,CS Packet Juice,BEVERAGE,7,21,0,0.00%,21,0.06%,0.02%
Salmon Chirashi,Sushi,FOOD,1,21,0,0.00%,21,0.01%,0.02%
FITA 600G,Biscuit & Cookies,FOOD,1,20.5,0,0.00%,20.5,0.01%,0.02%
AL RABIE MANGO PASSION 330ML,CS Fresh Juice,BEVERAGE,8,20,0,0.00%,20,0.07%,0.02%
Brownie,Dessert,FOOD,1,20,0,0.00%,20,0.01%,0.02%
Chicken Maki(6pcs),Sushi,FOOD,1,20,0,0.00%,20,0.01%,0.02%
DAN'S TOPICAL BLAST,Smoothies,BEVERAGE,1,20,0,0.00%,20,0.01%,0.02%
EARL GREY LOOSE TEA,Tea,FOOD,2,20,0,0.00%,20,0.02%,0.02%
EXTRA PROFESSIONAL FRESH MINT GU,CS Mint & Gum,FOOD,5,20,0,0.00%,20,0.04%,0.02%
ICED SOYA CAFFE LATTE 16 OZ,Coffee,FOOD,1,20,0,0.00%,20,0.01%,0.02%
Lacnor Full Fat Milk 1L ,CS Dairy ,BEVERAGE,5,20,0,0.00%,20,0.04%,0.02%
Lungo,Nespresso,FOOD,3,20,0,0.00%,20,0.03%,0.02%
MINUTE STEAK,Grill,FOOD,1,20,0,0.00%,20,0.01%,0.02%
MOROCCAN LOOSE TEA,Tea,FOOD,2,20,0,0.00%,20,0.02%,0.02%
SMINT CANDY GUM PEPPERMINT 14.2G,CS Mint & Gum,FOOD,5,20,0,0.00%,20,0.04%,0.02%
Sprite,Softdrinks,BEVERAGE,5,20,0,0.00%,20,0.04%,0.02%
SPRITE LIGHT CAN,Softdrinks,BEVERAGE,5,20,0,0.00%,20,0.04%,0.02%
WALK IN BREAKFAST,WALK IN BREAKFAST,FOOD,2,20,0,0.00%,20,0.02%,0.02%
WHOLE FRUIT,Dessert,FOOD,4,20,0,0.00%,20,0.04%,0.02%
BARILLA PASTA PENNE RIGATE 500G,CS Pasta & Noodles,FOOD,2,19.5,0,0.00%,19.5,0.02%,0.02%
CITYPACK PAPER CUP 8OZ 50PCS,CS Disposable,NON FOOD,3,19.5,0,0.00%,19.5,0.03%,0.02%
COCO TREE JUICE 330ML,CS Packet Juice,BEVERAGE,6,19.5,0,0.00%,19.5,0.05%,0.02%
LAYS SALT 185GM,CS Chips & Snacks,FOOD,3,19.5,0,0.00%,19.5,0.03%,0.02%
MANI 20G ALMONDS SMOKED BBQ,CS Dry Fruits,FOOD,7,19.25,0,0.00%,19.25,0.06%,0.02%
16 OZ CARAMEL LATTE,Starbucks,FOOD,1,19,0,0.00%,19,0.01%,0.02%
DOVE BODY LOTION ALMOND CREAM 25,CS Body Care,NON FOOD,1,19,0,0.00%,19,0.01%,0.02%
NECTAFLOR SOFT CRANBERRIES 200GM,CS Dry Fruits,FOOD,1,19,0,0.00%,19,0.01%,0.02%
NECTAFLOR SOFT FIGS 200GM,CS Dry Fruits,FOOD,1,19,0,0.00%,19,0.01%,0.02%
SCRUMMIES CHERRY CRANBERRIES 20G,CS Dry Fruits,FOOD,4,19,0,0.00%,19,0.04%,0.02%
ALL BRAN FLAKES KELLOGS 500GM,CS Cereal,FOOD,1,18.75,0,0.00%,18.75,0.01%,0.02%
CREST TP FRESH MINT 125ML,CS Oral Care,NON FOOD,3,18.75,0,0.00%,18.75,0.03%,0.02%
HANSAPLAST ELASTIC 100 STRIPS,CS Others,NON FOOD,1,18.75,0,0.00%,18.75,0.01%,0.02%
ALWAYS LARGE 30PCS,CS Sanitary Care,NON FOOD,1,18.5,0,0.00%,18.5,0.01%,0.02%
OREO GOLDEN 16 PACK 44GM,Biscuit & Cookies,FOOD,1,18.25,0,0.00%,18.25,0.01%,0.02%
16 OZ SOYA CAFFE MOCHA ,Coffee,FOOD,1,18,0,0.00%,18,0.01%,0.02%
CERES PINE APPLE JUICE 1L,CS Packet Juice,BEVERAGE,2,18,0,0.00%,18,0.02%,0.02%
DOVE BODY LOTION ESSENTIAL NOURI,CS Body Care,NON FOOD,1,18,0,0.00%,18,0.01%,0.02%
FAIRY OLAY TEA & MINT DW 1.2L,CS Cleaning Supplies,NON FOOD,1,18,0,0.00%,18,0.01%,0.02%
Khubus Bread,Breakfast,FOOD,9,18,0,0.00%,18,0.08%,0.02%
LAYS FRENCH CHEESE 185GM,CS Chips & Snacks,FOOD,3,18,0,0.00%,18,0.03%,0.02%
Masafi Water1.5Ltr,Water,BEVERAGE,9,18,0,0.00%,18,0.08%,0.02%
Mash and Gravy,Extras,FOOD,2,18,0,0.00%,18,0.02%,0.02%
Peppers,Pizza,FOOD,3,18,0,0.00%,18,0.03%,0.02%
PRINGLES CHEESE 165GM,CS Chips & Snacks,FOOD,2,18,0,0.00%,18,0.02%,0.02%
QUAKER WHITE OATS TIN 500GM,CS Cereal,FOOD,2,18,0,0.00%,18,0.02%,0.02%
TAMRAH COCO DATES ZIPPER BAG 100,CS Dry Fruits,FOOD,2,18,0,0.00%,18,0.02%,0.02%
ALWAYS COTTON TOUCH LARGE WINGS ,CS Sanitary Care,NON FOOD,1,17.5,0,0.00%,17.5,0.01%,0.02%
AXE DEO EXCITE 150ML,CS Deodrants,NON FOOD,1,17.5,0,0.00%,17.5,0.01%,0.02%
TWIX TWIN BAR 50GM,CS Chocolate ,FOOD,7,17.5,0,0.00%,17.5,0.06%,0.02%
BEST CAN SUPER CASHEW 110GM,CS Nuts & Seeds,FOOD,1,17.25,0,0.00%,17.25,0.01%,0.02%
FRUIT & FIBRE KELLOGS 375GM,CS Cereal,FOOD,1,17.25,0,0.00%,17.25,0.01%,0.02%
KAGI SWISS WAFERS ORIGINAL MINI ,CS Mint & Gum,FOOD,1,17.25,0,0.00%,17.25,0.01%,0.02%
12 OZ Hazel Nut Latte,Starbucks,FOOD,1,17,0,0.00%,17,0.01%,0.02%
AUSLESE MELITTA CLASSIC COFFEE 2,CS Coffee,FOOD,1,17,0,0.00%,17,0.01%,0.02%
BrilaArabiata400g,CS Sauce,FOOD,1,17,0,0.00%,17,0.01%,0.02%
BrilNapolitana400g,CS Sauce,FOOD,1,17,0,0.00%,17,0.01%,0.02%
NIVEA DEO PEARL & BEAUTY 200ML,CS Deodrants,NON FOOD,1,17,0,0.00%,17,0.01%,0.02%
TOBLERONE MILK 100GM,CS Chocolate ,FOOD,2,17,0,0.00%,17,0.02%,0.02%
ALPROMilkFlvrChoc 1L,CS Dairy ,BEVERAGE,1,16.75,0,0.00%,16.75,0.01%,0.02%
BONNE MANAM APRICOT PRESERVE 370,CS Can & Jar Food,FOOD,1,16.5,0,0.00%,16.5,0.01%,0.02%
MamanWildBlubryPrsrv,CS Can & Jar Food,FOOD,1,16.5,0,0.00%,16.5,0.01%,0.02%
SNAPPLE FRUIT PUNCH JUICE,CS Packet Juice,BEVERAGE,3,16.5,0,0.00%,16.5,0.03%,0.02%
JUNGLE OAT STRAWBERRY YOGHURT 50,CS Cereal,FOOD,1,16.25,0,0.00%,16.25,0.01%,0.02%
12 OZ SOYA CAPPUCCINO,Coffee,FOOD,1,16,0,0.00%,16,0.01%,0.02%
ALL BRAN ORIGINAL 500GM,CS Cereal,FOOD,1,16,0,0.00%,16,0.01%,0.02%
BOGUTTI CHOCOFIT CHOCO CRANBERRY,Biscuit & Cookies,FOOD,2,16,0,0.00%,16,0.02%,0.02%
CHAMOMILE TEA BAG,Tea,FOOD,2,16,0,0.00%,16,0.02%,0.02%
CLOROX WIPES DISINFECTING FRESH ,CS Cleaning Supplies,NON FOOD,1,16,0,0.00%,16,0.01%,0.02%
CROISSANT HI BUTTER CHOCOLATE,CS Bakery,FOOD,4,16,0,0.00%,16,0.04%,0.02%
DOVE STICK WOMEN INVISIBLE DRY 4,CS Deodrants,NON FOOD,1,16,0,0.00%,16,0.01%,0.02%
EXTRA PELLET SPEARMINT GUM,CS Mint & Gum,FOOD,8,16,0,0.00%,16,0.07%,0.02%
LAYS 40GM TOMATO KETCHUP,CS Chips & Snacks,FOOD,8,16,0,0.00%,16,0.07%,0.02%
MENTOS BOTTLE JUICE BLAST WATERM,CS Mint & Gum,FOOD,2,16,0,0.00%,16,0.02%,0.02%
Mixed Juice,Fresh Juices,BEVERAGE,1,16,0,0.00%,16,0.01%,0.02%
Mixed Salad&Pitta,Extras,FOOD,2,16,0,0.00%,16,0.02%,0.02%
PERRIER WATER 330ML,CS Water,BEVERAGE,4,16,0,0.00%,16,0.04%,0.02%
Plum Red,CS Fresh Fruit,FOOD,8,16,0,0.00%,16,0.07%,0.02%
Portion Rice,Main course,FOOD,2,16,0,0.00%,16,0.02%,0.02%
THE BERRY CO BLACK TEA ELDERFLOW,Packet Juice,BEVERAGE,2,16,0,0.00%,16,0.02%,0.02%
THE BERRY CO BLUEBERRY JUICE,Packet Juice,BEVERAGE,2,16,0,0.00%,16,0.02%,0.02%
MANI PISTACHIOS SALT PEPPER 40G,CS Dry Fruits,FOOD,3,15.75,0,0.00%,15.75,0.03%,0.02%
WEETABIX ORIGINAL 430GM,CS Cereal,FOOD,1,15.75,0,0.00%,15.75,0.01%,0.02%
ALPRO SOYA ORIGINAL1L,CS Dairy ,BEVERAGE,1,15.5,0,0.00%,15.5,0.01%,0.02%
DOVECCMBER&GTSPRAY,CS Deodrants,NON FOOD,1,15.5,0,0.00%,15.5,0.01%,0.02%
VASELINE BW MEN 2 IN 1 220ML,CS Bath & Shower,NON FOOD,1,15.5,0,0.00%,15.5,0.01%,0.02%
LIPTON PYRAMID LEMON TEA BAG,CS Tea,FOOD,1,15.25,0,0.00%,15.25,0.01%,0.02%
Best SaltedCashew30g,Peannuts,FOOD,5,15,0,0.00%,15,0.04%,0.02%
CADBURY DM HAZELNUT 37GM,CS Chocolate ,FOOD,5,15,0,0.00%,15,0.04%,0.02%
DOVE BODY CREAM GO FRESH NOURISH,CS Body Care,NON FOOD,1,15,0,0.00%,15,0.01%,0.02%
DOVE ROLLON BEAUTY FINISH 50ML,CS Deodrants,NON FOOD,1,15,0,0.00%,15,0.01%,0.02%
GATORADE ORANGE PET 500ML,CS Sports & Energy Drinks,BEVERAGE,3,15,0,0.00%,15,0.03%,0.02%
KAGI SWISS WAFERS SINGLE MINI 25,CS Mint & Gum,FOOD,5,15,0,0.00%,15,0.04%,0.02%
LAYS FORNO CHEESE 43GM,CS Chips & Snacks,FOOD,6,15,0,0.00%,15,0.05%,0.02%
PERRIER WATER LEMON 330ML,CS Water,BEVERAGE,3,15,0,0.00%,15,0.03%,0.02%
SNICKERS BAR,Chocolate,FOOD,3,15,0,0.00%,15,0.03%,0.02%
BARILLA PASTA SPAGHETTI NO.5 500,CS Pasta & Noodles,FOOD,2,14.5,0,0.00%,14.5,0.02%,0.02%
LIP ENG BREKFAST 15 PYRAMID TB,CS Tea,FOOD,1,14.5,0,0.00%,14.5,0.01%,0.02%
OAT KING BAR MILK HONEY 95GM,CS Cereal,FOOD,1,14.5,0,0.00%,14.5,0.01%,0.02%
CASTANIA KRI KRI 60G,CS Nuts & Seeds,FOOD,3,14.25,0,0.00%,14.25,0.03%,0.02%
12 OZ ICED CAFFE LATTE,Coffee,FOOD,1,14,0,0.00%,14,0.01%,0.02%
ALO EXPOSED ALO JUICE,Fresh Juices,FOOD,1,14,0,0.00%,14,0.01%,0.02%
AL RABIE ORANGE PEACH 330ML,Fresh Juices,BEVERAGE,5,14,0,0.00%,14,0.04%,0.02%
AMLacto Free Milk 1L,CS Dairy ,FOOD,2,14,0,0.00%,14,0.02%,0.02%
Chicken Noodle Suop,Soup ,FOOD,1,14,0,0.00%,14,0.01%,0.02%
COKE PET 500ML,CS Soft Drinks,BEVERAGE,7,14,0,0.00%,14,0.06%,0.02%
FUNCLRPLSTCTUMBLR8,CS Disposable,NON FOOD,2,14,0,0.00%,14,0.02%,0.02%
Green Morocan Mint,Tea,BEVERAGE,1,14,0,0.00%,14,0.01%,0.02%
HANSPLAST ABC HEAT PLASTER 1 PCS,CS Others,NON FOOD,1,14,0,0.00%,14,0.01%,0.02%
IcedVanillaMachiato,Nespresso,FOOD,1,14,0,0.00%,14,0.01%,0.02%
LAYS 40GM FRENCH CHEESE,CS Chips & Snacks,FOOD,7,14,0,0.00%,14,0.06%,0.02%
MUFFIN BLUEBERRY,CS Bakery,FOOD,4,14,0,0.00%,14,0.04%,0.02%
NECTAFLOR PREMIUM FIGS 200GM,CS Dry Fruits,FOOD,1,14,0,0.00%,14,0.01%,0.02%
Orange,Fresh Juices,BEVERAGE,1,14,0,0.00%,14,0.01%,0.02%
SMALL GREEN SALAD ,Salads,FOOD,2,14,0,0.00%,14,0.02%,0.02%
Tide HS MB260g ,CS Laundry Care,NON FOOD,4,14,0,0.00%,14,0.04%,0.02%
BEST CAN PISTACHIOS SALTED 110GM,CS Nuts & Seeds,FOOD,1,13.75,0,0.00%,13.75,0.01%,0.02%
LINDT EXCELLENCE SEA SALT 100GM,CS Chocolate ,FOOD,1,13.75,0,0.00%,13.75,0.01%,0.02%
LINDT EXCELLENCE SESAME ROASTED ,CS Organic Food,FOOD,1,13.75,0,0.00%,13.75,0.01%,0.02%
NECTAFLOR PREMIUM GINGER 200GM,CS Dry Fruits,FOOD,1,13.75,0,0.00%,13.75,0.01%,0.02%
ALMARAI SANDWICH SLICE CHEESE 20,CS Dairy ,FOOD,2,13.5,0,0.00%,13.5,0.02%,0.02%
ALWAYS MEGAPACK LARGE WINGS 30 P,CS Sanitary Care,NON FOOD,1,13.5,0,0.00%,13.5,0.01%,0.02%
BERRY CO BLUEBERRY JUICE 1L,CS Packet Juice,BEVERAGE,1,13.5,0,0.00%,13.5,0.01%,0.02%
CLEAR SH WOMEN ICE COOL 200ML,CS Deodrants,NON FOOD,1,13.5,0,0.00%,13.5,0.01%,0.02%
EMMENTHAL CHEESE PORTION 150G,CS Dairy ,FOOD,1,13.5,0,0.00%,13.5,0.01%,0.02%
SCHWEPPES GINGER ALE 300M,CS Soft Drinks,BEVERAGE,9,13.5,0,0.00%,13.5,0.08%,0.02%
BISQUINI TIN BLUEBERRY COOKIES 1,Biscuit & Cookies,FOOD,1,13,0,0.00%,13,0.01%,0.01%
BOGUTTI AMERICAN COOKIES HAZELNU,Biscuit & Cookies,FOOD,2,13,0,0.00%,13,0.02%,0.01%
CORNETTO I/C LOVE TOFFEE,CS Ice Cream,FOOD,2,13,0,0.00%,13,0.02%,0.01%
CORNETTO I/C LOVE VANILLA RASPBE,CS Ice Cream,FOOD,2,13,0,0.00%,13,0.02%,0.01%
"FALCON PAPER PLATES 7"" 100PCS",CS Disposable,NON FOOD,2,13,0,0.00%,13,0.02%,0.01%
LAYS CHILI 185GM,CS Chips & Snacks,FOOD,2,13,0,0.00%,13,0.02%,0.01%
NIVEA HAND WASH LEMONGRASS & OIL,CS Soap & Handwash,NON FOOD,1,13,0,0.00%,13,0.01%,0.01%
SAN PELLEGRINO WATER 500ML,CS Water,BEVERAGE,2,13,0,0.00%,13,0.02%,0.01%
DR OETEKER PARTY CANDLE,CS Disposable,NON FOOD,1,12.75,0,0.00%,12.75,0.01%,0.01%
BAHLSEN CH BTRSWT12g,Biscuit & Cookies,FOOD,1,12.5,0,0.00%,12.5,0.01%,0.01%
CROISSANT CHOCOLATE,CS Bakery,FOOD,5,12.5,0,0.00%,12.5,0.04%,0.01%
EXTRA BIG BOTTLE WATERMELON,CS Mint & Gum,FOOD,1,12.5,0,0.00%,12.5,0.01%,0.01%
JOHNSONS COTTON BALLS 50 PCS,CS Facial Care,NON FOOD,1,12.5,0,0.00%,12.5,0.01%,0.01%
ALPEN BAR FRUIT NUT 28GM,CS Cereal,FOOD,3,12,0,0.00%,12,0.03%,0.01%
ALPEN BAR FRUIT NUT MILK CHOCOLA,CS Cereal,FOOD,3,12,0,0.00%,12,0.03%,0.01%
BEACON MARSHMALLOWS PINK & WHITE,CS Packet Food,FOOD,3,12,0,0.00%,12,0.03%,0.01%
CAKE OF THE DAY,Dessert,FOOD,2,12,0,0.00%,12,0.02%,0.01%
Cappuccino,Nespresso,FOOD,4,12,0,0.00%,12,0.04%,0.01%
Chicken Tikka,Pizza,FOOD,2,12,0,0.00%,12,0.02%,0.01%
COCA COAL LIGHT PET 500ML,Softdrinks,BEVERAGE,2,12,0,0.00%,12,0.02%,0.01%
COKE LIGHT PET 500ML,CS Soft Drinks,BEVERAGE,6,12,0,0.00%,12,0.05%,0.01%
CROISSANT HI BUTTER ALMOND,CS Bakery,FOOD,3,12,0,0.00%,12,0.03%,0.01%
CROISSANT HI BUTTER CHEESE,CS Bakery,FOOD,4,12,0,0.00%,12,0.04%,0.01%
DOVE SH DAMAGE INTENSIVE REPAIR ,CS Shampoo & Conditioner,NON FOOD,1,12,0,0.00%,12,0.01%,0.01%
DOVE SH NUTRITIVE 2 IN 1 DAILY C,CS Shampoo & Conditioner,NON FOOD,1,12,0,0.00%,12,0.01%,0.01%
FANTA STRAWBERRY CAN,Softdrinks,BEVERAGE,3,12,0,0.00%,12,0.03%,0.01%
GATORADE BLUE BOLT,Energy Drinks,BEVERAGE,1,12,0,0.00%,12,0.01%,0.01%
GATORADE LEMON,Energy Drinks,BEVERAGE,1,12,0,0.00%,12,0.01%,0.01%
GLASS OF MILK,Milk,FOOD,3,12,0,0.00%,12,0.03%,0.01%
GLASS OF SOYA MILK,Soya Milk,FOOD,2,12,0,0.00%,12,0.02%,0.01%
KNOR ITALIAN CHEESE SAUCE 50G,CS Packet Food,FOOD,2,12,0,0.00%,12,0.02%,0.01%
LIPTON PYRAMID LEMON GINGER TEA ,CS Tea,FOOD,1,12,0,0.00%,12,0.01%,0.01%
LIPTON YELLOW LABEL TEA BAG 25PC,CS Tea,FOOD,2,12,0,0.00%,12,0.02%,0.01%
LUX BW VELVET TOUCH 250ML,CS Body Care,NON FOOD,1,12,0,0.00%,12,0.01%,0.01%
NIVEA HAND WASH CR�ME SOFT 250ML,CS Soap & Handwash,NON FOOD,1,12,0,0.00%,12,0.01%,0.01%
POKKA LEMON ICED TEA 330ML,CS Soft Drinks,BEVERAGE,4,12,0,0.00%,12,0.04%,0.01%
Salted Pistachios30g,Peannuts,FOOD,4,12,0,0.00%,12,0.04%,0.01%
SCHOGETTEN DARK CHOCOLATE 100GM,CS Chocolate ,FOOD,2,12,0,0.00%,12,0.02%,0.01%
SMINT CANDY GUM STRAWBERRY 14.2G,CS Mint & Gum,FOOD,3,12,0,0.00%,12,0.03%,0.01%
STILL WATER REG,Water,BEVERAGE,6,12,0,0.00%,12,0.05%,0.01%
Yardly Jasmine200ml,CS Deodrants,NON FOOD,1,12,0,0.00%,12,0.01%,0.01%
DOVE HAIR CONDITIONER DAILY CARE,CS Shampoo & Conditioner,NON FOOD,1,11.75,0,0.00%,11.75,0.01%,0.01%
DOMESTOS BLEACH ULTRA WHITE 750M,CS Cleaning Supplies,NON FOOD,1,11.5,0,0.00%,11.5,0.01%,0.01%
SELPAK KITCHEN ROLL 2 PCS,CS Tissue & Toilet Rolls,NON FOOD,1,11.5,0,0.00%,11.5,0.01%,0.01%
BAYARA SALTED PISTACHIOS 50GM,CS Dry Fruits,FOOD,3,11.25,0,0.00%,11.25,0.03%,0.01%
MENTOS CHEWY MINT 30GM,CS Mint & Gum,FOOD,9,11.25,0,0.00%,11.25,0.08%,0.01%
CDMFrt&NutCdbry230g,CS Chocolate ,FOOD,1,11,0,0.00%,11,0.01%,0.01%
GROWERS PACKET GARLIC PEANUTS,CS Nuts & Seeds,FOOD,2,11,0,0.00%,11,0.02%,0.01%
H&S SH LIVELY SILKY 2 IN 1 200ML,CS Shampoo & Conditioner,NON FOOD,1,11,0,0.00%,11,0.01%,0.01%
LIFEBUOY HW TOTAL 10 200ML,CS Soap & Handwash,NON FOOD,1,11,0,0.00%,11,0.01%,0.01%
MANI BERRY NUT PUMPKIN SEED 45G,CS Dry Fruits,FOOD,2,11,0,0.00%,11,0.02%,0.01%
PANTENE SH COLORED HAIR REPAIR 2,CS Shampoo & Conditioner,NON FOOD,1,11,0,0.00%,11,0.01%,0.01%
PANTENE SH SMOOTH SILKY 200ML,CS Shampoo & Conditioner,NON FOOD,1,11,0,0.00%,11,0.01%,0.01%
BEST 13GM ALMOND,CS Nuts & Seeds,FOOD,7,10.5,0,0.00%,10.5,0.06%,0.01%
BRIE PORT CHEESE COEUR DE LION 1,CS Dairy ,FOOD,1,10.5,0,0.00%,10.5,0.01%,0.01%
COKE LIGHT CAN 300ML,CS Soft Drinks,BEVERAGE,7,10.5,0,0.00%,10.5,0.06%,0.01%
Coke Zero355ML,Softdrinks,BEVERAGE,7,10.5,0,0.00%,10.5,0.06%,0.01%
LACNOR MILK CHOCOLATE 180ML,CS Packet Juice,BEVERAGE,7,10.5,0,0.00%,10.5,0.06%,0.01%
MUFFIN CHOCOLATE,CS Bakery,FOOD,3,10.5,0,0.00%,10.5,0.03%,0.01%
SCHOGETTEN PRALINE NOISETTES 100,CS Chocolate ,FOOD,2,10.5,0,0.00%,10.5,0.02%,0.01%
SPRIGHT LIGHT CAN 355M,CS Soft Drinks,BEVERAGE,7,10.5,0,0.00%,10.5,0.06%,0.01%
WALKERS SB CHOCO CHIPS 40G,Biscuit & Cookies,FOOD,3,10.5,0,0.00%,10.5,0.03%,0.01%
A/G CORNED BEEF HALAL 340GM,CS Can & Jar Food,FOOD,1,10.25,0,0.00%,10.25,0.01%,0.01%
AL AIN WATER 5 LTR,CS Water,BEVERAGE,4,10,0,0.00%,10,0.04%,0.01%
BAYARA SALTED CASHEWS 150G,CS Nuts & Seeds,FOOD,1,10,0,0.00%,10,0.01%,0.01%
CADBURY DM CHOCOLATE 37GM,CS Chocolate ,FOOD,2,10,0,0.00%,10,0.02%,0.01%
COKE LIGHT LARGE 2.25L,CS Soft Drinks,BEVERAGE,2,10,0,0.00%,10,0.02%,0.01%
CROISSANT CHEESE,CS Bakery,FOOD,5,10,0,0.00%,10,0.04%,0.01%
ESPRESSO MACCHIATO SINGLE,Starbucks,FOOD,1,10,0,0.00%,10,0.01%,0.01%
LABELLO SUN PROTECTION SPF 30 4.,CS Facial Care,NON FOOD,1,10,0,0.00%,10,0.01%,0.01%
LAYS FORNO BLACK PEPPER 43G,CHIPS,FOOD,2,10,0,0.00%,10,0.02%,0.01%
LAYS FORNO CHEESE 43G,CHIPS,FOOD,2,10,0,0.00%,10,0.02%,0.01%
MANI 20G SWEET COCKTAIL NUTS FRU,CS Dry Fruits,FOOD,4,10,0,0.00%,10,0.04%,0.01%
MentoFruitLime,CS Mint & Gum,FOOD,2,10,0,0.00%,10,0.02%,0.01%
MentoGmBerryLime,CS Mint & Gum,FOOD,2,10,0,0.00%,10,0.02%,0.01%
ORAL B BRUSH NATURAL FRESH,CS Oral Care,NON FOOD,1,10,0,0.00%,10,0.01%,0.01%
SCHOGETTEN KIDS 100GM,CS Chocolate ,FOOD,2,10,0,0.00%,10,0.02%,0.01%
TANDOORI CHICKEN,Sandwiches,FOOD,1,10,0,0.00%,10,0.01%,0.01%
THREE CHEESE,Sandwiches,FOOD,1,10,0,0.00%,10,0.01%,0.01%
WALK IN DINNER,WALK IN DINNER,FOOD,1,10,0,0.00%,10,0.01%,0.01%
ALMARAI JAR CREAM SPREAD CHEESE ,CS Dairy ,FOOD,1,9.75,0,0.00%,9.75,0.01%,0.01%
CLOSEUP FIRE FREEZE EXTREME COOL,CS Oral Care,NON FOOD,1,9.75,0,0.00%,9.75,0.01%,0.01%
Ceres Youngberry1L,CS Packet Juice,BEVERAGE,1,9.5,0,0.00%,9.5,0.01%,0.01%
FANTA APPLE CAN,Softdrinks,BEVERAGE,3,9.5,0,0.00%,9.5,0.03%,0.01%
GLAD GARBAGE BAG SMALL 20L X 30,CS Bags/Foil/Wraps,NON FOOD,1,9.25,0,0.00%,9.25,0.01%,0.01%
AL MARAI LABAN FULL FAT 360ML,CS Dairy ,FOOD,3,9,0,0.00%,9,0.03%,0.01%
Best Salted Peanut30g,Peannuts,FOOD,3,9,0,0.00%,9,0.03%,0.01%
CADBURY DM CARAMEL 37GM,CS Chocolate ,FOOD,3,9,0,0.00%,9,0.03%,0.01%
CERES PEAR JUICE 1L,CS Packet Juice,BEVERAGE,1,9,0,0.00%,9,0.01%,0.01%
CERES RUBY GRAPE FRUIT JUICE 1L,CS Packet Juice,BEVERAGE,1,9,0,0.00%,9,0.01%,0.01%
EXT BAR PEANUT,CS Cereal,FOOD,1,9,0,0.00%,9,0.01%,0.01%
FOUNTAIN SODA LARGE,Softdrinks,BEVERAGE,3,9,0,0.00%,9,0.03%,0.01%
GALAXY HAZELNUT 40GM,CS Chocolate ,FOOD,3,9,0,0.00%,9,0.03%,0.01%
PRINGLES HOT & SPICY 165GM,CS Chips & Snacks,FOOD,1,9,0,0.00%,9,0.01%,0.01%
LifebuoyAbWetWipes,CS Tissue & Toilet Rolls,NON FOOD,1,8.5,0,0.00%,8.5,0.01%,0.01%
ADD CARAMEL DRIZZLE,Starbucks,FOOD,2,8,0,0.00%,8,0.02%,0.01%
ADD WHIPPED CREAM,Starbucks,FOOD,2,8,0,0.00%,8,0.02%,0.01%
BAYARA CINNAMON POWDER BOTTLE 10,CS Spices & Herbs,FOOD,2,8,0,0.00%,8,0.02%,0.01%
BOGUTTI CHOCOFIT CHOCO HAZELNUT,Biscuit & Cookies,FOOD,1,8,0,0.00%,8,0.01%,0.01%
BREAD BASKET,Condiments,FOOD,1,8,0,0.00%,8,0.01%,0.01%
CORN ON THE COB,Salads,FOOD,1,8,0,0.00%,8,0.01%,0.01%
FAMILIA 50GM MUESLI ORIGINAL,CS Cereal,FOOD,2,8,0,0.00%,8,0.02%,0.01%
Fresh Carrot & Orange,Fresh Juices,BEVERAGE,1,8,0,0.00%,8,0.01%,0.01%
FUNHDPSFORKTURQ18,CS Disposable,NON FOOD,1,8,0,0.00%,8,0.01%,0.01%
FUN WOODEN KNIFE 25PCS,CS Disposable,NON FOOD,2,8,0,0.00%,8,0.02%,0.01%
INDOMIE PILLOW 5 PCS SATAY FRIED,CS Pasta & Noodles,FOOD,1,8,0,0.00%,8,0.01%,0.01%
LAYS CHEESE & ONION 40G,CHIPS,FOOD,2,8,0,0.00%,8,0.02%,0.01%
LAYS CHILLI 40G,CHIPS,FOOD,2,8,0,0.00%,8,0.02%,0.01%
MANI PEANUTS SPICY PAPRIKA 45G,CS Dry Fruits,FOOD,2,8,0,0.00%,8,0.02%,0.01%
Moroccan Green Tea,Tea,FOOD,1,8,0,0.00%,8,0.01%,0.01%
Nutro Straw90gm,Biscuit & Cookies,FOOD,4,8,0,0.00%,8,0.04%,0.01%
PEPSI DIET PET 500M,CS Soft Drinks,BEVERAGE,4,8,0,0.00%,8,0.04%,0.01%
REDBULL REGULAR,Energy Drinks,BEVERAGE,1,8,0,0.00%,8,0.01%,0.01%
REDBULL SUGAR FREE,Energy Drinks,BEVERAGE,1,8,0,0.00%,8,0.01%,0.01%
SPARKLING WATER PREMIUM,Water,BEVERAGE,1,8,0,0.00%,8,0.01%,0.01%
SPRITE LIGHT CAN,Softdrinks,BEVERAGE,2,8,0,0.00%,8,0.02%,0.01%
TEA BAG GREEN,Tea,FOOD,1,8,0,0.00%,8,0.01%,0.01%
THE BERRY CO ACAI BERRY JUICE,Packet Juice,BEVERAGE,1,8,0,0.00%,8,0.01%,0.01%
THE BERRY CO CRANBERRY JUICE,Packet Juice,BEVERAGE,1,8,0,0.00%,8,0.01%,0.01%
THE BERRY CO GOJI BERRY JUICE,Packet Juice,BEVERAGE,1,8,0,0.00%,8,0.01%,0.01%
Veg Fried Rice,Main course,FOOD,1,8,0,0.00%,8,0.01%,0.01%
VOLVIC WATER 500ML,Water,BEVERAGE,1,8,0,0.00%,8,0.01%,0.01%
AL MARAI YOGHURT FULL CREAM 170G,CS Dairy ,FOOD,5,7.5,0,0.00%,7.5,0.04%,0.01%
AM Chd Sli 200,CS Dairy ,FOOD,1,7.5,0,0.00%,7.5,0.01%,0.01%
CROISSANT ZATAR,CS Bakery,FOOD,3,7.5,0,0.00%,7.5,0.03%,0.01%
MENTOS MINIS ASSORTED PACKET 250,CS Mint & Gum,FOOD,1,7.5,0,0.00%,7.5,0.01%,0.01%
SCHWEPPES SODA CAN 300M,CS Soft Drinks,BEVERAGE,5,7.5,0,0.00%,7.5,0.04%,0.01%
DAILY FRESH MUSTARD OIL 475ML,CS Coocking & Baking,FOOD,1,7.25,0,0.00%,7.25,0.01%,0.01%
SIGNAL TP HERBAL MESWAK 120ML,CS Oral Care,NON FOOD,1,7.25,0,0.00%,7.25,0.01%,0.01%
FRUIT TELLA STRAWBERRY 39G,CS Mint & Gum,FOOD,4,7,0,0.00%,7,0.04%,0.01%
JIF CREAM LEMON 250ML,CS Dishwashing,NON FOOD,1,7,0,0.00%,7,0.01%,0.01%
KOKA CUP CHICKEN,CS Pasta & Noodles,FOOD,2,7,0,0.00%,7,0.02%,0.01%
KOKA CUP CURRY,CS Pasta & Noodles,FOOD,2,7,0,0.00%,7,0.02%,0.01%
KOKA CUP MUSHROOM,CS Pasta & Noodles,FOOD,2,7,0,0.00%,7,0.02%,0.01%
LUX BAR CREAMY PERFECTION 120GM,CS Soap & Handwash,NON FOOD,2,7,0,0.00%,7,0.02%,0.01%
MUFFIN APPLE,CS Bakery,FOOD,2,7,0,0.00%,7,0.02%,0.01%
ORAL B BRUSH CLASSIC,CS Oral Care,NON FOOD,2,7,0,0.00%,7,0.02%,0.01%
PEPSODENT TP GERMICHECK+BRUSH 15,CS Oral Care,NON FOOD,1,7,0,0.00%,7,0.01%,0.01%
NESCAFE CAPPUCINO SACHET 1PCS,CS Coffee,FOOD,3,6.75,0,0.00%,6.75,0.03%,0.01%
BOGUTTI AMERICAN COOKIES RAISINS,Biscuit & Cookies,FOOD,1,6.5,0,0.00%,6.5,0.01%,0.01%
CORNETTO I/C LOVE COOKIE,CS Ice Cream,FOOD,1,6.5,0,0.00%,6.5,0.01%,0.01%
FUN32OZMLTI,CS Disposable,NON FOOD,1,6.5,0,0.00%,6.5,0.01%,0.01%
INDOMIE CUP TOMATO NOODLES,CS Pasta & Noodles,FOOD,2,6.5,0,0.00%,6.5,0.02%,0.01%
INDOMIE CUP VEGETABLE,CS Pasta & Noodles,FOOD,2,6.5,0,0.00%,6.5,0.02%,0.01%
LAYS SALT VINEGAR 185GM,CS Chips & Snacks,FOOD,1,6.5,0,0.00%,6.5,0.01%,0.01%
JOHN WEST LIGHT TUNA CHUNK OIL 1,CS Can & Jar Food,FOOD,1,6.25,0,0.00%,6.25,0.01%,0.01%
Add Mini PastryCombo,Dessert,FOOD,6,6,0,0.00%,6,0.05%,0.01%
AL AIN PINEAPPLE YOGHURT 125GM,CS Dairy ,FOOD,3,6,0,0.00%,6,0.03%,0.01%
BEST 30GM SALTED PISTACHIO,CS Nuts & Seeds,FOOD,2,6,0,0.00%,6,0.02%,0.01%
Coca Cola,Softdrinks,BEVERAGE,1,6,0,0.00%,6,0.01%,0.01%
COCA COLA PET 500ML,Softdrinks,BEVERAGE,1,6,0,0.00%,6,0.01%,0.01%
DOUGHNUT PLAIN,CS Bakery,FOOD,3,6,0,0.00%,6,0.03%,0.01%
EXTRA SALAD,TOPPINGS,FOOD,3,6,0,0.00%,6,0.03%,0.01%
Fruit&NCadbry40g,CS Chocolate ,FOOD,2,6,0,0.00%,6,0.02%,0.01%
Grilled Chicken,Pizza,FOOD,1,6,0,0.00%,6,0.01%,0.01%
LAYS 40GM SALT VINEGAR,CS Chips & Snacks,FOOD,3,6,0,0.00%,6,0.03%,0.01%
NATURE VALLEY ROASTED ALMOND,CS Cereal,FOOD,2,6,0,0.00%,6,0.02%,0.01%
ORAL B BRUSH MAXI CLEAN,CS Oral Care,NON FOOD,1,6,0,0.00%,6,0.01%,0.01%
PEPSI CAN 355ML ,CS Soft Drinks,BEVERAGE,4,6,0,0.00%,6,0.04%,0.01%
PEPSI DIET CAN 335ML ,CS Soft Drinks,BEVERAGE,4,6,0,0.00%,6,0.04%,0.01%
POKKA PEACH ICED TEA 330ML,CS Soft Drinks,BEVERAGE,2,6,0,0.00%,6,0.02%,0.01%
SCHOGETTEN TROLOGIA 100GM,CS Chocolate ,FOOD,1,6,0,0.00%,6,0.01%,0.01%
SgnlToothpaste120ML,CS Oral Care,NON FOOD,1,6,0,0.00%,6,0.01%,0.01%
SMINT POCKET LEMON ,CS Mint & Gum,FOOD,1,6,0,0.00%,6,0.01%,0.01%
BAHLSEN LEIBNIZ ZOO 100GM,Biscuit & Cookies,FOOD,1,5.5,0,0.00%,5.5,0.01%,0.01%
BAYARA SALT BOTTLE 100ML,CS Coocking & Baking,FOOD,2,5.5,0,0.00%,5.5,0.02%,0.01%
CADBURY DM CHOCOLATE 90GM,CS Chocolate ,FOOD,1,5.5,0,0.00%,5.5,0.01%,0.01%
COLGATE TP 125ML,CS Oral Care,NON FOOD,1,5.5,0,0.00%,5.5,0.01%,0.01%
DaryMlkEgCadbury,CS Chocolate ,FOOD,1,5.5,0,0.00%,5.5,0.01%,0.01%
GROWERS PACKET ORIENTAL PEANUTS,CS Nuts & Seeds,FOOD,1,5.5,0,0.00%,5.5,0.01%,0.01%
VOCHELLE DARK CHOC FRUIT & NUTS ,CS Chocolate ,FOOD,1,5.5,0,0.00%,5.5,0.01%,0.01%
BAYARA BLACK PEPPER POWDER BOTTL,CS Spices & Herbs,FOOD,1,5.25,0,0.00%,5.25,0.01%,0.01%
AM KIWI & LIME 300ml,CS Packet Juice,BEVERAGE,2,5,0,0.00%,5,0.02%,0.01%
Chocolate Mousse,Dessert,FOOD,1,5,0,0.00%,5,0.01%,0.01%
COKE LARGE 2.25L,CS Soft Drinks,BEVERAGE,1,5,0,0.00%,5,0.01%,0.01%
CORNETTO I/C CLASSICO CREAM,CS Ice Cream,FOOD,1,5,0,0.00%,5,0.01%,0.01%
GATORADE GRAPE PET 500ML,CS Sports & Energy Drinks,BEVERAGE,1,5,0,0.00%,5,0.01%,0.01%
Kit Kat,Chocolate,FOOD,1,5,0,0.00%,5,0.01%,0.01%
Mars,Chocolate,FOOD,1,5,0,0.00%,5,0.01%,0.01%
SCHOGETTEN STRAWBERRY YOGURT100G,CS Chocolate ,FOOD,1,5,0,0.00%,5,0.01%,0.01%
SPRITE LARGE 2.25L,CS Soft Drinks,BEVERAGE,1,5,0,0.00%,5,0.01%,0.01%
SCRUMMIES BLUEBERRY CRANBERRIES ,CS Dry Fruits,FOOD,1,4.75,0,0.00%,4.75,0.01%,0.01%
ALWAYS NORMAL WINGS 10 PCS,CS Sanitary Care,NON FOOD,1,4.5,0,0.00%,4.5,0.01%,0.01%
BAHLSEN LEIBNIZ,Biscuit & Cookies,FOOD,1,4.5,0,0.00%,4.5,0.01%,0.01%
DOUGHNUT JAM,CS Bakery,FOOD,3,4.5,0,0.00%,4.5,0.03%,0.01%
HeinzBaked Beans415g ,CS Can & Jar Food,FOOD,1,4.5,0,0.00%,4.5,0.01%,0.01%
LACNOR JUICE STRAWBERRY 180ML,CS Packet Juice,BEVERAGE,3,4.5,0,0.00%,4.5,0.03%,0.01%
LACNOR MILK STRAWBERRY 180ML,CS Packet Juice,BEVERAGE,3,4.5,0,0.00%,4.5,0.03%,0.01%
LIFEBUOYLEMONFRESHSOAP125G,CS Soap & Handwash,NON FOOD,1,4.5,0,0.00%,4.5,0.01%,0.01%
LIFEBUOYPBMILDCARE125g,CS Soap & Handwash,NON FOOD,1,4.5,0,0.00%,4.5,0.01%,0.01%
LifebuoyPwBarVitaprotect125g,CS Soap & Handwash,NON FOOD,1,4.5,0,0.00%,4.5,0.01%,0.01%
MOUNTAIN DEW CAN 335ML ,CS Soft Drinks,BEVERAGE,3,4.5,0,0.00%,4.5,0.03%,0.01%
SCHWEPPES TONIC WATER CAN 300M,CS Soft Drinks,BEVERAGE,3,4.5,0,0.00%,4.5,0.03%,0.01%
SLICED BREAD BROWN JUMBO,CS Bakery,FOOD,1,4.5,0,0.00%,4.5,0.01%,0.01%
THAI CHOICE NOODLES MUSHRM,CS Pasta & Noodles,FOOD,1,4.5,0,0.00%,4.5,0.01%,0.01%
HEINZ TOMATO KETCHUP BOTTLE 300G,CS Sauce,FOOD,1,4.25,0,0.00%,4.25,0.01%,0.00%
7 Up,Softdrinks,BEVERAGE,1,4,0,0.00%,4,0.01%,0.00%
ADD CARAMEL DRIZZLE,Starbucks,FOOD,1,4,0,0.00%,4,0.01%,0.00%
ADD SOYA MILK,Starbucks,FOOD,2,4,0,0.00%,4,0.02%,0.00%
ADD WHIPPED CREAM,Starbucks,FOOD,1,4,0,0.00%,4,0.01%,0.00%
AL AIN KIWI APPLE YOGHURT 125GM,CS Dairy ,FOOD,2,4,0,0.00%,4,0.02%,0.00%
BAYARA EXTRA NUTS 50GM,CS Nuts & Seeds,FOOD,1,4,0,0.00%,4,0.01%,0.00%
Coke Zero,Softdrinks,BEVERAGE,1,4,0,0.00%,4,0.01%,0.00%
D Sprite,Softdrinks,BEVERAGE,1,4,0,0.00%,4,0.01%,0.00%
EXTRA CHEDDAR,Cheese,FOOD,1,4,0,0.00%,4,0.01%,0.00%
EXTRA PROTEIN,TOPPINGS,FOOD,1,4,0,0.00%,4,0.01%,0.00%
Fanta,Softdrinks,BEVERAGE,1,4,0,0.00%,4,0.01%,0.00%
KIT KAT 2 FINGERS,CS Chocolate ,FOOD,4,4,0,0.00%,4,0.04%,0.00%
Lacnor Low Fat Milk 1L,CS Dairy ,BEVERAGE,1,4,0,0.00%,4,0.01%,0.00%
Nutra Van90gm,Biscuit & Cookies,FOOD,2,4,0,0.00%,4,0.02%,0.00%
Pepsi Light,Softdrinks,BEVERAGE,1,4,0,0.00%,4,0.01%,0.00%
PRINGLES 40GM ORIGINAL,CS Chips & Snacks,FOOD,1,4,0,0.00%,4,0.01%,0.00%
PRINGLES 40GM SOUR CREAM,CS Chips & Snacks,FOOD,1,4,0,0.00%,4,0.01%,0.00%
SMINT CANDY GUM BLACKBERRY 14.2G,CS Mint & Gum,FOOD,1,4,0,0.00%,4,0.01%,0.00%
SMINT CANDY GUM MINT 14.2G,CS Mint & Gum,FOOD,1,4,0,0.00%,4,0.01%,0.00%
TEA,Tea,FOOD,2,4,0,0.00%,4,0.02%,0.00%
BREAD ROLL ENGLISH BROWN,CS Bakery,FOOD,1,3.5,0,0.00%,3.5,0.01%,0.00%
"BUN BREAD SEASAME 4"" 6 PCS",CS Bakery,FOOD,1,3.5,0,0.00%,3.5,0.01%,0.00%
KOKA CUP TOMATO,CS Pasta & Noodles,FOOD,1,3.5,0,0.00%,3.5,0.01%,0.00%
LUX BAR DREAM DELIGHT 120GM,CS Soap & Handwash,NON FOOD,1,3.5,0,0.00%,3.5,0.01%,0.00%
LUX BAR SECRET BLISS 120GM,CS Soap & Handwash,NON FOOD,1,3.5,0,0.00%,3.5,0.01%,0.00%
VOLVIC WATER 330ML,CS Water,BEVERAGE,1,3.5,0,0.00%,3.5,0.01%,0.00%
WalkersChocolate Chips40g,Biscuits,FOOD,1,3.5,0,0.00%,3.5,0.01%,0.00%
A/G CHICK PEAS CLASSIC 400G,CS Can & Jar Food,FOOD,1,3.25,0,0.00%,3.25,0.01%,0.00%
TOBLERONE WHITE 35GM,CS Chocolate ,FOOD,1,3.25,0,0.00%,3.25,0.01%,0.00%
7 UP CAN 355 ML,CS Soft Drinks,BEVERAGE,2,3,0,0.00%,3,0.02%,0.00%
7 UP DIET 355ML ,CS Soft Drinks,BEVERAGE,2,3,0,0.00%,3,0.02%,0.00%
COKE ZERO CAN 300M,CS Soft Drinks,BEVERAGE,2,3,0,0.00%,3,0.02%,0.00%
DOUGHNUT ICING WHITE,CS Bakery,FOOD,2,3,0,0.00%,3,0.02%,0.00%
Extra Cheese,Cheese,FOOD,1,3,0,0.00%,3,0.01%,0.00%
LACNOR MILK BANANA 180ML,CS Packet Juice,BEVERAGE,2,3,0,0.00%,3,0.02%,0.00%
LACNOR PEACH 180ML,CS Packet Juice,BEVERAGE,2,3,0,0.00%,3,0.02%,0.00%
NATURE VALLEY APPLE CRIS,CS Cereal,FOOD,1,3,0,0.00%,3,0.01%,0.00%
SCHWEPPES BITTER LEMON 300M,CS Soft Drinks,BEVERAGE,2,3,0,0.00%,3,0.02%,0.00%
TOBLETOBLERONE MILK 35GM,CS Chocolate ,FOOD,1,3,0,0.00%,3,0.01%,0.00%
MENTOS CHEWY RAINBOW 30GM,CS Mint & Gum,FOOD,2,2.5,0,0.00%,2.5,0.02%,0.00%
BBQ SAUCE,Extras,FOOD,1,2,0,0.00%,2,0.01%,0.00%
EXTRA PELLET STRAWBERRY GUM,Biscuit & Cookies,FOOD,1,2,0,0.00%,2,0.01%,0.00%
F.WaterAple500ml ,CS Water,BEVERAGE,1,2,0,0.00%,2,0.01%,0.00%
HONEY & MUSTARD SAUCE,Extras,FOOD,1,2,0,0.00%,2,0.01%,0.00%
LifeBuoySoap80g,CS Soap & Handwash,NON FOOD,1,2,0,0.00%,2,0.01%,0.00%
NutroLemon90g,Biscuit & Cookies,FOOD,1,2,0,0.00%,2,0.01%,0.00%
SODA CAN,Water,BEVERAGE,1,2,0,0.00%,2,0.01%,0.00%
THOUSAND ISALND SAUCE,Extras,FOOD,1,2,0,0.00%,2,0.01%,0.00%
SAFETY MATCH STICK BOX,CS Non Food,NON FOOD,1,1.75,0,0.00%,1.75,0.01%,0.00%
AlAinYogLFat170g,CS Dairy ,FOOD,1,1.5,0,0.00%,1.5,0.01%,0.00%
BAYARA CASHEW 20G,CS Nuts & Seeds,FOOD,1,1.5,0,0.00%,1.5,0.01%,0.00%
BEST 30GM SALTED PEANUTS,CS Nuts & Seeds,FOOD,1,1.5,0,0.00%,1.5,0.01%,0.00%
COKE CAN 300ML,CS Soft Drinks,BEVERAGE,1,1.5,0,0.00%,1.5,0.01%,0.00%
Cremecaramel100g,CS Dairy ,FOOD,1,1.5,0,0.00%,1.5,0.01%,0.00%
Lacnor Cocktail180ML,Fresh Juices,FOOD,1,1.5,0,0.00%,1.5,0.01%,0.00%
LacnorOrange180ML ,CS Packet Juice,BEVERAGE,1,1.5,0,0.00%,1.5,0.01%,0.00%
LACNOR PINEAPPLE180ml,CS Packet Juice,BEVERAGE,1,1.5,0,0.00%,1.5,0.01%,0.00%
LACNOR STRAWBERRY JUICE 180ML,CS Packet Juice,BEVERAGE,1,1.5,0,0.00%,1.5,0.01%,0.00%
MANI 20G PEANUTS SPICY PAPRIKA,CS Dry Fruits,FOOD,1,1.5,0,0.00%,1.5,0.01%,0.00%
SAFETY MATCH STICK BOX 2PCS,CS Others,NON FOOD,3,1.5,0,0.00%,1.5,0.03%,0.00%
SPRITE CAN 355ML,CS Soft Drinks,BEVERAGE,1,1.5,0,0.00%,1.5,0.01%,0.00%
SPRITE LIGHT CAN 330ML ,CS Soft Drinks,BEVERAGE,1,1.5,0,0.00%,1.5,0.01%,0.00%
Espresso Macchiato,Nespresso,FOOD,2,0,0,0.00%,0,0.02%,0.00%
TOTAL*,,,"9,296","89,326.25",0,0.00%,"89,326.25",83.34%,100.00%
,,,,,,,,,
