Menu Engineering Items Summary,,,,,,,,,
,,,,,,,,,
Business Dates,11/15/2015,,,,,,,,
Locations,"DEMO,UAE",,,,,,,,
Revenue Centers,All,,,,,,,,
Menu Items,All,,,,,,,,
,,,,,,,,,
Menu Item Name,Family Group,Major Group,Qty Sold,Net Sales,Prep Cost,Cost %,Margin Less Item Disc,% Qty,% Margin
Open Food,Open Food,FOOD,10,"23,622.00",0,0.00%,"23,622.00",0.08%,20.02%
Open Beverage,Open Beverage,BEVERAGE,7,"10,864.50",0,0.00%,"10,864.50",0.06%,9.21%
Stud Meal Combo,Main course,FOOD,310,"9,180.00",0,0.00%,"9,180.00",2.61%,7.78%
GLOBAL STREET MAIN,Main course,FOOD,120,"3,068.00",0,0.00%,"3,068.00",1.01%,2.60%
Student Breakfast,Breakfast,FOOD,100,"3,000.00",0,0.00%,"3,000.00",0.84%,2.54%
Buffet Meal,Main course,FOOD,81,"1,738.00",0,0.00%,"1,738.00",0.68%,1.47%
Classic Angus Burger,Burgers,FOOD,47,"1,410.00",0,0.00%,"1,410.00",0.40%,1.20%
SERCO LUNCH,SERCO LUNCH,FOOD,83,"1,245.00",0,0.00%,"1,245.00",0.70%,1.06%
MARINATED SALMON STEAK,Grill,FOOD,38,"1,140.00",0,0.00%,"1,140.00",0.32%,0.97%
VEGGIE MEAL,Veggie,FOOD,50,"1,100.00",0,0.00%,"1,100.00",0.42%,0.93%
FG MEDIUM BOWL,FEEL GOOD,FOOD,51,918,0,0.00%,918,0.43%,0.78%
MEAT PLATTER,Main course,FOOD,30,900,0,0.00%,900,0.25%,0.76%
Slice of the Day,Pizza,FOOD,177,885,0,0.00%,885,1.49%,0.75%
Chicken Caesar,Salads,FOOD,33,825,0,0.00%,825,0.28%,0.70%
Chicken Steak,Grill,FOOD,34,816,0,0.00%,816,0.29%,0.69%
SERCO DINNER,SERCO DINNER,FOOD,54,810,0,0.00%,810,0.45%,0.69%
FG LARGE BOWL,FEEL GOOD,FOOD,31,806,0,0.00%,806,0.26%,0.68%
BUTTER FLY CHICKEN BREAST ,Grill,FOOD,33,792,0,0.00%,792,0.28%,0.67%
Take Away Box,Take Away Boxes,NON FOOD,260,780,0,0.00%,780,2.19%,0.66%
Five a Day,Fresh Juices,BEVERAGE,32,768,0,0.00%,768,0.27%,0.65%
BBQ Glazed Chicken,Sandwiches,FOOD,34,714,0,0.00%,714,0.29%,0.61%
Massaman Chicken,Main course,FOOD,29,696,0,0.00%,696,0.24%,0.59%
Tenderloin Steak,Burgers,FOOD,22,660,0,0.00%,660,0.19%,0.56%
SMOKED TURKEY S/W,Sandwiches,FOOD,19,646,0,0.00%,646,0.16%,0.55%
STIR FRY CHICKEN,Main course,FOOD,21,609,0,0.00%,609,0.18%,0.52%
Two Eggs ,Breakfast,FOOD,121,605,0,0.00%,605,1.02%,0.51%
Smoked Salmon,Sandwiches,FOOD,24,600,0,0.00%,600,0.20%,0.51%
7 OZ DOUBLE SHOT ICED SHAKEN,Starbucks,FOOD,42,588,0,0.00%,588,0.35%,0.50%
Buffet Fruit Salad,Salads,FOOD,114,560,0,0.00%,560,0.96%,0.47%
12 OZ CAFFE LATTE,Starbucks,FOOD,45,540,0,0.00%,540,0.38%,0.46%
Masafi Water500ml,Water,BEVERAGE,514,513,0,0.00%,513,4.32%,0.43%
CHICKEN MEAL ,Main course,FOOD,20,500,0,0.00%,500,0.17%,0.42%
12 OZ CAFFE AMERICANO,Starbucks,FOOD,49,490,0,0.00%,490,0.41%,0.42%
Grilled Chicken Burger,Burgers,FOOD,20,480,0,0.00%,480,0.17%,0.41%
16 OZ CAFFE LATTE,Starbucks,FOOD,34,476,0,0.00%,476,0.29%,0.40%
Fresh Fruit Pcs,Extras,FOOD,154,462,0,0.00%,462,1.30%,0.39%
CHICKEN CEASAR SALAD,Salads,FOOD,14,448,0,0.00%,448,0.12%,0.38%
FRESH JUICE SMALL,Breakfast,FOOD,511,444,0,0.00%,444,4.30%,0.38%
Chicken Tikka,Sandwiches,FOOD,18,432,0,0.00%,432,0.15%,0.37%
Side Salad,Salads,FOOD,107,428,0,0.00%,428,0.90%,0.36%
Salmon Salad,Salads,FOOD,17,425,0,0.00%,425,0.14%,0.36%
SERCO BREAKFAST,SERCO BREAKFAST,FOOD,28,420,0,0.00%,420,0.24%,0.36%
WALK IN LUNCH,WALK IN LUNCH,FOOD,42,420,0,0.00%,420,0.35%,0.36%
BLACK ANGUS CLUB 6 OZ,Burgers,FOOD,13,416,0,0.00%,416,0.11%,0.35%
CHICKEN ROCQUET CHEESE S/W,Sandwiches,FOOD,13,390,0,0.00%,390,0.11%,0.33%
Super Food Salad (V),Salads,FOOD,16,384,0,0.00%,384,0.13%,0.33%
Yasai Itame,Main course,FOOD,14,364,0,0.00%,364,0.12%,0.31%
12 OZ CAPPUCHINO,Starbucks,FOOD,31,360,0,0.00%,360,0.26%,0.31%
Tandoori Chicken,Pizza,FOOD,10,360,0,0.00%,360,0.08%,0.31%
Margherita(V),Pizza,FOOD,14,350,0,0.00%,350,0.12%,0.30%
SWEET CHILLI SALMON SALAD,Sandwiches,FOOD,9,342,0,0.00%,342,0.08%,0.29%
Banana Pcs,CS Fresh Fruit,FOOD,319,319,0,0.00%,319,2.68%,0.27%
16 OZ CAFFE AMERICANO,Starbucks,FOOD,26,312,0,0.00%,312,0.22%,0.26%
CEASAR CHICKEN WRAP,Wraps,FOOD,9,306,0,0.00%,306,0.08%,0.26%
CHICKEN STACK,Burgers,FOOD,10,300,0,0.00%,300,0.08%,0.25%
16 OZ ICED CAFFE LATTE,Starbucks,FOOD,20,298,0,0.00%,298,0.17%,0.25%
16 OZ CAPPUCHINO,Starbucks,FOOD,21,294,0,0.00%,294,0.18%,0.25%
CROISSANT MEDIUM,PASTRIES,FOOD,42,294,0,0.00%,294,0.35%,0.25%
SIMPLE SHAWARMA,Main course,FOOD,36,288,0,0.00%,288,0.30%,0.24%
Guest Meal Combo,Main course,FOOD,14,280,0,0.00%,280,0.12%,0.24%
12 OZ CARAMEL MACCHIATO,Starbucks,FOOD,18,270,0,0.00%,270,0.15%,0.23%
Chocolate Bar,Extras,FOOD,54,270,0,0.00%,270,0.45%,0.23%
FYO SHAWARMA,Main course,FOOD,18,270,0,0.00%,270,0.15%,0.23%
REUBENS S/W,Sandwiches,FOOD,9,270,0,0.00%,270,0.08%,0.23%
FRESH JUICE LARGE,Fresh Juices,FOOD,40,266,0,0.00%,266,0.34%,0.23%
Digest dark200,Biscuit & Cookies,FOOD,19,256.5,0,0.00%,256.5,0.16%,0.22%
FRIED CHICKEN WRAP,Burgers,FOOD,8,256,0,0.00%,256,0.07%,0.22%
Pesto Roasted Chicken,Sandwiches,FOOD,11,253,0,0.00%,253,0.09%,0.21%
12OZ WHITE CHOCOLATE MOCHA,Starbucks,FOOD,16,240,0,0.00%,240,0.13%,0.20%
Buffalo Chicken,Grill,FOOD,14,224,0,0.00%,224,0.12%,0.19%
BUTTERNUT & GOAT CHEESE SALAD ,Sandwiches,FOOD,6,216,0,0.00%,216,0.05%,0.18%
Extra Portion Grill,Main course,FOOD,18,216,0,0.00%,216,0.15%,0.18%
Yogurt Blueberry,Yoghurt Pots,FOOD,12,216,0,0.00%,216,0.10%,0.18%
Yogurt Muesli Honey,Yoghurt Pots,FOOD,13,208,0,0.00%,208,0.11%,0.18%
Filter Coffee,Tea,FOOD,293,205,0,0.00%,205,2.46%,0.17%
Fruit Salad,Yoghurt Pots,FOOD,17,204,0,0.00%,204,0.14%,0.17%
Cereal Portion,Breakfast,FOOD,29,203,0,0.00%,203,0.24%,0.17%
16 OZ ICED WHITE CHOCOLATE MOCHA,Starbucks,FOOD,11,201,0,0.00%,201,0.09%,0.17%
Grilled Halloumi(V),Sandwiches,FOOD,10,200,0,0.00%,200,0.08%,0.17%
Double Trouble,Milk Shake,BEVERAGE,8,192,0,0.00%,192,0.07%,0.16%
NESCAFE GOLD COFFEE 200GM,CS Coffee,FOOD,4,192,0,0.00%,192,0.03%,0.16%
CROISSANT MINI,Dessert,FOOD,63,183,0,0.00%,183,0.53%,0.16%
FETA & ROAST VEG PANINI,Sandwiches,FOOD,7,182,0,0.00%,182,0.06%,0.15%
Falafel Tomato & Hummus(V),Sandwiches,FOOD,10,180,0,0.00%,180,0.08%,0.15%
Filter Tea,Tea,FOOD,187,180,0,0.00%,180,1.57%,0.15%
AL AIN WATER 500ml,CS Water,BEVERAGE,178,178,0,0.00%,178,1.50%,0.15%
BEEF MEAL,Main course,FOOD,8,175,0,0.00%,175,0.07%,0.15%
GRILLED CHICKEN & BACON S/W,Sandwiches,FOOD,5,175,0,0.00%,175,0.04%,0.15%
BAYARA 1KG ALMOND,CS Nuts & Seeds,FOOD,3,173.25,0,0.00%,173.25,0.03%,0.15%
Dessert,Dessert,FOOD,44,172,0,0.00%,172,0.37%,0.15%
Hash Browns,Breakfast,FOOD,43,172,0,0.00%,172,0.36%,0.15%
Yogurt Mango,Yoghurt Pots,FOOD,17,170,0,0.00%,170,0.14%,0.14%
Beef sausage,Breakfast,FOOD,33,165,0,0.00%,165,0.28%,0.14%
DOUBLE ESSPRESSO,Starbucks,FOOD,15,156,0,0.00%,156,0.13%,0.13%
California Rolls(6Pcs),Sushi,FOOD,7,154,0,0.00%,154,0.06%,0.13%
12 OZ CARAMEL LATTE,Starbucks,FOOD,9,153,0,0.00%,153,0.08%,0.13%
12 OZ VANILLA LATTE,Starbucks,FOOD,9,153,0,0.00%,153,0.08%,0.13%
16 OZ VANILLA LATTE,Starbucks,FOOD,8,152,0,0.00%,152,0.07%,0.13%
Go Large,Pizza,FOOD,19,152,0,0.00%,152,0.16%,0.13%
Chicken Nuggets,Extras,FOOD,15,150,0,0.00%,150,0.13%,0.13%
Soup,Extras,FOOD,25,150,0,0.00%,150,0.21%,0.13%
RACHELS NATURAL LOW FAT YOUGHURT,CS Organic Food,FOOD,6,147,0,0.00%,147,0.05%,0.12%
PERSIL LIQUID GREEN POWER GEL 3L,CS Laundry Care,NON FOOD,3,146.25,0,0.00%,146.25,0.03%,0.12%
BRIE & BACON S/W,Sandwiches,FOOD,4,144,0,0.00%,144,0.03%,0.12%
FG SMALL BOWL,FEEL GOOD,FOOD,12,144,0,0.00%,144,0.10%,0.12%
MOROCCAN LAMB BURGER,Burgers,FOOD,4,144,0,0.00%,144,0.03%,0.12%
16 OZ ICED CAFE AMERICANO,Starbucks,FOOD,11,142,0,0.00%,142,0.09%,0.12%
JAYS POM PUNCH,Smoothies,BEVERAGE,5,140,0,0.00%,140,0.04%,0.12%
Mixed Green Salad(V),Salads,FOOD,7,140,0,0.00%,140,0.06%,0.12%
Portion Protein,Main course,FOOD,15,140,0,0.00%,140,0.13%,0.12%
BRIE & TOMATO S/W,Sandwiches,FOOD,4,136,0,0.00%,136,0.03%,0.12%
RED BULL 250ML,CS Sports & Energy Drinks,BEVERAGE,19,135,0,0.00%,135,0.16%,0.11%
COCA COLA CAN,Softdrinks,BEVERAGE,33,132,0,0.00%,132,0.28%,0.11%
Yoghurt,Yogurt,FOOD,11,132,0,0.00%,132,0.09%,0.11%
AL AIN FRESH MILK LOW FAT 2L,CS Dairy ,FOOD,13,130,0,0.00%,130,0.11%,0.11%
Salmon Temaki (3 Pcs),Sushi,FOOD,5,130,0,0.00%,130,0.04%,0.11%
FAMILIA CHAMPION CRISP 750GM,CS Cereal,FOOD,4,128,0,0.00%,128,0.03%,0.11%
FG Juice Bottled,FEEL GOOD,FOOD,16,128,0,0.00%,128,0.13%,0.11%
FRESH GREEN SALAD,Salads,FOOD,8,128,0,0.00%,128,0.07%,0.11%
Yoghurt,Yogurt,FOOD,32,128,0,0.00%,128,0.27%,0.11%
KELLOGS BARS DARK CHOCO 04PCX1PK,CS Cereal,FOOD,8,126,0,0.00%,126,0.07%,0.11%
Pancakes,Breakfast,FOOD,42,126,0,0.00%,126,0.35%,0.11%
Plum Red,CS Fresh Fruit,FOOD,63,126,0,0.00%,126,0.53%,0.11%
MARS THICK SHAKE 300ML,Convenience Beverages,BEVERAGE,13,123.5,0,0.00%,123.5,0.11%,0.10%
16 OZ ICED CARAMEL MACCHIATO,Starbucks,FOOD,7,123,0,0.00%,123,0.06%,0.10%
16 OZ FRAPPUCINO CARAMEL,Starbucks,FOOD,6,120,0,0.00%,120,0.05%,0.10%
Cappuccino,Nespresso,FOOD,10,120,0,0.00%,120,0.08%,0.10%
CLASSIC FRIES,Main course,FOOD,24,120,0,0.00%,120,0.20%,0.10%
COCA COLA ZERO CAN,Softdrinks,BEVERAGE,30,120,0,0.00%,120,0.25%,0.10%
Homemade Beef Burger,Burgers,FOOD,6,120,0,0.00%,120,0.05%,0.10%
LACNOR COCKTAIL 180ML,Fresh Juices,BEVERAGE,30,120,0,0.00%,120,0.25%,0.10%
16 OZ CARAMEL MACCHIATO,Starbucks,FOOD,7,119,0,0.00%,119,0.06%,0.10%
16 OZ WHITE CHOCOLATE MOCHA,Starbucks,FOOD,7,119,0,0.00%,119,0.06%,0.10%
BAYARA 1KG APRICOT DRIED,CS Dry Fruits,FOOD,2,119,0,0.00%,119,0.02%,0.10%
GALLON WATER COUPON,CS Water,BEVERAGE,17,119,0,0.00%,119,0.14%,0.10%
LACNOR APPLE 180ML,Fresh Juices,BEVERAGE,58,116,0,0.00%,116,0.49%,0.10%
OAT KING BAR TASTY CHOCOLATE 95G,CS Cereal,FOOD,8,116,0,0.00%,116,0.07%,0.10%
PRO BAR MEAL WHOLEBERRY BLAST 85,CS Cereal,FOOD,5,115,0,0.00%,115,0.04%,0.10%
CHICKEN WRAP COMBO,Burgers,FOOD,3,114,0,0.00%,114,0.03%,0.10%
SALMON NICOISE,Salads,FOOD,3,114,0,0.00%,114,0.03%,0.10%
AMERICAN 4 OZ,Burgers,FOOD,4,112,0,0.00%,112,0.03%,0.09%
Croissant,Breakfast,FOOD,16,112,0,0.00%,112,0.13%,0.09%
FALAFEL COMBO,Burgers,FOOD,4,112,0,0.00%,112,0.03%,0.09%
LACNOR MILK CHOCOLATE,Flavoured Milk,BEVERAGE,30,112,0,0.00%,112,0.25%,0.09%
French Fries,Extras,FOOD,18,108,0,0.00%,108,0.15%,0.09%
16 OZ ICED CHOCOLATE,Starbucks,FOOD,6,106,0,0.00%,106,0.05%,0.09%
Isabella(V),Pizza,FOOD,3,105,0,0.00%,105,0.03%,0.09%
Salmon Chirashi,Sushi,FOOD,5,105,0,0.00%,105,0.04%,0.09%
TUNA NICOISE SALAD,Salads,FOOD,4,104,0,0.00%,104,0.03%,0.09%
16 OZ CAFFE MOCHA,Starbucks,FOOD,6,102,0,0.00%,102,0.05%,0.09%
OAT KING BAR CHOCOLATE CHIP 95GM,CS Cereal,FOOD,7,101.5,0,0.00%,101.5,0.06%,0.09%
OAT KING BAR MILK HONEY 95GM,CS Cereal,FOOD,7,101.5,0,0.00%,101.5,0.06%,0.09%
Chicken Tandoori,Pre Packed Sandwiches,FOOD,10,100,0,0.00%,100,0.08%,0.08%
COCONUT WATER CAN,Packet Juice,BEVERAGE,25,100,0,0.00%,100,0.21%,0.08%
DAN'S TOPICAL BLAST,Smoothies,BEVERAGE,5,100,0,0.00%,100,0.04%,0.08%
LACNOR ORANGE 180ML,Fresh Juices,BEVERAGE,59,100,0,0.00%,100,0.50%,0.08%
Lungo,Nespresso,FOOD,10,100,0,0.00%,100,0.08%,0.08%
Carrot Cake,Dessert,FOOD,8,96,0,0.00%,96,0.07%,0.08%
PAPER BAG,BAGS,NON FOOD,96,96,0,0.00%,96,0.81%,0.08%
Peanut Butter & Jelly(V),Sandwiches,FOOD,6,96,0,0.00%,96,0.05%,0.08%
POKKA LEMON ICED TEA CAN,Packet Juice,BEVERAGE,24,96,0,0.00%,96,0.20%,0.08%
Small Salad,Salads,FOOD,8,96,0,0.00%,96,0.07%,0.08%
Baked beans,Breakfast,FOOD,19,95,0,0.00%,95,0.16%,0.08%
12 OZ CAFFE MOCHA,Starbucks,FOOD,6,90,0,0.00%,90,0.05%,0.08%
MAGNUM I/C ALMOND,CS Ice Cream,FOOD,12,90,0,0.00%,90,0.10%,0.08%
Pesto,Pizza,FOOD,3,90,0,0.00%,90,0.03%,0.08%
TORCH CLUB STEAK S/W,Sandwiches,FOOD,2,90,0,0.00%,90,0.02%,0.08%
Egg Cress Mayonnaise,Pre Packed Sandwiches,FOOD,11,88,0,0.00%,88,0.09%,0.07%
TEA BAG JASMINE GREEN,Tea,FOOD,11,88,0,0.00%,88,0.09%,0.07%
Orange Pcs,CS Fresh Fruit,FOOD,43,86,0,0.00%,86,0.36%,0.07%
12 OZ HOT CHOCOLATE,Starbucks,FOOD,5,85,0,0.00%,85,0.04%,0.07%
AL AIN FRESH MILK 1L LOW FAT,CS Dairy ,FOOD,14,84,0,0.00%,84,0.12%,0.07%
B.BAG OAK SMOK150g,CS Chips & Snacks,FOOD,7,84,0,0.00%,84,0.06%,0.07%
Brownie,Dessert,FOOD,6,84,0,0.00%,84,0.05%,0.07%
Chicken Noodle Suop,Soup ,FOOD,6,84,0,0.00%,84,0.05%,0.07%
JAMIES BERRY BURST,Smoothies,BEVERAGE,3,84,0,0.00%,84,0.03%,0.07%
Lemon & Mint,Fresh Juices,BEVERAGE,6,84,0,0.00%,84,0.05%,0.07%
AL AIN FRESH MILK FULL FAT 2L,CS Dairy ,FOOD,8,80,0,0.00%,80,0.07%,0.07%
CheseTurkeyHamCrossiant,Sandwiches,FOOD,4,80,0,0.00%,80,0.03%,0.07%
Cold Cuts,Breakfast,FOOD,16,80,0,0.00%,80,0.13%,0.07%
EBI NIGIRI,Sushi,FOOD,16,80,0,0.00%,80,0.13%,0.07%
LARGE STILL WATER PREMIUM,Water,BEVERAGE,4,80,0,0.00%,80,0.03%,0.07%
MINUTE STEAK,Grill,FOOD,4,80,0,0.00%,80,0.03%,0.07%
PEAR DRAGON LOOSE TEA,Tea,FOOD,8,80,0,0.00%,80,0.07%,0.07%
Three Cheese Spring Onion,Pre Packed Sandwiches,FOOD,8,80,0,0.00%,80,0.07%,0.07%
Apple Red,CS Fresh Fruit,FOOD,39,78,0,0.00%,78,0.33%,0.07%
COMFORT LAVENDER MAGNOLIA CONCEN,CS Laundry Care,NON FOOD,5,77.5,0,0.00%,77.5,0.04%,0.07%
4 OZ BURGER COMBO,Burgers,FOOD,2,76,0,0.00%,76,0.02%,0.06%
EGG Mayo & Spring Onion,Sandwiches,FOOD,4,76,0,0.00%,76,0.03%,0.06%
EXTRA TABS SPEARMINT GUM,CS Mint & Gum,FOOD,19,76,0,0.00%,76,0.16%,0.06%
STREPSILS ORANGE PACKET,CS Chocolate ,FOOD,4,76,0,0.00%,76,0.03%,0.06%
Add Cheese,Extras,FOOD,25,75,0,0.00%,75,0.21%,0.06%
MAGNUM I/C CLASSIC,CS Ice Cream,FOOD,10,75,0,0.00%,75,0.08%,0.06%
PERRIER WATER 750ML,Water,BEVERAGE,8,75,0,0.00%,75,0.07%,0.06%
Portion Vegetable,Main course,FOOD,15,75,0,0.00%,75,0.13%,0.06%
KAGI SWISS WAFERS MINI GIFT BOX ,CS Mint & Gum,FOOD,2,74.5,0,0.00%,74.5,0.02%,0.06%
Toast,Breakfast,FOOD,74,74,0,0.00%,74,0.62%,0.06%
BISCUITSDIGES250 ,Biscuit & Cookies,FOOD,7,73.5,0,0.00%,73.5,0.06%,0.06%
16 OZ ICED VANILLA LATTE,Starbucks,FOOD,4,73,0,0.00%,73,0.03%,0.06%
OAT KING BAR PURE 95GM,CS Cereal,FOOD,5,72.5,0,0.00%,72.5,0.04%,0.06%
CHICKEN CAESAR,Salads,FOOD,2,72,0,0.00%,72,0.02%,0.06%
Go Green,Milk Shake,BEVERAGE,4,72,0,0.00%,72,0.03%,0.06%
HIT THE ROOF,Milk Shake,BEVERAGE,3,72,0,0.00%,72,0.03%,0.06%
MINI CARROT CAKE,Dessert,FOOD,6,72,0,0.00%,72,0.05%,0.06%
MY THAI,Milk Shake,BEVERAGE,3,72,0,0.00%,72,0.03%,0.06%
Pain an Raisin,Dessert,FOOD,9,72,0,0.00%,72,0.08%,0.06%
Portion Starch,Main course,FOOD,9,72,0,0.00%,72,0.08%,0.06%
ROASTED BUTTERNUT,Salads,FOOD,2,72,0,0.00%,72,0.02%,0.06%
The Big Apple,Milk Shake,BEVERAGE,3,72,0,0.00%,72,0.03%,0.06%
AL AIN FRESH GRAPEFRUIT JUICE330,CS Packet Juice,BEVERAGE,10,70,0,0.00%,70,0.08%,0.06%
AL AIN FRESH MILK 1L FULL CREAM,CS Dairy ,FOOD,10,70,0,0.00%,70,0.08%,0.06%
AL MARAI FRESH MILK LOW FAT 1L,CS Dairy ,FOOD,10,70,0,0.00%,70,0.08%,0.06%
Delivery Charges,Delivery charge,LABOR CHARGE,14,70,0,0.00%,70,0.12%,0.06%
SELPAK TOILET ROLL 7+2,CS Tissue & Toilet Rolls,NON FOOD,3,69.75,0,0.00%,69.75,0.03%,0.06%
BEST CAN SUPER CASHEW 110GM,CS Nuts & Seeds,FOOD,4,69,0,0.00%,69,0.03%,0.06%
FRUIT & FIBRE KELLOGS 375GM,CS Cereal,FOOD,4,69,0,0.00%,69,0.03%,0.06%
NUTELLA JAR 750GM,CS Can & Jar Food,FOOD,2,68.5,0,0.00%,68.5,0.02%,0.06%
FALAFEL BURGER,Burgers,FOOD,3,66,0,0.00%,66,0.03%,0.06%
Greek Salad,Salads,FOOD,3,66,0,0.00%,66,0.03%,0.06%
PPPPLEASE ME,Fresh Juices,BEVERAGE,3,66,0,0.00%,66,0.03%,0.06%
Roast Beef,Sandwiches,FOOD,3,66,0,0.00%,66,0.03%,0.06%
Smoked Turkey Ham Pasta,Salads,FOOD,3,66,0,0.00%,66,0.03%,0.06%
Tuna Cheese Melt,Sandwiches,FOOD,3,66,0,0.00%,66,0.03%,0.06%
Extra Topping,Pizza,FOOD,13,65,0,0.00%,65,0.11%,0.06%
GATORADE LEMON PET 500ML,CS Sports & Energy Drinks,BEVERAGE,13,65,0,0.00%,65,0.11%,0.06%
Apple Green,CS Fresh Fruit,FOOD,32,64,0,0.00%,64,0.27%,0.05%
BBQ CHICKEN,Wraps,FOOD,2,64,0,0.00%,64,0.02%,0.05%
TUNA & MAYO WRAP,Sandwiches,FOOD,2,64,0,0.00%,64,0.02%,0.05%
CLEARLY SCRUMPTIOUS STRAWBERRY 3,CS Dry Fruits,FOOD,5,63.75,0,0.00%,63.75,0.04%,0.05%
16 OZ SOYA CAFFE LATTE,Coffee,FOOD,3,63,0,0.00%,63,0.03%,0.05%
FAMILIA 50GM MUESLI CHOCO,CS Cereal,FOOD,18,63,0,0.00%,63,0.15%,0.05%
RED BULL SUGAR FREE 250ML,CS Sports & Energy Drinks,BEVERAGE,9,63,0,0.00%,63,0.08%,0.05%
Walkers Short Bread40g,Biscuits,FOOD,18,63,0,0.00%,63,0.15%,0.05%
ALPRO SOYA ORIGINAL1L,CS Dairy ,BEVERAGE,4,62,0,0.00%,62,0.03%,0.05%
16 OZ FRAPPUCINO WHITE MOCHA,Starbucks,FOOD,3,60,0,0.00%,60,0.03%,0.05%
AL AIN MORNING PEACH MUSELI 250G,CS Dairy ,FOOD,2,60,0,0.00%,60,0.02%,0.05%
AL AIN WATER 1.5L,CS Water,BEVERAGE,40,60,0,0.00%,60,0.34%,0.05%
B.BAG SALTED150g,CS Chips & Snacks,FOOD,5,60,0,0.00%,60,0.04%,0.05%
BLUEBERRY MUFFINS,Dessert,FOOD,5,60,0,0.00%,60,0.04%,0.05%
BRILLIANT BREAKFAST LOOSE TEA,Tea,FOOD,6,60,0,0.00%,60,0.05%,0.05%
Chicken Maki(6pcs),Sushi,FOOD,3,60,0,0.00%,60,0.03%,0.05%
French Toast,Breakfast,FOOD,15,60,0,0.00%,60,0.13%,0.05%
KIT KAT 4 FINGERS,CS Chocolate ,FOOD,16,60,0,0.00%,60,0.13%,0.05%
LARGE SPARKLING WATER PREMIUM,Water,BEVERAGE,3,60,0,0.00%,60,0.03%,0.05%
Latte Macchiato,Nespresso,FOOD,5,60,0,0.00%,60,0.04%,0.05%
MilkHalfCrem1Ltr ,CS Dairy ,FOOD,15,60,0,0.00%,60,0.13%,0.05%
MOROCCAN LOOSE TEA,Tea,FOOD,6,60,0,0.00%,60,0.05%,0.05%
PEPSI DIET CAN,Softdrinks,BEVERAGE,15,60,0,0.00%,60,0.13%,0.05%
SWEET POTATO WEDGES,Main course,FOOD,6,60,0,0.00%,60,0.05%,0.05%
SELPAK KITCHEN ROLL 2 PCS,CS Tissue & Toilet Rolls,NON FOOD,5,57.5,0,0.00%,57.5,0.04%,0.05%
16 OZ HOT CHOCOLATE,Starbucks,FOOD,3,57,0,0.00%,57,0.03%,0.05%
16 OZ SIGNATURE HOT CHOCOLATE,Starbucks,FOOD,3,57,0,0.00%,57,0.03%,0.05%
ARIEL GREEN 1.5KG,CS Laundry Care,NON FOOD,2,56,0,0.00%,56,0.02%,0.05%
AXE SHOWER GEL DARK TEMPTATION 2,CS Bath & Shower,NON FOOD,4,56,0,0.00%,56,0.03%,0.05%
Bagels w/Cr.Cheese,Breakfast,FOOD,8,56,0,0.00%,56,0.07%,0.05%
LACNOR MILK BANANA,Flavoured Milk,BEVERAGE,45,56,0,0.00%,56,0.38%,0.05%
NIVEA SUN LOTION SPF 30 200ML,CS Body Care,NON FOOD,1,56,0,0.00%,56,0.01%,0.05%
LINDT EXCELLENCE 85% CACOA 100GM,CS Chocolate ,FOOD,4,55,0,0.00%,55,0.03%,0.05%
AL AIN WATER 500ML,Water,BEVERAGE,54,54,0,0.00%,54,0.45%,0.05%
BAYARA 1KG CASHEW NUT,CS Nuts & Seeds,FOOD,1,54,0,0.00%,54,0.01%,0.05%
BAYARA SALTED CASHEWS 300GM,CS Nuts & Seeds,FOOD,3,54,0,0.00%,54,0.03%,0.05%
CheseTomatoCrossiant,Sandwiches,FOOD,3,54,0,0.00%,54,0.03%,0.05%
Large Salad,Salads,FOOD,3,54,0,0.00%,54,0.03%,0.05%
LIFEBUOY 40 WET WIPES,CS Tissue & Toilet Rolls,NON FOOD,3,54,0,0.00%,54,0.03%,0.05%
MAGNUM I/C DOUBLE CHOCOLATE,CS Ice Cream,FOOD,6,54,0,0.00%,54,0.05%,0.05%
Mash and Gravy,Extras,FOOD,6,54,0,0.00%,54,0.05%,0.05%
CROISSANT HI BUTTER PLAIN,CS Bakery,FOOD,15,52.5,0,0.00%,52.5,0.13%,0.04%
DR OETKER VEGETABLE PIZZA,CS Frozen Food,FOOD,2,52.5,0,0.00%,52.5,0.02%,0.04%
JDS BUTTER WAFFLES,Biscuit & Cookies,FOOD,3,52.5,0,0.00%,52.5,0.03%,0.04%
16 OZ ICED CAFFE MOCHA,Starbucks,FOOD,3,52,0,0.00%,52,0.03%,0.04%
CAPRICE DES DIEUX CHEESE 125G,CS Dairy ,FOOD,2,52,0,0.00%,52,0.02%,0.04%
FAMILIA BIO ORGANIC AMARANTH 375,CS Organic Food,FOOD,2,52,0,0.00%,52,0.02%,0.04%
LACNOR MILK STRAWBERRY,Flavoured Milk,BEVERAGE,38,52,0,0.00%,52,0.32%,0.04%
PEPSI CAN,Softdrinks,BEVERAGE,13,52,0,0.00%,52,0.11%,0.04%
CHEETOS 205GM CRUNCHY FLAMING HO,CS Chips & Snacks,FOOD,6,51,0,0.00%,51,0.05%,0.04%
CLEARLY SCRUMPTIOUS APPLE WEDGES,CS Dry Fruits,FOOD,6,51,0,0.00%,51,0.05%,0.04%
TRESEMME SH 24 HOUR BODY 500ML,CS Shampoo & Conditioner,NON FOOD,2,51,0,0.00%,51,0.02%,0.04%
ALPROMilkFlvrChoc 1L,CS Dairy ,BEVERAGE,3,50.25,0,0.00%,50.25,0.03%,0.04%
50 Dhs Rech,CS Others,NON FOOD,1,50,0,0.00%,50,0.01%,0.04%
Chicken Sweetcorn,Pre Packed Sandwiches,FOOD,5,50,0,0.00%,50,0.04%,0.04%
EARL GREY LOOSE TEA,Tea,FOOD,5,50,0,0.00%,50,0.04%,0.04%
GATORADE BLUE BOLT PET 500ML,CS Sports & Energy Drinks,BEVERAGE,10,50,0,0.00%,50,0.08%,0.04%
MIXED NUT & CEREAL 8 OZ,Peannuts,FOOD,5,50,0,0.00%,50,0.04%,0.04%
ORAL B TP PRO EXPERT FRESH MINT ,CS Oral Care,NON FOOD,2,50,0,0.00%,50,0.02%,0.04%
SINGLE ESSPRESSO,Starbucks,FOOD,5,50,0,0.00%,50,0.04%,0.04%
MODERN BAKE PEANUT PEACAN ENERGY,CS Cereal,FOOD,9,49.5,0,0.00%,49.5,0.08%,0.04%
VOLVIC WATER 500ML,CS Water,BEVERAGE,11,49.5,0,0.00%,49.5,0.09%,0.04%
B.BAG SEA SALT150g,CS Chips & Snacks,FOOD,4,48,0,0.00%,48,0.03%,0.04%
Choc Caramel Eclair,Dessert,FOOD,4,48,0,0.00%,48,0.03%,0.04%
CHUNKY MONKEY,Milk Shake,BEVERAGE,2,48,0,0.00%,48,0.02%,0.04%
CLOROX WIPES DISINFECTING CITRUS,CS Cleaning Supplies,NON FOOD,3,48,0,0.00%,48,0.03%,0.04%
ESPRESSO MACCHIATO,Starbucks,FOOD,4,48,0,0.00%,48,0.03%,0.04%
ESPRESSO MACCHIATO DOUBLE,Coffee,FOOD,4,48,0,0.00%,48,0.03%,0.04%
Granola,Dessert,FOOD,6,48,0,0.00%,48,0.05%,0.04%
NECTAFLOR PREMIUM RAISINS 200GM,CS Dry Fruits,FOOD,4,48,0,0.00%,48,0.03%,0.04%
Panadol96 ,CS Others,NON FOOD,48,48,0,0.00%,48,0.40%,0.04%
REDBULL REGULAR,Energy Drinks,BEVERAGE,6,48,0,0.00%,48,0.05%,0.04%
SLICED BREAD MULTI GRAIN MEDIUM,CS Bakery,FOOD,8,48,0,0.00%,48,0.07%,0.04%
THE 3RD DATE,Milk Shake,BEVERAGE,2,48,0,0.00%,48,0.02%,0.04%
Tuna maki(6Pcs) W/Sundried Tomat,Sushi,FOOD,2,48,0,0.00%,48,0.02%,0.04%
Tuna Sweetcorn,Pre Packed Sandwiches,FOOD,3,48,0,0.00%,48,0.03%,0.04%
Valley Crunchy,Cereal Bar,FOOD,16,48,0,0.00%,48,0.13%,0.04%
VIVANI BAR CREAMY CARAMEL 40G,CS Organic Food,FOOD,8,48,0,0.00%,48,0.07%,0.04%
GALAXY THICK SHAKE CARAMEL 300ML,Convenience Beverages,BEVERAGE,5,47.5,0,0.00%,47.5,0.04%,0.04%
COMFORT BABY CONCENTRATE 750ML,CS Laundry Care,NON FOOD,3,46.5,0,0.00%,46.5,0.03%,0.04%
GILLETTE RAZOR MACH 3 2UP,CS Mens Care,NON FOOD,2,46.5,0,0.00%,46.5,0.02%,0.04%
MENTOS BOTTLE 20% WHITE TUTTI FR,CS Mint & Gum,FOOD,6,46.5,0,0.00%,46.5,0.05%,0.04%
GLASS OF SOYA MILK,Soya Milk,FOOD,7,46,0,0.00%,46,0.06%,0.04%
GATORADE PINK LEMONDAE PET 500ML,CS Sports & Energy Drinks,BEVERAGE,9,45,0,0.00%,45,0.08%,0.04%
NIVEA MEN SHOWER ORIGINAL CARE 2,CS Bath & Shower,NON FOOD,3,45,0,0.00%,45,0.03%,0.04%
Oatmeal Porridge,Breakfast,FOOD,15,45,0,0.00%,45,0.13%,0.04%
TIDE ORIGINAL SCENT 1.5KG,CS Laundry Care,NON FOOD,2,45,0,0.00%,45,0.02%,0.04%
Alain Small Wtr500ml,Water,BEVERAGE,44,44,0,0.00%,44,0.37%,0.04%
ANTIDOTE,Fresh Juices,BEVERAGE,2,44,0,0.00%,44,0.02%,0.04%
COCA COLA DIET CAN,Softdrinks,BEVERAGE,11,44,0,0.00%,44,0.09%,0.04%
CROISSANT HI BUTTER CHOCOLATE,CS Bakery,FOOD,11,44,0,0.00%,44,0.09%,0.04%
EXTRA PELLET PEPPERMINT GUM,CS Mint & Gum,FOOD,22,44,0,0.00%,44,0.19%,0.04%
REXONA STICK MEN XTRA COOL 40GM,CS Deodrants,NON FOOD,3,42.75,0,0.00%,42.75,0.03%,0.04%
Berry Tart,Dessert,FOOD,3,42,0,0.00%,42,0.03%,0.04%
FIREFLY DETOX LEMON ,Tea,BEVERAGE,3,42,0,0.00%,42,0.03%,0.04%
LISTERINE MW ZERO 250ML,CS Oral Care,NON FOOD,2,42,0,0.00%,42,0.02%,0.04%
VITA COCO PURE COCONUT WATER 330,CS Packet Juice,BEVERAGE,4,42,0,0.00%,42,0.03%,0.04%
LINDT EXCELLENCE SEA SALT 100GM,CS Chocolate ,FOOD,3,41.25,0,0.00%,41.25,0.03%,0.03%
ALPRO ALMOND MILK 1L,CS Dairy ,FOOD,2,41,0,0.00%,41,0.02%,0.03%
FITA 600G,Biscuit & Cookies,FOOD,2,41,0,0.00%,41,0.02%,0.03%
ACORSA EXTRA VIRGIN OLIVE OIL 50,CS Can & Jar Food,FOOD,2,40.5,0,0.00%,40.5,0.02%,0.03%
EMMENTHAL CHEESE PORTION 150G,CS Dairy ,FOOD,3,40.5,0,0.00%,40.5,0.03%,0.03%
ADD FLAVOURED SYRUP,Starbucks,FOOD,10,40,0,0.00%,40,0.08%,0.03%
AL AIN FRESH MANGO JUICE 330ML,CS Packet Juice,BEVERAGE,5,40,0,0.00%,40,0.04%,0.03%
AL AIN FRESH ORANGE JUICE 330ML,CS Packet Juice,BEVERAGE,10,40,0,0.00%,40,0.08%,0.03%
BAYARA SALTED CASHEWS 150G,CS Nuts & Seeds,FOOD,4,40,0,0.00%,40,0.03%,0.03%
Beef Bacon,Breakfast,FOOD,8,40,0,0.00%,40,0.07%,0.03%
BLUE BERRY MUFFIN,Dessert,FOOD,4,40,0,0.00%,40,0.03%,0.03%
CEYLON GINGER LOOSE TEA,Tea,FOOD,4,40,0,0.00%,40,0.03%,0.03%
Lungo,Coffee,BEVERAGE,4,40,0,0.00%,40,0.03%,0.03%
MENTOS BOTTLE PURE FRESH MINT,CS Mint & Gum,FOOD,4,40,0,0.00%,40,0.03%,0.03%
Pear,CS Fresh Fruit,FOOD,20,40,0,0.00%,40,0.17%,0.03%
PEPPERMEIN LOOSE TEA,Tea,FOOD,4,40,0,0.00%,40,0.03%,0.03%
SCONES,Dessert,FOOD,4,40,0,0.00%,40,0.03%,0.03%
SNICKERS BAR,Chocolate,FOOD,8,40,0,0.00%,40,0.07%,0.03%
Steamed Rice,Main course,FOOD,5,40,0,0.00%,40,0.04%,0.03%
Tamago Nigiri,Sushi,FOOD,8,40,0,0.00%,40,0.07%,0.03%
VEG BURGER,Burgers,FOOD,2,40,0,0.00%,40,0.02%,0.03%
WALK IN DINNER,WALK IN DINNER,FOOD,4,40,0,0.00%,40,0.03%,0.03%
BEST 30GM SALTED CASHEWS,CS Nuts & Seeds,FOOD,12,39,0,0.00%,39,0.10%,0.03%
BOUNTY BAR 57GM,CS Chocolate ,FOOD,13,39,0,0.00%,39,0.11%,0.03%
CAPRICE DE DIEUX CHEESE 200G,CS Dairy ,FOOD,1,39,0,0.00%,39,0.01%,0.03%
NATURE VALLEY CANADIAN MAPLE SYR,CS Cereal,FOOD,13,39,0,0.00%,39,0.11%,0.03%
Meat Feast,Pizza,FOOD,1,38,0,0.00%,38,0.01%,0.03%
Mexican Melt,Pizza,FOOD,1,38,0,0.00%,38,0.01%,0.03%
NECTAFLOR SOFT APRICOTS 200GM,CS Dry Fruits,FOOD,2,38,0,0.00%,38,0.02%,0.03%
SELPAK FACIAL TISSUE 100 SHEET,CS Tissue & Toilet Rolls,NON FOOD,6,37,0,0.00%,37,0.05%,0.03%
OREO ORIGINAL 16 PACK 44GM,Biscuit & Cookies,FOOD,2,36.5,0,0.00%,36.5,0.02%,0.03%
BAYARA SALTED PISTACHIOS 150G,CS Nuts & Seeds,FOOD,3,36,0,0.00%,36,0.03%,0.03%
Cappuccino,Coffee,BEVERAGE,3,36,0,0.00%,36,0.03%,0.03%
Chicken Chirashi,Sushi,FOOD,2,36,0,0.00%,36,0.02%,0.03%
CHOCOLATE BROWNIE ,Dessert,FOOD,3,36,0,0.00%,36,0.03%,0.03%
D Coke,Softdrinks,BEVERAGE,9,36,0,0.00%,36,0.08%,0.03%
DOVE BODY LOTION CUCUMBER GREEN ,CS Body Care,NON FOOD,2,36,0,0.00%,36,0.02%,0.03%
GLAD GARBAGE BAG MEDIUM 35L X 30,CS Tissue & Toilet Rolls,NON FOOD,3,36,0,0.00%,36,0.03%,0.03%
Glazed Veg,Sandwiches,FOOD,2,36,0,0.00%,36,0.02%,0.03%
Lemon Drizzle,Dessert,FOOD,3,36,0,0.00%,36,0.03%,0.03%
LIPTON PYRAMID FOREST FRUIT TEA,CS Tea,FOOD,3,36,0,0.00%,36,0.03%,0.03%
SAN PELLEGRINO WATER 1000ML,CS Water,BEVERAGE,4,36,0,0.00%,36,0.03%,0.03%
SCHOGETTEN MILK CHOCOLATE 100GM,CS Chocolate ,FOOD,6,36,0,0.00%,36,0.05%,0.03%
Strwberry Muffins,Dessert,FOOD,3,36,0,0.00%,36,0.03%,0.03%
Tropical Maki (6 Pcs),Sushi,FOOD,2,36,0,0.00%,36,0.02%,0.03%
ALWAYS DIAMOND ULTRA THIN 14 PCS,CS Sanitary Care,NON FOOD,2,35.5,0,0.00%,35.5,0.02%,0.03%
AL MARAI FRESH MILK FULL FAT 1L,CS Dairy ,FOOD,5,35,0,0.00%,35,0.04%,0.03%
Cheeses,Dessert,FOOD,1,35,0,0.00%,35,0.01%,0.03%
LAYS FORNO CHEESE 43G,CHIPS,FOOD,7,35,0,0.00%,35,0.06%,0.03%
MentoGmWatrMelon,CS Mint & Gum,FOOD,7,35,0,0.00%,35,0.06%,0.03%
MEZZE,Main course,FOOD,1,35,0,0.00%,35,0.01%,0.03%
Rocco,Pizza,FOOD,1,35,0,0.00%,35,0.01%,0.03%
ILD DE FRANCE CHEESE CAMEMBERT 2,CS Dairy ,FOOD,1,34,0,0.00%,34,0.01%,0.03%
TOBLERONE MILK 100GM,CS Chocolate ,FOOD,4,34,0,0.00%,34,0.03%,0.03%
ALPROSoyaMilkUnswtnd1L,CS Packet Juice,BEVERAGE,2,33.5,0,0.00%,33.5,0.02%,0.03%
SCRUMMIES CHERRY CRANBERRIES 20G,CS Dry Fruits,FOOD,7,33.25,0,0.00%,33.25,0.06%,0.03%
AL MARAI LABAN STRAWBERRY 360ML,CS Dairy ,FOOD,11,33,0,0.00%,33,0.09%,0.03%
CADBURY DM CHOCOLATE 37GM,CS Chocolate ,FOOD,11,33,0,0.00%,33,0.09%,0.03%
AL MARAI APPLE JUICE 300ML,CS Packet Juice,BEVERAGE,13,32.5,0,0.00%,32.5,0.11%,0.03%
ALWAYS LARGE WINGS 10 PCS,CS Sanitary Care,NON FOOD,5,32.5,0,0.00%,32.5,0.04%,0.03%
TOBLERONE WHITE 35GM,CS Chocolate ,FOOD,10,32.5,0,0.00%,32.5,0.08%,0.03%
C&C FACE SCRUB MORNING ENERGY 15,CS Facial Care,NON FOOD,1,32.25,0,0.00%,32.25,0.01%,0.03%
ADD ESPRESSO SHOT,Starbucks,FOOD,8,32,0,0.00%,32,0.07%,0.03%
ADD ESPRESSO SHOT,Starbucks,FOOD,8,32,0,0.00%,32,0.07%,0.03%
AlwaysUltrThin,CS Sanitary Care,NON FOOD,4,32,0,0.00%,32,0.03%,0.03%
Crab Sushi,Sushi,FOOD,1,32,0,0.00%,32,0.01%,0.03%
Espresso Doppio,Coffee,BEVERAGE,2,32,0,0.00%,32,0.02%,0.03%
Frid Rice W Chicken,Fried Rice,FOOD,1,32,0,0.00%,32,0.01%,0.03%
Hawaiian,Pizza,FOOD,1,32,0,0.00%,32,0.01%,0.03%
HIBISCUS ICED TEA,Tea,FOOD,4,32,0,0.00%,32,0.03%,0.03%
MIRINDA ORANGE CAN,Softdrinks,BEVERAGE,8,32,0,0.00%,32,0.07%,0.03%
MOUNTAIN DEW,Softdrinks,BEVERAGE,8,32,0,0.00%,32,0.07%,0.03%
THE BERRY CO BLUEBERRY JUICE,Packet Juice,BEVERAGE,4,32,0,0.00%,32,0.03%,0.03%
FAMILIA A.C.E BALANCE 600GM,CS Cereal,FOOD,1,31.25,0,0.00%,31.25,0.01%,0.03%
FAMILIA C.M PLUS ORIGINAL 600GM,CS Cereal,FOOD,1,31.25,0,0.00%,31.25,0.01%,0.03%
AL AIN WATER 1.5 LITER,Water,BEVERAGE,15,30,0,0.00%,30,0.13%,0.03%
AL MARAI STRAWBERRY JUICE 300ML,CS Packet Juice,BEVERAGE,10,30,0,0.00%,30,0.08%,0.03%
AL RABIE ORANGE 330ML,CS Packet Juice,BEVERAGE,12,30,0,0.00%,30,0.10%,0.03%
COCA COAL LIGHT PET 500ML,Softdrinks,BEVERAGE,5,30,0,0.00%,30,0.04%,0.03%
FOUNTAIN SODA LARGE,Softdrinks,BEVERAGE,10,30,0,0.00%,30,0.08%,0.03%
GATORADE TOPICL FRUIT PET 500ML,CS Sports & Energy Drinks,BEVERAGE,6,30,0,0.00%,30,0.05%,0.03%
Lays Chips,Extras,FOOD,15,30,0,0.00%,30,0.13%,0.03%
M&M CHOCOLATE 45GM,CS Chocolate ,FOOD,10,30,0,0.00%,30,0.08%,0.03%
PERRIER WATER 330ML,Water,BEVERAGE,5,30,0,0.00%,30,0.04%,0.03%
POCARI SWEAT PET 500ML,CS Sports & Energy Drinks,BEVERAGE,6,30,0,0.00%,30,0.05%,0.03%
Stud Veg Meal,Veggie,FOOD,1,30,0,0.00%,30,0.01%,0.03%
FINE TOILET ROLLS 2PLY X 10 PCS ,CS Tissue & Toilet Rolls,NON FOOD,2,29.5,0,0.00%,29.5,0.02%,0.03%
GLADE AIR INFUSIONS LILY & JASMI,CS Air Freshner,NON FOOD,2,29,0,0.00%,29,0.02%,0.02%
OAT KING BAR PEANUT BUTTER 95GM,CS Cereal,FOOD,2,29,0,0.00%,29,0.02%,0.02%
ACORSA EXTRA VIRGIN OLIVE OIL 75,CS Coocking & Baking,FOOD,1,28.75,0,0.00%,28.75,0.01%,0.02%
AL AIN YOGHURT LOW FAT 170GM,CS Dairy ,FOOD,19,28.5,0,0.00%,28.5,0.16%,0.02%
C&C DUAL ACTTION MOISTURISER 100,CS Body Care,NON FOOD,1,28.5,0,0.00%,28.5,0.01%,0.02%
CastaniaExtMixNuts350G,CS Nuts & Seeds,FOOD,1,28.5,0,0.00%,28.5,0.01%,0.02%
SCRUMMIES BLUEBERRY CRANBERRIES ,CS Dry Fruits,FOOD,6,28.5,0,0.00%,28.5,0.05%,0.02%
HONEY MOON MOUNTAIN HONEY 250GM,CS Can & Jar Food,FOOD,1,28.25,0,0.00%,28.25,0.01%,0.02%
ALO ENRICH POMEGRANATE JUICE,Fresh Juices,FOOD,2,28,0,0.00%,28,0.02%,0.02%
BEACON MARSHMALLOWS PINK & WHITE,CS Packet Food,FOOD,7,28,0,0.00%,28,0.06%,0.02%
CHUCKS MAN OH MANGO,Smoothies,BEVERAGE,1,28,0,0.00%,28,0.01%,0.02%
EXTRA PROFESSIONAL STRONG MINT G,CS Mint & Gum,FOOD,7,28,0,0.00%,28,0.06%,0.02%
Green Jasmine Flowers,Tea,BEVERAGE,2,28,0,0.00%,28,0.02%,0.02%
LIPTON LEMON ICED TEA,Tea,BEVERAGE,7,28,0,0.00%,28,0.06%,0.02%
MARKOS TOP BANANA,Smoothies,BEVERAGE,1,28,0,0.00%,28,0.01%,0.02%
NIVEA WIPES GENTLE CLEANSING 25P,CS Tissue & Toilet Rolls,NON FOOD,1,28,0,0.00%,28,0.01%,0.02%
NIVEA WIPES REFRESHING CLEANSING,CS Tissue & Toilet Rolls,NON FOOD,1,28,0,0.00%,28,0.01%,0.02%
Pure VitaminC,Fresh Juices,BEVERAGE,1,28,0,0.00%,28,0.01%,0.02%
ROASTED TOMATO,Wraps,FOOD,1,28,0,0.00%,28,0.01%,0.02%
SPRITE CAN,Softdrinks,BEVERAGE,7,28,0,0.00%,28,0.06%,0.02%
SUBSTITUTE SOYA,Soya Milk,FOOD,7,28,0,0.00%,28,0.06%,0.02%
VANIAS SPRING GREEN,Smoothies,BEVERAGE,1,28,0,0.00%,28,0.01%,0.02%
BJORG ORGANIC CALCIUM ALMOND MIL,CS Organic Food,FOOD,1,27.75,0,0.00%,27.75,0.01%,0.02%
BarillaPestoSml,CS Sauce,FOOD,1,27.5,0,0.00%,27.5,0.01%,0.02%
MODERN BAKE MANGO PISTA ENERGY B,CS Cereal,FOOD,5,27.5,0,0.00%,27.5,0.04%,0.02%
NECTAFLOR PREMIUM GINGER 200GM,CS Dry Fruits,FOOD,2,27.5,0,0.00%,27.5,0.02%,0.02%
PRINGLES HOT & SPICY 165GM,CS Chips & Snacks,FOOD,3,27.25,0,0.00%,27.25,0.03%,0.02%
BERRY CO BLUEBERRY JUICE 1L,CS Packet Juice,BEVERAGE,2,27,0,0.00%,27,0.02%,0.02%
CERES PEAR JUICE 1L,CS Packet Juice,BEVERAGE,3,27,0,0.00%,27,0.03%,0.02%
FARM FRESH EGGS WHITE 6PCS,CS Eggs,FOOD,6,27,0,0.00%,27,0.05%,0.02%
KIT KAT CHUNKY 46GM,CS Chocolate ,FOOD,9,27,0,0.00%,27,0.08%,0.02%
PRINGLES ORIGINAL 165GM,CS Chips & Snacks,FOOD,3,27,0,0.00%,27,0.03%,0.02%
PRINGLES SALT VINEGAR 165GM,CS Chips & Snacks,FOOD,3,27,0,0.00%,27,0.03%,0.02%
A/G POP CORN MICROWAVE BUTTER 29,CS Can & Jar Food,FOOD,3,26.25,0,0.00%,26.25,0.03%,0.02%
DDR OETKER PEPPRONI PIZZA,CS Frozen Food,FOOD,1,26.25,0,0.00%,26.25,0.01%,0.02%
DR OETKER MOZZRELLA PIZZA,CS Frozen Food,FOOD,1,26.25,0,0.00%,26.25,0.01%,0.02%
DR OETKER QUATTRO FORMAGI PIZZA,CS Frozen Food,FOOD,1,26.25,0,0.00%,26.25,0.01%,0.02%
NIVEA DOUBLE EFFECT MAKEUP REMOV,CS Deodrants,NON FOOD,1,26.25,0,0.00%,26.25,0.01%,0.02%
BOGUTTI AMERICAN COOKIES CHOCO C,Biscuit & Cookies,FOOD,4,26,0,0.00%,26,0.03%,0.02%
BRIGHT BREAKFAST,Smoothies,BEVERAGE,1,26,0,0.00%,26,0.01%,0.02%
CORNETTO I/C LOVE TOFFEE,CS Ice Cream,FOOD,4,26,0,0.00%,26,0.03%,0.02%
CORNETTO I/C LOVE VANILLA RASPBE,CS Ice Cream,FOOD,4,26,0,0.00%,26,0.03%,0.02%
Crab Cakes,Main course,FOOD,1,26,0,0.00%,26,0.01%,0.02%
ILE DE FRANCE CHEESE PETIT CAMEM,CS Dairy ,FOOD,1,26,0,0.00%,26,0.01%,0.02%
JOHNSONS COTTON BUDS 100PCS,CS Others,NON FOOD,2,26,0,0.00%,26,0.02%,0.02%
TRESEMME SH KERATIN SMOOTH 500ML,CS Shampoo & Conditioner,NON FOOD,1,25.5,0,0.00%,25.5,0.01%,0.02%
AL AIN WATER 5 LTR,CS Water,BEVERAGE,10,25,0,0.00%,25,0.08%,0.02%
Bagel S. Salmon,Sandwiches,FOOD,1,25,0,0.00%,25,0.01%,0.02%
EXTRA BIG BOTTLE PEPPERMINT,CS Mint & Gum,FOOD,2,25,0,0.00%,25,0.02%,0.02%
JOHN WEST LIGHT TUNA CHUNKS BRIN,CS Coocking & Baking,FOOD,4,25,0,0.00%,25,0.03%,0.02%
ORAL B TP PRO EXPERT MILD MINT 7,CS Oral Care,NON FOOD,1,25,0,0.00%,25,0.01%,0.02%
PERRIER WATER LEMON 330ML,CS Water,BEVERAGE,5,25,0,0.00%,25,0.04%,0.02%
SCHOGETTEN STRAWBERRY YOGURT100G,CS Chocolate ,FOOD,5,25,0,0.00%,25,0.04%,0.02%
STIR FRY GREENS,Main course,FOOD,1,25,0,0.00%,25,0.01%,0.02%
TURKEY HAM,Wraps,FOOD,1,25,0,0.00%,25,0.01%,0.02%
RACHELS GREEK YOGHURT NATURAL 45,CS Dairy ,FOOD,1,24.5,0,0.00%,24.5,0.01%,0.02%
FAMILIA BIO ORGANIC HONEY ALMOND,CS Organic Food,FOOD,1,24.25,0,0.00%,24.25,0.01%,0.02%
AL AIN MORNING CRANBERRY MUSELI ,CS Dairy ,FOOD,8,24,0,0.00%,24,0.07%,0.02%
AL MARAI LABAN FULL FAT 360ML,CS Dairy ,FOOD,8,24,0,0.00%,24,0.07%,0.02%
Asst. Rolls Two,Breakfast,FOOD,12,24,0,0.00%,24,0.10%,0.02%
B.BAG CHEDDAR150g,CS Chips & Snacks,FOOD,2,24,0,0.00%,24,0.02%,0.02%
Beef Noodle Soup,Soup ,FOOD,2,24,0,0.00%,24,0.02%,0.02%
Chocolate shake,Milk Shake,BEVERAGE,1,24,0,0.00%,24,0.01%,0.02%
DOUGHNUT PLAIN,CS Bakery,FOOD,12,24,0,0.00%,24,0.10%,0.02%
EXTRA PROFESSIONAL FRESH MINT GU,CS Mint & Gum,FOOD,6,24,0,0.00%,24,0.05%,0.02%
EXTRA PROFESSIONAL WHITE GUM,CS Mint & Gum,FOOD,6,24,0,0.00%,24,0.05%,0.02%
Fig & Date,Milk Shake,BEVERAGE,1,24,0,0.00%,24,0.01%,0.02%
Frid Rice W Vegetable,Fried Rice,FOOD,1,24,0,0.00%,24,0.01%,0.02%
GATORADE GRAPE,Energy Drinks,BEVERAGE,2,24,0,0.00%,24,0.02%,0.02%
Masafi Water1.5Ltr,Water,BEVERAGE,132,24,0,0.00%,24,1.11%,0.02%
Mixed Salad&Pitta,Extras,FOOD,3,24,0,0.00%,24,0.03%,0.02%
PEACH & BASIL SMOOTHIE,Smoothies,BEVERAGE,1,24,0,0.00%,24,0.01%,0.02%
PEPPERMINT TEA BAG,Tea,FOOD,3,24,0,0.00%,24,0.03%,0.02%
Pepperoni,Pizza,FOOD,4,24,0,0.00%,24,0.03%,0.02%
PERRIER WATER 330ML,CS Water,BEVERAGE,6,24,0,0.00%,24,0.05%,0.02%
REDBULL SUGAR FREE,Energy Drinks,BEVERAGE,3,24,0,0.00%,24,0.03%,0.02%
TOBLETOBLERONE MILK 35GM,CS Chocolate ,FOOD,8,24,0,0.00%,24,0.07%,0.02%
Veg Fried Rice,Main course,FOOD,3,24,0,0.00%,24,0.03%,0.02%
FAMILIA CHOCO 500GM,CS Cereal,FOOD,1,23.75,0,0.00%,23.75,0.01%,0.02%
SCRUMMIES RASPBERRY CRANBERRIES ,CS Dry Fruits,FOOD,5,23.75,0,0.00%,23.75,0.04%,0.02%
AMBROSI MASCARPONE CHEESE 250G,CS Dairy ,FOOD,1,23.5,0,0.00%,23.5,0.01%,0.02%
BAYARA MIXED NUTS 300GM,CS Nuts & Seeds,FOOD,2,23.5,0,0.00%,23.5,0.02%,0.02%
BEST CAN ALMONDS SALTED 110GM,CS Nuts & Seeds,FOOD,2,23.5,0,0.00%,23.5,0.02%,0.02%
DOVE HAIR CONDITIONER DAILY CARE,CS Shampoo & Conditioner,NON FOOD,2,23.5,0,0.00%,23.5,0.02%,0.02%
BARILLA RICOTTA400G,CS Sauce,FOOD,1,23,0,0.00%,23,0.01%,0.02%
ORAL B TP COMPLETE EXTREME MINT ,CS Oral Care,NON FOOD,2,23,0,0.00%,23,0.02%,0.02%
P.BAR KOKA 85g,CS Cereal,FOOD,1,23,0,0.00%,23,0.01%,0.02%
SAINT AGUR CHEESE 125G,CS Dairy ,FOOD,1,23,0,0.00%,23,0.01%,0.02%
SMINT POCKET WILDBERRY,CS Mint & Gum,FOOD,4,23,0,0.00%,23,0.03%,0.02%
AL MARAI PA ORANGE 300ML,CS Packet Juice,BEVERAGE,9,22.5,0,0.00%,22.5,0.08%,0.02%
AM Chd Sli 200,CS Dairy ,FOOD,3,22.5,0,0.00%,22.5,0.03%,0.02%
BAYARA MIXED NUTS 150G,CS Nuts & Seeds,FOOD,3,22.5,0,0.00%,22.5,0.03%,0.02%
CastaniaPnutRostd,CS Nuts & Seeds,FOOD,3,22.5,0,0.00%,22.5,0.03%,0.02%
DveAntiDandrfSHAMP400ML,CS Shampoo & Conditioner,NON FOOD,1,22.5,0,0.00%,22.5,0.01%,0.02%
OREO 704g,Biscuit & Cookies,FOOD,1,22.5,0,0.00%,22.5,0.01%,0.02%
RICE KRISPIES KELLOGS 510GM,CS Cereal,FOOD,1,22.5,0,0.00%,22.5,0.01%,0.02%
Banana Shake,Milk Shake,BEVERAGE,1,22,0,0.00%,22,0.01%,0.02%
CADBURY DM CHOCOLATE 230GM,CS Chocolate ,FOOD,2,22,0,0.00%,22,0.02%,0.02%
CDMFrt&NutCdbry230g,CS Chocolate ,FOOD,2,22,0,0.00%,22,0.02%,0.02%
EXTRA PELLET WHITE GUM,CS Mint & Gum,FOOD,11,22,0,0.00%,22,0.09%,0.02%
MEAN GREEN,Fresh Juices,BEVERAGE,1,22,0,0.00%,22,0.01%,0.02%
POPEYE,Fresh Juices,BEVERAGE,1,22,0,0.00%,22,0.01%,0.02%
Sugar Granul2Kg ,CS Coocking & Baking,FOOD,2,22,0,0.00%,22,0.02%,0.02%
BEST CAN MACADEMIA 110G,CS Dry Fruits,FOOD,1,21.25,0,0.00%,21.25,0.01%,0.02%
AL MARAI FRESH MILK FULL FAT 500,CS Dairy ,FOOD,6,21,0,0.00%,21,0.05%,0.02%
Best SaltedCashew30g,Peannuts,FOOD,7,21,0,0.00%,21,0.06%,0.02%
EMMENTHAL CHEESE GRATED 150G,CS Dairy ,FOOD,2,21,0,0.00%,21,0.02%,0.02%
MUFFIN BLUEBERRY,CS Bakery,FOOD,6,21,0,0.00%,21,0.05%,0.02%
MUFFIN CHOCOLATE,CS Bakery,FOOD,6,21,0,0.00%,21,0.05%,0.02%
Tuna Mayo,Sandwiches,FOOD,1,21,0,0.00%,21,0.01%,0.02%
WalkersChocolate Chips40g,Biscuits,FOOD,6,21,0,0.00%,21,0.05%,0.02%
ORAL B MOUTH WASH MULTI PROTECT ,CS Oral Care,NON FOOD,1,20.5,0,0.00%,20.5,0.01%,0.02%
CAREFREE ALOE 32PCS,CS Sanitary Care,NON FOOD,1,20.25,0,0.00%,20.25,0.01%,0.02%
CAREFREE COTTON EXTRACT 30PCS,CS Sanitary Care,NON FOOD,1,20.25,0,0.00%,20.25,0.01%,0.02%
16 OZ FRAPPUCINO VANILA,Starbucks,FOOD,1,20,0,0.00%,20,0.01%,0.02%
1 Scoop Protein Powder,TOPPINGS,FOOD,4,20,0,0.00%,20,0.03%,0.02%
AL MARAI ORANGE PULP JUICE 300ML,CS Packet Juice,BEVERAGE,8,20,0,0.00%,20,0.07%,0.02%
BEEF MAIN,Main course,FOOD,1,20,0,0.00%,20,0.01%,0.02%
Cookie,Dessert,FOOD,4,20,0,0.00%,20,0.03%,0.02%
CROISSANT CHOCOLATE,CS Bakery,FOOD,8,20,0,0.00%,20,0.07%,0.02%
CROISSANT HI BUTTER ALMOND,CS Bakery,FOOD,5,20,0,0.00%,20,0.04%,0.02%
Espresso,Coffee,BEVERAGE,2,20,0,0.00%,20,0.02%,0.02%
FANTA STRAWBERRY CAN,Softdrinks,BEVERAGE,5,20,0,0.00%,20,0.04%,0.02%
Fresh Pineapple Juice,Fresh Juices,BEVERAGE,2,20,0,0.00%,20,0.02%,0.02%
GATORADE ORANGE PET 500ML,CS Sports & Energy Drinks,BEVERAGE,4,20,0,0.00%,20,0.03%,0.02%
ICED SOYA CAFFE LATTE 16 OZ,Coffee,FOOD,1,20,0,0.00%,20,0.01%,0.02%
LACNOR MANGO 180ML,Fresh Juices,BEVERAGE,5,20,0,0.00%,20,0.04%,0.02%
LAYS 40GM SALT,CS Chips & Snacks,FOOD,10,20,0,0.00%,20,0.08%,0.02%
Lemon,CS Fresh Vegatables,FOOD,10,20,0,0.00%,20,0.08%,0.02%
Pepsi,Softdrinks,BEVERAGE,5,20,0,0.00%,20,0.04%,0.02%
ROSE MIX,BOTANICAL SODAS,BEVERAGE,1,20,0,0.00%,20,0.01%,0.02%
SLICED BREAD WHITE JUMBO,CS Bakery,FOOD,5,20,0,0.00%,20,0.04%,0.02%
Tamago Maki,Sushi,FOOD,1,20,0,0.00%,20,0.01%,0.02%
TOBLERONE 50GM,CS Chocolate ,FOOD,4,20,0,0.00%,20,0.03%,0.02%
Veg Sushi 6 pcs,Sushi,FOOD,1,20,0,0.00%,20,0.01%,0.02%
WALK IN BREAKFAST,WALK IN BREAKFAST,FOOD,2,20,0,0.00%,20,0.02%,0.02%
LINDT EXCELLENCE CHERRY INTENSE ,CS Chocolate ,FOOD,1,19.75,0,0.00%,19.75,0.01%,0.02%
ALMARAI JAR CREAM SPREAD CHEESE ,CS Dairy ,FOOD,2,19.5,0,0.00%,19.5,0.02%,0.02%
SMACKS HONEY KELLOGS 375GM,CS Cereal,FOOD,1,19.5,0,0.00%,19.5,0.01%,0.02%
LAYS SALT VINEGAR 185GM,CS Chips & Snacks,FOOD,3,19.25,0,0.00%,19.25,0.03%,0.02%
16 OZ CARAMEL LATTE,Starbucks,FOOD,1,19,0,0.00%,19,0.01%,0.02%
OB APPLICATOR NORMAL 16 PCS,CS Sanitary Care,NON FOOD,1,18.75,0,0.00%,18.75,0.01%,0.02%
GLAD GARBAGE BAG SMALL 20L X 30,CS Bags/Foil/Wraps,NON FOOD,2,18.5,0,0.00%,18.5,0.02%,0.02%
OREO GOLDEN 16 PACK 44GM,Biscuit & Cookies,FOOD,1,18.25,0,0.00%,18.25,0.01%,0.02%
PRINGLES CHEESE 165GM,CS Chips & Snacks,FOOD,2,18.25,0,0.00%,18.25,0.02%,0.02%
16 OZ SOYA AMERICANO,Coffee,FOOD,1,18,0,0.00%,18,0.01%,0.02%
AL AIN KIWI APPLE YOGHURT 125GM,CS Dairy ,FOOD,9,18,0,0.00%,18,0.08%,0.02%
AL AIN YOGHURT FULL CREAM 170GM,CS Dairy ,FOOD,12,18,0,0.00%,18,0.10%,0.02%
ARIEL 260GM BLUE,CS Laundry Care,NON FOOD,4,18,0,0.00%,18,0.03%,0.02%
CERES APPLE JUICE 1L,CS Packet Juice,BEVERAGE,2,18,0,0.00%,18,0.02%,0.02%
COCA COLA PET 500ML,Softdrinks,BEVERAGE,3,18,0,0.00%,18,0.03%,0.02%
CROISSANT CHEESE,CS Bakery,FOOD,9,18,0,0.00%,18,0.08%,0.02%
DOVE BODY LOTION ESSENTIAL NOURI,CS Body Care,NON FOOD,1,18,0,0.00%,18,0.01%,0.02%
DOVE BODY LOTION SHEA BUTTER 250,CS Body Care,NON FOOD,1,18,0,0.00%,18,0.01%,0.02%
DOVE SHOWER POMEGRANTE & LEMON 2,CS Bath & Shower,NON FOOD,1,18,0,0.00%,18,0.01%,0.02%
Espresso,Nespresso,FOOD,2,18,0,0.00%,18,0.02%,0.02%
Ferrarelle 500Ml ,CS Water,BEVERAGE,3,18,0,0.00%,18,0.03%,0.02%
FLAT WHITE,Coffee,BEVERAGE,1,18,0,0.00%,18,0.01%,0.02%
FrostiesCMB25g,CS Cereal,FOOD,6,18,0,0.00%,18,0.05%,0.02%
GALAXY FRUIT & NUT 40GM,CS Chocolate ,FOOD,6,18,0,0.00%,18,0.05%,0.02%
KAGI SWISS WAFERS SINGLE MINI 25,CS Mint & Gum,FOOD,6,18,0,0.00%,18,0.05%,0.02%
Manakeesh(V),Pizza,FOOD,1,18,0,0.00%,18,0.01%,0.02%
Mushrooms,Pizza,FOOD,3,18,0,0.00%,18,0.03%,0.02%
Muture Cheddar(V),Sandwiches,FOOD,1,18,0,0.00%,18,0.01%,0.02%
POKKA ICED TEA PEACH 500ML,CS Packet Juice,BEVERAGE,6,18,0,0.00%,18,0.05%,0.02%
Potato Wedges,Extras,FOOD,2,18,0,0.00%,18,0.02%,0.02%
SgnlToothpaste120ML,CS Oral Care,NON FOOD,3,18,0,0.00%,18,0.03%,0.02%
TAMRAH CHOCO DARK ZIPPER BAG 100,CS Dry Fruits,FOOD,2,18,0,0.00%,18,0.02%,0.02%
THAI CHOICE SHRIMP,CS Pasta & Noodles,FOOD,4,18,0,0.00%,18,0.03%,0.02%
PRINGLES 40GM HOT & SPICY,CS Chips & Snacks,FOOD,5,17.75,0,0.00%,17.75,0.04%,0.02%
CARTE D'OR PINT STRAWBERRY,CS Ice Cream,FOOD,1,17.5,0,0.00%,17.5,0.01%,0.01%
TWIX TWIN BAR 50GM,CS Chocolate ,FOOD,7,17.5,0,0.00%,17.5,0.06%,0.01%
12 OZ Hazel Nut Latte,Starbucks,FOOD,1,17,0,0.00%,17,0.01%,0.01%
BrilNapolitana400g,CS Sauce,FOOD,1,17,0,0.00%,17,0.01%,0.01%
LifebuoyAbWetWipes,CS Tissue & Toilet Rolls,NON FOOD,2,17,0,0.00%,17,0.02%,0.01%
MARS BAR 51GM,CS Chocolate ,FOOD,5,17,0,0.00%,17,0.04%,0.01%
NIVEA DEO FEMALE BLACK & WHITE 2,CS Deodrants,NON FOOD,1,17,0,0.00%,17,0.01%,0.01%
ALPRO SOYAMilkVanilaFlvr1L,CS Packet Juice,BEVERAGE,1,16.75,0,0.00%,16.75,0.01%,0.01%
BONNE MANAM BLACK CURRANT JELLY ,CS Can & Jar Food,FOOD,1,16.5,0,0.00%,16.5,0.01%,0.01%
FUN PLASTIC PLATE WHITE 25PCS 26,CS Disposable,NON FOOD,1,16.5,0,0.00%,16.5,0.01%,0.01%
GROWERS PACKET SAVOURY PEANUTS,CS Nuts & Seeds,FOOD,3,16.5,0,0.00%,16.5,0.03%,0.01%
LIFEBUOY BODYWASH LEMON FRESH 30,CS Bath & Shower,NON FOOD,1,16.5,0,0.00%,16.5,0.01%,0.01%
12 OZ SOYA CAFFE LATTE,Coffee,FOOD,1,16,0,0.00%,16,0.01%,0.01%
7 UP DIET CAN,Softdrinks,BEVERAGE,4,16,0,0.00%,16,0.03%,0.01%
ADD CARAMEL DRIZZLE,Starbucks,FOOD,4,16,0,0.00%,16,0.03%,0.01%
ADD FLAVOURED SYRUP,Starbucks,FOOD,4,16,0,0.00%,16,0.03%,0.01%
ADD WHIPPED CREAM,Starbucks,FOOD,4,16,0,0.00%,16,0.03%,0.01%
ALL BRAN ORIGINAL 500GM,CS Cereal,FOOD,1,16,0,0.00%,16,0.01%,0.01%
BOGUTTI CHOCOFIT CHOCO HAZELNUT,Biscuit & Cookies,FOOD,2,16,0,0.00%,16,0.02%,0.01%
CHAMOMILE TEA BAG,Tea,FOOD,2,16,0,0.00%,16,0.02%,0.01%
Coke,Softdrinks,BEVERAGE,4,16,0,0.00%,16,0.03%,0.01%
FALAFEL & HUMUS,Wraps,FOOD,1,16,0,0.00%,16,0.01%,0.01%
FANTA APPLE CAN,Softdrinks,BEVERAGE,4,16,0,0.00%,16,0.03%,0.01%
INDOMIE PILLOW 5 PCS SATAY FRIED,CS Pasta & Noodles,FOOD,2,16,0,0.00%,16,0.02%,0.01%
JASMINE ICED TEA,Tea,FOOD,2,16,0,0.00%,16,0.02%,0.01%
Lacnor Skim Milk 1 L,CS Dairy ,BEVERAGE,4,16,0,0.00%,16,0.03%,0.01%
Mixed Juice,Fresh Juices,BEVERAGE,1,16,0,0.00%,16,0.01%,0.01%
Moroccan Green Tea,Tea,FOOD,2,16,0,0.00%,16,0.02%,0.01%
SPRITE LIGHT CAN,Softdrinks,BEVERAGE,4,16,0,0.00%,16,0.03%,0.01%
SUBSTITUTE SOYA ALMOND,Soya Milk,FOOD,4,16,0,0.00%,16,0.03%,0.01%
TEA BAG EARL GREY,Tea,FOOD,2,16,0,0.00%,16,0.02%,0.01%
THE BERRY CO GREEN TEA ,Packet Juice,BEVERAGE,2,16,0,0.00%,16,0.02%,0.01%
THE BERRY CO RED SUPEBERRY JUICE,Packet Juice,BEVERAGE,2,16,0,0.00%,16,0.02%,0.01%
ALWAYS NIGHT WINGS 8 PCS,CS Sanitary Care,NON FOOD,2,15.5,0,0.00%,15.5,0.02%,0.01%
AXE ROLLON DARK TEMPTATION 40ML,CS Deodrants,NON FOOD,1,15.5,0,0.00%,15.5,0.01%,0.01%
COMFORT IRIS JASMINE CONCENTRATE,CS Laundry Care,NON FOOD,1,15.5,0,0.00%,15.5,0.01%,0.01%
JDS ALMOND THINS,Biscuit & Cookies,FOOD,1,15.5,0,0.00%,15.5,0.01%,0.01%
JDS BELGIAN COCOLATE THINS,Biscuit & Cookies,FOOD,1,15.5,0,0.00%,15.5,0.01%,0.01%
JDS BUTTER CRISPS,Biscuit & Cookies,FOOD,1,15.5,0,0.00%,15.5,0.01%,0.01%
JlesDestrprChoc100g,Biscuit & Cookies,FOOD,1,15.5,0,0.00%,15.5,0.01%,0.01%
AL AIN MORNING BLACKBERRY MUSELI,CS Dairy ,FOOD,5,15,0,0.00%,15,0.04%,0.01%
AL MARAI LABAN FULL FAT 360ML,CS Dairy ,FOOD,5,15,0,0.00%,15,0.04%,0.01%
AL MARAI MIXED FRUIT 300ML,CS Packet Juice,BEVERAGE,6,15,0,0.00%,15,0.05%,0.01%
CAREFREE COTTON EXTRACT SINGLE 2,CS Sanitary Care,NON FOOD,1,15,0,0.00%,15,0.01%,0.01%
CROISSANT HI BUTTER CHEESE,CS Bakery,FOOD,5,15,0,0.00%,15,0.04%,0.01%
DOVE ROLLON BEAUTY FINISH 50ML,CS Deodrants,NON FOOD,1,15,0,0.00%,15,0.01%,0.01%
MentoGmBerryLime,CS Mint & Gum,FOOD,3,15,0,0.00%,15,0.03%,0.01%
REXONA DEO WOMEN B&W DIAMOND ,CS Deodrants,NON FOOD,1,15,0,0.00%,15,0.01%,0.01%
RiceKrispiesCMB20g,CS Cereal,FOOD,5,15,0,0.00%,15,0.04%,0.01%
SPRITE LARGE 2.25L,CS Soft Drinks,BEVERAGE,3,15,0,0.00%,15,0.03%,0.01%
WHOLE FRUIT,Dessert,FOOD,3,15,0,0.00%,15,0.03%,0.01%
CLOROX ORIGINAL 1.89L 1/2 GALLON,CS Laundry Care,NON FOOD,1,14.75,0,0.00%,14.75,0.01%,0.01%
DOVE ROLLON MEN CARE INVISIBLE D,CS Deodrants,NON FOOD,1,14.75,0,0.00%,14.75,0.01%,0.01%
OAT KING BAR APPLE STRUDEL 95GM,CS Cereal,FOOD,1,14.5,0,0.00%,14.5,0.01%,0.01%
DOVE HAND CREAM ESSENTIAL NOURIS,CS Shampoo & Conditioner,NON FOOD,1,14.25,0,0.00%,14.25,0.01%,0.01%
VASELINE LOTION COCOA RADIANT 20,CS Body Care,NON FOOD,1,14.25,0,0.00%,14.25,0.01%,0.01%
VASELINE LOTION ESSENTIAL HEALIN,CS Body Care,NON FOOD,1,14.25,0,0.00%,14.25,0.01%,0.01%
AL AIN MANGO YOGHURT 125GM,CS Dairy ,FOOD,7,14,0,0.00%,14,0.06%,0.01%
"BUN BREAD SEASAME 4"" 6 PCS",CS Bakery,FOOD,4,14,0,0.00%,14,0.03%,0.01%
COKE PET 500ML,CS Soft Drinks,BEVERAGE,7,14,0,0.00%,14,0.06%,0.01%
Espresso Doppio,Nespresso,FOOD,1,14,0,0.00%,14,0.01%,0.01%
GALLO RISOTTO PRONTO MUSHROOM 17,CS Coocking & Baking,FOOD,1,14,0,0.00%,14,0.01%,0.01%
LADY CHOICE CHUNKY PEANUT BUTTER,CS Can & Jar Food,FOOD,1,14,0,0.00%,14,0.01%,0.01%
LADY CHOICE CREAMY PEANUT BUTTER,CS Can & Jar Food,FOOD,1,14,0,0.00%,14,0.01%,0.01%
MUFFIN APPLE,CS Bakery,FOOD,4,14,0,0.00%,14,0.03%,0.01%
OPEN ITEMS,Main course,FOOD,1,14,0,0.00%,14,0.01%,0.01%
Orange & Carrot,Fresh Juices,BEVERAGE,14,14,0,0.00%,14,0.12%,0.01%
SMALL GREEN SALAD ,Salads,FOOD,2,14,0,0.00%,14,0.02%,0.01%
LIND CHERRY INTENSE100G,CS Chocolate ,FOOD,1,13.75,0,0.00%,13.75,0.01%,0.01%
LINDT EXCELLENCE 90% CACOA 100GM,CS Chocolate ,FOOD,1,13.75,0,0.00%,13.75,0.01%,0.01%
LINDT EXCELLENCE MINT INTENSE 10,CS Chocolate ,FOOD,1,13.75,0,0.00%,13.75,0.01%,0.01%
LINDT EXCELLENCE SESAME ROASTED ,CS Organic Food,FOOD,1,13.75,0,0.00%,13.75,0.01%,0.01%
OREO DOUBLE STUFF 8 PACK 56GM,Biscuit & Cookies,FOOD,1,13.75,0,0.00%,13.75,0.01%,0.01%
BERRY CO GOJI BERRY JUICE 1L,CS Packet Juice,BEVERAGE,1,13.5,0,0.00%,13.5,0.01%,0.01%
BERRY CO POMEGRANTE JUICE 1L,CS Packet Juice,BEVERAGE,1,13.5,0,0.00%,13.5,0.01%,0.01%
BERRY CO SUPERBERRY RED 1L,CS Packet Juice,BEVERAGE,1,13.5,0,0.00%,13.5,0.01%,0.01%
DgstiveBiscuits400g,Biscuit & Cookies,FOOD,1,13.5,0,0.00%,13.5,0.01%,0.01%
BERRY CO WHITE TEA PEACH 1L,CS Packet Juice,BEVERAGE,1,13,0,0.00%,13,0.01%,0.01%
BISQUINI TIN CRANBERRY COOKIES 1,Biscuit & Cookies,FOOD,1,13,0,0.00%,13,0.01%,0.01%
ClearHerbFusionWmen,CS Shampoo & Conditioner,NON FOOD,1,13,0,0.00%,13,0.01%,0.01%
CLEAR SH MEN 2 IN 1 STYLE EXPRES,CS Shampoo & Conditioner,NON FOOD,1,13,0,0.00%,13,0.01%,0.01%
CLEAR SH WOMEN ANTI HAIRFALL 200,CS Shampoo & Conditioner,NON FOOD,1,13,0,0.00%,13,0.01%,0.01%
COCO TREE JUICE 330ML,CS Packet Juice,BEVERAGE,4,13,0,0.00%,13,0.03%,0.01%
DR OETEKER NO.2 CANDLE,CS Disposable,NON FOOD,2,13,0,0.00%,13,0.02%,0.01%
DR OETKER NO.0 CANDLE,CS Disposable,NON FOOD,2,13,0,0.00%,13,0.02%,0.01%
GALAXY SMOOTH MILK 40GM,CS Chocolate ,FOOD,4,13,0,0.00%,13,0.03%,0.01%
A/G TRADITIONAL PASTA SAUCE 24OZ,CS Sauce,FOOD,1,12.75,0,0.00%,12.75,0.01%,0.01%
CLEARLY SCRUMPTIOUS GOLDEN BERRI,CS Dry Fruits,FOOD,1,12.75,0,0.00%,12.75,0.01%,0.01%
LUX BW AQUA SPARKLE 250ML,CS Bath & Shower,NON FOOD,1,12.75,0,0.00%,12.75,0.01%,0.01%
AM KIWI & LIME 300ml,CS Packet Juice,BEVERAGE,5,12.5,0,0.00%,12.5,0.04%,0.01%
SELPAK TOILET PAPER 4 ROLLS,CS Tissue & Toilet Rolls,NON FOOD,1,12.5,0,0.00%,12.5,0.01%,0.01%
PURELL ALOE HAND SANITIZER,CS Soap & Handwash,NON FOOD,1,12.25,0,0.00%,12.25,0.01%,0.01%
7 UP CAN,Softdrinks,BEVERAGE,3,12,0,0.00%,12,0.03%,0.01%
AL MARAI STRAWBERRY MILK 360ML,CS Dairy ,FOOD,4,12,0,0.00%,12,0.03%,0.01%
BEACON MARSHMALLOWS TWISTERS 150,CS Coffee,FOOD,3,12,0,0.00%,12,0.03%,0.01%
CHOCOLATE CHIP COOKIE,Dessert,FOOD,2,12,0,0.00%,12,0.02%,0.01%
COKE LIGHT CAN 300ML,CS Soft Drinks,BEVERAGE,8,12,0,0.00%,12,0.07%,0.01%
COKE LIGHT PET 500ML,CS Soft Drinks,BEVERAGE,6,12,0,0.00%,12,0.05%,0.01%
DOUGHNUT JAM,CS Bakery,FOOD,8,12,0,0.00%,12,0.07%,0.01%
DOVE SH DAMAGE COLOUR CARE 200ML,CS Shampoo & Conditioner,NON FOOD,1,12,0,0.00%,12,0.01%,0.01%
DOVE SH NUTRITIVE MOISTURIZING 2,CS Shampoo & Conditioner,NON FOOD,1,12,0,0.00%,12,0.01%,0.01%
Extra Cheese,Cheese,FOOD,3,12,0,0.00%,12,0.03%,0.01%
FOUNTAIN SODA SMALL,Softdrinks,BEVERAGE,6,12,0,0.00%,12,0.05%,0.01%
Gatorade,Softdrinks,BEVERAGE,1,12,0,0.00%,12,0.01%,0.01%
Gatorade ,Softdrinks,BEVERAGE,1,12,0,0.00%,12,0.01%,0.01%
Grilled Chicken,Pizza,FOOD,2,12,0,0.00%,12,0.02%,0.01%
Latte Macchiato,Coffee,BEVERAGE,1,12,0,0.00%,12,0.01%,0.01%
LAYS 40GM CHILLI,CS Chips & Snacks,FOOD,6,12,0,0.00%,12,0.05%,0.01%
LIPTON PYRAMID LEMON MINT TEA BA,CS Tea,FOOD,1,12,0,0.00%,12,0.01%,0.01%
LUX BW SOFT TOUCH 250ML,CS Body Care,NON FOOD,1,12,0,0.00%,12,0.01%,0.01%
MCVITIES DIGESTIVE 250GM LIGHT,Biscuit & Cookies,FOOD,1,12,0,0.00%,12,0.01%,0.01%
NATURE VALLEY OATS & HONEY,CS Cereal,FOOD,4,12,0,0.00%,12,0.03%,0.01%
ORAL B BRUSH MAXI CLEAN,CS Oral Care,NON FOOD,2,12,0,0.00%,12,0.02%,0.01%
SCHOGETTEN CAPPUCCINO 100G,CS Chocolate ,FOOD,2,12,0,0.00%,12,0.02%,0.01%
SMINT POCKET LEMON ,CS Mint & Gum,FOOD,2,12,0,0.00%,12,0.02%,0.01%
SPRIGHT LIGHT CAN 355M,CS Soft Drinks,BEVERAGE,8,12,0,0.00%,12,0.07%,0.01%
STRAIGHT DUTCH,Smoothies,BEVERAGE,1,12,0,0.00%,12,0.01%,0.01%
Veg Noodle Soup,Soup ,FOOD,1,12,0,0.00%,12,0.01%,0.01%
DOVE HAIR CONDITIONER MOISTURIZI,CS Shampoo & Conditioner,NON FOOD,1,11.75,0,0.00%,11.75,0.01%,0.01%
DOLMIO BOLOGNESE LOW FAT SAUCE 5,CS Sauce,FOOD,1,11.5,0,0.00%,11.5,0.01%,0.01%
FUN16OZMLTI,CS Disposable,NON FOOD,2,11,0,0.00%,11,0.02%,0.01%
GROWERS PACKET ORIENTAL PEANUTS,CS Nuts & Seeds,FOOD,2,11,0,0.00%,11,0.02%,0.01%
HANSAPLAST AQUA PROTECT 100% 20 ,CS Others,NON FOOD,1,11,0,0.00%,11,0.01%,0.01%
JOHNSONS COTTON PADS 80 PCS,CS Facial Care,NON FOOD,1,11,0,0.00%,11,0.01%,0.01%
LIFEBUOY HW MILD CARE 200ML,CS Soap & Handwash,NON FOOD,1,11,0,0.00%,11,0.01%,0.01%
LIFEBUOY HW TOTAL 10 200ML,CS Soap & Handwash,NON FOOD,1,11,0,0.00%,11,0.01%,0.01%
LUX HW SECRET BLISS 250ML,CS Soap & Handwash,NON FOOD,1,11,0,0.00%,11,0.01%,0.01%
LUX HW SILK SENSATION 250ML,CS Shampoo & Conditioner,NON FOOD,1,11,0,0.00%,11,0.01%,0.01%
LUX HW VELVET TOUCH 250ML,CS Soap & Handwash,NON FOOD,1,11,0,0.00%,11,0.01%,0.01%
LUX HW WAKE ME UP 250ML,CS Soap & Handwash,NON FOOD,1,11,0,0.00%,11,0.01%,0.01%
MODERN BAKE CRANBERRY ENERGY BAR,CS Cereal,FOOD,2,11,0,0.00%,11,0.02%,0.01%
PANTENE SH ANTI DANDRUFF 200ML,CS Shampoo & Conditioner,NON FOOD,1,11,0,0.00%,11,0.01%,0.01%
PANTENE SH DAILY CARE 200ML,CS Shampoo & Conditioner,NON FOOD,1,11,0,0.00%,11,0.01%,0.01%
PANTENE SH SMOOTH SILKY 200ML,CS Shampoo & Conditioner,NON FOOD,1,11,0,0.00%,11,0.01%,0.01%
SIS SugarCubeWhite 454g,CS Coocking & Baking,FOOD,1,11,0,0.00%,11,0.01%,0.01%
TAMPAX REGULAR,CS Sanitary Care,NON FOOD,1,11,0,0.00%,11,0.01%,0.01%
BEST 13GM ALMOND,CS Nuts & Seeds,FOOD,5,10.5,0,0.00%,10.5,0.04%,0.01%
DOUGHNUT ICING WHITE,CS Bakery,FOOD,7,10.5,0,0.00%,10.5,0.06%,0.01%
FAMILIA 50GM MUESLI CRUNCH,CS Cereal,FOOD,3,10.5,0,0.00%,10.5,0.03%,0.01%
LUX BAR SECRET BLISS 120GM,CS Soap & Handwash,NON FOOD,3,10.5,0,0.00%,10.5,0.03%,0.01%
MANI SWEET COCKTAIL NUTS FRUIT 4,CS Dry Fruits,FOOD,2,10.5,0,0.00%,10.5,0.02%,0.01%
SCHOGETTEN PRALINE NOISETTES 100,CS Chocolate ,FOOD,2,10.5,0,0.00%,10.5,0.02%,0.01%
VITA COCO PINEAPPLE 330ML,Convenience Beverages,BEVERAGE,1,10.5,0,0.00%,10.5,0.01%,0.01%
VOLVIC WATER 330ML,CS Water,BEVERAGE,3,10.5,0,0.00%,10.5,0.03%,0.01%
WALKERS SB CHOCO CHIPS 40G,Biscuit & Cookies,FOOD,3,10.5,0,0.00%,10.5,0.03%,0.01%
A/G CORNED BEEF HALAL 340GM,CS Can & Jar Food,FOOD,1,10.25,0,0.00%,10.25,0.01%,0.01%
LABELLO MEN ACTIVE CARE 4.8G,CS Facial Care,NON FOOD,1,10.25,0,0.00%,10.25,0.01%,0.01%
AL AIN FRUIT FOREST YOGHURT 125G,CS Dairy ,FOOD,5,10,0,0.00%,10,0.04%,0.01%
BARILA FARFALE500g,CS Pasta & Noodles,FOOD,1,10,0,0.00%,10,0.01%,0.01%
CERES CRANBERRY KIWI JUICE 1L,CS Packet Juice,BEVERAGE,1,10,0,0.00%,10,0.01%,0.01%
CORNETTO I/C CLASSICO CREAM,CS Ice Cream,FOOD,2,10,0,0.00%,10,0.02%,0.01%
DARJEELING LOOSE TEA,Tea,FOOD,1,10,0,0.00%,10,0.01%,0.01%
Fresh Water Melon,Fresh Juices,BEVERAGE,1,10,0,0.00%,10,0.01%,0.01%
Galaxy,Chocolate,FOOD,2,10,0,0.00%,10,0.02%,0.01%
JASMINE GREEN LOOSE TEA,Tea,FOOD,1,10,0,0.00%,10,0.01%,0.01%
KNOR FRENCH ONION SOUP60G,CS Packet Food,FOOD,2,10,0,0.00%,10,0.02%,0.01%
Mars,Chocolate,FOOD,2,10,0,0.00%,10,0.02%,0.01%
MentoFruitLime,CS Mint & Gum,FOOD,2,10,0,0.00%,10,0.02%,0.01%
SENCHA GREEN LOOSE TEA,Tea,FOOD,1,10,0,0.00%,10,0.01%,0.01%
SINGLE ASSAM LOOSE TEA,Tea,FOOD,1,10,0,0.00%,10,0.01%,0.01%
THREE CHEESE,Sandwiches,FOOD,1,10,0,0.00%,10,0.01%,0.01%
SUNSILK SH EXPERT OBEDIENT CURLS,CS Shampoo & Conditioner,NON FOOD,1,9.75,0,0.00%,9.75,0.01%,0.01%
BEST CAN MIXED NUTS 110GM,CS Nuts & Seeds,FOOD,1,9.5,0,0.00%,9.5,0.01%,0.01%
KNORR SQUEEZY MAYONNAISE 295ML,CS Sauce,FOOD,1,9.5,0,0.00%,9.5,0.01%,0.01%
LIPTON EARL GREY 25 TB,CS Tea,FOOD,1,9.5,0,0.00%,9.5,0.01%,0.01%
MALTESERS THICK SHAKE 300ML,Convenience Beverages,BEVERAGE,1,9.5,0,0.00%,9.5,0.01%,0.01%
ZwanLuncheonMeat200g,CS Can & Jar Food,FOOD,1,9.5,0,0.00%,9.5,0.01%,0.01%
AL MARAI MIXED BERRY JUICE 300ML,CS Packet Juice,BEVERAGE,3,9,0,0.00%,9,0.03%,0.01%
Best Salted Peanut30g,Peannuts,FOOD,3,9,0,0.00%,9,0.03%,0.01%
CADBURY DM HAZELNUT 37GM,CS Chocolate ,FOOD,3,9,0,0.00%,9,0.03%,0.01%
CocoPopsCMB20g,CS Cereal,FOOD,3,9,0,0.00%,9,0.03%,0.01%
COKE ZERO CAN 300M,CS Soft Drinks,BEVERAGE,6,9,0,0.00%,9,0.05%,0.01%
Fruit&NCadbry40g,CS Chocolate ,FOOD,3,9,0,0.00%,9,0.03%,0.01%
HANSAPALST 20 STRIPS UNIVERSAL,CS Others,NON FOOD,1,9,0,0.00%,9,0.01%,0.01%
HeinzBaked Beans415g ,CS Can & Jar Food,FOOD,2,9,0,0.00%,9,0.02%,0.01%
KIT KAT 2 FINGERS,CS Chocolate ,FOOD,9,9,0,0.00%,9,0.08%,0.01%
PRINGLES KETCHUP 165GM,CS Chips & Snacks,FOOD,1,9,0,0.00%,9,0.01%,0.01%
QUAKER WHITE OATS TIN 500GM,CS Cereal,FOOD,1,9,0,0.00%,9,0.01%,0.01%
SCHWEPPES GINGER ALE 300M,CS Soft Drinks,BEVERAGE,6,9,0,0.00%,9,0.05%,0.01%
SLICED BREAD BROWN JUMBO,CS Bakery,FOOD,2,9,0,0.00%,9,0.02%,0.01%
TAMRAH CHOCO MILK ZIPPER BAG 100,CS Dry Fruits,FOOD,1,9,0,0.00%,9,0.01%,0.01%
TAMRAH COCO DATES ZIPPER BAG 100,CS Dry Fruits,FOOD,1,9,0,0.00%,9,0.01%,0.01%
A/G POP CORN MICROWAVE NATURAL 2,CS Can & Jar Food,FOOD,1,8.75,0,0.00%,8.75,0.01%,0.01%
FOOD DOCTOR BAR APPLE WALNUT 35G,CS Organic Food,FOOD,1,8.75,0,0.00%,8.75,0.01%,0.01%
SUPER GLUE 3G,CS Others,NON FOOD,5,8.75,0,0.00%,8.75,0.04%,0.01%
CLOSE UP DEEP ACTION120ml,CS Oral Care,NON FOOD,1,8.5,0,0.00%,8.5,0.01%,0.01%
FUNHAPBRTHDYBAL,CS Disposable,NON FOOD,1,8.5,0,0.00%,8.5,0.01%,0.01%
VASELINE PETROLEUM JELLY 120M,CS Body Care,NON FOOD,1,8.5,0,0.00%,8.5,0.01%,0.01%
BEST CAN PEANUTS SALTED 110GM,CS Nuts & Seeds,FOOD,1,8.25,0,0.00%,8.25,0.01%,0.01%
ALPEN BAR FRUIT NUT MILK CHOCOLA,CS Cereal,FOOD,2,8,0,0.00%,8,0.02%,0.01%
BOGUTTI CHOCOFIT CHOCO CRANBERRY,Biscuit & Cookies,FOOD,1,8,0,0.00%,8,0.01%,0.01%
BREAD BASKET,Condiments,FOOD,1,8,0,0.00%,8,0.01%,0.01%
CHOCOLATE ECLAIR,PASTRIES,FOOD,1,8,0,0.00%,8,0.01%,0.01%
EARL GREY ICED TEA,Tea,FOOD,1,8,0,0.00%,8,0.01%,0.01%
Fanta,Softdrinks,BEVERAGE,2,8,0,0.00%,8,0.02%,0.01%
FERRARELLE WATER 500ML,Water,BEVERAGE,1,8,0,0.00%,8,0.01%,0.01%
FUN PLASTIC PLATE FUCHSIA 10PCS ,CS Disposable,NON FOOD,1,8,0,0.00%,8,0.01%,0.01%
LAYS 40GM TOMATO KETCHUP,CS Chips & Snacks,FOOD,4,8,0,0.00%,8,0.03%,0.01%
LAYS CHEESE & ONION 40G,CHIPS,FOOD,2,8,0,0.00%,8,0.02%,0.01%
LEMON DRIZZLE CAKE,Dessert,FOOD,1,8,0,0.00%,8,0.01%,0.01%
LEMON PACKET,CS Fresh Fruit,FOOD,1,8,0,0.00%,8,0.01%,0.01%
MANGO ICED TEA,Tea,FOOD,1,8,0,0.00%,8,0.01%,0.01%
Mountain Dew,Softdrinks,BEVERAGE,2,8,0,0.00%,8,0.02%,0.01%
OAT COOKIE,PASTRIES,FOOD,1,8,0,0.00%,8,0.01%,0.01%
PASSION FRUIT ICED TEA,Tea,FOOD,1,8,0,0.00%,8,0.01%,0.01%
Pepsi Light,Softdrinks,BEVERAGE,5,8,0,0.00%,8,0.04%,0.01%
PLAIN AU RAISIN,PASTRIES,FOOD,1,8,0,0.00%,8,0.01%,0.01%
POKKA PEACH ICED TEA CAN,Packet Juice,BEVERAGE,2,8,0,0.00%,8,0.02%,0.01%
RASPBERRY ICED TEA,Tea,FOOD,1,8,0,0.00%,8,0.01%,0.01%
SMINT CANDY GUM PEPPERMINT 14.2G,CS Mint & Gum,FOOD,2,8,0,0.00%,8,0.02%,0.01%
TEA BAG MOROCCAN,Tea,FOOD,1,8,0,0.00%,8,0.01%,0.01%
THE BERRY CO BLACK TEA ELDERFLOW,Packet Juice,BEVERAGE,1,8,0,0.00%,8,0.01%,0.01%
THE BERRY CO GOJI BERRY JUICE,Packet Juice,BEVERAGE,1,8,0,0.00%,8,0.01%,0.01%
THE BERRY CO POMEGRANTE JUICE,Packet Juice,BEVERAGE,1,8,0,0.00%,8,0.01%,0.01%
AlwaysUltraFreshExLong7,CS Sanitary Care,NON FOOD,1,7.5,0,0.00%,7.5,0.01%,0.01%
AlwaysUltraNightFresh6,CS Sanitary Care,NON FOOD,1,7.5,0,0.00%,7.5,0.01%,0.01%
BAYARA SALTED PISTACHIOS 50GM,CS Dry Fruits,FOOD,2,7.5,0,0.00%,7.5,0.02%,0.01%
BEST 30GM SALTED PEANUTS,CS Nuts & Seeds,FOOD,5,7.5,0,0.00%,7.5,0.04%,0.01%
CROISSANT ZATAR,CS Bakery,FOOD,3,7.5,0,0.00%,7.5,0.03%,0.01%
KOKA PILLOW 5 PCS BEEF,CS Pasta & Noodles,FOOD,1,7.5,0,0.00%,7.5,0.01%,0.01%
KOKA PILLOW 5 PCS MUSHROOM,CS Pasta & Noodles,FOOD,1,7.5,0,0.00%,7.5,0.01%,0.01%
BARILLA PASTA SPAGHETTI NO.3 500,CS Pasta & Noodles,FOOD,1,7.25,0,0.00%,7.25,0.01%,0.01%
AL AIN FRESH MILK 1L SKIMMED,CS Dairy ,FOOD,1,7,0,0.00%,7,0.01%,0.01%
ALMARAI MILK FAT FREE1L,CS Dairy ,FOOD,1,7,0,0.00%,7,0.01%,0.01%
AMLacto Free Milk 1L,CS Dairy ,FOOD,1,7,0,0.00%,7,0.01%,0.01%
BREAD ROLL ENGLISH BROWN,CS Bakery,FOOD,2,7,0,0.00%,7,0.02%,0.01%
"BUN BREAD PLAIN 4"" 6 PCS",CS Bakery,FOOD,2,7,0,0.00%,7,0.02%,0.01%
CAPRISUN APPLE,CS Packet Juice,BEVERAGE,7,7,0,0.00%,7,0.06%,0.01%
FUNCLRPLSTCTUMBLR8,CS Disposable,NON FOOD,1,7,0,0.00%,7,0.01%,0.01%
KNOR BASIL-THYM SALAD SEASNING 1,CS Packet Food,FOOD,1,7,0,0.00%,7,0.01%,0.01%
KOKA CUP SEAFOOD,CS Pasta & Noodles,FOOD,2,7,0,0.00%,7,0.02%,0.01%
KOKA CUP SPICY SHRIMP,CS Pasta & Noodles,FOOD,2,7,0,0.00%,7,0.02%,0.01%
ORAL B BRUSH CLASSIC,CS Oral Care,NON FOOD,2,7,0,0.00%,7,0.02%,0.01%
PLAIN AU CHOCOLATE,PASTRIES,FOOD,1,7,0,0.00%,7,0.01%,0.01%
ALMARAI SANDWICH SLICE CHEESE 20,CS Dairy ,FOOD,1,6.75,0,0.00%,6.75,0.01%,0.01%
LIPTON GREEN TEA CLASSIC TEA BAG,CS Tea,FOOD,1,6.75,0,0.00%,6.75,0.01%,0.01%
A/G Leaf Spinach Tin 425g,CS Can & Jar Food,FOOD,1,6.5,0,0.00%,6.5,0.01%,0.01%
AL RABIE ORANGE PEACH 330ML,Fresh Juices,BEVERAGE,2,6.5,0,0.00%,6.5,0.02%,0.01%
BOGUTTI AMERICAN COOKIES RAISINS,Biscuit & Cookies,FOOD,1,6.5,0,0.00%,6.5,0.01%,0.01%
CORNETTO I/C LOVE COOKIE,CS Ice Cream,FOOD,1,6.5,0,0.00%,6.5,0.01%,0.01%
LAYS SALT 185GM,CS Chips & Snacks,FOOD,1,6.25,0,0.00%,6.25,0.01%,0.01%
7 UP PET 500ML,Softdrinks,BEVERAGE,1,6,0,0.00%,6,0.01%,0.01%
AL AIN PINEAPPLE YOGHURT 125GM,CS Dairy ,FOOD,3,6,0,0.00%,6,0.03%,0.01%
AlmaFrshLabLwFat,CS Dairy ,FOOD,3,6,0,0.00%,6,0.03%,0.01%
AlmaLabFFat360ml,CS Dairy ,FOOD,2,6,0,0.00%,6,0.02%,0.01%
BAHLSEN LEIBNIZ MINIS CHOCO 100G,Biscuit & Cookies,FOOD,1,6,0,0.00%,6,0.01%,0.01%
BUTTER SHORT BREAD,PASTRIES,FOOD,1,6,0,0.00%,6,0.01%,0.01%
Chicken Tikka,Pizza,FOOD,1,6,0,0.00%,6,0.01%,0.01%
CHOCOLATE CHIP COOKIE,PASTRIES,FOOD,1,6,0,0.00%,6,0.01%,0.01%
Extra Cheese,Cheese,FOOD,2,6,0,0.00%,6,0.02%,0.01%
HONEY & MUSTARD SAUCE,Extras,FOOD,3,6,0,0.00%,6,0.03%,0.01%
Jalapenos,Pizza,FOOD,1,6,0,0.00%,6,0.01%,0.01%
LACNOR MILK STRAWBERRY 180ML,CS Packet Juice,BEVERAGE,4,6,0,0.00%,6,0.03%,0.01%
Mini Muffins,Extras,FOOD,2,6,0,0.00%,6,0.02%,0.01%
NATURE VALLEY APPLE CRIS,CS Cereal,FOOD,2,6,0,0.00%,6,0.02%,0.01%
NATURE VALLEY ROASTED ALMOND,CS Cereal,FOOD,2,6,0,0.00%,6,0.02%,0.01%
Peppers,Pizza,FOOD,1,6,0,0.00%,6,0.01%,0.01%
PEPSI DIET CAN 335ML ,CS Soft Drinks,BEVERAGE,4,6,0,0.00%,6,0.03%,0.01%
SCHWEPPES BITTER LEMON 300M,CS Soft Drinks,BEVERAGE,4,6,0,0.00%,6,0.03%,0.01%
SPRITE PET 500ML,Softdrinks,BEVERAGE,1,6,0,0.00%,6,0.01%,0.01%
BAHLSEN LEIBNIZ MINIS BUTTER 100,Biscuit & Cookies,FOOD,1,5.5,0,0.00%,5.5,0.01%,0.00%
BAHLSEN LEIBNIZ ZOO 100GM,Biscuit & Cookies,FOOD,1,5.5,0,0.00%,5.5,0.01%,0.00%
COLGATE TP 125ML,CS Oral Care,NON FOOD,1,5.5,0,0.00%,5.5,0.01%,0.00%
GROWERS PACKET GARLIC PEANUTS,CS Nuts & Seeds,FOOD,1,5.5,0,0.00%,5.5,0.01%,0.00%
A/G IODIZED SALT 26OZ,CS Can & Jar Food,FOOD,2,5,0,0.00%,5,0.02%,0.00%
AM ALPHONSO MANGO300ml,CS Packet Juice,BEVERAGE,2,5,0,0.00%,5,0.02%,0.00%
BEETROOT PACKET,CS Fresh Vegatables,FOOD,1,5,0,0.00%,5,0.01%,0.00%
Castania Fried Peanut 60g,CS Nuts & Seeds,FOOD,1,5,0,0.00%,5,0.01%,0.00%
Castania Peanut 60g,CS Nuts & Seeds,FOOD,1,5,0,0.00%,5,0.01%,0.00%
CLOROX HEAVY DUTY SCOURER 1PCS,CS Cleaning Supplies,NON FOOD,2,5,0,0.00%,5,0.02%,0.00%
COKE LARGE 2.25L,CS Soft Drinks,BEVERAGE,1,5,0,0.00%,5,0.01%,0.00%
COKE LIGHT LARGE 2.25L,CS Soft Drinks,BEVERAGE,1,5,0,0.00%,5,0.01%,0.00%
CORNETTO I/C CLASSICO CHOCOLATE,CS Ice Cream,FOOD,1,5,0,0.00%,5,0.01%,0.00%
DOUGHNUT CHOCOLATE,CS Bakery,FOOD,2,5,0,0.00%,5,0.02%,0.00%
FANTA LARGE 2.25L,CS Soft Drinks,BEVERAGE,1,5,0,0.00%,5,0.01%,0.00%
Kit Kat,Chocolate,FOOD,1,5,0,0.00%,5,0.01%,0.00%
LAYS FORNO BLACK PEPPER 43G,CHIPS,FOOD,1,5,0,0.00%,5,0.01%,0.00%
LAYS FORNO CHEESE 43GM,CS Chips & Snacks,FOOD,2,5,0,0.00%,5,0.02%,0.00%
SCHOGETTEN HAZELNUT100G,CS Chocolate ,FOOD,1,5,0,0.00%,5,0.01%,0.00%
SCHOGETTEN KIDS 100GM,CS Chocolate ,FOOD,1,5,0,0.00%,5,0.01%,0.00%
SCHOGETTEN STARCIA 100GM,CS Chocolate ,FOOD,1,5,0,0.00%,5,0.01%,0.00%
VASELINE PETROLEUM JELLY 60ML,CS Body Care,NON FOOD,1,5,0,0.00%,5,0.01%,0.00%
7 UP CAN 355 ML,CS Soft Drinks,BEVERAGE,3,4.5,0,0.00%,4.5,0.03%,0.00%
AL MARAI YOGHURT FULL CREAM 170G,CS Dairy ,FOOD,3,4.5,0,0.00%,4.5,0.03%,0.00%
BAHLSEN LEIBNIZ,Biscuit & Cookies,FOOD,1,4.5,0,0.00%,4.5,0.01%,0.00%
COKE CAN 300ML,CS Soft Drinks,BEVERAGE,3,4.5,0,0.00%,4.5,0.03%,0.00%
KNORR PACKET GOURMET WHITE GREEN,CS Packet Food,FOOD,1,4.5,0,0.00%,4.5,0.01%,0.00%
MUDHISH CHIPS CHEESE RIPPLES 15G,CS Chips & Snacks,FOOD,6,4.5,0,0.00%,4.5,0.05%,0.00%
SCHWEPPES TONIC WATER CAN 300M,CS Soft Drinks,BEVERAGE,3,4.5,0,0.00%,4.5,0.03%,0.00%
7 Up,Softdrinks,BEVERAGE,1,4,0,0.00%,4,0.01%,0.00%
A/G TOMATOES CRUSHED 15OZ,CS Can & Jar Food,FOOD,1,4,0,0.00%,4,0.01%,0.00%
Activia Yoghurt,CS Dairy ,FOOD,2,4,0,0.00%,4,0.02%,0.00%
Add Mini PastryCombo,Dessert,FOOD,4,4,0,0.00%,4,0.03%,0.00%
ADD SOYA MILK,Starbucks,FOOD,2,4,0,0.00%,4,0.02%,0.00%
BBQ SAUCE,Extras,FOOD,2,4,0,0.00%,4,0.02%,0.00%
BEACON MARSHMALLOWS WHITE 150GM,CS Packet Food,FOOD,1,4,0,0.00%,4,0.01%,0.00%
CAPRISUN STRAWBERY ,CS Packet Juice,BEVERAGE,4,4,0,0.00%,4,0.03%,0.00%
Coke Zero,Softdrinks,BEVERAGE,1,4,0,0.00%,4,0.01%,0.00%
CROISSANT BUTTER CHEESE,CS Bakery,FOOD,1,4,0,0.00%,4,0.01%,0.00%
EXTRA CHEDDAR,Cheese,FOOD,1,4,0,0.00%,4,0.01%,0.00%
EXTRA PROTEIN,TOPPINGS,FOOD,1,4,0,0.00%,4,0.01%,0.00%
GLASS OF MILK,Milk,FOOD,1,4,0,0.00%,4,0.01%,0.00%
Khubus Bread,Breakfast,FOOD,2,4,0,0.00%,4,0.02%,0.00%
KNORR PACKET CREAM OF CHICKEN SO,CS Packet Food,FOOD,1,4,0,0.00%,4,0.01%,0.00%
KNORR PACKET LENTIL SOUP,CS Packet Food,FOOD,1,4,0,0.00%,4,0.01%,0.00%
Lacnor Full Fat Milk 1L ,CS Dairy ,BEVERAGE,1,4,0,0.00%,4,0.01%,0.00%
Lacnor Low Fat Milk 1L,CS Dairy ,BEVERAGE,1,4,0,0.00%,4,0.01%,0.00%
LAYS 40GM FRENCH CHEESE,CS Chips & Snacks,FOOD,2,4,0,0.00%,4,0.02%,0.00%
LAYS CHILLI 40G,CHIPS,FOOD,1,4,0,0.00%,4,0.01%,0.00%
LAYS SALT 40G,CHIPS,FOOD,1,4,0,0.00%,4,0.01%,0.00%
SMINT CANDY GUM BLACKBERRY 14.2G,CS Mint & Gum,FOOD,1,4,0,0.00%,4,0.01%,0.00%
SMINT CANDY GUM STRAWBERRY 14.2G,CS Mint & Gum,FOOD,1,4,0,0.00%,4,0.01%,0.00%
SPRITE PET 500ML,CS Soft Drinks,BEVERAGE,2,4,0,0.00%,4,0.02%,0.00%
STILL WATER REG,Water,BEVERAGE,2,4,0,0.00%,4,0.02%,0.00%
FUNPLSTCKNIFE6.5,CS Disposable,NON FOOD,1,3.5,0,0.00%,3.5,0.01%,0.00%
LUX BAR WAKE ME UP 120GM,CS Soap & Handwash,NON FOOD,1,3.5,0,0.00%,3.5,0.01%,0.00%
WALKERS SB FINGERS 40G,Biscuit & Cookies,FOOD,1,3.5,0,0.00%,3.5,0.01%,0.00%
INDOMIE CUP TOMATO NOODLES,CS Pasta & Noodles,FOOD,1,3.25,0,0.00%,3.25,0.01%,0.00%
BEST 30GM SALTED PISTACHIO,CS Nuts & Seeds,FOOD,1,3,0,0.00%,3,0.01%,0.00%
GALAXY HAZELNUT 40GM,CS Chocolate ,FOOD,1,3,0,0.00%,3,0.01%,0.00%
Lacnor Cocktail180ML,Fresh Juices,FOOD,2,3,0,0.00%,3,0.02%,0.00%
MANI 20G PEANUTS SPICY PAPRIKA,CS Dry Fruits,FOOD,2,3,0,0.00%,3,0.02%,0.00%
MOUNTAIN DEW CAN 335ML ,CS Soft Drinks,BEVERAGE,2,3,0,0.00%,3,0.02%,0.00%
MUDHISH CHIPS CHILLI RIPPLES 15G,CS Chips & Snacks,FOOD,4,3,0,0.00%,3,0.03%,0.00%
POKKA LEMON ICED TEA 330ML,CS Soft Drinks,BEVERAGE,1,3,0,0.00%,3,0.01%,0.00%
Roasted Almond ,Cereal Bar,FOOD,1,3,0,0.00%,3,0.01%,0.00%
SCHWEPPES SODA CAN 300M,CS Soft Drinks,BEVERAGE,2,3,0,0.00%,3,0.02%,0.00%
UAE STICK FLAG SMALL 1PCS,CS Festival Non Food,NON FOOD,1,2.75,0,0.00%,2.75,0.01%,0.00%
AL MARAI POMPEGRANATE 300ML,CS Packet Juice,BEVERAGE,1,2.5,0,0.00%,2.5,0.01%,0.00%
AL MARAI STRAWBERRY 300ML,CS Packet Juice,BEVERAGE,1,2.5,0,0.00%,2.5,0.01%,0.00%
AL RABIE MANGO 330ML,CS Packet Juice,BEVERAGE,1,2.5,0,0.00%,2.5,0.01%,0.00%
AL RABIE PINEAPPLE 330ML,CS Packet Juice,BEVERAGE,1,2.5,0,0.00%,2.5,0.01%,0.00%
MENTOS CHEWY RAINBOW 30GM,CS Mint & Gum,FOOD,2,2.5,0,0.00%,2.5,0.02%,0.00%
SALT 1KG IODIZED ,CS Coocking & Baking,FOOD,1,2.25,0,0.00%,2.25,0.01%,0.00%
AL AIN STRAWBERRY YOGHURT 125GM,CS Dairy ,FOOD,1,2,0,0.00%,2,0.01%,0.00%
CAPRISUN MIXED FRUIT,CS Packet Juice,BEVERAGE,2,2,0,0.00%,2,0.02%,0.00%
EXTRA PELLET STRAWBERRY GUM,Biscuit & Cookies,FOOD,1,2,0,0.00%,2,0.01%,0.00%
SAFETY MATCH STICK BOX 2PCS,CS Others,NON FOOD,4,2,0,0.00%,2,0.03%,0.00%
SODA CAN,Water,BEVERAGE,1,2,0,0.00%,2,0.01%,0.00%
FRUIT TELLA STRAWBERRY 39G,CS Mint & Gum,FOOD,1,1.75,0,0.00%,1.75,0.01%,0.00%
SAFETY MATCH STICK BOX,CS Non Food,NON FOOD,1,1.75,0,0.00%,1.75,0.01%,0.00%
COKE DIET CAN 330ML ,CS Soft Drinks,BEVERAGE,1,1.5,0,0.00%,1.5,0.01%,0.00%
Cremecaramel100g,CS Dairy ,FOOD,1,1.5,0,0.00%,1.5,0.01%,0.00%
LACNOR MILK CHOCOLATE 180ML,CS Packet Juice,BEVERAGE,1,1.5,0,0.00%,1.5,0.01%,0.00%
Mirinda Orange355M,Softdrinks,FOOD,1,1.5,0,0.00%,1.5,0.01%,0.00%
MENTOS CHEWY MINT 30GM,CS Mint & Gum,FOOD,1,1.25,0,0.00%,1.25,0.01%,0.00%
MENTOS ICE SPEARMINT 10G,CS Mint & Gum,FOOD,1,1.25,0,0.00%,1.25,0.01%,0.00%
CAPRISUN MANGO,CS Packet Juice,BEVERAGE,1,1,0,0.00%,1,0.01%,0.00%
Al Ain 1.5 L,Water,BEVERAGE,21,0,0,0.00%,0,0.18%,0.00%
Coca Cola,Softdrinks,BEVERAGE,3,0,0,0.00%,0,0.03%,0.00%
Coffee Filter,Tea,BEVERAGE,39,0,0,0.00%,0,0.33%,0.00%
Fanta,Softdrinks,BEVERAGE,1,0,0,0.00%,0,0.01%,0.00%
Mountain Dew,Softdrinks,BEVERAGE,1,0,0,0.00%,0,0.01%,0.00%
Orange,Fresh Juices,BEVERAGE,18,0,0,0.00%,0,0.15%,0.00%
Tea Regular,Tea,BEVERAGE,21,0,0,0.00%,0,0.18%,0.00%
TOTAL*,,,"9,798","117,969.50",0,0.00%,"117,969.50",82.43%,100.00%
,,,,,,,,,
