Menu Engineering Items Summary,,,,,,,,,
,,,,,,,,,
Business Dates,11/6/2015,,,,,,,,
Locations,"DEMO,UAE",,,,,,,,
Revenue Centers,All,,,,,,,,
Menu Items,All,,,,,,,,
,,,,,,,,,
Menu Item Name,Family Group,Major Group,Qty Sold,Net Sales,Prep Cost,Cost %,Margin Less Item Disc,% Qty,% Margin
Stud Meal Combo,Main course,FOOD,172,"5,160.00",0,0.00%,"5,160.00",2.40%,10.49%
Student Breakfast,Breakfast,FOOD,78,"2,340.00",0,0.00%,"2,340.00",1.09%,4.76%
Buffet Meal,Main course,FOOD,69,"1,496.00",0,0.00%,"1,496.00",0.96%,3.04%
Classic Angus Burger,Burgers,FOOD,46,"1,380.00",0,0.00%,"1,380.00",0.64%,2.81%
CHICKEN MEAL ,Main course,FOOD,55,"1,375.00",0,0.00%,"1,375.00",0.77%,2.79%
VEGGIE MEAL,Veggie,FOOD,51,"1,122.00",0,0.00%,"1,122.00",0.71%,2.28%
Slice of the Day,Pizza,FOOD,228,"1,110.00",0,0.00%,"1,110.00",3.18%,2.26%
BEEF MEAL,Main course,FOOD,44,"1,075.00",0,0.00%,"1,075.00",0.61%,2.19%
Tenderloin Steak,Burgers,FOOD,34,"1,020.00",0,0.00%,"1,020.00",0.47%,2.07%
MARINATED SALMON STEAK,Grill,FOOD,31,930,0,0.00%,930,0.43%,1.89%
BBQ Glazed Chicken,Sandwiches,FOOD,37,777,0,0.00%,777,0.52%,1.58%
Margherita(V),Pizza,FOOD,31,775,0,0.00%,775,0.43%,1.58%
SERCO LUNCH,SERCO LUNCH,FOOD,41,615,0,0.00%,615,0.57%,1.25%
Masafi Water500ml,Water,BEVERAGE,582,579,0,0.00%,579,8.11%,1.18%
Chicken Caesar,Salads,FOOD,22,550,0,0.00%,550,0.31%,1.12%
Smoked Salmon,Sandwiches,FOOD,22,550,0,0.00%,550,0.31%,1.12%
BUTTER FLY CHICKEN BREAST ,Grill,FOOD,21,504,0,0.00%,504,0.29%,1.02%
Fresh Fruit Pcs,Extras,FOOD,163,489,0,0.00%,489,2.27%,0.99%
Buffet Fruit Salad,Salads,FOOD,98,480,0,0.00%,480,1.37%,0.98%
SERCO DINNER,SERCO DINNER,FOOD,29,435,0,0.00%,435,0.40%,0.88%
Two Eggs ,Breakfast,FOOD,85,425,0,0.00%,425,1.18%,0.86%
Chicken Steak,Grill,FOOD,17,408,0,0.00%,408,0.24%,0.83%
Take Away Box,Take Away Boxes,NON FOOD,136,408,0,0.00%,408,1.89%,0.83%
7 OZ DOUBLE SHOT ICED SHAKEN,Starbucks,FOOD,27,378,0,0.00%,378,0.38%,0.77%
FRESH JUICE SMALL,Breakfast,FOOD,94,376,0,0.00%,376,1.31%,0.76%
Side Salad,Salads,FOOD,91,364,0,0.00%,364,1.27%,0.74%
Chicken Tikka,Sandwiches,FOOD,17,360,0,0.00%,360,0.24%,0.73%
Dessert,Dessert,FOOD,90,360,0,0.00%,360,1.25%,0.73%
FG MEDIUM BOWL,FEEL GOOD,FOOD,20,360,0,0.00%,360,0.28%,0.73%
Grilled Chicken Burger,Burgers,FOOD,15,360,0,0.00%,360,0.21%,0.73%
FG LARGE BOWL,FEEL GOOD,FOOD,13,338,0,0.00%,338,0.18%,0.69%
16 OZ CAFFE LATTE,Starbucks,FOOD,22,308,0,0.00%,308,0.31%,0.63%
100 Dhs Rech,CS Others,NON FOOD,3,300,0,0.00%,300,0.04%,0.61%
SERCO BREAKFAST,SERCO BREAKFAST,FOOD,20,300,0,0.00%,300,0.28%,0.61%
Pesto Roasted Chicken,Sandwiches,FOOD,14,276,0,0.00%,276,0.20%,0.56%
Salmon Salad,Salads,FOOD,11,275,0,0.00%,275,0.15%,0.56%
Falafel Tomato & Hummus(V),Sandwiches,FOOD,14,252,0,0.00%,252,0.20%,0.51%
LACNOR MILK CHOCOLATE,Flavoured Milk,BEVERAGE,60,240,0,0.00%,240,0.84%,0.49%
Super Food Salad (V),Salads,FOOD,10,240,0,0.00%,240,0.14%,0.49%
16 OZ CAPPUCHINO,Starbucks,FOOD,17,238,0,0.00%,238,0.24%,0.48%
LACNOR COCKTAIL 180ML,Fresh Juices,BEVERAGE,59,236,0,0.00%,236,0.82%,0.48%
Chocolate Bar,Extras,FOOD,44,220,0,0.00%,220,0.61%,0.45%
VEG BURGER,Burgers,FOOD,11,220,0,0.00%,220,0.15%,0.45%
12 OZ CAFFE LATTE,Starbucks,FOOD,18,216,0,0.00%,216,0.25%,0.44%
AL AIN FRESH MILK LOW FAT 2L,CS Dairy ,FOOD,18,216,0,0.00%,216,0.25%,0.44%
Tandoori Chicken,Pizza,FOOD,6,216,0,0.00%,216,0.08%,0.44%
Banana Pcs,CS Fresh Fruit,FOOD,209,209,0,0.00%,209,2.91%,0.42%
Buffalo Chicken,Grill,FOOD,13,208,0,0.00%,208,0.18%,0.42%
Bagel S. Salmon,Sandwiches,FOOD,8,200,0,0.00%,200,0.11%,0.41%
Homemade Beef Burger,Burgers,FOOD,10,200,0,0.00%,200,0.14%,0.41%
16 OZ CAFFE AMERICANO,Starbucks,FOOD,16,192,0,0.00%,192,0.22%,0.39%
Go Large,Pizza,FOOD,24,192,0,0.00%,192,0.33%,0.39%
16 OZ ICED CAFFE LATTE,Starbucks,FOOD,13,182,0,0.00%,182,0.18%,0.37%
FG SMALL BOWL,FEEL GOOD,FOOD,15,180,0,0.00%,180,0.21%,0.37%
COCA COLA CAN,Softdrinks,BEVERAGE,43,172,0,0.00%,172,0.60%,0.35%
G S Frid Noodls W chicken,Noodles,FOOD,5,170,0,0.00%,170,0.07%,0.35%
Yogurt Blueberry,Yoghurt Pots,FOOD,9,162,0,0.00%,162,0.13%,0.33%
Yogurt Muesli Honey,Yoghurt Pots,FOOD,10,160,0,0.00%,160,0.14%,0.33%
Hash Browns,Breakfast,FOOD,38,152,0,0.00%,152,0.53%,0.31%
Yoghurt,Yogurt,FOOD,36,144,0,0.00%,144,0.50%,0.29%
CDMFrt&NutCdbry230g,CS Chocolate ,FOOD,13,143,0,0.00%,143,0.18%,0.29%
Cereal Portion,Breakfast,FOOD,20,140,0,0.00%,140,0.28%,0.28%
Filter Coffee,Tea,FOOD,29,140,0,0.00%,140,0.40%,0.28%
Grilled Halloumi(V),Sandwiches,FOOD,7,140,0,0.00%,140,0.10%,0.28%
Guest Meal Combo,Main course,FOOD,5,140,0,0.00%,140,0.07%,0.28%
Rocco,Pizza,FOOD,4,140,0,0.00%,140,0.06%,0.28%
BarillaPestoSml,CS Sauce,FOOD,5,137.5,0,0.00%,137.5,0.07%,0.28%
12 OZ CARAMEL MACCHIATO,Starbucks,FOOD,9,135,0,0.00%,135,0.13%,0.27%
CROISSANT MINI,Dessert,FOOD,45,135,0,0.00%,135,0.63%,0.27%
PEPSI DIET CAN,Softdrinks,BEVERAGE,33,132,0,0.00%,132,0.46%,0.27%
DDR OETKER PEPPRONI PIZZA,CS Frozen Food,FOOD,5,131.25,0,0.00%,131.25,0.07%,0.27%
Hawaiian,Pizza,FOOD,4,128,0,0.00%,128,0.06%,0.26%
LACNOR ORANGE 180ML,Fresh Juices,BEVERAGE,32,128,0,0.00%,128,0.45%,0.26%
Croissant,Breakfast,FOOD,18,126,0,0.00%,126,0.25%,0.26%
RACHELS RASPBERRY YOGHURT 450G,CS Organic Food,FOOD,5,122.5,0,0.00%,122.5,0.07%,0.25%
NIVEA SUN LOTION SPF 50 200ML,CS Body Care,NON FOOD,2,122,0,0.00%,122,0.03%,0.25%
Filter Tea,Tea,FOOD,24,120,0,0.00%,120,0.33%,0.24%
Beef sausage,Breakfast,FOOD,23,115,0,0.00%,115,0.32%,0.23%
AL AIN WATER 500ml,CS Water,BEVERAGE,113,113,0,0.00%,113,1.57%,0.23%
Peanut Butter & Jelly(V),Sandwiches,FOOD,7,112,0,0.00%,112,0.10%,0.23%
KAGI SWISS WAFERS MINI GIFT BOX ,CS Mint & Gum,FOOD,3,111.75,0,0.00%,111.75,0.04%,0.23%
Smoked Turkey Ham Pasta,Salads,FOOD,5,110,0,0.00%,110,0.07%,0.22%
Digest dark200,Biscuit & Cookies,FOOD,8,108,0,0.00%,108,0.11%,0.22%
Extra Portion Grill,Main course,FOOD,9,108,0,0.00%,108,0.13%,0.22%
Fruit Salad,Yoghurt Pots,FOOD,9,108,0,0.00%,108,0.13%,0.22%
LACNOR MILK STRAWBERRY,Flavoured Milk,BEVERAGE,27,108,0,0.00%,108,0.38%,0.22%
Soup,Extras,FOOD,18,108,0,0.00%,108,0.25%,0.22%
Plum Red,CS Fresh Fruit,FOOD,53,106,0,0.00%,106,0.74%,0.22%
FRESH JUICE LARGE,Fresh Juices,FOOD,15,105,0,0.00%,105,0.21%,0.21%
Isabella(V),Pizza,FOOD,3,105,0,0.00%,105,0.04%,0.21%
Pancakes,Breakfast,FOOD,35,105,0,0.00%,105,0.49%,0.21%
LACNOR APPLE 180ML,Fresh Juices,BEVERAGE,26,104,0,0.00%,104,0.36%,0.21%
12 OZ VANILLA LATTE,Starbucks,FOOD,6,102,0,0.00%,102,0.08%,0.21%
16 OZ ICED CARAMEL MACCHIATO,Starbucks,FOOD,6,102,0,0.00%,102,0.08%,0.21%
12 OZ CAFFE AMERICANO,Starbucks,FOOD,10,100,0,0.00%,100,0.14%,0.20%
LACNOR MILK BANANA,Flavoured Milk,BEVERAGE,25,100,0,0.00%,100,0.35%,0.20%
Yogurt Mango,Yoghurt Pots,FOOD,10,100,0,0.00%,100,0.14%,0.20%
MAGNUM I/C DOUBLE CHOCOLATE,CS Ice Cream,FOOD,11,99,0,0.00%,99,0.15%,0.20%
RACHELS MANGO YOGHURT 450G,CS Organic Food,FOOD,4,98,0,0.00%,98,0.06%,0.20%
16 OZ ICED CAFE AMERICANO,Starbucks,FOOD,8,96,0,0.00%,96,0.11%,0.20%
French Fries,Extras,FOOD,16,96,0,0.00%,96,0.22%,0.20%
PRO BAR MEAL PEANUT BUTTER CHOCO,CS Cereal,FOOD,4,92,0,0.00%,92,0.06%,0.19%
12OZ WHITE CHOCOLATE MOCHA,Starbucks,FOOD,6,90,0,0.00%,90,0.08%,0.18%
Chicken Tandoori,Pre Packed Sandwiches,FOOD,9,90,0,0.00%,90,0.13%,0.18%
BAYARA 1KG WALNUT PEELED,CS Dry Fruits,FOOD,1,86,0,0.00%,86,0.01%,0.17%
16 OZ CARAMEL MACCHIATO,Starbucks,FOOD,5,85,0,0.00%,85,0.07%,0.17%
16 OZ WHITE CHOCOLATE MOCHA,Starbucks,FOOD,5,85,0,0.00%,85,0.07%,0.17%
AL AIN FRESH MILK FULL FAT 2L,CS Dairy ,FOOD,7,84,0,0.00%,84,0.10%,0.17%
AL AIN WATER 1.5L,CS Water,BEVERAGE,55,82.5,0,0.00%,82.5,0.77%,0.17%
LINDT EXCELLENCE MINT INTENSE 10,CS Chocolate ,FOOD,6,82.5,0,0.00%,82.5,0.08%,0.17%
PAPER BAG,BAGS,NON FOOD,82,82,0,0.00%,82,1.14%,0.17%
BEEF MAIN,Main course,FOOD,4,80,0,0.00%,80,0.06%,0.16%
Mixed Green Salad(V),Salads,FOOD,4,80,0,0.00%,80,0.06%,0.16%
POKKA LEMON ICED TEA CAN,Packet Juice,BEVERAGE,20,80,0,0.00%,80,0.28%,0.16%
DR OETKER MOZZRELLA PIZZA,CS Frozen Food,FOOD,3,78.75,0,0.00%,78.75,0.04%,0.16%
DR OETKER QUATTRO FORMAGI PIZZA,CS Frozen Food,FOOD,3,78.75,0,0.00%,78.75,0.04%,0.16%
EGG Mayo & Spring Onion,Sandwiches,FOOD,4,76,0,0.00%,76,0.06%,0.15%
LACNOR MANGO 180ML,Fresh Juices,BEVERAGE,19,76,0,0.00%,76,0.26%,0.15%
Meat Feast,Pizza,FOOD,2,76,0,0.00%,76,0.03%,0.15%
25 Dhs Rech,CS Others,NON FOOD,3,75,0,0.00%,75,0.04%,0.15%
BOGUTTI WHITE CHOCO PCS 37%,Biscuit & Cookies,FOOD,8,74,0,0.00%,74,0.11%,0.15%
RACHELS APPLE & CINNAMON YOGHURT,CS Organic Food,FOOD,3,73.5,0,0.00%,73.5,0.04%,0.15%
12 OZ CAPPUCHINO,Starbucks,FOOD,6,72,0,0.00%,72,0.08%,0.15%
16 OZ ICED WHITE CHOCOLATE MOCHA,Starbucks,FOOD,4,72,0,0.00%,72,0.06%,0.15%
DOUBLE ESSPRESSO,Starbucks,FOOD,6,72,0,0.00%,72,0.08%,0.15%
LIPTON LEMON ICED TEA,Tea,BEVERAGE,18,72,0,0.00%,72,0.25%,0.15%
Pepperoni,Pizza,FOOD,12,72,0,0.00%,72,0.17%,0.15%
RED BULL 250ML,CS Sports & Energy Drinks,BEVERAGE,10,71,0,0.00%,71,0.14%,0.14%
Chicken Sweetcorn,Pre Packed Sandwiches,FOOD,7,70,0,0.00%,70,0.10%,0.14%
Extra Topping,Pizza,FOOD,14,70,0,0.00%,70,0.20%,0.14%
Portion Protein,Main course,FOOD,7,70,0,0.00%,70,0.10%,0.14%
12 OZ SIGNATURE HOT CHOCOLATE,Starbucks,FOOD,4,68,0,0.00%,68,0.06%,0.14%
COCONUT WATER CAN,Packet Juice,BEVERAGE,17,68,0,0.00%,68,0.24%,0.14%
PEPSI CAN,Softdrinks,BEVERAGE,17,68,0,0.00%,68,0.24%,0.14%
MAGNUM I/C ALMOND,CS Ice Cream,FOOD,9,67.5,0,0.00%,67.5,0.13%,0.14%
Tuna Cheese Melt,Sandwiches,FOOD,3,66,0,0.00%,66,0.04%,0.13%
Apple Red,CS Fresh Fruit,FOOD,32,64,0,0.00%,64,0.45%,0.13%
French Toast,Breakfast,FOOD,16,64,0,0.00%,64,0.22%,0.13%
Tuna Sweetcorn,Pre Packed Sandwiches,FOOD,4,64,0,0.00%,64,0.06%,0.13%
EMMENTHAL CHEESE GRATED 150G,CS Dairy ,FOOD,6,63,0,0.00%,63,0.08%,0.13%
A/G POP CORN MICROWAVE NATURAL 2,CS Can & Jar Food,FOOD,7,61.25,0,0.00%,61.25,0.10%,0.12%
Best SaltedCashew30g,Peannuts,FOOD,20,60,0,0.00%,60,0.28%,0.12%
Three Cheese Spring Onion,Pre Packed Sandwiches,FOOD,6,60,0,0.00%,60,0.08%,0.12%
WALK IN LUNCH,WALK IN LUNCH,FOOD,6,60,0,0.00%,60,0.08%,0.12%
BAYARA 1KG APRICOT DRIED,CS Dry Fruits,FOOD,1,59.5,0,0.00%,59.5,0.01%,0.12%
16 OZ SIGNATURE HOT CHOCOLATE,Starbucks,FOOD,3,57,0,0.00%,57,0.04%,0.12%
16 OZ VANILLA LATTE,Starbucks,FOOD,3,57,0,0.00%,57,0.04%,0.12%
STREPSILS ORANGE PACKET,CS Chocolate ,FOOD,3,57,0,0.00%,57,0.04%,0.12%
COCA COLA DIET CAN,Softdrinks,BEVERAGE,14,56,0,0.00%,56,0.20%,0.11%
COCA COLA ZERO CAN,Softdrinks,BEVERAGE,14,56,0,0.00%,56,0.20%,0.11%
FG Juice Bottled,FEEL GOOD,FOOD,7,56,0,0.00%,56,0.10%,0.11%
Open Food,Open Food,FOOD,4,56,0,0.00%,56,0.06%,0.11%
POKKA PEACH ICED TEA CAN,Packet Juice,BEVERAGE,14,56,0,0.00%,56,0.20%,0.11%
Beef Bacon,Breakfast,FOOD,11,55,0,0.00%,55,0.15%,0.11%
MODERN BAKE MANGO PISTA ENERGY B,CS Cereal,FOOD,10,55,0,0.00%,55,0.14%,0.11%
DOVE BODY LOTION ESSENTIAL NOURI,CS Body Care,NON FOOD,3,54,0,0.00%,54,0.04%,0.11%
Muture Cheddar(V),Sandwiches,FOOD,3,54,0,0.00%,54,0.04%,0.11%
SELPAK TOILET PAPER 4 ROLLS,CS Tissue & Toilet Rolls,NON FOOD,4,54,0,0.00%,54,0.06%,0.11%
16 OZ ICED CHOCOLATE,Starbucks,FOOD,3,51,0,0.00%,51,0.04%,0.10%
50 Dhs Rech,CS Others,NON FOOD,1,50,0,0.00%,50,0.01%,0.10%
AL AIN FRESH MILK 1L SKIMMED,CS Dairy ,FOOD,7,49,0,0.00%,49,0.10%,0.10%
MATESERES 37GM,CS Chocolate ,FOOD,14,49,0,0.00%,49,0.20%,0.10%
RACHELS FIG & HONEY YOGHURT 450G,CS Organic Food,FOOD,2,49,0,0.00%,49,0.03%,0.10%
RACHELS NATURAL LOW FAT YOUGHURT,CS Organic Food,FOOD,2,49,0,0.00%,49,0.03%,0.10%
COCO TREE JUICE 330ML,CS Packet Juice,BEVERAGE,15,48.75,0,0.00%,48.75,0.21%,0.10%
B.BAG SEA SALT150g,CS Chips & Snacks,FOOD,4,48,0,0.00%,48,0.06%,0.10%
MOUNTAIN DEW,Softdrinks,BEVERAGE,12,48,0,0.00%,48,0.17%,0.10%
Vegetable Noodles,Main course,FOOD,6,48,0,0.00%,48,0.08%,0.10%
ALPRO SOYA ORIGINAL1L,CS Dairy ,BEVERAGE,3,46.5,0,0.00%,46.5,0.04%,0.09%
JDS ALMOND THINS,Biscuit & Cookies,FOOD,3,46.5,0,0.00%,46.5,0.04%,0.09%
SELPAK TOILET ROLL 7+2,CS Tissue & Toilet Rolls,NON FOOD,2,46.5,0,0.00%,46.5,0.03%,0.09%
CLEAR WOMEN HERBAL FUSION 400ML,CS Shampoo & Conditioner,NON FOOD,2,46,0,0.00%,46,0.03%,0.09%
12 OZ CAFFE MOCHA,Starbucks,FOOD,3,45,0,0.00%,45,0.04%,0.09%
CHICKEN MAIN,Main course,FOOD,3,45,0,0.00%,45,0.04%,0.09%
DOVE SHOWER CUCUMBER & GREEN TEA,CS Bath & Shower,NON FOOD,3,45,0,0.00%,45,0.04%,0.09%
TIDE ORIGINAL SCENT 1.5KG,CS Laundry Care,NON FOOD,2,45,0,0.00%,45,0.03%,0.09%
Toast,Breakfast,FOOD,43,43,0,0.00%,43,0.60%,0.09%
BAYARA EXTRA MIXED NUTS 300GM,CS Dry Fruits,FOOD,2,42,0,0.00%,42,0.03%,0.09%
KIT KAT 4 FINGERS,CS Chocolate ,FOOD,14,42,0,0.00%,42,0.20%,0.09%
Lays Chips,Extras,FOOD,21,42,0,0.00%,42,0.29%,0.09%
SCHWEPPES SODA CAN 300M,CS Soft Drinks,BEVERAGE,21,42,0,0.00%,42,0.29%,0.09%
ALPRO ALMOND MILK 1L,CS Dairy ,FOOD,2,41,0,0.00%,41,0.03%,0.08%
FITA 600G,Biscuit & Cookies,FOOD,2,41,0,0.00%,41,0.03%,0.08%
BERRY CO SUPERBERRY RED 1L,CS Packet Juice,BEVERAGE,3,40.5,0,0.00%,40.5,0.04%,0.08%
EMMENTHAL CHEESE PORTION 150G,CS Dairy ,FOOD,3,40.5,0,0.00%,40.5,0.04%,0.08%
Baked beans,Breakfast,FOOD,8,40,0,0.00%,40,0.11%,0.08%
Chicken Nuggets,Extras,FOOD,4,40,0,0.00%,40,0.06%,0.08%
Cold Cuts,Breakfast,FOOD,8,40,0,0.00%,40,0.11%,0.08%
Portion Vegetable,Main course,FOOD,8,40,0,0.00%,40,0.11%,0.08%
BOURSIN CHEESE BLACK PEPPER 150G,CS Dairy ,FOOD,2,39,0,0.00%,39,0.03%,0.08%
CAPRICE DE DIEUX CHEESE 200G,CS Dairy ,FOOD,1,39,0,0.00%,39,0.01%,0.08%
CITYPACK PAPER CUP 8OZ 50PCS,CS Disposable,NON FOOD,6,39,0,0.00%,39,0.08%,0.08%
CLEARLY SCRUMPTIOUS GOLDEN BERRI,CS Dry Fruits,FOOD,3,38.25,0,0.00%,38.25,0.04%,0.08%
DOVEM+CEFMMB&W250ML,CS Shampoo & Conditioner,NON FOOD,2,38,0,0.00%,38,0.03%,0.08%
Mexican Melt,Pizza,FOOD,1,38,0,0.00%,38,0.01%,0.08%
A/G POP CORN MICROWAV EXTRA BUTT,CS Can & Jar Food,FOOD,4,37,0,0.00%,37,0.06%,0.08%
16 OZ ICED VANILLA LATTE,Starbucks,FOOD,2,36,0,0.00%,36,0.03%,0.07%
Asst. Rolls Two,Breakfast,FOOD,18,36,0,0.00%,36,0.25%,0.07%
BAYARA SALTED CASHEWS 300GM,CS Nuts & Seeds,FOOD,2,36,0,0.00%,36,0.03%,0.07%
FARM FRESH EGGS WHITE 6PCS,CS Eggs,FOOD,8,36,0,0.00%,36,0.11%,0.07%
GLAD GARBAGE BAG MEDIUM 35L X 30,CS Tissue & Toilet Rolls,NON FOOD,3,36,0,0.00%,36,0.04%,0.07%
Glazed Veg,Sandwiches,FOOD,2,36,0,0.00%,36,0.03%,0.07%
Large Salad,Salads,FOOD,2,36,0,0.00%,36,0.03%,0.07%
LIPTON YELLOW LABEL TEA BAG 25PC,CS Tea,FOOD,6,36,0,0.00%,36,0.08%,0.07%
Mash and Gravy,Extras,FOOD,4,36,0,0.00%,36,0.06%,0.07%
Mushrooms,Pizza,FOOD,6,36,0,0.00%,36,0.08%,0.07%
Orange Pcs,CS Fresh Fruit,FOOD,18,36,0,0.00%,36,0.25%,0.07%
PRINGLES CHEESE 165GM,CS Chips & Snacks,FOOD,4,36,0,0.00%,36,0.06%,0.07%
SAN PELLEGRINO WATER 1000ML,CS Water,BEVERAGE,4,36,0,0.00%,36,0.06%,0.07%
Small Salad,Salads,FOOD,3,36,0,0.00%,36,0.04%,0.07%
SPRITE CAN,Softdrinks,BEVERAGE,9,36,0,0.00%,36,0.13%,0.07%
ALWAYS COTTON TOUCH LARGE WINGS ,CS Sanitary Care,NON FOOD,2,35,0,0.00%,35,0.03%,0.07%
Delivery Charges,Delivery charge,LABOR CHARGE,7,35,0,0.00%,35,0.10%,0.07%
GATORADE PINK LEMONDAE PET 500ML,CS Sports & Energy Drinks,BEVERAGE,7,35,0,0.00%,35,0.10%,0.07%
WALKERS SB HIGHLANDERS 40G,Biscuit & Cookies,FOOD,10,35,0,0.00%,35,0.14%,0.07%
KAGI SWISS WAFERS ORIGINAL MINI ,CS Mint & Gum,FOOD,2,34.5,0,0.00%,34.5,0.03%,0.07%
NUTELLA JAR 750GM,CS Can & Jar Food,FOOD,1,34.25,0,0.00%,34.25,0.01%,0.07%
Apple Green,CS Fresh Fruit,FOOD,17,34,0,0.00%,34,0.24%,0.07%
BARILA BASILICO400g,CS Pasta & Noodles,FOOD,2,34,0,0.00%,34,0.03%,0.07%
ILD DE FRANCE CHEESE CAMEMBERT 2,CS Dairy ,FOOD,1,34,0,0.00%,34,0.01%,0.07%
TOBLERONE MILK 100GM,CS Chocolate ,FOOD,4,34,0,0.00%,34,0.06%,0.07%
BONNE MANAM APRICOT PRESERVE 370,CS Can & Jar Food,FOOD,2,33,0,0.00%,33,0.03%,0.07%
Oatmeal Porridge,Breakfast,FOOD,11,33,0,0.00%,33,0.15%,0.07%
Lunch Box Token,CS Others,NON FOOD,1,32.5,0,0.00%,32.5,0.01%,0.07%
C&C FACE SCRUB MORNING ENERGY 15,CS Facial Care,NON FOOD,1,32.25,0,0.00%,32.25,0.01%,0.07%
7 UP DIET CAN,Softdrinks,BEVERAGE,8,32,0,0.00%,32,0.11%,0.07%
ADD ESPRESSO SHOT,Starbucks,FOOD,8,32,0,0.00%,32,0.11%,0.07%
Egg Cress Mayonnaise,Pre Packed Sandwiches,FOOD,4,32,0,0.00%,32,0.06%,0.07%
Frid Rice W Chicken,Fried Rice,FOOD,1,32,0,0.00%,32,0.01%,0.07%
Pear,CS Fresh Fruit,FOOD,16,32,0,0.00%,32,0.22%,0.07%
Portion Starch,Main course,FOOD,4,32,0,0.00%,32,0.06%,0.07%
Steamed Rice,Main course,FOOD,4,32,0,0.00%,32,0.06%,0.07%
SUBSTITUTE SOYA,Soya Milk,FOOD,8,32,0,0.00%,32,0.11%,0.07%
FAMILIA 50GM MUESLI CHOCO,CS Cereal,FOOD,9,31.5,0,0.00%,31.5,0.13%,0.06%
Add Cheese,Extras,FOOD,10,30,0,0.00%,30,0.14%,0.06%
BEST CAN CASHEWS SALTED 110GM,CS Nuts & Seeds,FOOD,2,30,0,0.00%,30,0.03%,0.06%
CADBURY HAZELNUT100G,CS Chocolate ,FOOD,5,30,0,0.00%,30,0.07%,0.06%
Frid Rice W Tofu,Fried Rice,FOOD,1,30,0,0.00%,30,0.01%,0.06%
NIVEA SHOWER CR?ME SOFT 250ML,CS Bath & Shower,NON FOOD,2,30,0,0.00%,30,0.03%,0.06%
WALK IN DINNER,WALK IN DINNER,FOOD,3,30,0,0.00%,30,0.04%,0.06%
SibloWhiteFishFillet,CS Frozen Food,FOOD,1,29,0,0.00%,29,0.01%,0.06%
LIPTON EARL GREY 25 TB,CS Tea,FOOD,3,28.5,0,0.00%,28.5,0.04%,0.06%
AL AIN MANGO YOGHURT 125GM,CS Dairy ,FOOD,14,28,0,0.00%,28,0.20%,0.06%
ALMARAI MILK FAT FREE1L,CS Dairy ,FOOD,4,28,0,0.00%,28,0.06%,0.06%
EXTRA PROFESSIONAL FRESH MINT GU,CS Mint & Gum,FOOD,7,28,0,0.00%,28,0.10%,0.06%
PRINGLES 40GM HOT & SPICY,CS Chips & Snacks,FOOD,7,28,0,0.00%,28,0.10%,0.06%
AL AIN WATER 5 LTR,CS Water,BEVERAGE,11,27.5,0,0.00%,27.5,0.15%,0.06%
LINDT EXCELLENCE 85% CACOA 100GM,CS Chocolate ,FOOD,2,27.5,0,0.00%,27.5,0.03%,0.06%
LINDT EXCELLENCE SEA SALT 100GM,CS Chocolate ,FOOD,2,27.5,0,0.00%,27.5,0.03%,0.06%
AL AIN YOGHURT FULL CREAM 170GM,CS Dairy ,FOOD,18,27,0,0.00%,27,0.25%,0.05%
BERRY CO BLUEBERRY JUICE 1L,CS Packet Juice,BEVERAGE,2,27,0,0.00%,27,0.03%,0.05%
PERRIER WATER 750ML,Water,BEVERAGE,3,27,0,0.00%,27,0.04%,0.05%
DR OETKER VEGETABLE PIZZA,CS Frozen Food,FOOD,1,26.25,0,0.00%,26.25,0.01%,0.05%
MANI PISTACHIOS SALT PEPPER 40G,CS Dry Fruits,FOOD,5,26.25,0,0.00%,26.25,0.07%,0.05%
BOGUTTI AMERICAN COOKIES CHOCO C,Biscuit & Cookies,FOOD,4,26,0,0.00%,26,0.06%,0.05%
BOGUTTI AMERICAN COOKIES HAZELNU,Biscuit & Cookies,FOOD,4,26,0,0.00%,26,0.06%,0.05%
CAPRICE DES DIEUX CHEESE 125G,CS Dairy ,FOOD,1,26,0,0.00%,26,0.01%,0.05%
COKE LIGHT LARGE 2.25L,CS Soft Drinks,BEVERAGE,4,26,0,0.00%,26,0.06%,0.05%
GILLETTE BLADE MACH 3 TURBO 2PCS,CS Mens Care,NON FOOD,1,26,0,0.00%,26,0.01%,0.05%
LAYS SALT 185GM,CS Chips & Snacks,FOOD,4,26,0,0.00%,26,0.06%,0.05%
TRESEMME SH PLATINUM STRENGTH 50,CS Shampoo & Conditioner,NON FOOD,1,25.5,0,0.00%,25.5,0.01%,0.05%
PHILADELPHIA LIGHT CHEESE SPREAD,CS Dairy ,FOOD,2,25,0,0.00%,25,0.03%,0.05%
NUTELLA 400GM,CS Can & Jar Food,FOOD,1,24.5,0,0.00%,24.5,0.01%,0.05%
RACHELS GREEK YOGHURT NATURAL 45,CS Dairy ,FOOD,1,24.5,0,0.00%,24.5,0.01%,0.05%
WELLA CD REPAIR 500ML,CS Shampoo & Conditioner,NON FOOD,1,24.5,0,0.00%,24.5,0.01%,0.05%
ADD FLAVOURED SYRUP,Starbucks,FOOD,6,24,0,0.00%,24,0.08%,0.05%
AL AIN MORNING BLACKBERRY MUSELI,CS Dairy ,FOOD,8,24,0,0.00%,24,0.11%,0.05%
AlpenMuslie625g,CS Cereal,FOOD,1,24,0,0.00%,24,0.01%,0.05%
ESPRESSO MACCHIATO,Starbucks,FOOD,2,24,0,0.00%,24,0.03%,0.05%
LABELLO ORIGINAL CLASSIC CARE 4.,CS Facial Care,NON FOOD,2,24,0,0.00%,24,0.03%,0.05%
LAYS FRENCH CHEESE 185GM,CS Chips & Snacks,FOOD,4,24,0,0.00%,24,0.06%,0.05%
LIPTON PYRAMID LEMON GINGER TEA ,CS Tea,FOOD,2,24,0,0.00%,24,0.03%,0.05%
MilkHalfCrem1Ltr ,CS Dairy ,FOOD,6,24,0,0.00%,24,0.08%,0.05%
PERRIER WATER 330ML,CS Water,BEVERAGE,6,24,0,0.00%,24,0.08%,0.05%
CADBURY DM FRUIT & NUT 230GM,CS Chocolate ,FOOD,2,23.5,0,0.00%,23.5,0.03%,0.05%
PetrExtrVrginolivoil250m,CS Coocking & Baking,FOOD,1,23.5,0,0.00%,23.5,0.01%,0.05%
ALWAYS NIGHT WINGS 8 PCS,CS Sanitary Care,NON FOOD,3,23.25,0,0.00%,23.25,0.04%,0.05%
BARILLA RICOTTA400G,CS Sauce,FOOD,1,23,0,0.00%,23,0.01%,0.05%
PRO BAR MEAL WHOLEBERRY BLAST 85,CS Cereal,FOOD,1,23,0,0.00%,23,0.01%,0.05%
SAINT AGUR CHEESE 125G,CS Dairy ,FOOD,1,23,0,0.00%,23,0.01%,0.05%
LACNOR MILK CHOCOLATE 180ML,CS Packet Juice,BEVERAGE,15,22.5,0,0.00%,22.5,0.21%,0.05%
MAGNUM I/C WHITE,CS Ice Cream,FOOD,3,22.5,0,0.00%,22.5,0.04%,0.05%
OREO 704g,Biscuit & Cookies,FOOD,1,22.5,0,0.00%,22.5,0.01%,0.05%
AL AIN KIWI APPLE YOGHURT 125GM,CS Dairy ,FOOD,11,22,0,0.00%,22,0.15%,0.04%
CADBURY DM CHOCOLATE 230GM,CS Chocolate ,FOOD,2,22,0,0.00%,22,0.03%,0.04%
EXTRA PELLET PEPPERMINT GUM,CS Mint & Gum,FOOD,11,22,0,0.00%,22,0.15%,0.04%
FARM FRESH EGGS WHITE 15PCS,CS Eggs,FOOD,2,22,0,0.00%,22,0.03%,0.04%
MODERN BAKE CRANBERRY ENERGY BAR,CS Cereal,FOOD,4,22,0,0.00%,22,0.06%,0.04%
OREO 176g,Biscuit & Cookies,FOOD,4,22,0,0.00%,22,0.06%,0.04%
PANTENE SH SHEER VOLUME 200ML,CS Shampoo & Conditioner,NON FOOD,2,22,0,0.00%,22,0.03%,0.04%
AL AIN FRESH MILK 1L FULL CREAM,CS Dairy ,FOOD,3,21,0,0.00%,21,0.04%,0.04%
BRESSE BLEU CHEESE 150G ,CS Dairy ,FOOD,1,21,0,0.00%,21,0.01%,0.04%
FERRARELLE WATER 330ML,Water,BEVERAGE,3,21,0,0.00%,21,0.04%,0.04%
LISTERINE MW FRESH BURST 250ML,CS Oral Care,NON FOOD,1,21,0,0.00%,21,0.01%,0.04%
LISTERINE MW ZERO 250ML,CS Oral Care,NON FOOD,1,21,0,0.00%,21,0.01%,0.04%
RED BULL SUGAR FREE 250ML,CS Sports & Energy Drinks,BEVERAGE,3,21,0,0.00%,21,0.04%,0.04%
COCO POPS KELLOGS 375GM,CS Cereal,FOOD,1,20.5,0,0.00%,20.5,0.01%,0.04%
7 UP CAN,Softdrinks,BEVERAGE,6,20,0,0.00%,20,0.08%,0.04%
GATORADE BLUE BOLT PET 500ML,CS Sports & Energy Drinks,BEVERAGE,4,20,0,0.00%,20,0.06%,0.04%
MINUTE STEAK,Grill,FOOD,1,20,0,0.00%,20,0.01%,0.04%
MIRINDA ORANGE CAN,Softdrinks,BEVERAGE,6,20,0,0.00%,20,0.08%,0.04%
NYU RE-USABLE BAG,BAGS,NON FOOD,1,20,0,0.00%,20,0.01%,0.04%
SCHOGETTEN STARCIA 100GM,CS Chocolate ,FOOD,4,20,0,0.00%,20,0.06%,0.04%
BOURSIN CHEESE GARLIC & HERBS 15,CS Dairy ,FOOD,1,19.5,0,0.00%,19.5,0.01%,0.04%
COKE LARGE 2.25L,CS Soft Drinks,BEVERAGE,3,19.5,0,0.00%,19.5,0.04%,0.04%
LAYS CHILI 185GM,CS Chips & Snacks,FOOD,3,19.5,0,0.00%,19.5,0.04%,0.04%
LAYS TOMATO KETCHUP 185GM,CS Chips & Snacks,FOOD,3,19.5,0,0.00%,19.5,0.04%,0.04%
12 OZ HOT CHOCOLATE,Starbucks,FOOD,1,19,0,0.00%,19,0.01%,0.04%
16 OZ CARAMEL LATTE,Starbucks,FOOD,1,19,0,0.00%,19,0.01%,0.04%
NECTAFLOR SOFT CRANBERRIES 200GM,CS Dry Fruits,FOOD,1,19,0,0.00%,19,0.01%,0.04%
Candrel 100tab,CS Coocking & Baking,FOOD,1,18.5,0,0.00%,18.5,0.01%,0.04%
AL AIN MORNING CRANBERRY MUSELI ,CS Dairy ,FOOD,6,18,0,0.00%,18,0.08%,0.04%
AL MARAI STRAWBERRY JUICE 300ML,CS Packet Juice,BEVERAGE,6,18,0,0.00%,18,0.08%,0.04%
CADBURY DM CARAMEL 37GM,CS Chocolate ,FOOD,6,18,0,0.00%,18,0.08%,0.04%
DOVE SHOWER POMEGRANTE & LEMON 2,CS Bath & Shower,NON FOOD,1,18,0,0.00%,18,0.01%,0.04%
FOUNTAIN SODA LARGE,Softdrinks,BEVERAGE,6,18,0,0.00%,18,0.08%,0.04%
GLADZprSandwichBg,CS Bags/Foil/Wraps,NON FOOD,2,18,0,0.00%,18,0.03%,0.04%
Manakeesh(V),Pizza,FOOD,1,18,0,0.00%,18,0.01%,0.04%
PRINGLES KETCHUP 165GM,CS Chips & Snacks,FOOD,2,18,0,0.00%,18,0.03%,0.04%
QUAKER WHITE OATS TIN 500GM,CS Cereal,FOOD,2,18,0,0.00%,18,0.03%,0.04%
SLICED BREAD MULTI GRAIN MEDIUM,CS Bakery,FOOD,3,18,0,0.00%,18,0.04%,0.04%
TAMRAH CHOCO MILK ZIPPER BAG 100,CS Dry Fruits,FOOD,2,18,0,0.00%,18,0.03%,0.04%
CARTE D'OR PINT STRAWBERRY,CS Ice Cream,FOOD,1,17.5,0,0.00%,17.5,0.01%,0.04%
COEUR DE LION PETIT CAMEMBERT 15,CS Dairy ,FOOD,1,17.25,0,0.00%,17.25,0.01%,0.04%
FRUIT & FIBRE KELLOGS 375GM,CS Cereal,FOOD,1,17.25,0,0.00%,17.25,0.01%,0.04%
SMINT POCKET WILDBERRY,CS Mint & Gum,FOOD,3,17.25,0,0.00%,17.25,0.04%,0.04%
12 OZ CARAMEL LATTE,Starbucks,FOOD,1,17,0,0.00%,17,0.01%,0.03%
16 OZ CAFFE MOCHA,Starbucks,FOOD,1,17,0,0.00%,17,0.01%,0.03%
16 OZ HOT CHOCOLATE,Starbucks,FOOD,1,17,0,0.00%,17,0.01%,0.03%
BAYARA NUTMEG POWDER BOTTLE 100M,CS Spices & Herbs,FOOD,2,17,0,0.00%,17,0.03%,0.03%
FUN 10 INCH BALOON 18PCS,CS Disposable,NON FOOD,2,17,0,0.00%,17,0.03%,0.03%
NIVEA DEO FEMALE BLACK & WHITE 2,CS Deodrants,NON FOOD,1,17,0,0.00%,17,0.01%,0.03%
ALPROMilkFlvrChoc 1L,CS Dairy ,BEVERAGE,1,16.75,0,0.00%,16.75,0.01%,0.03%
ALPROSoyaMilkUnswtnd1L,CS Packet Juice,BEVERAGE,1,16.75,0,0.00%,16.75,0.01%,0.03%
ALPRO SOYAMilkVanilaFlvr1L,CS Packet Juice,BEVERAGE,1,16.75,0,0.00%,16.75,0.01%,0.03%
SNAPPLE FRUIT PUNCH JUICE,CS Packet Juice,BEVERAGE,3,16.5,0,0.00%,16.5,0.04%,0.03%
ILE DE FRANCE CHEESE PETIT BRIE ,CS Dairy ,FOOD,1,16.25,0,0.00%,16.25,0.01%,0.03%
JUNGLE OAT BANANA & TOFFEE 500G,CS Cereal,FOOD,1,16.25,0,0.00%,16.25,0.01%,0.03%
BOGUTTI CHOCOFIT CHOCO CRANBERRY,Biscuit & Cookies,FOOD,2,16,0,0.00%,16,0.03%,0.03%
CLOROX WIPES DISINFECTING FRESH ,CS Cleaning Supplies,NON FOOD,1,16,0,0.00%,16,0.01%,0.03%
HEINZ TUNA CHUNKS OIL TIN 185GM,CS Can & Jar Food,FOOD,2,16,0,0.00%,16,0.03%,0.03%
Lacnor Full Fat Milk 1L ,CS Dairy ,BEVERAGE,4,16,0,0.00%,16,0.06%,0.03%
LAYS 40GM SALT,CS Chips & Snacks,FOOD,8,16,0,0.00%,16,0.11%,0.03%
PRINGLES 40GM ORIGINAL,CS Chips & Snacks,FOOD,4,16,0,0.00%,16,0.06%,0.03%
SLICED BREAD WHITE JUMBO,CS Bakery,FOOD,4,16,0,0.00%,16,0.06%,0.03%
SPRITE LIGHT CAN,Softdrinks,BEVERAGE,4,16,0,0.00%,16,0.06%,0.03%
Veg Fried Rice,Main course,FOOD,2,16,0,0.00%,16,0.03%,0.03%
WEETABIX ORIGINAL 430GM,CS Cereal,FOOD,1,15.75,0,0.00%,15.75,0.01%,0.03%
COMFORT BABY CONCENTRATE 750ML,CS Laundry Care,NON FOOD,1,15.5,0,0.00%,15.5,0.01%,0.03%
COMFORT ORANGE ALOE VERA CONCENT,CS Laundry Care,NON FOOD,1,15.5,0,0.00%,15.5,0.01%,0.03%
LIPTON PYRAMID CITRUS DELIGHT TE,CS Tea,FOOD,1,15.25,0,0.00%,15.25,0.01%,0.03%
BAYARA SALTED PISTACHIOS 50GM,CS Dry Fruits,FOOD,4,15,0,0.00%,15,0.06%,0.03%
Best Salted Peanut30g,Peannuts,FOOD,5,15,0,0.00%,15,0.07%,0.03%
CORNETTO I/C CLASSICO CHOCOLATE,CS Ice Cream,FOOD,3,15,0,0.00%,15,0.04%,0.03%
DOVE BODY CREAM GO FRESH NOURISH,CS Body Care,NON FOOD,1,15,0,0.00%,15,0.01%,0.03%
ENERGIZER AAA 6 PCS,CS Tissue & Toilet Rolls,NON FOOD,1,15,0,0.00%,15,0.01%,0.03%
MANI 20G SWEET COCKTAIL NUTS FRU,CS Dry Fruits,FOOD,6,15,0,0.00%,15,0.08%,0.03%
MentoGmWatrMelon,CS Mint & Gum,FOOD,3,15,0,0.00%,15,0.04%,0.03%
NIVEA SHOWER CR?ME CARE 250ML,CS Bath & Shower,NON FOOD,1,15,0,0.00%,15,0.01%,0.03%
PERRIER WATER LEMON 330ML,CS Water,BEVERAGE,3,15,0,0.00%,15,0.04%,0.03%
POKKA ICED TEA PEACH 500ML,CS Packet Juice,BEVERAGE,5,15,0,0.00%,15,0.07%,0.03%
VEGGIE MAIN,Main course,FOOD,1,15,0,0.00%,15,0.01%,0.03%
CLOROX FLORAL 1.89L 1/2 GALLON,CS Laundry Care,NON FOOD,1,14.75,0,0.00%,14.75,0.01%,0.03%
DVEGOFRESHNOURBYCREAM150M,CS Body Care,NON FOOD,1,14.75,0,0.00%,14.75,0.01%,0.03%
FINE TOILET ROLLS 2PLY X 10 PCS ,CS Tissue & Toilet Rolls,NON FOOD,1,14.75,0,0.00%,14.75,0.01%,0.03%
NIVEA STICK MEN INVISIBLE 40ML,CS Deodrants,NON FOOD,1,14.5,0,0.00%,14.5,0.01%,0.03%
16 OZ ICED CAFFE MOCHA,Starbucks,FOOD,1,14,0,0.00%,14,0.01%,0.03%
AXE SHOWER GEL DARK TEMPTATION 2,CS Bath & Shower,NON FOOD,1,14,0,0.00%,14,0.01%,0.03%
Bagels w/Cr.Cheese,Breakfast,FOOD,2,14,0,0.00%,14,0.03%,0.03%
Chana Masala,Veggie,FOOD,1,14,0,0.00%,14,0.01%,0.03%
Cinammon Rolls,Breakfast,FOOD,2,14,0,0.00%,14,0.03%,0.03%
FANTA APPLE CAN,Softdrinks,BEVERAGE,4,14,0,0.00%,14,0.06%,0.03%
HANSPLAST ABC HEAT PLASTER 1 PCS,CS Others,NON FOOD,1,14,0,0.00%,14,0.01%,0.03%
KOKA CUP SPICY SHRIMP,CS Pasta & Noodles,FOOD,4,14,0,0.00%,14,0.06%,0.03%
LADY CHOICE CREAMY PEANUT BUTTER,CS Can & Jar Food,FOOD,1,14,0,0.00%,14,0.01%,0.03%
Tide HS MB260g ,CS Laundry Care,NON FOOD,4,14,0,0.00%,14,0.06%,0.03%
LIND CHERRY INTENSE100G,CS Chocolate ,FOOD,1,13.75,0,0.00%,13.75,0.01%,0.03%
LINDT EXCELLENCE 90% CACOA 100GM,CS Chocolate ,FOOD,1,13.75,0,0.00%,13.75,0.01%,0.03%
LINDT EXCELLENCE SESAME ROASTED ,CS Organic Food,FOOD,1,13.75,0,0.00%,13.75,0.01%,0.03%
OREO DOUBLE STUFF 8 PACK 56GM,Biscuit & Cookies,FOOD,1,13.75,0,0.00%,13.75,0.01%,0.03%
SELPAK KITCHEN ROLL 3PCS 20% OFF,CS Tissue & Toilet Rolls,NON FOOD,1,13.75,0,0.00%,13.75,0.01%,0.03%
AL AIN YOGHURT LOW FAT 170GM,CS Dairy ,FOOD,9,13.5,0,0.00%,13.5,0.13%,0.03%
BERRY CO GOJI BERRY JUICE 1L,CS Packet Juice,BEVERAGE,1,13.5,0,0.00%,13.5,0.01%,0.03%
DAWAT EXTRA LONG GRAIN BASMATI R,CS Coocking & Baking,FOOD,1,13.5,0,0.00%,13.5,0.01%,0.03%
DgstiveBiscuits400g,Biscuit & Cookies,FOOD,1,13.5,0,0.00%,13.5,0.01%,0.03%
BISQUINI TIN BLUEBERRY COOKIES 1,Biscuit & Cookies,FOOD,1,13,0,0.00%,13,0.01%,0.03%
CLOSEUP TP ICY WHITE WINTER BLAS,CS Oral Care,NON FOOD,1,13,0,0.00%,13,0.01%,0.03%
H&S SH REFRESHING MENTHOL 200ML,CS Shampoo & Conditioner,NON FOOD,1,13,0,0.00%,13,0.01%,0.03%
BROWN BAG CHIPS 40GM LIGHTLY SAL,CS Chips & Snacks,FOOD,3,12.75,0,0.00%,12.75,0.04%,0.03%
BAHLSEN CH BTRSWT12g,Biscuit & Cookies,FOOD,1,12.5,0,0.00%,12.5,0.01%,0.03%
EXTRA BIG BOTTLE PEPPERMINT,CS Mint & Gum,FOOD,1,12.5,0,0.00%,12.5,0.01%,0.03%
TWIX TWIN BAR 50GM,CS Chocolate ,FOOD,5,12.5,0,0.00%,12.5,0.07%,0.03%
PURELL REFRESHING HAND SANITIZER,CS Soap & Handwash,NON FOOD,1,12.25,0,0.00%,12.25,0.01%,0.02%
B.BAG CHEDDAR150g,CS Chips & Snacks,FOOD,1,12,0,0.00%,12,0.01%,0.02%
FANTA PET 500ML,CS Soft Drinks,BEVERAGE,4,12,0,0.00%,12,0.06%,0.02%
Ferrarelle 500Ml ,CS Water,BEVERAGE,2,12,0,0.00%,12,0.03%,0.02%
FOUNTAIN SODA SMALL,Softdrinks,BEVERAGE,6,12,0,0.00%,12,0.08%,0.02%
GLASS OF SOYA MILK,Soya Milk,FOOD,2,12,0,0.00%,12,0.03%,0.02%
Grilled Chicken,Pizza,FOOD,2,12,0,0.00%,12,0.03%,0.02%
Jalapenos,Pizza,FOOD,2,12,0,0.00%,12,0.03%,0.02%
LIPTON PYRAMID LEMON MINT TEA BA,CS Tea,FOOD,1,12,0,0.00%,12,0.01%,0.02%
Masafi Water1.5Ltr,Water,BEVERAGE,6,12,0,0.00%,12,0.08%,0.02%
Peppers,Pizza,FOOD,2,12,0,0.00%,12,0.03%,0.02%
POKKA PEACH ICED TEA 330ML,CS Soft Drinks,BEVERAGE,4,12,0,0.00%,12,0.06%,0.02%
PRINGLES 40GM SOUR CREAM,CS Chips & Snacks,FOOD,3,12,0,0.00%,12,0.04%,0.02%
SCHOGETTEN CAPPUCCINO 100G,CS Chocolate ,FOOD,2,12,0,0.00%,12,0.03%,0.02%
SCHOGETTEN DARK CHOCOLATE 100GM,CS Chocolate ,FOOD,2,12,0,0.00%,12,0.03%,0.02%
SCHWEPPES BITTER LEMON 300M,CS Soft Drinks,BEVERAGE,6,12,0,0.00%,12,0.08%,0.02%
SELPAK FACIAL TISSUE 100 SHEET,CS Tissue & Toilet Rolls,NON FOOD,2,12,0,0.00%,12,0.03%,0.02%
SMINT CANDY GUM MINT 14.2G,CS Mint & Gum,FOOD,3,12,0,0.00%,12,0.04%,0.02%
SMINT POCKET PEPPERMINT,CS Mint & Gum,FOOD,2,12,0,0.00%,12,0.03%,0.02%
VIVANI BAR CREAMY CARAMEL 40G,CS Organic Food,FOOD,2,12,0,0.00%,12,0.03%,0.02%
OREO ORIGINAL TRAY PACK 429GM,Biscuit & Cookies,FOOD,1,11.5,0,0.00%,11.5,0.01%,0.02%
SELPAK KITCHEN ROLL 2 PCS,CS Tissue & Toilet Rolls,NON FOOD,1,11.5,0,0.00%,11.5,0.01%,0.02%
BEST CAN ALMONDS SALTED 110GM,CS Nuts & Seeds,FOOD,1,11.25,0,0.00%,11.25,0.01%,0.02%
LINDT CHOCOLETTI KOKOS NUSS 100G,CS Organic Food,FOOD,1,11.25,0,0.00%,11.25,0.01%,0.02%
CADBURY DM FRUIT & NUT 100GM,CS Chocolate ,FOOD,2,11,0,0.00%,11,0.03%,0.02%
LUX HW SECRET BLISS 250ML,CS Soap & Handwash,NON FOOD,1,11,0,0.00%,11,0.01%,0.02%
MANI BERRY NUT PUMPKIN SEED 45G,CS Dry Fruits,FOOD,2,11,0,0.00%,11,0.03%,0.02%
MODERN BAKE PEANUT PEACAN ENERGY,CS Cereal,FOOD,2,11,0,0.00%,11,0.03%,0.02%
Sugar Granul2Kg ,CS Coocking & Baking,FOOD,1,11,0,0.00%,11,0.01%,0.02%
BETTY CROCKER CHOCOLATE FUDGE SU,CS Coocking & Baking,FOOD,1,10.5,0,0.00%,10.5,0.01%,0.02%
BISCUITSDIGES250 ,Biscuit & Cookies,FOOD,1,10.5,0,0.00%,10.5,0.01%,0.02%
ARIEL 260GM GREEN,CS Laundry Care,NON FOOD,2,10,0,0.00%,10,0.03%,0.02%
FANTA ORANGE CAN,Softdrinks,BEVERAGE,4,10,0,0.00%,10,0.06%,0.02%
KAGI SWISS WAFERS CHOCOLATE 50G,CS Mint & Gum,FOOD,2,10,0,0.00%,10,0.03%,0.02%
MentoGmBerryLime,CS Mint & Gum,FOOD,2,10,0,0.00%,10,0.03%,0.02%
MentoGmSwtMint,CS Mint & Gum,FOOD,2,10,0,0.00%,10,0.03%,0.02%
ORAL B BRUSH NATURAL FRESH,CS Oral Care,NON FOOD,1,10,0,0.00%,10,0.01%,0.02%
Sweet Potato Wedges,Extras,FOOD,1,10,0,0.00%,10,0.01%,0.02%
VOCHELLE BLOCK FRUIT&NUTS 180G,CS Chocolate ,FOOD,1,9.75,0,0.00%,9.75,0.01%,0.02%
JWLIGHTMEATOIL170G,CS Can & Jar Food,FOOD,1,9.5,0,0.00%,9.5,0.01%,0.02%
LUX SUNLIGHT LEMON 750ML,CS Dishwashing,NON FOOD,1,9.5,0,0.00%,9.5,0.01%,0.02%
Add Mini PastryCombo,Dessert,FOOD,9,9,0,0.00%,9,0.13%,0.02%
ALWAYS NORMAL WINGS 10 PCS,CS Sanitary Care,NON FOOD,2,9,0,0.00%,9,0.03%,0.02%
BAYARA MOONG WHOLE GREEN 400GM,CS Coocking & Baking,FOOD,2,9,0,0.00%,9,0.03%,0.02%
BOUNTY BAR 57GM,CS Chocolate ,FOOD,3,9,0,0.00%,9,0.04%,0.02%
CERES PINE APPLE JUICE 1L,CS Packet Juice,BEVERAGE,1,9,0,0.00%,9,0.01%,0.02%
CERES RUBY GRAPE FRUIT JUICE 1L,CS Packet Juice,BEVERAGE,1,9,0,0.00%,9,0.01%,0.02%
Lacnor Cocktail180ML,Fresh Juices,FOOD,6,9,0,0.00%,9,0.08%,0.02%
NATURE VALLEY OATS & HONEY,CS Cereal,FOOD,3,9,0,0.00%,9,0.04%,0.02%
PRINGLES HOT & SPICY 165GM,CS Chips & Snacks,FOOD,1,9,0,0.00%,9,0.01%,0.02%
PRINGLES SALT VINEGAR 165GM,CS Chips & Snacks,FOOD,1,9,0,0.00%,9,0.01%,0.02%
Salted Pistachios30g,Peannuts,FOOD,3,9,0,0.00%,9,0.04%,0.02%
TAMRAH CHOCO DARK ZIPPER BAG 100,CS Dry Fruits,FOOD,1,9,0,0.00%,9,0.01%,0.02%
TAMRAH COCO DATES ZIPPER BAG 100,CS Dry Fruits,FOOD,1,9,0,0.00%,9,0.01%,0.02%
TOBLETOBLERONE MILK 35GM,CS Chocolate ,FOOD,3,9,0,0.00%,9,0.04%,0.02%
VOLVIC WATER 500ML,CS Water,BEVERAGE,2,9,0,0.00%,9,0.03%,0.02%
FRUIT TELLA STRAWBERRY 39G,CS Mint & Gum,FOOD,5,8.75,0,0.00%,8.75,0.07%,0.02%
KOKA PILLOW 5 PCS MUSHROOM,CS Pasta & Noodles,FOOD,1,8.75,0,0.00%,8.75,0.01%,0.02%
BAYARA SALTED PEANUTS 300GM,CS Dry Fruits,FOOD,2,8.5,0,0.00%,8.5,0.03%,0.02%
CHEETOS 205GM CRUNCHY FLAMING HO,CS Chips & Snacks,FOOD,1,8.5,0,0.00%,8.5,0.01%,0.02%
FUNHAPBRTHDYBAL,CS Disposable,NON FOOD,1,8.5,0,0.00%,8.5,0.01%,0.02%
FUNPLSTCTUMB8TURQ25,CS Disposable,NON FOOD,1,8.5,0,0.00%,8.5,0.01%,0.02%
ADD WHIPPED CREAM,Starbucks,FOOD,2,8,0,0.00%,8,0.03%,0.02%
ALPEN BAR FRUIT NUT MILK CHOCOLA,CS Cereal,FOOD,2,8,0,0.00%,8,0.03%,0.02%
BEACON MARSHMALLOWS PINK & WHITE,CS Packet Food,FOOD,2,8,0,0.00%,8,0.03%,0.02%
BOGUTTI CHOCOFIT CHOCO HAZELNUT,Biscuit & Cookies,FOOD,1,8,0,0.00%,8,0.01%,0.02%
BOGUTTI CHOCOFIT GOJI CRAN WHITE,Biscuit & Cookies,FOOD,1,8,0,0.00%,8,0.01%,0.02%
EXTRA PELLET SPEARMINT GUM,CS Mint & Gum,FOOD,4,8,0,0.00%,8,0.06%,0.02%
Lacnor Low Fat Milk 1L,CS Dairy ,BEVERAGE,2,8,0,0.00%,8,0.03%,0.02%
Mixed Salad&Pitta,Extras,FOOD,1,8,0,0.00%,8,0.01%,0.02%
SPRITE LIGHT CAN,Softdrinks,BEVERAGE,2,8,0,0.00%,8,0.03%,0.02%
SUBSTITUTE SOYA ALMOND,Soya Milk,FOOD,2,8,0,0.00%,8,0.03%,0.02%
AL RABIE MANGO PASSION 330ML,CS Fresh Juice,BEVERAGE,3,7.5,0,0.00%,7.5,0.04%,0.02%
AL RABIE ORANGE PEACH 330ML,Fresh Juices,BEVERAGE,3,7.5,0,0.00%,7.5,0.04%,0.02%
AM Chd Sli 200,CS Dairy ,FOOD,1,7.5,0,0.00%,7.5,0.01%,0.02%
CDMHzelnutCdbury40g,CS Chocolate ,FOOD,3,7.5,0,0.00%,7.5,0.04%,0.02%
LacnorOrange180ML ,CS Packet Juice,BEVERAGE,5,7.5,0,0.00%,7.5,0.07%,0.02%
MAGNUM I/C CLASSIC,CS Ice Cream,FOOD,1,7.5,0,0.00%,7.5,0.01%,0.02%
MENTOS MINIS ASSORTED PACKET 250,CS Mint & Gum,FOOD,1,7.5,0,0.00%,7.5,0.01%,0.02%
AL MARAI FRESH MILK LOW FAT 1L,CS Dairy ,FOOD,1,7,0,0.00%,7,0.01%,0.01%
AMLacto Free Milk 1L,CS Dairy ,FOOD,1,7,0,0.00%,7,0.01%,0.01%
BAYARA GREEN LENTILS BOTTLE 400M,CS Coocking & Baking,FOOD,2,7,0,0.00%,7,0.03%,0.01%
BREAD ROLL ENGLISH BROWN,CS Bakery,FOOD,2,7,0,0.00%,7,0.03%,0.01%
"BUN BREAD PLAIN 4"" 6 PCS",CS Bakery,FOOD,2,7,0,0.00%,7,0.03%,0.01%
CAPRISUN MIXED FRUIT,CS Packet Juice,BEVERAGE,7,7,0,0.00%,7,0.10%,0.01%
KOKA CUP CHICKEN,CS Pasta & Noodles,FOOD,2,7,0,0.00%,7,0.03%,0.01%
BOGUTTI AMERICAN COOKIES RAISINS,Biscuit & Cookies,FOOD,1,6.5,0,0.00%,6.5,0.01%,0.01%
CLOROX SPONGE SCOURER 4PCS,CS Cleaning Supplies,NON FOOD,1,6.5,0,0.00%,6.5,0.01%,0.01%
CORNETTO I/C LOVE COOKIE,CS Ice Cream,FOOD,1,6.5,0,0.00%,6.5,0.01%,0.01%
CORNETTO I/C LOVE VANILLA RASPBE,CS Ice Cream,FOOD,1,6.5,0,0.00%,6.5,0.01%,0.01%
LAYS SALT VINEGAR 185GM,CS Chips & Snacks,FOOD,1,6.5,0,0.00%,6.5,0.01%,0.01%
LUX SUNLIGHT LEMON 400ML,CS Dishwashing,NON FOOD,1,6.5,0,0.00%,6.5,0.01%,0.01%
MENTOS CHEWY RAINBOW 30GM,CS Mint & Gum,FOOD,5,6.25,0,0.00%,6.25,0.07%,0.01%
BAYARA CHANA DAL 400GM,CS Coocking & Baking,FOOD,2,6,0,0.00%,6,0.03%,0.01%
BEST 13GM ALMOND,CS Nuts & Seeds,FOOD,4,6,0,0.00%,6,0.06%,0.01%
Chicken Tikka,Pizza,FOOD,1,6,0,0.00%,6,0.01%,0.01%
COKE CAN 300ML,CS Soft Drinks,BEVERAGE,3,6,0,0.00%,6,0.04%,0.01%
COKE ZERO PET 500ML,CS Soft Drinks,BEVERAGE,2,6,0,0.00%,6,0.03%,0.01%
EXTRA PELLET LIME,Biscuit & Cookies,FOOD,3,6,0,0.00%,6,0.04%,0.01%
GALAXY HAZELNUT 40GM,CS Chocolate ,FOOD,2,6,0,0.00%,6,0.03%,0.01%
Khubus Bread,Breakfast,FOOD,3,6,0,0.00%,6,0.04%,0.01%
LacnorMango180ML ,CS Packet Juice,BEVERAGE,4,6,0,0.00%,6,0.06%,0.01%
LACNOR MILK BANANA 180ML,CS Packet Juice,BEVERAGE,4,6,0,0.00%,6,0.06%,0.01%
LACNOR MILK STRAWBERRY 180ML,CS Packet Juice,BEVERAGE,4,6,0,0.00%,6,0.06%,0.01%
LAYS 40GM TOMATO KETCHUP,CS Chips & Snacks,FOOD,3,6,0,0.00%,6,0.04%,0.01%
Mirinda Orange355M,Softdrinks,FOOD,3,6,0,0.00%,6,0.04%,0.01%
MIRINDA ORANGE CAN 335ML ,CS Soft Drinks,BEVERAGE,3,6,0,0.00%,6,0.04%,0.01%
ORAL B BRUSH MAXI CLEAN,CS Oral Care,NON FOOD,1,6,0,0.00%,6,0.01%,0.01%
PEPSI PET 500M,CS Soft Drinks,BEVERAGE,2,6,0,0.00%,6,0.03%,0.01%
SCHOGETTEN MILK CHOCOLATE 100GM,CS Chocolate ,FOOD,1,6,0,0.00%,6,0.01%,0.01%
SPRITE PET 500ML,CS Soft Drinks,BEVERAGE,2,6,0,0.00%,6,0.03%,0.01%
CADBURY FRUIT & NUT100G,CS Chocolate ,FOOD,1,5.5,0,0.00%,5.5,0.01%,0.01%
MANI 20G ALMONDS SMOKED BBQ,CS Dry Fruits,FOOD,2,5.5,0,0.00%,5.5,0.03%,0.01%
MANI CASHEWS ROSTED SEA SALT 40G,CS Dry Fruits,FOOD,1,5.25,0,0.00%,5.25,0.01%,0.01%
MANI SWEET COCKTAIL NUTS FRUIT 4,CS Dry Fruits,FOOD,1,5.25,0,0.00%,5.25,0.01%,0.01%
AL MARAI POMPEGRANATE 300ML,CS Packet Juice,BEVERAGE,2,5,0,0.00%,5,0.03%,0.01%
CADBURY DM FRUIT & NUT 37GM,CS Chocolate ,FOOD,2,5,0,0.00%,5,0.03%,0.01%
Castania Peanut 60g,CS Nuts & Seeds,FOOD,1,5,0,0.00%,5,0.01%,0.01%
CORNETTO I/C CLASSICO CREAM,CS Ice Cream,FOOD,1,5,0,0.00%,5,0.01%,0.01%
GATORADE GRAPE PET 500ML,CS Sports & Energy Drinks,BEVERAGE,1,5,0,0.00%,5,0.01%,0.01%
SCHOGETTEN KIDS 100GM,CS Chocolate ,FOOD,1,5,0,0.00%,5,0.01%,0.01%
CASTANIA KRI KRI 60G,CS Nuts & Seeds,FOOD,1,4.75,0,0.00%,4.75,0.01%,0.01%
AL MARAI YOGHURT FULL CREAM 170G,CS Dairy ,FOOD,3,4.5,0,0.00%,4.5,0.04%,0.01%
LACNOR APPLE 180ML,CS Packet Juice,BEVERAGE,3,4.5,0,0.00%,4.5,0.04%,0.01%
LifebuoyPwBarVitaprotect125g,CS Soap & Handwash,NON FOOD,1,4.5,0,0.00%,4.5,0.01%,0.01%
MANI 20G PEANUTS SPICY PAPRIKA,CS Dry Fruits,FOOD,3,4.5,0,0.00%,4.5,0.04%,0.01%
SALT 1KG IODIZED ,CS Coocking & Baking,FOOD,2,4.5,0,0.00%,4.5,0.03%,0.01%
SLICED BREAD BROWN JUMBO,CS Bakery,FOOD,1,4.5,0,0.00%,4.5,0.01%,0.01%
THAI CHOICE BEEF ,CS Pasta & Noodles,FOOD,1,4.5,0,0.00%,4.5,0.01%,0.01%
THAI CHOICE SHRIMP,CS Pasta & Noodles,FOOD,1,4.5,0,0.00%,4.5,0.01%,0.01%
ADD CARAMEL DRIZZLE,Starbucks,FOOD,1,4,0,0.00%,4,0.01%,0.01%
AL AIN FRESH ORANGE JUICE 330ML,CS Packet Juice,BEVERAGE,1,4,0,0.00%,4,0.01%,0.01%
AL MAZRAAFoulMedams400G,Breakfast,FOOD,1,4,0,0.00%,4,0.01%,0.01%
ALPEN BAR FRUIT NUT 28GM,CS Cereal,FOOD,1,4,0,0.00%,4,0.01%,0.01%
AL RABIE PINEAPLLE 330ML,Fresh Juices,BEVERAGE,1,4,0,0.00%,4,0.01%,0.01%
BAYARA BAY LEAVES BOTTLE 100ML,CS Spices & Herbs,FOOD,1,4,0,0.00%,4,0.01%,0.01%
CLOROX SPONGE SCOURER 1PCS,CS Cleaning Supplies,NON FOOD,1,4,0,0.00%,4,0.01%,0.01%
FAMILIA 50GM MUESLI ORIGINAL,CS Cereal,FOOD,1,4,0,0.00%,4,0.01%,0.01%
MANI PEANUTS SPICY PAPRIKA 45G,CS Dry Fruits,FOOD,1,4,0,0.00%,4,0.01%,0.01%
MOUNTAIN DEW CAN 335ML ,CS Soft Drinks,BEVERAGE,2,4,0,0.00%,4,0.03%,0.01%
NutroLemon90g,Biscuit & Cookies,FOOD,2,4,0,0.00%,4,0.03%,0.01%
PRINGLES 40GM CHEESE,CS Chips & Snacks,FOOD,1,4,0,0.00%,4,0.01%,0.01%
PRINGLES 40GM KETCHUP,CS Chips & Snacks,FOOD,1,4,0,0.00%,4,0.01%,0.01%
TeaSpoonPlastic,CS Disposable,NON FOOD,1,4,0,0.00%,4,0.01%,0.01%
TIDE 110GM ORIGINAL SCENT,CS Laundry Care,NON FOOD,2,4,0,0.00%,4,0.03%,0.01%
A/G BAKED BEANS TOMATO SAUCE 420,CS Can & Jar Food,FOOD,1,3.5,0,0.00%,3.5,0.01%,0.01%
"BUN BREAD SEASAME 4"" 6 PCS",CS Bakery,FOOD,1,3.5,0,0.00%,3.5,0.01%,0.01%
KOKA CUP BEEF,CS Pasta & Noodles,FOOD,1,3.5,0,0.00%,3.5,0.01%,0.01%
KOKA CUP CURRY,CS Pasta & Noodles,FOOD,1,3.5,0,0.00%,3.5,0.01%,0.01%
KOKA CUP MUSHROOM,CS Pasta & Noodles,FOOD,1,3.5,0,0.00%,3.5,0.01%,0.01%
KOKA CUP SEAFOOD,CS Pasta & Noodles,FOOD,1,3.5,0,0.00%,3.5,0.01%,0.01%
LUX BAR CREAMY PERFECTION 120GM,CS Soap & Handwash,NON FOOD,1,3.5,0,0.00%,3.5,0.01%,0.01%
LUX BAR SECRET BLISS 120GM,CS Soap & Handwash,NON FOOD,1,3.5,0,0.00%,3.5,0.01%,0.01%
LUX BAR WAKE ME UP 120GM,CS Soap & Handwash,NON FOOD,1,3.5,0,0.00%,3.5,0.01%,0.01%
ORAL B BRUSH CLASSIC,CS Oral Care,NON FOOD,1,3.5,0,0.00%,3.5,0.01%,0.01%
WALKERS SB FINGERS 40G,Biscuit & Cookies,FOOD,1,3.5,0,0.00%,3.5,0.01%,0.01%
TOBLERONE WHITE 35GM,CS Chocolate ,FOOD,1,3.25,0,0.00%,3.25,0.01%,0.01%
AL MARAI ORANGE CARROT JUICE 300,CS Packet Juice,BEVERAGE,1,3,0,0.00%,3,0.01%,0.01%
CADBURY DM HAZELNUT 37GM,CS Chocolate ,FOOD,1,3,0,0.00%,3,0.01%,0.01%
COKE PET 500ML,CS Soft Drinks,BEVERAGE,1,3,0,0.00%,3,0.01%,0.01%
GALAXY FRUIT & NUT 40GM,CS Chocolate ,FOOD,1,3,0,0.00%,3,0.01%,0.01%
KAGI SWISS WAFERS SINGLE MINI 25,CS Mint & Gum,FOOD,1,3,0,0.00%,3,0.01%,0.01%
NATURE VALLEY CANADIAN MAPLE SYR,CS Cereal,FOOD,1,3,0,0.00%,3,0.01%,0.01%
POKKA LEMON ICED TEA 330ML,CS Soft Drinks,BEVERAGE,1,3,0,0.00%,3,0.01%,0.01%
Valley Crunchy,Cereal Bar,FOOD,1,3,0,0.00%,3,0.01%,0.01%
BAYARA SALT BOTTLE 100ML,CS Coocking & Baking,FOOD,1,2.75,0,0.00%,2.75,0.01%,0.01%
Alrabi Berrymix330M,Fresh Juices,FOOD,1,2.5,0,0.00%,2.5,0.01%,0.01%
Nail Cutter ,CS Others,NON FOOD,1,2.5,0,0.00%,2.5,0.01%,0.01%
Coke Zero355ML,Softdrinks,BEVERAGE,1,2,0,0.00%,2,0.01%,0.00%
LAYS 40GM SALT VINEGAR,CS Chips & Snacks,FOOD,1,2,0,0.00%,2,0.01%,0.00%
Nutro Straw90gm,Biscuit & Cookies,FOOD,1,2,0,0.00%,2,0.01%,0.00%
PEPSI CAN 355ML ,CS Soft Drinks,BEVERAGE,1,2,0,0.00%,2,0.01%,0.00%
PEPSI DIET CAN 335ML ,CS Soft Drinks,BEVERAGE,1,2,0,0.00%,2,0.01%,0.00%
SAFETY MATCH STICK BOX 2PCS,CS Others,NON FOOD,4,2,0,0.00%,2,0.06%,0.00%
SPRITE CAN 355ML,CS Soft Drinks,BEVERAGE,1,2,0,0.00%,2,0.01%,0.00%
SAFETY MATCH STICK BOX,CS Non Food,NON FOOD,1,1.75,0,0.00%,1.75,0.01%,0.00%
MENTOS CHEWY MINT 30GM,CS Mint & Gum,FOOD,1,1.25,0,0.00%,1.25,0.01%,0.00%
TOTAL*,,,"5,777","49,196.75",0,0.00%,"49,196.75",80.49%,100.00%
,,,,,,,,,
