Menu Engineering Items Summary,,,,,,,,,
,,,,,,,,,
Business Dates,12/17/2015,,,,,,,,
Locations,"DEMO,UAE",,,,,,,,
Revenue Centers,All,,,,,,,,
Menu Items,All,,,,,,,,
,,,,,,,,,
Menu Item Name,Family Group,Major Group,Qty Sold,Net Sales,Prep Cost,Cost %,Margin Less Item Disc,% Qty,% Margin
Stud Meal Combo,Main course,FOOD,190,"5,640.00",0,0.00%,"5,640.00",1.62%,6.93%
Buffet Lunch,Main course,FOOD,30,"2,700.00",0,0.00%,"2,700.00",0.26%,3.32%
GLOBAL STREET MAIN,Main course,FOOD,100,"2,574.00",0,0.00%,"2,574.00",0.85%,3.16%
Student Breakfast,Breakfast,FOOD,85,"2,550.00",0,0.00%,"2,550.00",0.73%,3.13%
MARINATED SALMON STEAK,Grill,FOOD,66,"1,980.00",0,0.00%,"1,980.00",0.56%,2.43%
AL AIN WATER 1.5L,CS Water,BEVERAGE,978,"1,467.00",0,0.00%,"1,467.00",8.35%,1.80%
SERCO LUNCH,SERCO LUNCH,FOOD,90,"1,350.00",0,0.00%,"1,350.00",0.77%,1.66%
Classic Angus Burger,Burgers,FOOD,41,"1,230.00",0,0.00%,"1,230.00",0.35%,1.51%
Chicken Steak,Grill,FOOD,48,"1,152.00",0,0.00%,"1,152.00",0.41%,1.42%
AL AIN WATER 500ml,CS Water,BEVERAGE,"1,144","1,144.00",0,0.00%,"1,144.00",9.77%,1.41%
SERCO DINNER,SERCO DINNER,FOOD,71,"1,065.00",0,0.00%,"1,065.00",0.61%,1.31%
BBQ Glazed Chicken,Sandwiches,FOOD,50,"1,029.00",0,0.00%,"1,029.00",0.43%,1.26%
CHICKEN MEAL ,Main course,FOOD,42,975,0,0.00%,975,0.36%,1.20%
Buffet Meal,Main course,FOOD,45,946,0,0.00%,946,0.38%,1.16%
Margherita(V),Pizza,FOOD,36,900,0,0.00%,900,0.31%,1.11%
LINDT XMAS LINDOR MILK CUBE 250G,CS Chocolate ,FOOD,17,803.25,0,0.00%,803.25,0.15%,0.99%
Tenderloin Steak,Burgers,FOOD,26,780,0,0.00%,780,0.22%,0.96%
Take Away Box,Take Away Boxes,NON FOOD,236,708,0,0.00%,708,2.01%,0.87%
Chocolate Bar,Extras,FOOD,133,665,0,0.00%,665,1.14%,0.82%
7 OZ DOUBLE SHOT ICED SHAKEN,Starbucks,FOOD,43,602,0,0.00%,602,0.37%,0.74%
Falafel Tomato & Hummus(V),Sandwiches,FOOD,32,576,0,0.00%,576,0.27%,0.71%
16 OZ CAFFE LATTE,Starbucks,FOOD,41,574,0,0.00%,574,0.35%,0.71%
MEAT PLATTER,Main course,FOOD,19,570,0,0.00%,570,0.16%,0.70%
Smoked Salmon,Sandwiches,FOOD,22,550,0,0.00%,550,0.19%,0.68%
Slice of the Day,Pizza,FOOD,107,535,0,0.00%,535,0.91%,0.66%
Chicken Tikka,Sandwiches,FOOD,22,528,0,0.00%,528,0.19%,0.65%
Two Eggs ,Breakfast,FOOD,103,510,0,0.00%,510,0.88%,0.63%
LINDT XMAS TEDDY BEAR 100GM,CS Chocolate ,FOOD,25,487.5,0,0.00%,487.5,0.21%,0.60%
12 OZ CAFFE LATTE,Starbucks,FOOD,39,468,0,0.00%,468,0.33%,0.58%
Open Food,Open Food,FOOD,2,464,0,0.00%,464,0.02%,0.57%
Grilled Chicken Burger,Burgers,FOOD,19,456,0,0.00%,456,0.16%,0.56%
BEEF MEAL,Main course,FOOD,18,450,0,0.00%,450,0.15%,0.55%
TAMRAH CHOCO CARAMEL ZIPPER BAG ,CS Dry Fruits,FOOD,47,446.5,0,0.00%,446.5,0.40%,0.55%
12 OZ TOFFEE NUT LATTE,Coffee,FOOD,26,442,0,0.00%,442,0.22%,0.54%
SMOKED TURKEY S/W,Sandwiches,FOOD,13,442,0,0.00%,442,0.11%,0.54%
FG MEDIUM BOWL,FEEL GOOD,FOOD,24,432,0,0.00%,432,0.20%,0.53%
Massaman Chicken,Main course,FOOD,18,432,0,0.00%,432,0.15%,0.53%
Chicken Caesar,Salads,FOOD,17,425,0,0.00%,425,0.15%,0.52%
CHICKEN ROCQUET CHEESE S/W,Sandwiches,FOOD,14,420,0,0.00%,420,0.12%,0.52%
TAMRAH CHOCO DARK ZIPPER BAG 100,CS Dry Fruits,FOOD,44,418,0,0.00%,418,0.38%,0.51%
TAMRAH CHOCO MILK ZIPPER BAG 100,CS Dry Fruits,FOOD,43,408.5,0,0.00%,408.5,0.37%,0.50%
12 OZ CAPPUCHINO,Starbucks,FOOD,36,408,0,0.00%,408,0.31%,0.50%
Fresh Fruit Pcs,Extras,FOOD,135,396,0,0.00%,396,1.15%,0.49%
LINDT XMAS TREE MILK 112GM,CS Chocolate ,FOOD,22,396,0,0.00%,396,0.19%,0.49%
12 OZ CAFFE AMERICANO,Starbucks,FOOD,39,390,0,0.00%,390,0.33%,0.48%
COCA COLA CAN,Softdrinks,BEVERAGE,94,376,0,0.00%,376,0.80%,0.46%
Battered Chicken,Main course,FOOD,13,364,0,0.00%,364,0.11%,0.45%
SERCO BREAKFAST,SERCO BREAKFAST,FOOD,24,360,0,0.00%,360,0.20%,0.44%
Tandoori Chicken,Pizza,FOOD,10,360,0,0.00%,360,0.09%,0.44%
CEASAR CHICKEN WRAP,Wraps,FOOD,10,340,0,0.00%,340,0.09%,0.42%
Super Food Salad (V),Salads,FOOD,13,312,0,0.00%,312,0.11%,0.38%
16 OZ CAPPUCHINO,Starbucks,FOOD,22,308,0,0.00%,308,0.19%,0.38%
Open Beverage,Open Beverage,BEVERAGE,1,300,0,0.00%,300,0.01%,0.37%
CHICKEN CEASAR SALAD,Salads,FOOD,9,288,0,0.00%,288,0.08%,0.35%
LINDT XMAS TEDDY FREUNDE 100GM,CS Chocolate ,FOOD,9,272.25,0,0.00%,272.25,0.08%,0.33%
Side Salad,Salads,FOOD,66,264,0,0.00%,264,0.56%,0.32%
FG LARGE BOWL,FEEL GOOD,FOOD,10,260,0,0.00%,260,0.09%,0.32%
WALK IN LUNCH,WALK IN LUNCH,FOOD,26,260,0,0.00%,260,0.22%,0.32%
Go Large,Pizza,FOOD,32,256,0,0.00%,256,0.27%,0.31%
16 OZ ICED WHITE CHOCOLATE MOCHA,Starbucks,FOOD,14,253,0,0.00%,253,0.12%,0.31%
TWIX MINIS BAG 22PCS,CS Chocolate ,FOOD,10,250,0,0.00%,250,0.09%,0.31%
TAMRAH COCO DATES ZIPPER BAG 100,CS Dry Fruits,FOOD,26,247,0,0.00%,247,0.22%,0.30%
CROISSANT MEDIUM,PASTRIES,FOOD,35,245,0,0.00%,245,0.30%,0.30%
Guest Meal Combo,Main course,FOOD,11,245,0,0.00%,245,0.09%,0.30%
LINDT XMAS HELLO SANTA 140GM,CS Chocolate ,FOOD,10,237.5,0,0.00%,237.5,0.09%,0.29%
Yasai Itame,Main course,FOOD,9,234,0,0.00%,234,0.08%,0.29%
Fruit Salad,Yoghurt Pots,FOOD,19,228,0,0.00%,228,0.16%,0.28%
Buffet Fruit Salad,Salads,FOOD,46,225,0,0.00%,225,0.39%,0.28%
Hawaiian,Pizza,FOOD,7,224,0,0.00%,224,0.06%,0.28%
Yogurt Muesli Honey,Yoghurt Pots,FOOD,14,224,0,0.00%,224,0.12%,0.28%
FRESH JUICE SMALL,Breakfast,FOOD,55,220,0,0.00%,220,0.47%,0.27%
Homemade Beef Burger,Burgers,FOOD,11,220,0,0.00%,220,0.09%,0.27%
16 OZ CAFFE AMERICANO,Starbucks,FOOD,18,216,0,0.00%,216,0.15%,0.27%
Extra Portion Grill,Main course,FOOD,18,216,0,0.00%,216,0.15%,0.27%
Bagel S. Salmon,Sandwiches,FOOD,8,200,0,0.00%,200,0.07%,0.25%
Dessert,Dessert,FOOD,50,200,0,0.00%,200,0.43%,0.25%
Hash Browns,Breakfast,FOOD,51,200,0,0.00%,200,0.44%,0.25%
LINDT XMAS MINI BEAR MILK 5PCS,CS Chocolate ,FOOD,14,199.5,0,0.00%,199.5,0.12%,0.25%
California Rolls(6Pcs),Sushi,FOOD,9,198,0,0.00%,198,0.08%,0.24%
Steamed Vegetables,Main course,FOOD,7,196,0,0.00%,196,0.06%,0.24%
16 OZ ICED CARAMEL MACCHIATO,Starbucks,FOOD,11,195,0,0.00%,195,0.09%,0.24%
CROISSANT MINI,Dessert,FOOD,67,195,0,0.00%,195,0.57%,0.24%
BLACK ANGUS CLUB 6 OZ,Burgers,FOOD,6,192,0,0.00%,192,0.05%,0.24%
Five a Day,Fresh Juices,BEVERAGE,8,192,0,0.00%,192,0.07%,0.24%
12 OZ ICED TOFFEE NUT LATTE,Coffee,FOOD,11,187,0,0.00%,187,0.09%,0.23%
PRO BAR MEAL PEANUT BUTTER CHOCO,CS Cereal,FOOD,8,182,0,0.00%,182,0.07%,0.22%
LACNOR APPLE 180ML,Fresh Juices,BEVERAGE,44,176,0,0.00%,176,0.38%,0.22%
Smoked Turkey Ham Pasta,Salads,FOOD,8,176,0,0.00%,176,0.07%,0.22%
JOHN WEST WHITE TUNA SOLID WATER,CS Can & Jar Food,FOOD,17,174.25,0,0.00%,174.25,0.15%,0.21%
BAYARA 1KG ALMOND,CS Nuts & Seeds,FOOD,3,173.25,0,0.00%,173.25,0.03%,0.21%
MAGNUM I/C DOUBLE CHOCOLATE,CS Ice Cream,FOOD,19,171,0,0.00%,171,0.16%,0.21%
12 OZ VANILLA LATTE,Starbucks,FOOD,10,170,0,0.00%,170,0.09%,0.21%
Beef sausage,Breakfast,FOOD,34,170,0,0.00%,170,0.29%,0.21%
Cereal Portion,Breakfast,FOOD,24,168,0,0.00%,168,0.20%,0.21%
LACNOR MILK BANANA,Flavoured Milk,BEVERAGE,42,168,0,0.00%,168,0.36%,0.21%
12 OZ CARAMEL MACCHIATO,Starbucks,FOOD,11,165,0,0.00%,165,0.09%,0.20%
12OZ WHITE CHOCOLATE MOCHA,Starbucks,FOOD,11,165,0,0.00%,165,0.09%,0.20%
Grilled Halloumi(V),Sandwiches,FOOD,8,160,0,0.00%,160,0.07%,0.20%
GALAXY MINIS SMOOTH BAG 20PCS,CS Chocolate ,FOOD,9,159.75,0,0.00%,159.75,0.08%,0.20%
GILLETTE VENUS RAZOR 3UP,CS Mens Care,NON FOOD,4,155,0,0.00%,155,0.03%,0.19%
RED BULL 250ML,CS Sports & Energy Drinks,BEVERAGE,22,155,0,0.00%,155,0.19%,0.19%
LACNOR MILK CHOCOLATE,Flavoured Milk,BEVERAGE,38,152,0,0.00%,152,0.32%,0.19%
Mexican Melt,Pizza,FOOD,4,152,0,0.00%,152,0.03%,0.19%
BBQ or CurrySouce,Pizza,FOOD,5,150,0,0.00%,150,0.04%,0.18%
Extra Topping,Pizza,FOOD,30,150,0,0.00%,150,0.26%,0.18%
FYO SHAWARMA,Main course,FOOD,10,150,0,0.00%,150,0.09%,0.18%
Masafi Water500ml,Water,BEVERAGE,"1,273",150,0,0.00%,150,10.87%,0.18%
ORAL B TP PRO EXPERT MILD MINT 7,CS Oral Care,NON FOOD,6,150,0,0.00%,150,0.05%,0.18%
REUBENS S/W,Sandwiches,FOOD,5,150,0,0.00%,150,0.04%,0.18%
FRESH JUICE LARGE,Fresh Juices,FOOD,21,147,0,0.00%,147,0.18%,0.18%
DOUBLE ESSPRESSO,Starbucks,FOOD,12,144,0,0.00%,144,0.10%,0.18%
SIMPLE SHAWARMA,Main course,FOOD,18,144,0,0.00%,144,0.15%,0.18%
LINDT XMAS TEDDY LENDOR HEART 47,CS Chocolate ,FOOD,9,141.75,0,0.00%,141.75,0.08%,0.17%
GRILLED CHICKEN & BACON S/W,Sandwiches,FOOD,4,140,0,0.00%,140,0.03%,0.17%
Yoghurt,Yogurt,FOOD,35,140,0,0.00%,140,0.30%,0.17%
16 OZ WHITE CHOCOLATE MOCHA,Starbucks,FOOD,8,136,0,0.00%,136,0.07%,0.17%
BRIE & TOMATO S/W,Sandwiches,FOOD,4,136,0,0.00%,136,0.03%,0.17%
Digest dark200,Biscuit & Cookies,FOOD,10,135,0,0.00%,135,0.09%,0.17%
TORCH CLUB STEAK S/W,Sandwiches,FOOD,3,135,0,0.00%,135,0.03%,0.17%
GILLETTE BLADE FUSION 4PCS,CS Mens Care,NON FOOD,2,130.5,0,0.00%,130.5,0.02%,0.16%
16 OZ ICED CAFFE LATTE,Starbucks,FOOD,9,130,0,0.00%,130,0.08%,0.16%
Yogurt Mango,Yoghurt Pots,FOOD,13,130,0,0.00%,130,0.11%,0.16%
SCHIK RAZOR WOMEN TRIM STYLE QUA,CS Womens Care,NON FOOD,3,129.75,0,0.00%,129.75,0.03%,0.16%
BAYARA 1KG CASHEW NUT,CS Nuts & Seeds,FOOD,2,129.5,0,0.00%,129.5,0.02%,0.16%
LINDT XMAS MINI SANTA SLEIGH 5PC,CS Chocolate ,FOOD,9,128.25,0,0.00%,128.25,0.08%,0.16%
Frid Rice W Chicken,Fried Rice,FOOD,4,128,0,0.00%,128,0.03%,0.16%
POKKA LEMON ICED TEA CAN,Packet Juice,BEVERAGE,32,128,0,0.00%,128,0.27%,0.16%
Cold Cuts,Breakfast,FOOD,25,125,0,0.00%,125,0.21%,0.15%
16 OZ ICED CAFE AMERICANO,Starbucks,FOOD,10,124,0,0.00%,124,0.09%,0.15%
LACNOR MILK STRAWBERRY,Flavoured Milk,BEVERAGE,31,124,0,0.00%,124,0.26%,0.15%
ALWAYS MEGAPACK LARGE WINGS 30 P,CS Sanitary Care,NON FOOD,7,122.5,0,0.00%,122.5,0.06%,0.15%
ORAL B FLOSS UNWAXED,CS Oral Care,NON FOOD,11,121,0,0.00%,121,0.09%,0.15%
BUTTER FLY CHICKEN BREAST ,Grill,FOOD,5,120,0,0.00%,120,0.04%,0.15%
NIVEA WIPES PURE CLEANSING 25PCS,CS Tissue & Toilet Rolls,NON FOOD,4,120,0,0.00%,120,0.03%,0.15%
Croissant,Breakfast,FOOD,17,119,0,0.00%,119,0.15%,0.15%
16 OZ VANILLA LATTE,Starbucks,FOOD,6,114,0,0.00%,114,0.05%,0.14%
4 OZ BURGER COMBO,Burgers,FOOD,3,114,0,0.00%,114,0.03%,0.14%
Meat Feast,Pizza,FOOD,3,114,0,0.00%,114,0.03%,0.14%
MAGNUM I/C ALMOND,CS Ice Cream,FOOD,15,112.5,0,0.00%,112.5,0.13%,0.14%
AMERICAN 4 OZ,Burgers,FOOD,4,112,0,0.00%,112,0.03%,0.14%
Peanut Butter & Jelly(V),Sandwiches,FOOD,7,112,0,0.00%,112,0.06%,0.14%
PAPER BAG,BAGS,NON FOOD,111,111,0,0.00%,111,0.95%,0.14%
Tuna Cheese Melt,Sandwiches,FOOD,5,110,0,0.00%,110,0.04%,0.14%
BOUNTY MINIS BAG 15PCS,CS Chocolate ,FOOD,6,108,0,0.00%,108,0.05%,0.13%
BRIE & BACON S/W,Sandwiches,FOOD,3,108,0,0.00%,108,0.03%,0.13%
Soup,Extras,FOOD,18,108,0,0.00%,108,0.15%,0.13%
Yoghurt,Yogurt,FOOD,9,108,0,0.00%,108,0.08%,0.13%
GILLETTE BLADE MACH 3 TURBO 2PCS,CS Mens Care,NON FOOD,4,106,0,0.00%,106,0.03%,0.13%
DR OETKER MOZZRELLA PIZZA,CS Frozen Food,FOOD,4,105,0,0.00%,105,0.03%,0.13%
12 OZ HOT CHOCOLATE,Starbucks,FOOD,6,104,0,0.00%,104,0.05%,0.13%
FETA & ROAST VEG PANINI,Sandwiches,FOOD,4,104,0,0.00%,104,0.03%,0.13%
COCONUT WATER CAN,Packet Juice,BEVERAGE,25,100,0,0.00%,100,0.21%,0.12%
Filter Tea,Tea,FOOD,21,100,0,0.00%,100,0.18%,0.12%
Salmon Salad,Salads,FOOD,4,100,0,0.00%,100,0.03%,0.12%
BJORG ORGANIC FOURRES FRAMBOISES,CS Organic Food,FOOD,3,99.75,0,0.00%,99.75,0.03%,0.12%
NIVEASunInvProtSPF20,CS Body Care,NON FOOD,2,99,0,0.00%,99,0.02%,0.12%
KIT KAT MINI BAG 250GM,CS Chocolate ,FOOD,6,97.5,0,0.00%,97.5,0.05%,0.12%
Filter Coffee,Tea,FOOD,23,95,0,0.00%,95,0.20%,0.12%
GILLETTE VENUS BREEZE RAZOR 3UP,CS Mens Care,NON FOOD,2,95,0,0.00%,95,0.02%,0.12%
SELPAK TOILET ROLL 7+2,CS Tissue & Toilet Rolls,NON FOOD,4,93,0,0.00%,93,0.03%,0.11%
SELPAK KITCHEN ROLL 2 PCS,CS Tissue & Toilet Rolls,NON FOOD,8,92,0,0.00%,92,0.07%,0.11%
LACNOR ORANGE 180ML,Fresh Juices,BEVERAGE,26,90.25,0,0.00%,90.25,0.22%,0.11%
CHICKEN STACK,Burgers,FOOD,3,90,0,0.00%,90,0.03%,0.11%
Chicken Tandoori,Pre Packed Sandwiches,FOOD,9,90,0,0.00%,90,0.08%,0.11%
Maple Joe250gm,CS Can & Jar Food,FOOD,2,90,0,0.00%,90,0.02%,0.11%
OREO 704g,Biscuit & Cookies,FOOD,4,90,0,0.00%,90,0.03%,0.11%
Three Cheese Spring Onion,Pre Packed Sandwiches,FOOD,9,90,0,0.00%,90,0.08%,0.11%
LACNOR MANGO 180ML,Fresh Juices,BEVERAGE,22,88,0,0.00%,88,0.19%,0.11%
REDBULL SUGAR FREE,Energy Drinks,BEVERAGE,11,88,0,0.00%,88,0.09%,0.11%
Roast Beef,Sandwiches,FOOD,4,88,0,0.00%,88,0.03%,0.11%
GILLETTE BLADE 4 PCS MACH 3,CS Mens Care,NON FOOD,2,87.5,0,0.00%,87.5,0.02%,0.11%
ORAL B BRUSH MAXI CLEAN,CS Oral Care,NON FOOD,14,87.5,0,0.00%,87.5,0.12%,0.11%
12 OZ CARAMEL LATTE,Starbucks,FOOD,5,85,0,0.00%,85,0.04%,0.10%
16 OZ CARAMEL MACCHIATO,Starbucks,FOOD,5,85,0,0.00%,85,0.04%,0.10%
Baked beans,Breakfast,FOOD,17,85,0,0.00%,85,0.15%,0.10%
B.BAG OAK SMOK150g,CS Chips & Snacks,FOOD,7,84,0,0.00%,84,0.06%,0.10%
FG SMALL BOWL,FEEL GOOD,FOOD,7,84,0,0.00%,84,0.06%,0.10%
French Fries,Extras,FOOD,14,84,0,0.00%,84,0.12%,0.10%
WATER PUMP MANUAL,CS Others,NON FOOD,2,84,0,0.00%,84,0.02%,0.10%
AL AIN FRESH MILK FULL FAT 2L,CS Dairy ,FOOD,8,80,0,0.00%,80,0.07%,0.10%
Espresso,Coffee,BEVERAGE,8,80,0,0.00%,80,0.07%,0.10%
Tamago Nigiri,Sushi,FOOD,16,80,0,0.00%,80,0.14%,0.10%
VEG BURGER,Burgers,FOOD,4,80,0,0.00%,80,0.03%,0.10%
Pancakes,Breakfast,FOOD,26,78,0,0.00%,78,0.22%,0.10%
TUNA NICOISE SALAD,Salads,FOOD,3,78,0,0.00%,78,0.03%,0.10%
STREPSILS HONEY & LEMON PACKET,CS Chocolate ,FOOD,4,76,0,0.00%,76,0.03%,0.09%
ALWAYS MEGAPACK PANTYLINER 80 NO,CS Sanitary Care,NON FOOD,3,75.75,0,0.00%,75.75,0.03%,0.09%
25 Dhs Rech,CS Others,NON FOOD,3,75,0,0.00%,75,0.03%,0.09%
Beef Bacon,Breakfast,FOOD,15,75,0,0.00%,75,0.13%,0.09%
MAGNUM I/C CLASSIC,CS Ice Cream,FOOD,10,75,0,0.00%,75,0.09%,0.09%
MAGNUM I/C WHITE,CS Ice Cream,FOOD,10,75,0,0.00%,75,0.09%,0.09%
FINE TOILET ROLLS 2PLY X 10 PCS ,CS Tissue & Toilet Rolls,NON FOOD,5,73.75,0,0.00%,73.75,0.04%,0.09%
DR.OETKER ICING WHITE 140GM,CS Coocking & Baking,FOOD,3,73.5,0,0.00%,73.5,0.03%,0.09%
RACHELS NATURAL LOW FAT YOUGHURT,CS Organic Food,FOOD,3,73.5,0,0.00%,73.5,0.03%,0.09%
AXE DEO ANARCHY 4 HIM 150ML,CS Deodrants,NON FOOD,4,73,0,0.00%,73,0.03%,0.09%
CHUNKY MONKEY,Milk Shake,BEVERAGE,3,72,0,0.00%,72,0.03%,0.09%
Double Trouble,Milk Shake,BEVERAGE,3,72,0,0.00%,72,0.03%,0.09%
Glazed Veg,Sandwiches,FOOD,4,72,0,0.00%,72,0.03%,0.09%
Mushrooms,Pizza,FOOD,12,72,0,0.00%,72,0.10%,0.09%
Pepperoni,Pizza,FOOD,12,72,0,0.00%,72,0.10%,0.09%
Small Salad,Salads,FOOD,6,72,0,0.00%,72,0.05%,0.09%
The Big Apple,Milk Shake,BEVERAGE,3,72,0,0.00%,72,0.03%,0.09%
LINDT XMAS MINI ANGELS 5PCS,CS Chocolate ,FOOD,5,71.25,0,0.00%,71.25,0.04%,0.09%
LINDT XMAS MINI SNOWMAN 5PCS,CS Chocolate ,FOOD,5,71.25,0,0.00%,71.25,0.04%,0.09%
CLASSIC FRIES,Main course,FOOD,14,70,0,0.00%,70,0.12%,0.09%
Full Breakfast,Breakfast,FOOD,2,70,0,0.00%,70,0.02%,0.09%
Isabella(V),Pizza,FOOD,2,70,0,0.00%,70,0.02%,0.09%
Rocco,Pizza,FOOD,2,70,0,0.00%,70,0.02%,0.09%
ORAL B TP COMPLETE EXTRA WHITE 1,CS Oral Care,NON FOOD,6,69,0,0.00%,69,0.05%,0.08%
SWISS DELICE JAPONAIS BISCUITS 1,CS Chocolate ,FOOD,4,69,0,0.00%,69,0.03%,0.08%
LINDT EXCELLENCE SEA SALT 100GM,CS Chocolate ,FOOD,5,68.75,0,0.00%,68.75,0.04%,0.08%
PRO BAR ORGANIC BOLT BERRY BLAST,CS Cereal,FOOD,3,68.25,0,0.00%,68.25,0.03%,0.08%
White Bean(V),Pizza,FOOD,2,68,0,0.00%,68,0.02%,0.08%
DR.OETKER BAKING CASES 75PCS,CS Disposable,NON FOOD,5,67.5,0,0.00%,67.5,0.04%,0.08%
DR.OETKER ICING BLUE 140GM,CS Coocking & Baking,FOOD,3,67.5,0,0.00%,67.5,0.03%,0.08%
DR.OETKER ICING PINK 140GM,CS Coocking & Baking,FOOD,3,67.5,0,0.00%,67.5,0.03%,0.08%
KIT KAT CHUNKY 46GM,CS Chocolate ,FOOD,24,66,0,0.00%,66,0.20%,0.08%
Meal Buffet GK,Main course,FOOD,3,66,0,0.00%,66,0.03%,0.08%
Oatmeal Porridge,Breakfast,FOOD,22,66,0,0.00%,66,0.19%,0.08%
Valley Crunchy,Cereal Bar,FOOD,22,66,0,0.00%,66,0.19%,0.08%
BJORG ORGANIC TOFU NATURE 200GMX,CS Organic Food,FOOD,2,65.5,0,0.00%,65.5,0.02%,0.08%
GILLETTE RAZOR MACH 3 2UP,CS Mens Care,NON FOOD,2,65.5,0,0.00%,65.5,0.02%,0.08%
BISQUINI TIN CHOCOLATE COOKIES 1,Biscuit & Cookies,FOOD,5,65,0,0.00%,65,0.04%,0.08%
PERRIER WATER 750ML,Water,BEVERAGE,10,65,0,0.00%,65,0.09%,0.08%
GLAD GARBAGE BAG SMALL 20L X 30,CS Bags/Foil/Wraps,NON FOOD,7,64.75,0,0.00%,64.75,0.06%,0.08%
PRINGLES ORIGINAL 165GM,CS Chips & Snacks,FOOD,7,64.75,0,0.00%,64.75,0.06%,0.08%
Egg Cress Mayonnaise,Pre Packed Sandwiches,FOOD,8,64,0,0.00%,64,0.07%,0.08%
FRESH GREEN SALAD,Salads,FOOD,4,64,0,0.00%,64,0.03%,0.08%
FRIED CHICKEN WRAP,Burgers,FOOD,2,64,0,0.00%,64,0.02%,0.08%
PEPSI CAN,Softdrinks,BEVERAGE,16,64,0,0.00%,64,0.14%,0.08%
Toast,Breakfast,FOOD,66,64,0,0.00%,64,0.56%,0.08%
DR.OETKER CUPCAKE CENTRE CHOCOLA,CS Coocking & Baking,FOOD,3,63.75,0,0.00%,63.75,0.03%,0.08%
MATESERES 37GM,CS Chocolate ,FOOD,19,61.75,0,0.00%,61.75,0.16%,0.08%
DR.OETKER NEON SUGAR 100GM,CS Coocking & Baking,FOOD,3,61.5,0,0.00%,61.5,0.03%,0.08%
12 OZ CAFFE MOCHA,Starbucks,FOOD,4,60,0,0.00%,60,0.03%,0.07%
AL AIN FRESH MILK LOW FAT 2L,CS Dairy ,FOOD,6,60,0,0.00%,60,0.05%,0.07%
Cappuccino,Nespresso,FOOD,5,60,0,0.00%,60,0.04%,0.07%
Carrot Cake,Dessert,FOOD,5,60,0,0.00%,60,0.04%,0.07%
CheseTurkeyHamCrossiant,Sandwiches,FOOD,3,60,0,0.00%,60,0.03%,0.07%
ENERGIZER AAA 4 PCS,CS Others,NON FOOD,4,60,0,0.00%,60,0.03%,0.07%
MCVITIES DIGESTIVE 250GM LIGHT,Biscuit & Cookies,FOOD,5,60,0,0.00%,60,0.04%,0.07%
Mixed Green Salad(V),Salads,FOOD,3,60,0,0.00%,60,0.03%,0.07%
NIVEA MEN SHOWER ENERGY 250ML,CS Bath & Shower,NON FOOD,4,60,0,0.00%,60,0.03%,0.07%
BAYARA 1KG APRICOT DRIED,CS Dry Fruits,FOOD,1,59.5,0,0.00%,59.5,0.01%,0.07%
BJORG ORGANIC MUESLI NO SUGAR 37,CS Organic Food,FOOD,2,58.5,0,0.00%,58.5,0.02%,0.07%
OAT KING BAR PURE 95GM,CS Cereal,FOOD,4,58,0,0.00%,58,0.03%,0.07%
DOVE SHOWER CUCUMBER & GREEN TEA,CS Bath & Shower,NON FOOD,3,57.75,0,0.00%,57.75,0.03%,0.07%
MODERN BAKE MANGO PISTA ENERGY B,CS Cereal,FOOD,11,57.75,0,0.00%,57.75,0.09%,0.07%
ORAL B TP COMPLETE EXTRA FRESH M,CS Oral Care,NON FOOD,5,57.5,0,0.00%,57.5,0.04%,0.07%
16 OZ CARAMEL LATTE,Starbucks,FOOD,3,57,0,0.00%,57,0.03%,0.07%
DOVE BODY LOTION CUCUMBER GREEN ,CS Body Care,NON FOOD,3,57,0,0.00%,57,0.03%,0.07%
OREO MINI CUP 115GM,CS Food,FOOD,6,57,0,0.00%,57,0.05%,0.07%
ARIEL GREEN 1.5KG,CS Laundry Care,NON FOOD,2,56,0,0.00%,56,0.02%,0.07%
Brownie,Dessert,FOOD,4,56,0,0.00%,56,0.03%,0.07%
COCA COLA ZERO CAN,Softdrinks,BEVERAGE,14,56,0,0.00%,56,0.12%,0.07%
JAYS POM PUNCH,Smoothies,BEVERAGE,2,56,0,0.00%,56,0.02%,0.07%
Orange Pcs,CS Fresh Fruit,FOOD,28,56,0,0.00%,56,0.24%,0.07%
Pain an Raisin,Dessert,FOOD,7,56,0,0.00%,56,0.06%,0.07%
PRINGLES HOT & SPICY 165GM,CS Chips & Snacks,FOOD,6,55.5,0,0.00%,55.5,0.05%,0.07%
SYOSS HAIR SPRAY STRONG HOLD 400,CS Soap & Handwash,NON FOOD,2,55.5,0,0.00%,55.5,0.02%,0.07%
LINDT EXCELLENCE CARAMEL 100G,CS Chocolate ,FOOD,4,55,0,0.00%,55,0.03%,0.07%
LINDT EXCELLENCE MINT INTENSE 10,CS Chocolate ,FOOD,4,55,0,0.00%,55,0.03%,0.07%
CheseTomatoCrossiant,Sandwiches,FOOD,3,54,0,0.00%,54,0.03%,0.07%
Chicken Chirashi,Sushi,FOOD,3,54,0,0.00%,54,0.03%,0.07%
FANTA ORANGE CAN,Softdrinks,BEVERAGE,16,54,0,0.00%,54,0.14%,0.07%
BISQUINI TIN BUTTER COOKIES 150G,Biscuit & Cookies,FOOD,4,52,0,0.00%,52,0.03%,0.06%
BRIGHT BREAKFAST,Smoothies,BEVERAGE,2,52,0,0.00%,52,0.02%,0.06%
H&S SH FOR MEN 200ML,CS Shampoo & Conditioner,NON FOOD,4,52,0,0.00%,52,0.03%,0.06%
LACNOR COCKTAIL 180ML,Fresh Juices,BEVERAGE,13,52,0,0.00%,52,0.11%,0.06%
Salmon Temaki (3 Pcs),Sushi,FOOD,2,52,0,0.00%,52,0.02%,0.06%
DR.OETKER WRITING ICING BRIGHTS ,CS Coocking & Baking,FOOD,3,51.75,0,0.00%,51.75,0.03%,0.06%
JDS BUTTER WAFFLES,Biscuit & Cookies,FOOD,3,51.75,0,0.00%,51.75,0.03%,0.06%
16 OZ CAFFE MOCHA,Starbucks,FOOD,3,51,0,0.00%,51,0.03%,0.06%
TRESEMME SH 24 HOUR BODY 500ML,CS Shampoo & Conditioner,NON FOOD,2,51,0,0.00%,51,0.02%,0.06%
TRESEMME SH PLATINUM STRENGTH 50,CS Shampoo & Conditioner,NON FOOD,2,51,0,0.00%,51,0.02%,0.06%
GO PURE CHIPS ROSEMARY 125G,CS Organic Food,FOOD,3,50.25,0,0.00%,50.25,0.03%,0.06%
Chicken Sweetcorn,Pre Packed Sandwiches,FOOD,5,50,0,0.00%,50,0.04%,0.06%
PEPPERMEIN LOOSE TEA,Tea,FOOD,5,50,0,0.00%,50,0.04%,0.06%
Portion Protein,Main course,FOOD,5,50,0,0.00%,50,0.04%,0.06%
SCONES,Dessert,FOOD,5,50,0,0.00%,50,0.04%,0.06%
SELPAK TOILET PAPER 4 ROLLS,CS Tissue & Toilet Rolls,NON FOOD,4,50,0,0.00%,50,0.03%,0.06%
NUTELLA 400GM,CS Can & Jar Food,FOOD,2,49,0,0.00%,49,0.02%,0.06%
RACHELS GREEK LEMON YOGHURT 450G,CS Organic Food,FOOD,2,49,0,0.00%,49,0.02%,0.06%
RACHELS GREEK YOGHURT NATURAL 45,CS Dairy ,FOOD,2,49,0,0.00%,49,0.02%,0.06%
PERSIL LIQUID GREEN POWER GEL 3L,CS Laundry Care,NON FOOD,1,48.75,0,0.00%,48.75,0.01%,0.06%
Add Cheese,Extras,FOOD,16,48,0,0.00%,48,0.14%,0.06%
French Toast,Breakfast,FOOD,12,48,0,0.00%,48,0.10%,0.06%
Latte Macchiato,Nespresso,FOOD,4,48,0,0.00%,48,0.03%,0.06%
LUX BW SWEET EMBRACE 250ML,CS Bath & Shower,NON FOOD,4,48,0,0.00%,48,0.03%,0.06%
NESCAFE GOLD COFFEE 200GM,CS Coffee,FOOD,1,48,0,0.00%,48,0.01%,0.06%
THE 3RD DATE,Milk Shake,BEVERAGE,2,48,0,0.00%,48,0.02%,0.06%
JWLIGHTMEATOIL170G,CS Can & Jar Food,FOOD,5,47.5,0,0.00%,47.5,0.04%,0.06%
16 OZ ICED CAFFE MOCHA,Starbucks,FOOD,3,47,0,0.00%,47,0.03%,0.06%
AL AIN FRESH MILK 1L FULL CREAM,CS Dairy ,FOOD,7,45.5,0,0.00%,45.5,0.06%,0.06%
CROISSANT HI BUTTER PLAIN,CS Bakery,FOOD,13,45.5,0,0.00%,45.5,0.11%,0.06%
TIDE ORIGINAL SCENT 1.5KG,CS Laundry Care,NON FOOD,2,45.5,0,0.00%,45.5,0.02%,0.06%
CHICKEN MAIN,Main course,FOOD,3,45,0,0.00%,45,0.03%,0.06%
DOVE BODY CREAM GO FRESH NOURISH,CS Body Care,NON FOOD,3,45,0,0.00%,45,0.03%,0.06%
Banana Shake,Milk Shake,BEVERAGE,2,44,0,0.00%,44,0.02%,0.05%
FARM FRESH EGGS WHITE 15PCS,CS Eggs,FOOD,4,44,0,0.00%,44,0.03%,0.05%
VEGGIE MEAL,Veggie,FOOD,2,44,0,0.00%,44,0.02%,0.05%
FOOD DOCTOR BAR APPLE WALNUT 35G,CS Organic Food,FOOD,5,43.75,0,0.00%,43.75,0.04%,0.05%
SELPAK FACIAL TISSUE 100 SHEET,CS Tissue & Toilet Rolls,NON FOOD,7,43.75,0,0.00%,43.75,0.06%,0.05%
REXONA DEO MEN QUANTUM DRY 150ML,CS Deodrants,NON FOOD,3,42.75,0,0.00%,42.75,0.03%,0.05%
BROWN BAG CHIPS 40GM LIGHTLY SAL,CS Chips & Snacks,FOOD,10,42.5,0,0.00%,42.5,0.09%,0.05%
Bagels w/Cr.Cheese,Breakfast,FOOD,6,42,0,0.00%,42,0.05%,0.05%
CASTANIA CASHEW 60G,CS Nuts & Seeds,FOOD,4,42,0,0.00%,42,0.03%,0.05%
Grilled Veg Olives,Pizza,FOOD,7,42,0,0.00%,42,0.06%,0.05%
Lays Chips,Extras,FOOD,21,42,0,0.00%,42,0.18%,0.05%
LISTERINE MW FRESH BURST 250ML,CS Oral Care,NON FOOD,2,42,0,0.00%,42,0.02%,0.05%
MODERN BAKE PEANUT PEACAN ENERGY,CS Cereal,FOOD,8,42,0,0.00%,42,0.07%,0.05%
LINDT EXCELLENCE LIME INTENSE 10,CS Chocolate ,FOOD,3,41.25,0,0.00%,41.25,0.03%,0.05%
LINDT EXCELLENCE SESAME ROASTED ,CS Organic Food,FOOD,3,41.25,0,0.00%,41.25,0.03%,0.05%
ALPRO ALMOND MILK 1L,CS Dairy ,FOOD,2,41,0,0.00%,41,0.02%,0.05%
16 OZ FRAPPUCINO WHITE MOCHA,Starbucks,FOOD,2,40,0,0.00%,40,0.02%,0.05%
A/G MUSHROOM WHOLE 400GM,CS Can & Jar Food,FOOD,10,40,0,0.00%,40,0.09%,0.05%
ADD ESPRESSO SHOT,Starbucks,FOOD,10,40,0,0.00%,40,0.09%,0.05%
CERES CRANBERRY KIWI JUICE 1L,CS Packet Juice,BEVERAGE,4,40,0,0.00%,40,0.03%,0.05%
Chicken Maki(6pcs),Sushi,FOOD,2,40,0,0.00%,40,0.02%,0.05%
FANTA APPLE CAN,Softdrinks,BEVERAGE,10,40,0,0.00%,40,0.09%,0.05%
HEINZ TUNA CHUNKS OIL TIN 185GM,CS Can & Jar Food,FOOD,5,40,0,0.00%,40,0.04%,0.05%
Mixed Salad&Pitta,Extras,FOOD,5,40,0,0.00%,40,0.04%,0.05%
MOROCCAN LOOSE TEA,Tea,FOOD,4,40,0,0.00%,40,0.03%,0.05%
NYU RE-USABLE BAG,BAGS,NON FOOD,2,40,0,0.00%,40,0.02%,0.05%
SPRITE LIGHT CAN,Softdrinks,BEVERAGE,10,40,0,0.00%,40,0.09%,0.05%
Veg Sushi 6 pcs,Sushi,FOOD,2,40,0,0.00%,40,0.02%,0.05%
WALK IN BREAKFAST,WALK IN BREAKFAST,FOOD,4,40,0,0.00%,40,0.03%,0.05%
OB TAMPONS SUPER 16PCS,CS Sanitary Care,NON FOOD,2,39.5,0,0.00%,39.5,0.02%,0.05%
A/G CHICKEN VIENNA SAUSAGE 4.6OZ,CS Can & Jar Food,FOOD,4,39,0,0.00%,39,0.03%,0.05%
AL AIN FRESH MILK 1L LOW FAT,CS Dairy ,FOOD,6,39,0,0.00%,39,0.05%,0.05%
BOURSIN CHEESE GARLIC & HERBS 15,CS Dairy ,FOOD,2,39,0,0.00%,39,0.02%,0.05%
ALWAYS NIGHT WINGS 8 PCS,CS Sanitary Care,NON FOOD,5,38.75,0,0.00%,38.75,0.04%,0.05%
DOVE SHOWER NOURISHING 250ML,CS Bath & Shower,NON FOOD,2,38.5,0,0.00%,38.5,0.02%,0.05%
OISHI SPICY PRAWN CRACKERS 60GM,CS Chips & Snacks,FOOD,17,38.25,0,0.00%,38.25,0.15%,0.05%
16 OZ HAZEL NUT LATTE,Starbucks,FOOD,2,38,0,0.00%,38,0.02%,0.05%
Apple Red,CS Fresh Fruit,FOOD,19,38,0,0.00%,38,0.16%,0.05%
CHICKEN WRAP COMBO,Burgers,FOOD,1,38,0,0.00%,38,0.01%,0.05%
DOVE BODY LOTION ESSENTIAL NOURI,CS Body Care,NON FOOD,2,38,0,0.00%,38,0.02%,0.05%
EGG Mayo & Spring Onion,Sandwiches,FOOD,2,38,0,0.00%,38,0.02%,0.05%
GATORADE PINK LEMONDAE PET 500ML,CS Sports & Energy Drinks,BEVERAGE,8,38,0,0.00%,38,0.07%,0.05%
SWEET CHILLI SALMON SALAD,Sandwiches,FOOD,1,38,0,0.00%,38,0.01%,0.05%
DR.OETKER LIQUID GLUCOSE 140GM,CS Coocking & Baking,FOOD,2,37.5,0,0.00%,37.5,0.02%,0.05%
EXTRA BIG BOTTLE PEPPERMINT,CS Mint & Gum,FOOD,3,37.5,0,0.00%,37.5,0.03%,0.05%
JOHN WEST WHITE TUNA SUNFLOWER O,CS Coocking & Baking,FOOD,4,37,0,0.00%,37,0.03%,0.05%
BJORG ORGANIC SON D'AVOINE 500GM,CS Organic Food,FOOD,1,36.5,0,0.00%,36.5,0.01%,0.04%
OREO GOLDEN 16 PACK 44GM,Biscuit & Cookies,FOOD,2,36.5,0,0.00%,36.5,0.02%,0.04%
Beef Noodle Soup,Soup ,FOOD,3,36,0,0.00%,36,0.03%,0.04%
BUTTERNUT & GOAT CHEESE SALAD ,Sandwiches,FOOD,1,36,0,0.00%,36,0.01%,0.04%
Cappuccino,Coffee,BEVERAGE,3,36,0,0.00%,36,0.03%,0.04%
Coke,Softdrinks,BEVERAGE,9,36,0,0.00%,36,0.08%,0.04%
Espresso,Nespresso,FOOD,4,36,0,0.00%,36,0.03%,0.04%
ESPRESSO MACCHIATO DOUBLE,Coffee,FOOD,3,36,0,0.00%,36,0.03%,0.04%
Large Salad,Salads,FOOD,2,36,0,0.00%,36,0.02%,0.04%
Manakeesh(V),Pizza,FOOD,2,36,0,0.00%,36,0.02%,0.04%
PHOENIX LEMONADE 330ML,CS ORGANIC BEVERAGE,BEVERAGE,4,36,0,0.00%,36,0.03%,0.04%
Tropical Maki (6 Pcs),Sushi,FOOD,2,36,0,0.00%,36,0.02%,0.04%
M&M PEANUT 45GM,CS Chocolate ,FOOD,11,35.75,0,0.00%,35.75,0.09%,0.04%
ALWAYS PANTYR LINER 40 NORMAL,CS Sanitary Care,NON FOOD,2,34.5,0,0.00%,34.5,0.02%,0.04%
CstaniaMixSuperNuts350G,CS Nuts & Seeds,FOOD,1,34.5,0,0.00%,34.5,0.01%,0.04%
OREO ORIGINAL TRAY PACK 429GM,Biscuit & Cookies,FOOD,3,34.5,0,0.00%,34.5,0.03%,0.04%
NUTELLA JAR 750GM,CS Can & Jar Food,FOOD,1,34.25,0,0.00%,34.25,0.01%,0.04%
12 OZ SIGNATURE HOT CHOCOLATE,Starbucks,FOOD,2,34,0,0.00%,34,0.02%,0.04%
16 OZ HOT CHOCOLATE,Starbucks,FOOD,2,34,0,0.00%,34,0.02%,0.04%
16 OZ ICED CHOCOLATE,Starbucks,FOOD,2,34,0,0.00%,34,0.02%,0.04%
AL AIN FRESH ORANGE JUICE 330ML,CS Packet Juice,BEVERAGE,8,34,0,0.00%,34,0.07%,0.04%
CLOSE UP DEEP ACTION120ml,CS Oral Care,NON FOOD,4,34,0,0.00%,34,0.03%,0.04%
GILLETTE RAZOR MACH 3 1UP,CS Mens Care,NON FOOD,2,34,0,0.00%,34,0.02%,0.04%
HANSPLAST UNIVERSAL 100 STRIPS,CS Others,NON FOOD,2,34,0,0.00%,34,0.02%,0.04%
NECTAFLOR PREMIUM FRUIT MIX 200G,CS Dry Fruits,FOOD,2,34,0,0.00%,34,0.02%,0.04%
M&M 180GM PEANUT,CS Chocolate ,FOOD,3,33.75,0,0.00%,33.75,0.03%,0.04%
TAMPAX REGULAR,CS Sanitary Care,NON FOOD,3,33.75,0,0.00%,33.75,0.03%,0.04%
GO PURE CHIPS UNSALTED 125G,CS Organic Food,FOOD,2,33.5,0,0.00%,33.5,0.02%,0.04%
BUNALUN ORGANIC PESTO DAIRY FREE,CS Organic Food,FOOD,1,33.25,0,0.00%,33.25,0.01%,0.04%
GATORADE ORANGE PET 500ML,CS Sports & Energy Drinks,BEVERAGE,7,33.25,0,0.00%,33.25,0.06%,0.04%
OB TAMPONS NORMAL 16PCS,CS Sanitary Care,NON FOOD,2,32.5,0,0.00%,32.5,0.02%,0.04%
7 UP CAN,Softdrinks,BEVERAGE,8,32,0,0.00%,32,0.07%,0.04%
BBQ CHICKEN,Wraps,FOOD,1,32,0,0.00%,32,0.01%,0.04%
CROISSANT HI BUTTER CHOCOLATE,CS Bakery,FOOD,8,32,0,0.00%,32,0.07%,0.04%
EXTRA PELLET PEPPERMINT GUM,CS Mint & Gum,FOOD,16,32,0,0.00%,32,0.14%,0.04%
FG Juice Bottled,FEEL GOOD,FOOD,4,32,0,0.00%,32,0.03%,0.04%
INDOMIE PILLOW 5 PCS PANCIT CANT,CS Pasta & Noodles,FOOD,4,32,0,0.00%,32,0.03%,0.04%
Lemon,CS Fresh Vegatables,FOOD,16,32,0,0.00%,32,0.14%,0.04%
MilkHalfCrem1Ltr ,CS Dairy ,FOOD,8,32,0,0.00%,32,0.07%,0.04%
BISCUITSDIGES250 ,Biscuit & Cookies,FOOD,3,31.5,0,0.00%,31.5,0.03%,0.04%
MUFFIN BLUEBERRY,CS Bakery,FOOD,9,31.5,0,0.00%,31.5,0.08%,0.04%
JOHN WEST LIGHT TUNA CHUNKS BRIN,CS Coocking & Baking,FOOD,5,31.25,0,0.00%,31.25,0.04%,0.04%
LAYS CHILI 185GM,CS Chips & Snacks,FOOD,5,31.25,0,0.00%,31.25,0.04%,0.04%
LAYS SALT VINEGAR 185GM,CS Chips & Snacks,FOOD,5,31.25,0,0.00%,31.25,0.04%,0.04%
BJORG ORGANIC PAIN DEPICES AU MI,CS Organic Food,FOOD,1,31,0,0.00%,31,0.01%,0.04%
BOUNTY BAR 57GM,CS Chocolate ,FOOD,9,31,0,0.00%,31,0.08%,0.04%
OB TAMPONS MINI 16PCS,CS Sanitary Care,NON FOOD,2,31,0,0.00%,31,0.02%,0.04%
COMFORT ORANGE ALOE VERA CONCENT,CS Laundry Care,NON FOOD,2,30.5,0,0.00%,30.5,0.02%,0.04%
Banana Pcs,CS Fresh Fruit,FOOD,30,30,0,0.00%,30,0.26%,0.04%
Best Salted Peanut30g,Peannuts,FOOD,10,30,0,0.00%,30,0.09%,0.04%
CEYLON GINGER LOOSE TEA,Tea,FOOD,3,30,0,0.00%,30,0.03%,0.04%
Chicken Tikka,Pizza,FOOD,5,30,0,0.00%,30,0.04%,0.04%
COFFEE CUP CERAMIC,CS Others,NON FOOD,3,30,0,0.00%,30,0.03%,0.04%
Delivery Charges,Delivery charge,LABOR CHARGE,6,30,0,0.00%,30,0.05%,0.04%
Jalapenos,Pizza,FOOD,5,30,0,0.00%,30,0.04%,0.04%
NIVEA AFTER SUN MOISTURE 200ML,CS Body Care,NON FOOD,1,30,0,0.00%,30,0.01%,0.04%
NIVEA MEN SHOWER SILVER PROTECT ,CS Bath & Shower,NON FOOD,2,30,0,0.00%,30,0.02%,0.04%
NIVEA REFRESHING FACE WASH 150ML,CS Facial Care,NON FOOD,1,30,0,0.00%,30,0.01%,0.04%
NIVEA SHOWER CR�ME SOFT 250ML,CS Bath & Shower,NON FOOD,2,30,0,0.00%,30,0.02%,0.04%
Peppers,Pizza,FOOD,5,30,0,0.00%,30,0.04%,0.04%
SCHOGETTEN DARK CHOCOLATE 100GM,CS Chocolate ,FOOD,5,30,0,0.00%,30,0.04%,0.04%
SCHOGETTEN TROLOGIA 100GM,CS Chocolate ,FOOD,5,30,0,0.00%,30,0.04%,0.04%
SINGLE ESSPRESSO,Starbucks,FOOD,3,30,0,0.00%,30,0.03%,0.04%
Stud Veg Meal,Veggie,FOOD,1,30,0,0.00%,30,0.01%,0.04%
SWEET POTATO WEDGES,Main course,FOOD,3,30,0,0.00%,30,0.03%,0.04%
VEGGIE MAIN,Main course,FOOD,2,30,0,0.00%,30,0.02%,0.04%
A/G FOUL MEDAMMAS GRADE A 400G,CS Can & Jar Food,FOOD,9,29.25,0,0.00%,29.25,0.08%,0.04%
WASA CRISPBREAD FIBRE 200GM,Biscuit & Cookies,FOOD,2,29,0,0.00%,29,0.02%,0.04%
BETTY CROCKER COOKIE DOUBLE CHOC,CS Coocking & Baking,FOOD,2,28.5,0,0.00%,28.5,0.02%,0.04%
CastaniaExtMixNuts350G,CS Nuts & Seeds,FOOD,1,28.5,0,0.00%,28.5,0.01%,0.04%
GATORADE TOPICL FRUIT PET 500ML,CS Sports & Energy Drinks,BEVERAGE,6,28.5,0,0.00%,28.5,0.05%,0.04%
MOTHER E FRUIT STICK APPLE 8 BAR,CS Dry Fruits,FOOD,2,28.5,0,0.00%,28.5,0.02%,0.04%
ARIEL BLUE 1.5KG,CS Laundry Care,NON FOOD,1,28.25,0,0.00%,28.25,0.01%,0.03%
SIBLOU 4 FISH BURGERS 400GM,CS Frozen Food,FOOD,1,28.25,0,0.00%,28.25,0.01%,0.03%
A/G BAKED BEANS TOMATO SAUCE 420,CS Can & Jar Food,FOOD,8,28,0,0.00%,28,0.07%,0.03%
AL AIN FRESH GRAPEFRUIT JUICE 33,CS Fresh Juice,BEVERAGE,4,28,0,0.00%,28,0.03%,0.03%
Asst. Rolls Two,Breakfast,FOOD,14,28,0,0.00%,28,0.12%,0.03%
Chicken Noodle Suop,Soup ,FOOD,2,28,0,0.00%,28,0.02%,0.03%
CHUCKS MAN OH MANGO,Smoothies,BEVERAGE,1,28,0,0.00%,28,0.01%,0.03%
FALAFEL COMBO,Burgers,FOOD,1,28,0,0.00%,28,0.01%,0.03%
FIREFLY DETOX LEMON ,Tea,BEVERAGE,2,28,0,0.00%,28,0.02%,0.03%
MARKOS TOP BANANA,Smoothies,BEVERAGE,1,28,0,0.00%,28,0.01%,0.03%
MUFFIN APPLE,CS Bakery,FOOD,8,28,0,0.00%,28,0.07%,0.03%
RED BULL SUGAR FREE 250ML,CS Sports & Energy Drinks,BEVERAGE,4,28,0,0.00%,28,0.03%,0.03%
VASELINE BODY LOTION ALOESOOTHE ,CS Body Care,NON FOOD,2,28,0,0.00%,28,0.02%,0.03%
WALKERS SB FINGERS 40G,Biscuit & Cookies,FOOD,8,28,0,0.00%,28,0.07%,0.03%
BJORG ORGANIC SUGAR FREE ALMOND ,CS Organic Food,FOOD,1,27.75,0,0.00%,27.75,0.01%,0.03%
PRINGLES KETCHUP 165GM,CS Chips & Snacks,FOOD,3,27.75,0,0.00%,27.75,0.03%,0.03%
LIND CHERRY INTENSE100G,CS Chocolate ,FOOD,2,27.5,0,0.00%,27.5,0.02%,0.03%
NIVEA FACE GENTLE TONER 200ML,CS Facial Care,NON FOOD,1,27.5,0,0.00%,27.5,0.01%,0.03%
AmricanGardenCarrot411g,CS Packet Food,FOOD,6,27,0,0.00%,27,0.05%,0.03%
DR.OETKER SUGAR BUTTERFLIES 35GM,CS Coocking & Baking,FOOD,2,27,0,0.00%,27,0.02%,0.03%
GLADZprSandwichBg,CS Bags/Foil/Wraps,NON FOOD,3,27,0,0.00%,27,0.03%,0.03%
SNICKERS SINGLE BAR,CS Chocolate ,FOOD,9,27,0,0.00%,27,0.08%,0.03%
DR OETKER VEGETABLE PIZZA,CS Frozen Food,FOOD,1,26.25,0,0.00%,26.25,0.01%,0.03%
FOOD DOCTOR BAR FIG & MANGO 35G,CS Food,FOOD,3,26.25,0,0.00%,26.25,0.03%,0.03%
NIVEA EYE MAKEUP REMOVER 125ML,CS Facial Care,NON FOOD,1,26.25,0,0.00%,26.25,0.01%,0.03%
SCHOGETTEN WHITE 100 GM,CS Chocolate ,FOOD,5,26.25,0,0.00%,26.25,0.04%,0.03%
A/G KIDNEY BEANS DARK RED 400G,CS Can & Jar Food,FOOD,8,26,0,0.00%,26,0.07%,0.03%
BERRY CO CRANBERRY 1L,CS Packet Juice,BEVERAGE,2,26,0,0.00%,26,0.02%,0.03%
BISQUINI TIN BLUEBERRY COOKIES 1,Biscuit & Cookies,FOOD,2,26,0,0.00%,26,0.02%,0.03%
BISQUINI TIN CRANBERRY COOKIES 1,Biscuit & Cookies,FOOD,2,26,0,0.00%,26,0.02%,0.03%
BOGUTTI AMERICAN COOKIES HAZELNU,Biscuit & Cookies,FOOD,4,26,0,0.00%,26,0.03%,0.03%
H&S SH EXTRA VOLUME 200ML,CS Shampoo & Conditioner,NON FOOD,2,26,0,0.00%,26,0.02%,0.03%
NIVEA HAND WASH CR�ME SOFT 250ML,CS Soap & Handwash,NON FOOD,2,26,0,0.00%,26,0.02%,0.03%
CLEARLY SCRUMPTIOUS CRANBERRY 30,CS Dry Fruits,FOOD,2,25.5,0,0.00%,25.5,0.02%,0.03%
CLEARLY SCRUMPTIOUS STRAWBERRY 3,CS Dry Fruits,FOOD,2,25.5,0,0.00%,25.5,0.02%,0.03%
TRESEMME CD 24 HOUR BODY 500ML,CS Shampoo & Conditioner,NON FOOD,1,25.5,0,0.00%,25.5,0.01%,0.03%
TRESEMME CD VIBRANT NATURALS 500,CS Shampoo & Conditioner,NON FOOD,1,25.5,0,0.00%,25.5,0.01%,0.03%
TRESEMME SH KERATIN SMOOTH 500ML,CS Shampoo & Conditioner,NON FOOD,1,25.5,0,0.00%,25.5,0.01%,0.03%
BrilaGorgonzola400g,CS Sauce,FOOD,1,25,0,0.00%,25,0.01%,0.03%
CROISSANT CHOCOLATE,CS Bakery,FOOD,10,25,0,0.00%,25,0.09%,0.03%
SNICKERS BAR,Chocolate,FOOD,5,25,0,0.00%,25,0.04%,0.03%
BAYARA SALTED PISTACHIOS 300GM,CS Nuts & Seeds,FOOD,1,24.75,0,0.00%,24.75,0.01%,0.03%
SAN PELLEGRINO WATER 1000ML,CS Water,BEVERAGE,3,24.75,0,0.00%,24.75,0.03%,0.03%
DR.OETKER BAKING POWDER 200GM,CS Coocking & Baking,FOOD,1,24.5,0,0.00%,24.5,0.01%,0.03%
RACHELS APPLE & CINNAMON YOGHURT,CS Organic Food,FOOD,1,24.5,0,0.00%,24.5,0.01%,0.03%
SYOSS HAIR GEL MEN POWER HOLD 25,CS Soap & Handwash,NON FOOD,1,24.25,0,0.00%,24.25,0.01%,0.03%
ADD WHIPPED CREAM,Starbucks,FOOD,6,24,0,0.00%,24,0.05%,0.03%
Best SaltedCashew30g,Peannuts,FOOD,8,24,0,0.00%,24,0.07%,0.03%
BOGUTTI CHOCOFIT CHOCO CRANBERRY,Biscuit & Cookies,FOOD,3,24,0,0.00%,24,0.03%,0.03%
GATORADE LEMON,Energy Drinks,BEVERAGE,2,24,0,0.00%,24,0.02%,0.03%
HIT THE ROOF,Milk Shake,BEVERAGE,1,24,0,0.00%,24,0.01%,0.03%
KAGI SWISS WAFERS SINGLE MINI 25,CS Mint & Gum,FOOD,8,24,0,0.00%,24,0.07%,0.03%
KPS COOL COCONUT,Smoothies,BEVERAGE,1,24,0,0.00%,24,0.01%,0.03%
Lemon Drizzle,Dessert,FOOD,2,24,0,0.00%,24,0.02%,0.03%
NESCAFE SACHET 3 IN 1 PCS,CS Coffee,FOOD,24,24,0,0.00%,24,0.20%,0.03%
PERRIER WATER 330ML,Water,BEVERAGE,4,24,0,0.00%,24,0.03%,0.03%
Soda Coke,Softdrinks,BEVERAGE,6,24,0,0.00%,24,0.05%,0.03%
Steamed Rice,Main course,FOOD,3,24,0,0.00%,24,0.03%,0.03%
TEA BAG JASMINE GREEN,Tea,FOOD,3,24,0,0.00%,24,0.03%,0.03%
Tuna maki(6Pcs) W/Sundried Tomat,Sushi,FOOD,1,24,0,0.00%,24,0.01%,0.03%
FAMILIA CRUNCH 500GM,CS Cereal,FOOD,1,23.75,0,0.00%,23.75,0.01%,0.03%
GATORADE GRAPE PET 500ML,CS Sports & Energy Drinks,BEVERAGE,5,23.75,0,0.00%,23.75,0.04%,0.03%
AMBROSI MASCARPONE CHEESE 250G,CS Dairy ,FOOD,1,23.5,0,0.00%,23.5,0.01%,0.03%
DR.OETKER CHOCOLATE CHIPS MILK 1,CS Coocking & Baking,FOOD,2,23.5,0,0.00%,23.5,0.02%,0.03%
TWININGS EARL GREY TEA 25 BAGS,CS Tea,FOOD,2,23.5,0,0.00%,23.5,0.02%,0.03%
WELLA SH REPAIR 500ML,CS Shampoo & Conditioner,NON FOOD,1,23.5,0,0.00%,23.5,0.01%,0.03%
Pesto Roasted Chicken,Sandwiches,FOOD,1,23,0,0.00%,23,0.01%,0.03%
PRO BAR FUEL BLUEBERRY CHIA 48GM,CS Cereal,FOOD,2,23,0,0.00%,23,0.02%,0.03%
SAINT AGUR CHEESE 125G,CS Dairy ,FOOD,1,23,0,0.00%,23,0.01%,0.03%
AL AIN MANGO YOGHURT 125GM,CS Dairy ,FOOD,13,22.75,0,0.00%,22.75,0.11%,0.03%
MENTOS JAR FRUIT MINT,CS Mint & Gum,FOOD,1,22.75,0,0.00%,22.75,0.01%,0.03%
SNICKERS MINIS BAG 22PCS,CS Chocolate ,FOOD,1,22.75,0,0.00%,22.75,0.01%,0.03%
TideReg Original1.5Kg ,CS Laundry Care,NON FOOD,1,22.75,0,0.00%,22.75,0.01%,0.03%
AL AIN YOGHURT FULL CREAM 170GM,CS Dairy ,FOOD,18,22.5,0,0.00%,22.5,0.15%,0.03%
SCHWEPPES SODA CAN 300M,CS Soft Drinks,BEVERAGE,15,22.5,0,0.00%,22.5,0.13%,0.03%
SYOSS HAIR MASK COLOR PROTECT 20,CS Soap & Handwash,NON FOOD,1,22.5,0,0.00%,22.5,0.01%,0.03%
SYOSS HAIR MASK REPAIR THERAPY 2,CS Soap & Handwash,NON FOOD,1,22.5,0,0.00%,22.5,0.01%,0.03%
ANTIDOTE,Fresh Juices,BEVERAGE,1,22,0,0.00%,22,0.01%,0.03%
DR.OETKER WHITE CHOCOLATE 26% BU,CS Coocking & Baking,FOOD,2,22,0,0.00%,22,0.02%,0.03%
FALAFEL BURGER,Burgers,FOOD,1,22,0,0.00%,22,0.01%,0.03%
Greek Salad,Salads,FOOD,1,22,0,0.00%,22,0.01%,0.03%
MEAN GREEN,Fresh Juices,BEVERAGE,1,22,0,0.00%,22,0.01%,0.03%
PPPPLEASE ME,Fresh Juices,BEVERAGE,1,22,0,0.00%,22,0.01%,0.03%
VOCHELLE DARK CHOC PLAIN 90G,CS Chocolate ,FOOD,4,22,0,0.00%,22,0.03%,0.03%
TAFT STANDUP LOOK 150ML,CS Hair Styling & Spray,NON FOOD,1,21.25,0,0.00%,21.25,0.01%,0.03%
12 OZ FRAPPE SOYA TOFFE NUT LATT,Coffee,FOOD,1,21,0,0.00%,21,0.01%,0.03%
12 OZ SOYA TOFFE NUT LATTE,Coffee,FOOD,1,21,0,0.00%,21,0.01%,0.03%
AL AIN FRESH MILK 1L SKIMMED,CS Dairy ,FOOD,3,21,0,0.00%,21,0.03%,0.03%
AL AIN KIWI APPLE YOGHURT 125GM,CS Dairy ,FOOD,12,21,0,0.00%,21,0.10%,0.03%
BAHLSEN LEIBNIZ MINIS BUTTER 100,Biscuit & Cookies,FOOD,4,21,0,0.00%,21,0.03%,0.03%
BRIE PORT CHEESE COEUR DE LION 1,CS Dairy ,FOOD,2,21,0,0.00%,21,0.02%,0.03%
GALLON WATER COUPON,CS Water,BEVERAGE,3,21,0,0.00%,21,0.03%,0.03%
JIF CREAM LEMON 250ML,CS Dishwashing,NON FOOD,3,21,0,0.00%,21,0.03%,0.03%
Salmon Chirashi,Sushi,FOOD,1,21,0,0.00%,21,0.01%,0.03%
TAFT ROUGH & TOUCH 150ML,CS Hair Styling & Spray,NON FOOD,1,21,0,0.00%,21,0.01%,0.03%
VITA COCO PINEAPPLE 330ML,Convenience Beverages,BEVERAGE,2,21,0,0.00%,21,0.02%,0.03%
Walkers Short Bread40g,Biscuits,FOOD,6,21,0,0.00%,21,0.05%,0.03%
A/G CORNED BEEF HALAL 340GM,CS Can & Jar Food,FOOD,2,20.5,0,0.00%,20.5,0.02%,0.03%
FITA 600G,Biscuit & Cookies,FOOD,1,20.5,0,0.00%,20.5,0.01%,0.03%
CAREFREE COTTON EXTRACT 34PCS,CS Sanitary Care,NON FOOD,1,20.25,0,0.00%,20.25,0.01%,0.02%
16 OZ FRAPPUCINO CARAMEL,Starbucks,FOOD,1,20,0,0.00%,20,0.01%,0.02%
16 OZ FRAPPUCINO VANILA,Starbucks,FOOD,1,20,0,0.00%,20,0.01%,0.02%
1 Scoop Protein Powder,TOPPINGS,FOOD,4,20,0,0.00%,20,0.03%,0.02%
7 UP DIET CAN,Softdrinks,BEVERAGE,5,20,0,0.00%,20,0.04%,0.02%
ADD FLAVOURED SYRUP,Starbucks,FOOD,5,20,0,0.00%,20,0.04%,0.02%
BLUE BERRY MUFFIN,Dessert,FOOD,2,20,0,0.00%,20,0.02%,0.02%
BRILLIANT BREAKFAST LOOSE TEA,Tea,FOOD,2,20,0,0.00%,20,0.02%,0.02%
Cajun Chicken,Sandwiches,FOOD,1,20,0,0.00%,20,0.01%,0.02%
Chicken Nuggets,Extras,FOOD,2,20,0,0.00%,20,0.02%,0.02%
COKE LARGE 2.25L,CS Soft Drinks,BEVERAGE,4,20,0,0.00%,20,0.03%,0.02%
DAN'S TOPICAL BLAST,Smoothies,BEVERAGE,1,20,0,0.00%,20,0.01%,0.02%
D Coke,Softdrinks,BEVERAGE,5,20,0,0.00%,20,0.04%,0.02%
JOHNSONS BABY OIL 200ML,CS Baby Care,NON FOOD,1,20,0,0.00%,20,0.01%,0.02%
LARGE STILL WATER PREMIUM,Water,BEVERAGE,1,20,0,0.00%,20,0.01%,0.02%
LIPTON LEMON ICED TEA,Tea,BEVERAGE,5,20,0,0.00%,20,0.04%,0.02%
PEAR DRAGON LOOSE TEA,Tea,FOOD,2,20,0,0.00%,20,0.02%,0.02%
PEPSI DIET CAN,Softdrinks,BEVERAGE,5,20,0,0.00%,20,0.04%,0.02%
Portion Vegetable,Main course,FOOD,4,20,0,0.00%,20,0.03%,0.02%
ROSE MIX,BOTANICAL SODAS,BEVERAGE,1,20,0,0.00%,20,0.01%,0.02%
SUBSTITUTE SOYA,Soya Milk,FOOD,5,20,0,0.00%,20,0.04%,0.02%
Tamago Maki,Sushi,FOOD,1,20,0,0.00%,20,0.01%,0.02%
Vanilla Shake,Milk Shake,BEVERAGE,1,20,0,0.00%,20,0.01%,0.02%
OB TAMPONS SUPER PLUS 16PCS,CS Sanitary Care,NON FOOD,1,19.75,0,0.00%,19.75,0.01%,0.02%
A/G CHICK PEAS CLASSIC 400G,CS Can & Jar Food,FOOD,6,19.5,0,0.00%,19.5,0.05%,0.02%
AL AIN FRESH PINEAPPLE JUICE 330,CS Packet Juice,BEVERAGE,2,19.5,0,0.00%,19.5,0.02%,0.02%
ALWAYS LARGE 10 PCS,CS Sanitary Care,NON FOOD,3,19.5,0,0.00%,19.5,0.03%,0.02%
BOGUTTI AMERICAN COOKIES RAISINS,Biscuit & Cookies,FOOD,3,19.5,0,0.00%,19.5,0.03%,0.02%
JOHNSONS WIPES PACKET 24PCS,CS Baby Care,NON FOOD,3,19.5,0,0.00%,19.5,0.03%,0.02%
VOCHELLE BLOCK DAIRY MILK 180G,CS Chocolate ,FOOD,2,19.5,0,0.00%,19.5,0.02%,0.02%
VOCHELLE BLOCK HAZELNUT 180G,CS Chocolate ,FOOD,2,19.5,0,0.00%,19.5,0.02%,0.02%
DOVE SHOWER POMEGRANTE & LEMON 2,CS Bath & Shower,NON FOOD,1,19.25,0,0.00%,19.25,0.01%,0.02%
16 OZ ICED CARAMEL LATTE,Starbucks,FOOD,1,19,0,0.00%,19,0.01%,0.02%
DOVE BODY LOTION ALMOND CREAM 25,CS Body Care,NON FOOD,1,19,0,0.00%,19,0.01%,0.02%
DOVE BODY LOTION SHEA BUTTER 250,CS Body Care,NON FOOD,1,19,0,0.00%,19,0.01%,0.02%
DOVE HW MOISTURISING 500ML ,CS Soap & Handwash,NON FOOD,1,19,0,0.00%,19,0.01%,0.02%
LAYS TOMATO KETCHUP 185GM,CS Chips & Snacks,FOOD,3,18.75,0,0.00%,18.75,0.03%,0.02%
OB APPLICATOR NORMAL 16 PCS,CS Sanitary Care,NON FOOD,1,18.75,0,0.00%,18.75,0.01%,0.02%
AL MARAI CREAM CHEESE SQUARE 12 ,CS Dairy ,FOOD,2,18.5,0,0.00%,18.5,0.02%,0.02%
ALWAYS LARGE 30PCS,CS Sanitary Care,NON FOOD,1,18.5,0,0.00%,18.5,0.01%,0.02%
CERES ORANGE JUICE 1L,CS Packet Juice,BEVERAGE,2,18.5,0,0.00%,18.5,0.02%,0.02%
PAPILLON ROQUEFORT RED LABEL 100,CS Dairy ,FOOD,1,18.5,0,0.00%,18.5,0.01%,0.02%
PRINGLES SALT VINEGAR 165GM,CS Chips & Snacks,FOOD,2,18.5,0,0.00%,18.5,0.02%,0.02%
NECTAFLOR SOFT CRANBERRIES 200GM,CS Dry Fruits,FOOD,1,18.25,0,0.00%,18.25,0.01%,0.02%
CERES PINE APPLE JUICE 1L,CS Packet Juice,BEVERAGE,2,18,0,0.00%,18,0.02%,0.02%
COKE CAN 300ML,CS Soft Drinks,BEVERAGE,12,18,0,0.00%,18,0.10%,0.02%
Eggplant Maki(6pcs),Sushi,FOOD,1,18,0,0.00%,18,0.01%,0.02%
LUSINE PUFF CHOCOLATE,CS Bakery,FOOD,9,18,0,0.00%,18,0.08%,0.02%
MARS MINIS BAG 15PCS,CS Chocolate ,FOOD,1,18,0,0.00%,18,0.01%,0.02%
Muture Cheddar(V),Sandwiches,FOOD,1,18,0,0.00%,18,0.01%,0.02%
PHOENIX ORANGE FIZZ 330ML,CS ORGANIC BEVERAGE,BEVERAGE,2,18,0,0.00%,18,0.02%,0.02%
POCARI SWEAT PET 500ML,CS Sports & Energy Drinks,BEVERAGE,4,18,0,0.00%,18,0.03%,0.02%
SCHOGETTEN CAPPUCCINO 100G,CS Chocolate ,FOOD,3,18,0,0.00%,18,0.03%,0.02%
SCHOGETTEN TIRAMISU 100GM,CS Chocolate ,FOOD,3,18,0,0.00%,18,0.03%,0.02%
BARILLA PASTA EGG LASAGNE 500G,CS Pasta & Noodles,FOOD,1,17.75,0,0.00%,17.75,0.01%,0.02%
ALWAYS MEGAPACK NORMAL WINGS 30 ,CS Sanitary Care,NON FOOD,1,17.5,0,0.00%,17.5,0.01%,0.02%
FOOD DOCTOR BAR P/A & BANANA 35G,CS Organic Food,FOOD,2,17.5,0,0.00%,17.5,0.02%,0.02%
MUFFIN CHOCOLATE,CS Bakery,FOOD,5,17.5,0,0.00%,17.5,0.04%,0.02%
SWISS DELICE BRASILIA BISCUITS 1,CS Chocolate ,FOOD,1,17.5,0,0.00%,17.5,0.01%,0.02%
SWISS DELICE CHOCARRE BISCUITS 1,CS Chocolate ,FOOD,1,17.5,0,0.00%,17.5,0.01%,0.02%
SWISS DELICE CHOCOBISC BISCUITS ,CS Chocolate ,FOOD,1,17.5,0,0.00%,17.5,0.01%,0.02%
BEST CAN SUPER CASHEW 110GM,CS Nuts & Seeds,FOOD,1,17.25,0,0.00%,17.25,0.01%,0.02%
FRUIT & FIBRE KELLOGS 375GM,CS Cereal,FOOD,1,17.25,0,0.00%,17.25,0.01%,0.02%
JDS BUTTER CRISPS,Biscuit & Cookies,FOOD,1,17.25,0,0.00%,17.25,0.01%,0.02%
KAGI SWISS WAFERS ORIGINAL MINI ,CS Mint & Gum,FOOD,1,17.25,0,0.00%,17.25,0.01%,0.02%
12 OZ FRAPPE TOFFEE NUT LATTE,Coffee,FOOD,1,17,0,0.00%,17,0.01%,0.02%
AUSLESE MELITTA CLASSIC COFFEE 2,CS Coffee,FOOD,1,17,0,0.00%,17,0.01%,0.02%
ENERGIZER AAA 2 PCS,CS Others,NON FOOD,2,17,0,0.00%,17,0.02%,0.02%
VOLVIC WATER 500ML,CS Water,BEVERAGE,4,17,0,0.00%,17,0.03%,0.02%
ALPROMilkFlvrChoc 1L,CS Dairy ,BEVERAGE,1,16.75,0,0.00%,16.75,0.01%,0.02%
DR.OETKER CAKE BOARD ROUND,CS Disposable,NON FOOD,1,16.75,0,0.00%,16.75,0.01%,0.02%
BEST CAN SUPER MIX NUTS 110GM,CS Nuts & Seeds,FOOD,1,16.5,0,0.00%,16.5,0.01%,0.02%
DOVE BAR FRESH TOUCH 135GM,CS Soap & Handwash,NON FOOD,3,16.5,0,0.00%,16.5,0.03%,0.02%
SCHWEPPES TONIC WATER CAN 300M,CS Soft Drinks,BEVERAGE,11,16.5,0,0.00%,16.5,0.09%,0.02%
TWIX TWIN BAR 50GM,CS Chocolate ,FOOD,6,16.5,0,0.00%,16.5,0.05%,0.02%
ILE DE FRANCE CHEESE PETIT BRIE ,CS Dairy ,FOOD,1,16.25,0,0.00%,16.25,0.01%,0.02%
M&M CHOCOLATE 45GM,CS Chocolate ,FOOD,5,16.25,0,0.00%,16.25,0.04%,0.02%
12 OZ SOYA CAFFE LATTE,Coffee,FOOD,1,16,0,0.00%,16,0.01%,0.02%
12 OZ SOYA CAPPUCCINO,Coffee,FOOD,1,16,0,0.00%,16,0.01%,0.02%
ADD CARAMEL DRIZZLE,Starbucks,FOOD,4,16,0,0.00%,16,0.03%,0.02%
ADD ESPRESSO SHOT,Starbucks,FOOD,4,16,0,0.00%,16,0.03%,0.02%
Alain Small Wtr500ml,Water,BEVERAGE,16,16,0,0.00%,16,0.14%,0.02%
Buffalo Chicken,Grill,FOOD,1,16,0,0.00%,16,0.01%,0.02%
CHAMOMILE TEA BAG,Tea,FOOD,2,16,0,0.00%,16,0.02%,0.02%
CROISSANT HI BUTTER ALMOND,CS Bakery,FOOD,4,16,0,0.00%,16,0.03%,0.02%
Earl Grey Tea,Tea,FOOD,2,16,0,0.00%,16,0.02%,0.02%
EXTRA PELLET SPEARMINT GUM,CS Mint & Gum,FOOD,8,16,0,0.00%,16,0.07%,0.02%
HEINZ TUNA LIGHT SOLID OIL TIN 1,CS Can & Jar Food,FOOD,2,16,0,0.00%,16,0.02%,0.02%
JASMINE ICED TEA,Tea,FOOD,2,16,0,0.00%,16,0.02%,0.02%
KNORR CREAM OF CORN80G,CS Packet Food,FOOD,2,16,0,0.00%,16,0.02%,0.02%
Lacnor Full Fat Milk 1L ,CS Dairy ,BEVERAGE,4,16,0,0.00%,16,0.03%,0.02%
LifebyHndSnitzrHul55m,CS Soap & Handwash,NON FOOD,2,16,0,0.00%,16,0.02%,0.02%
LIPTON PEACH ICED TEA,Tea,BEVERAGE,4,16,0,0.00%,16,0.03%,0.02%
Mixed Juice,Fresh Juices,BEVERAGE,1,16,0,0.00%,16,0.01%,0.02%
MOTHER E OAT SLICE ANZAC KIWI 6 ,CS Dry Fruits,FOOD,1,16,0,0.00%,16,0.01%,0.02%
MOTHER E OAT SLICE SULTANA HONEY,CS Dry Fruits,FOOD,1,16,0,0.00%,16,0.01%,0.02%
SPRITE LIGHT CAN,Softdrinks,BEVERAGE,4,16,0,0.00%,16,0.03%,0.02%
SCHOGETTEN PRALINE NOISETTES 100,CS Chocolate ,FOOD,3,15.75,0,0.00%,15.75,0.03%,0.02%
AXE STICK DARK TEMPTATION 40GM,CS Deodrants,NON FOOD,1,15.5,0,0.00%,15.5,0.01%,0.02%
CARFREE PLUS LARGE 20 PCS,CS Sanitary Care,NON FOOD,1,15.5,0,0.00%,15.5,0.01%,0.02%
DOVE BODY CREAM SHEA BUTTER VANI,CS Body Care,NON FOOD,1,15.5,0,0.00%,15.5,0.01%,0.02%
FOOD DOCTOR POT COUSCOUS LENTIL ,CS Organic Food,FOOD,1,15.5,0,0.00%,15.5,0.01%,0.02%
WASA CRISPBREAD SESAM 200GM,Biscuit & Cookies,FOOD,1,15.5,0,0.00%,15.5,0.01%,0.02%
COMFORT IRIS JASMINE CONCENTRATE,CS Laundry Care,NON FOOD,1,15.25,0,0.00%,15.25,0.01%,0.02%
AL AIN MORNING BLACKBERRY MUSELI,CS Dairy ,FOOD,5,15,0,0.00%,15,0.04%,0.02%
AL MARAI APPLE JUICE 300ML,CS Packet Juice,BEVERAGE,6,15,0,0.00%,15,0.05%,0.02%
CAREFREE COTTON EXTRACT SINGLE 2,CS Sanitary Care,NON FOOD,1,15,0,0.00%,15,0.01%,0.02%
CARTE DOR CARAMEL 1 SCOOP,Ice cream,FOOD,3,15,0,0.00%,15,0.03%,0.02%
CastaniaMixedNuts125G,CS Nuts & Seeds,FOOD,2,15,0,0.00%,15,0.02%,0.02%
Extra Fruit,TOPPINGS,FOOD,3,15,0,0.00%,15,0.03%,0.02%
FISH MAIN,Main course,FOOD,1,15,0,0.00%,15,0.01%,0.02%
NIVEA MEN SHOWER COOL KICK 250ML,CS Bath & Shower,NON FOOD,1,15,0,0.00%,15,0.01%,0.02%
Salted Pistachios30g,Peannuts,FOOD,5,15,0,0.00%,15,0.04%,0.02%
SCHOGETTEN KIDS 100GM,CS Chocolate ,FOOD,3,15,0,0.00%,15,0.03%,0.02%
BARILLA PASTA SPAGHETTI NO.3 500,CS Pasta & Noodles,FOOD,2,14.5,0,0.00%,14.5,0.02%,0.02%
BETTY CROCKER RED VELVET 480GM,CS Coocking & Baking,FOOD,1,14.5,0,0.00%,14.5,0.01%,0.02%
GLADE AIR INFUSIONS LILY & JASMI,CS Air Freshner,NON FOOD,1,14.5,0,0.00%,14.5,0.01%,0.02%
NIVEA STICK WOMEN POWDER TOUCH 4,CS Deodrants,NON FOOD,1,14.5,0,0.00%,14.5,0.01%,0.02%
BETTY CROCKER CHOCOLATE FUDGE 50,CS Coocking & Baking,FOOD,1,14.25,0,0.00%,14.25,0.01%,0.02%
JIF EASY CLEAN FLOWER BREEZE 1LI,CS Cleaning Supplies,NON FOOD,1,14.25,0,0.00%,14.25,0.01%,0.02%
SCRUMMIES RASPBERRY CRANBERRIES ,CS Dry Fruits,FOOD,3,14.25,0,0.00%,14.25,0.03%,0.02%
VASELINE LOTION ESSENTIAL HEALIN,CS Body Care,NON FOOD,1,14.25,0,0.00%,14.25,0.01%,0.02%
AL AIN FRESH GRAPEFRUIT JUICE330,CS Packet Juice,BEVERAGE,2,14,0,0.00%,14,0.02%,0.02%
AMLacto Free Milk 1L,CS Dairy ,FOOD,2,14,0,0.00%,14,0.02%,0.02%
Apple Green,CS Fresh Fruit,FOOD,7,14,0,0.00%,14,0.06%,0.02%
AXE SHOWER GEL DARK TEMPTATION 2,CS Bath & Shower,NON FOOD,1,14,0,0.00%,14,0.01%,0.02%
DOVE ROLLON MEN CLEAN COMFORT 50,CS Deodrants,NON FOOD,1,14,0,0.00%,14,0.01%,0.02%
FIREFLY WAKE UP PEACH,Tea,BEVERAGE,1,14,0,0.00%,14,0.01%,0.02%
JIF CREAM ORIGINAL REGULAR 250ML,CS Dishwashing,NON FOOD,2,14,0,0.00%,14,0.02%,0.02%
KOKA CUP CHICKEN CORN,CS Pasta & Noodles,FOOD,4,14,0,0.00%,14,0.03%,0.02%
Lemon & Mint,Fresh Juices,BEVERAGE,1,14,0,0.00%,14,0.01%,0.02%
LINDT EXCELLENCE 90% CACOA 100GM,CS Chocolate ,FOOD,1,13.75,0,0.00%,13.75,0.01%,0.02%
NECTAFLOR PREMIUM GINGER 200GM,CS Dry Fruits,FOOD,1,13.75,0,0.00%,13.75,0.01%,0.02%
TWININGS LEMON GINGER TEA 25 BAG,CS Tea,FOOD,1,13.75,0,0.00%,13.75,0.01%,0.02%
DR.OETKER GIANT CHOCOLATE STAR M,CS Coocking & Baking,FOOD,1,13.5,0,0.00%,13.5,0.01%,0.02%
EMMENTHAL CHEESE PORTION 150G,CS Dairy ,FOOD,1,13.5,0,0.00%,13.5,0.01%,0.02%
BERRY CO BLUEBERRY JUICE 1L,CS Packet Juice,BEVERAGE,1,13,0,0.00%,13,0.01%,0.02%
BERRY CO SUPERBERRY RED 1L,CS Packet Juice,BEVERAGE,1,13,0,0.00%,13,0.01%,0.02%
ClrDpCleanseMen,CS Shampoo & Conditioner,NON FOOD,1,13,0,0.00%,13,0.01%,0.02%
DR.OETKER WAFER DAISIES,CS Coocking & Baking,FOOD,1,13,0,0.00%,13,0.01%,0.02%
GALAXY FRUIT & NUT 40GM,CS Chocolate ,FOOD,4,13,0,0.00%,13,0.03%,0.02%
GALAXY SMOOTH MILK 40GM,CS Chocolate ,FOOD,4,13,0,0.00%,13,0.03%,0.02%
LADY CHOICE CREAMY PEANUT BUTTER,CS Can & Jar Food,FOOD,1,13,0,0.00%,13,0.01%,0.02%
NIVEA ROLL ON WOMEN INVISIBLE 50,CS Deodrants,NON FOOD,1,13,0,0.00%,13,0.01%,0.02%
REXONA ROLLON MEN ACTIVE 50ML,CS Deodrants,NON FOOD,1,13,0,0.00%,13,0.01%,0.02%
DR OETKER CELEBRATION CANDLE,CS Disposable,NON FOOD,1,12.75,0,0.00%,12.75,0.01%,0.02%
FA SHOWER GEL MEN BLACK SUN 250M,CS Hair Styling & Spray,NON FOOD,1,12.75,0,0.00%,12.75,0.01%,0.02%
FA SHOWER GEL YOGHURT COCONUT 25,CS Bath & Shower,NON FOOD,1,12.75,0,0.00%,12.75,0.01%,0.02%
A/G Beets Sliced 425g,CS Can & Jar Food,FOOD,2,12.5,0,0.00%,12.5,0.02%,0.02%
DR.OETKER SUGAR STRANDS 55GM,CS Coocking & Baking,FOOD,1,12.5,0,0.00%,12.5,0.01%,0.02%
JOHNSONS COTTON BALLS 50 PCS,CS Facial Care,NON FOOD,1,12.5,0,0.00%,12.5,0.01%,0.02%
JOHN WEST LIGHT TUNA CHUNK OIL 1,CS Can & Jar Food,FOOD,2,12.5,0,0.00%,12.5,0.02%,0.02%
SAN PELLEGRINO WATER 500ML,CS Water,BEVERAGE,2,12.5,0,0.00%,12.5,0.02%,0.02%
DOVE HAIR CONDITIONER MOISTURIZI,CS Shampoo & Conditioner,NON FOOD,1,12.25,0,0.00%,12.25,0.01%,0.02%
PURELL REFRESHING HAND SANITIZER,CS Soap & Handwash,NON FOOD,1,12.25,0,0.00%,12.25,0.01%,0.02%
7 Up Lime,Softdrinks,BEVERAGE,3,12,0,0.00%,12,0.03%,0.01%
BAYARA CINNAMON POWDER BOTTLE 10,CS Spices & Herbs,FOOD,3,12,0,0.00%,12,0.03%,0.01%
CHOCOLATE BROWNIE ,Dessert,FOOD,1,12,0,0.00%,12,0.01%,0.01%
COCA COLA DIET CAN,Softdrinks,BEVERAGE,3,12,0,0.00%,12,0.03%,0.01%
CROISSANT HI BUTTER ZATAR,CS Bakery,FOOD,3,12,0,0.00%,12,0.03%,0.01%
DOVE SH NUTRITIVE DAILY CARE 200,CS Shampoo & Conditioner,NON FOOD,1,12,0,0.00%,12,0.01%,0.01%
FANTA STRAWBERRY CAN,Softdrinks,BEVERAGE,3,12,0,0.00%,12,0.03%,0.01%
JOHNSONS SHOWER GEL IMAGINE 250M,CS Bath & Shower,NON FOOD,1,12,0,0.00%,12,0.01%,0.01%
LABELLO ORIGINAL CLASSIC CARE 4.,CS Facial Care,NON FOOD,1,12,0,0.00%,12,0.01%,0.01%
LAYS 40GM TOMATO KETCHUP,CS Chips & Snacks,FOOD,6,12,0,0.00%,12,0.05%,0.01%
LAYS KETCHUP 40G,CHIPS,FOOD,3,12,0,0.00%,12,0.03%,0.01%
LAYS SALT 40G,CHIPS,FOOD,3,12,0,0.00%,12,0.03%,0.01%
Masafi Water1.5Ltr,Water,BEVERAGE,21,12,0,0.00%,12,0.18%,0.01%
MIRINDA ORANGE CAN,Softdrinks,BEVERAGE,3,12,0,0.00%,12,0.03%,0.01%
MOUNTAIN DEW,Softdrinks,BEVERAGE,3,12,0,0.00%,12,0.03%,0.01%
NATURE VALLEY OATS & HONEY,CS Cereal,FOOD,4,12,0,0.00%,12,0.03%,0.01%
Pineapple,Pizza,FOOD,2,12,0,0.00%,12,0.02%,0.01%
SCHWEPPES GINGER ALE 300M,CS Soft Drinks,BEVERAGE,8,12,0,0.00%,12,0.07%,0.01%
Short Bread,Dessert,FOOD,1,12,0,0.00%,12,0.01%,0.01%
SLICED BREAD MULTI GRAIN MEDIUM,CS Bakery,FOOD,2,12,0,0.00%,12,0.02%,0.01%
Sprite,Softdrinks,BEVERAGE,3,12,0,0.00%,12,0.03%,0.01%
STRAIGHT DUTCH,Smoothies,BEVERAGE,1,12,0,0.00%,12,0.01%,0.01%
SUBSTITUTE SOYA ALMOND,Soya Milk,FOOD,3,12,0,0.00%,12,0.03%,0.01%
Veg Noodle Soup,Soup ,FOOD,1,12,0,0.00%,12,0.01%,0.01%
DR.OETKER CHOCOLATE CHIPS DARK 1,CS Coocking & Baking,FOOD,1,11.75,0,0.00%,11.75,0.01%,0.01%
PHILADELPHIA LIGHT CHEESE SPREAD,CS Dairy ,FOOD,1,11.5,0,0.00%,11.5,0.01%,0.01%
CLOROX FLORAL 1.89L 1/2 GALLON,CS Laundry Care,NON FOOD,1,11.25,0,0.00%,11.25,0.01%,0.01%
DOMESTOS BLEACH LEMON FRESH 750M,CS Cleaning Supplies,NON FOOD,1,11.25,0,0.00%,11.25,0.01%,0.01%
GROWERS PACKET HONEY PEANUTS,CS Nuts & Seeds,FOOD,2,11,0,0.00%,11,0.02%,0.01%
MANI BERRY NUT PUMPKIN SEED 45G,CS Dry Fruits,FOOD,2,11,0,0.00%,11,0.02%,0.01%
PANTENE SH MILKY DAMAGE REPAIR 2,CS Shampoo & Conditioner,NON FOOD,1,11,0,0.00%,11,0.01%,0.01%
Soap Dove135 GM ,CS Soap & Handwash,NON FOOD,2,11,0,0.00%,11,0.02%,0.01%
Sugar Granul2Kg ,CS Coocking & Baking,FOOD,1,11,0,0.00%,11,0.01%,0.01%
COKE ZERO CAN 300M,CS Soft Drinks,BEVERAGE,7,10.5,0,0.00%,10.5,0.06%,0.01%
EMMENTHAL CHEESE GRATED 150G,CS Dairy ,FOOD,1,10.5,0,0.00%,10.5,0.01%,0.01%
KOKA CUP BEEF,CS Pasta & Noodles,FOOD,3,10.5,0,0.00%,10.5,0.03%,0.01%
KOKA CUP SEAFOOD,CS Pasta & Noodles,FOOD,3,10.5,0,0.00%,10.5,0.03%,0.01%
SPRITE CAN 330ML ,CS Soft Drinks,BEVERAGE,7,10.5,0,0.00%,10.5,0.06%,0.01%
VITA COCO PEACH & MANGO 330ML,Convenience Beverages,BEVERAGE,1,10.5,0,0.00%,10.5,0.01%,0.01%
LABELLO MEN ACTIVE CARE 4.8G,CS Facial Care,NON FOOD,1,10.25,0,0.00%,10.25,0.01%,0.01%
AL MARAI ORANGE CARROT JUICE 300,CS Packet Juice,BEVERAGE,4,10,0,0.00%,10,0.03%,0.01%
AL MARAI ORANGE PULP JUICE 300ML,CS Packet Juice,BEVERAGE,4,10,0,0.00%,10,0.03%,0.01%
CARTE DOR BANANA 1 SCOOP,Ice cream,FOOD,2,10,0,0.00%,10,0.02%,0.01%
CARTE DOR VANILLA 1 SCOOP,Ice cream,FOOD,2,10,0,0.00%,10,0.02%,0.01%
COKE LIGHT LARGE 2.25L,CS Soft Drinks,BEVERAGE,2,10,0,0.00%,10,0.02%,0.01%
COKE LIGHT PET 500ML,CS Soft Drinks,BEVERAGE,5,10,0,0.00%,10,0.04%,0.01%
DARJEELING LOOSE TEA,Tea,FOOD,1,10,0,0.00%,10,0.01%,0.01%
EARL GREY LOOSE TEA,Tea,FOOD,1,10,0,0.00%,10,0.01%,0.01%
Fresh Pineapple Juice,Fresh Juices,BEVERAGE,1,10,0,0.00%,10,0.01%,0.01%
Fresh Water Melon,Fresh Juices,BEVERAGE,1,10,0,0.00%,10,0.01%,0.01%
JASMINE GREEN LOOSE TEA,Tea,FOOD,1,10,0,0.00%,10,0.01%,0.01%
LABELLO SUN PROTECTION SPF 30 4.,CS Facial Care,NON FOOD,1,10,0,0.00%,10,0.01%,0.01%
Lungo,Nespresso,FOOD,1,10,0,0.00%,10,0.01%,0.01%
MentoGmWatrMelon,CS Mint & Gum,FOOD,2,10,0,0.00%,10,0.02%,0.01%
SINGLE ASSAM LOOSE TEA,Tea,FOOD,1,10,0,0.00%,10,0.01%,0.01%
SPRITE LARGE 2.25L,CS Soft Drinks,BEVERAGE,2,10,0,0.00%,10,0.02%,0.01%
Sweet Potato Wedges,Extras,FOOD,1,10,0,0.00%,10,0.01%,0.01%
THREE CHEESE,Sandwiches,FOOD,1,10,0,0.00%,10,0.01%,0.01%
WALK IN DINNER,WALK IN DINNER,FOOD,1,10,0,0.00%,10,0.01%,0.01%
ALMARAI BUTTER UNSALTED 200G,CS Dairy ,FOOD,1,9.75,0,0.00%,9.75,0.01%,0.01%
CLOSEUP FIRE FREEZE INTENSE 100M,CS Oral Care,NON FOOD,1,9.75,0,0.00%,9.75,0.01%,0.01%
COCO TREE JUICE 330ML,CS Packet Juice,BEVERAGE,3,9.75,0,0.00%,9.75,0.03%,0.01%
SUNSILK CD NOURISHING SOFT SMOOT,CS Shampoo & Conditioner,NON FOOD,1,9.75,0,0.00%,9.75,0.01%,0.01%
VOCHELLE BLOCK ALMOND 180G,CS Chocolate ,FOOD,1,9.75,0,0.00%,9.75,0.01%,0.01%
GATORADE LEMON PET 500ML,CS Sports & Energy Drinks,BEVERAGE,2,9.5,0,0.00%,9.5,0.02%,0.01%
LIPTON EARL GREY 25 TB,CS Tea,FOOD,1,9.5,0,0.00%,9.5,0.01%,0.01%
PERRIER WATER LEMON 330ML,CS Water,BEVERAGE,2,9.5,0,0.00%,9.5,0.02%,0.01%
A/G POP CORN MICROWAV EXTRA BUTT,CS Can & Jar Food,FOOD,1,9.25,0,0.00%,9.25,0.01%,0.01%
CRUNCHOS PUMPKIN SEEDS 200GM,CS Dry Fruits,FOOD,1,9.25,0,0.00%,9.25,0.01%,0.01%
CRUNCHOS SUNFLOWER SEEDS 200GM,CS Dry Fruits,FOOD,1,9.25,0,0.00%,9.25,0.01%,0.01%
Fountain Drink,Softdrinks,BEVERAGE,3,9,0,0.00%,9,0.03%,0.01%
PHOENIX COLA 330ML,CS Organic Food,FOOD,1,9,0,0.00%,9,0.01%,0.01%
POKKA PEACH ICED TEA 330ML,CS Soft Drinks,BEVERAGE,4,9,0,0.00%,9,0.03%,0.01%
QUAKER WHITE OATS TIN 500GM,CS Cereal,FOOD,1,9,0,0.00%,9,0.01%,0.01%
THAI CHOICE TOMYUM,CS Pasta & Noodles,FOOD,2,9,0,0.00%,9,0.02%,0.01%
A/G POP CORN MICROWAVE BUTTER 29,CS Can & Jar Food,FOOD,1,8.75,0,0.00%,8.75,0.01%,0.01%
AL AIN PINEAPPLE YOGHURT 125GM,CS Dairy ,FOOD,5,8.75,0,0.00%,8.75,0.04%,0.01%
A/G GREEN BEANS CUT 14.5OZ,CS Can & Jar Food,FOOD,2,8.5,0,0.00%,8.5,0.02%,0.01%
ENERGIZER AA 2 PCS,CS Others,NON FOOD,1,8.5,0,0.00%,8.5,0.01%,0.01%
BEST CAN PEANUTS SALTED 110GM,CS Nuts & Seeds,FOOD,1,8.25,0,0.00%,8.25,0.01%,0.01%
ABC Chilli Sauce395g,CS Sauce,FOOD,1,8,0,0.00%,8,0.01%,0.01%
ADD FLAVOURED SYRUP,Starbucks,FOOD,2,8,0,0.00%,8,0.02%,0.01%
AL AIN WATER 1.5 LITER,Water,BEVERAGE,4,8,0,0.00%,8,0.03%,0.01%
AL AIN WATER 500ML,Water,BEVERAGE,8,8,0,0.00%,8,0.07%,0.01%
D Sprite,Softdrinks,BEVERAGE,2,8,0,0.00%,8,0.02%,0.01%
Extra Cheese,Cheese,FOOD,2,8,0,0.00%,8,0.02%,0.01%
Fanta,Softdrinks,BEVERAGE,2,8,0,0.00%,8,0.02%,0.01%
Fresh Orange Juice,Fresh Juices,BEVERAGE,1,8,0,0.00%,8,0.01%,0.01%
Granola,Dessert,FOOD,1,8,0,0.00%,8,0.01%,0.01%
Lacnor Low Fat Milk 1L,CS Dairy ,BEVERAGE,2,8,0,0.00%,8,0.02%,0.01%
LEMON DRIZZLE CAKE,Dessert,FOOD,1,8,0,0.00%,8,0.01%,0.01%
LEMON INFUSION ICED TEA,Tea,FOOD,1,8,0,0.00%,8,0.01%,0.01%
Portion Starch,Main course,FOOD,1,8,0,0.00%,8,0.01%,0.01%
REDBULL REGULAR,Energy Drinks,BEVERAGE,1,8,0,0.00%,8,0.01%,0.01%
SLICED BREAD WHITE JUMBO,CS Bakery,FOOD,2,8,0,0.00%,8,0.02%,0.01%
SPARKLING WATER PREMIUM,Water,BEVERAGE,1,8,0,0.00%,8,0.01%,0.01%
Veg Fried Rice,Main course,FOOD,1,8,0,0.00%,8,0.01%,0.01%
AL RABIE MANGO 330ML,CS Packet Juice,BEVERAGE,3,7.5,0,0.00%,7.5,0.03%,0.01%
AL RABIE MANGO PASSION 330ML,CS Fresh Juice,BEVERAGE,3,7.5,0,0.00%,7.5,0.03%,0.01%
DOUGHNUT JAM,CS Bakery,FOOD,5,7.5,0,0.00%,7.5,0.04%,0.01%
KIT KAT 2 FINGERS,CS Chocolate ,FOOD,6,7.5,0,0.00%,7.5,0.05%,0.01%
KOKA PILLOW 5 PCS PRAWNS,CS Pasta & Noodles,FOOD,1,7.5,0,0.00%,7.5,0.01%,0.01%
MENTOS MINIS ASSORTED PACKET 250,CS Mint & Gum,FOOD,1,7.5,0,0.00%,7.5,0.01%,0.01%
MOUNTAIN DEW CAN 335ML ,CS Soft Drinks,BEVERAGE,5,7.5,0,0.00%,7.5,0.04%,0.01%
AL MARAI FRESH MILK LOW FAT 1L,CS Dairy ,FOOD,1,7,0,0.00%,7,0.01%,0.01%
DESIAM FISH SAUCE 60ML,CS Sauce,FOOD,2,7,0,0.00%,7,0.02%,0.01%
FITA CRACKERS 150G,Biscuit & Cookies,FOOD,2,7,0,0.00%,7,0.02%,0.01%
GLADClingWrap100sqft,CS Bags/Foil/Wraps,NON FOOD,1,7,0,0.00%,7,0.01%,0.01%
KOKA CUP TOMATO,CS Pasta & Noodles,FOOD,2,7,0,0.00%,7,0.02%,0.01%
LUX BAR CREAMY PERFECTION 120GM,CS Soap & Handwash,NON FOOD,2,7,0,0.00%,7,0.02%,0.01%
PEPSODENT TP GERMICHECK+BRUSH 15,CS Oral Care,NON FOOD,1,7,0,0.00%,7,0.01%,0.01%
TIDE 110GM ORIGINAL SCENT,CS Laundry Care,NON FOOD,4,7,0,0.00%,7,0.03%,0.01%
WalkersChocolate Chips40g,Biscuits,FOOD,2,7,0,0.00%,7,0.02%,0.01%
WALKERS SB CHOCO CHIPS 40G,Biscuit & Cookies,FOOD,2,7,0,0.00%,7,0.02%,0.01%
ALMARAI BURGER SLICE CHEESE 200G,CS Dairy ,FOOD,1,6.75,0,0.00%,6.75,0.01%,0.01%
BOGUTTI AMERICAN COOKIES CHOCO C,Biscuit & Cookies,FOOD,1,6.5,0,0.00%,6.5,0.01%,0.01%
CARTE D'OR SMALL CUP CHOCOLATE,CS Chocolate ,FOOD,1,6.5,0,0.00%,6.5,0.01%,0.01%
CARTE D'OR SMALL CUP VANILLA,CS Chocolate ,FOOD,1,6.5,0,0.00%,6.5,0.01%,0.01%
CARTE DOR PISTACIO 1 SCOOP,Ice cream,FOOD,1,6.5,0,0.00%,6.5,0.01%,0.01%
CORNETTO I/C LOVE COOKIE,CS Ice Cream,FOOD,1,6.5,0,0.00%,6.5,0.01%,0.01%
CORNETTO I/C LOVE VANILLA RASPBE,CS Ice Cream,FOOD,1,6.5,0,0.00%,6.5,0.01%,0.01%
DR OETEKER NO.2 CANDLE,CS Disposable,NON FOOD,1,6.5,0,0.00%,6.5,0.01%,0.01%
DR OETKER NO.1 CANDLE,CS Disposable,NON FOOD,1,6.5,0,0.00%,6.5,0.01%,0.01%
DR OETKER NO.6 CANDLE,CS Disposable,NON FOOD,1,6.5,0,0.00%,6.5,0.01%,0.01%
GALAXY CARAMEL 40GM,CS Chocolate ,FOOD,2,6.5,0,0.00%,6.5,0.02%,0.01%
INDOMIE CUP BEEF,CS Pasta & Noodles,FOOD,2,6.5,0,0.00%,6.5,0.02%,0.01%
M&M MINIS TUBE 30GM,CS Chocolate ,FOOD,2,6.5,0,0.00%,6.5,0.02%,0.01%
LACNOR APPLE 180ML,CS Packet Juice,BEVERAGE,5,6.25,0,0.00%,6.25,0.04%,0.01%
LUX SUNLIGHT LEMON 400ML,CS Dishwashing,NON FOOD,1,6.25,0,0.00%,6.25,0.01%,0.01%
Add Mini PastryCombo,Dessert,FOOD,6,6,0,0.00%,6,0.05%,0.01%
AL AIN LABAN 250ML,CS Dairy ,FOOD,3,6,0,0.00%,6,0.03%,0.01%
CHOCOLATE CHIP COOKIE,Dessert,FOOD,1,6,0,0.00%,6,0.01%,0.01%
COCA COAL LIGHT PET 500ML,Softdrinks,BEVERAGE,1,6,0,0.00%,6,0.01%,0.01%
COKE LIGHT CAN 300ML,CS Soft Drinks,BEVERAGE,4,6,0,0.00%,6,0.03%,0.01%
CROISSANT CHEESE,CS Bakery,FOOD,3,6,0,0.00%,6,0.03%,0.01%
CROISSANT HI BUTTER CHEESE,CS Bakery,FOOD,2,6,0,0.00%,6,0.02%,0.01%
DOUGHNUT ICING WHITE,CS Bakery,FOOD,4,6,0,0.00%,6,0.03%,0.01%
FANTA PET 500ML,Softdrinks,BEVERAGE,1,6,0,0.00%,6,0.01%,0.01%
LAYS 40GM SALT VINEGAR,CS Chips & Snacks,FOOD,3,6,0,0.00%,6,0.03%,0.01%
Mash and Gravy,Extras,FOOD,1,6,0,0.00%,6,0.01%,0.01%
Perrier Water,Water,BEVERAGE,1,6,0,0.00%,6,0.01%,0.01%
Plum Red,CS Fresh Fruit,FOOD,3,6,0,0.00%,6,0.03%,0.01%
FUN16OZMLTI,CS Disposable,NON FOOD,1,5.5,0,0.00%,5.5,0.01%,0.01%
JOHNSONS BABY SKIN CARE WIPES 20,CS Baby Care,NON FOOD,1,5.5,0,0.00%,5.5,0.01%,0.01%
VOCHELLE DARK CHOC ALMOND 90G,CS Chocolate ,FOOD,1,5.5,0,0.00%,5.5,0.01%,0.01%
FRUIT TELLA STRAWBERRY 39G,CS Mint & Gum,FOOD,3,5.25,0,0.00%,5.25,0.03%,0.01%
MODERN BAKE CRANBERRY ENERGY BAR,CS Cereal,FOOD,1,5.25,0,0.00%,5.25,0.01%,0.01%
NESCAFE SACHET RED MUG 1 PCS,CS Coffee,FOOD,7,5.25,0,0.00%,5.25,0.06%,0.01%
ALGIDA I/C CLASSICS VANILLA,CS Chocolate ,FOOD,2,5,0,0.00%,5,0.02%,0.01%
Cadburry,Chocolate,FOOD,1,5,0,0.00%,5,0.01%,0.01%
CARTE DOR S.BERRY 1 SCOOP,Ice cream,FOOD,1,5,0,0.00%,5,0.01%,0.01%
Cookie,Dessert,FOOD,1,5,0,0.00%,5,0.01%,0.01%
PEPSI LARGE 2.25L,CS Soft Drinks,BEVERAGE,1,5,0,0.00%,5,0.01%,0.01%
SCRUMMIES BLUEBERRY CRANBERRIES ,CS Dry Fruits,FOOD,1,4.75,0,0.00%,4.75,0.01%,0.01%
SCRUMMIES STRAWBERRY CRANBERRIES,CS Dry Fruits,FOOD,1,4.75,0,0.00%,4.75,0.01%,0.01%
FANTA STRAWBERRY 355M,CS Soft Drinks,BEVERAGE,3,4.5,0,0.00%,4.5,0.03%,0.01%
THAI CHOICE BEEF ,CS Pasta & Noodles,FOOD,1,4.5,0,0.00%,4.5,0.01%,0.01%
7 Up,Softdrinks,BEVERAGE,1,4,0,0.00%,4,0.01%,0.00%
A/G Green Peas Tin 425g,CS Can & Jar Food,FOOD,1,4,0,0.00%,4,0.01%,0.00%
ADD CARAMEL DRIZZLE,Starbucks,FOOD,1,4,0,0.00%,4,0.01%,0.00%
ADD SOYA MILK,Starbucks,FOOD,2,4,0,0.00%,4,0.02%,0.00%
ADD WHIPPED CREAM,Starbucks,FOOD,1,4,0,0.00%,4,0.01%,0.00%
AL RABIE APPLE 330ML,Fresh Juices,BEVERAGE,1,4,0,0.00%,4,0.01%,0.00%
AL RABIE ORANGE PEACH 330ML,Fresh Juices,BEVERAGE,1,4,0,0.00%,4,0.01%,0.00%
BAYARA EXTRA NUTS 50GM,CS Nuts & Seeds,FOOD,1,4,0,0.00%,4,0.01%,0.00%
BBQ SAUCE,Extras,FOOD,2,4,0,0.00%,4,0.02%,0.00%
FAMILIA 50GM MUESLI ORIGINAL,CS Cereal,FOOD,1,4,0,0.00%,4,0.01%,0.00%
GLASS OF MILK,Milk,FOOD,1,4,0,0.00%,4,0.01%,0.00%
KNORR PACKET CREAM OF VEGETABLE ,CS Packet Food,FOOD,1,4,0,0.00%,4,0.01%,0.00%
MANI PEANUTS SPICY PAPRIKA 45G,CS Dry Fruits,FOOD,1,4,0,0.00%,4,0.01%,0.00%
Pear,CS Fresh Fruit,FOOD,2,4,0,0.00%,4,0.02%,0.00%
PERRIER WATER 330ML,CS Water,BEVERAGE,1,4,0,0.00%,4,0.01%,0.00%
POKKA PEACH ICED TEA CAN,Packet Juice,BEVERAGE,1,4,0,0.00%,4,0.01%,0.00%
SPRITE CAN,Softdrinks,BEVERAGE,1,4,0,0.00%,4,0.01%,0.00%
STILL WATER REG,Water,BEVERAGE,2,4,0,0.00%,4,0.02%,0.00%
WRIGLEYS DOUBLEMINT STICK GUM,CS Mint & Gum,FOOD,4,4,0,0.00%,4,0.03%,0.00%
MENTOS ICE SPEARMINT 10G,CS Mint & Gum,FOOD,3,3.75,0,0.00%,3.75,0.03%,0.00%
KOKA CUP NODLE VEG,CS Pasta & Noodles,FOOD,1,3.5,0,0.00%,3.5,0.01%,0.00%
LUX BAR SECRET BLISS 120GM,CS Soap & Handwash,NON FOOD,1,3.5,0,0.00%,3.5,0.01%,0.00%
LUX BAR VELVET TOUCH 120GM,CS Soap & Handwash,NON FOOD,1,3.5,0,0.00%,3.5,0.01%,0.00%
SUPER GLUE 3G,CS Others,NON FOOD,2,3.5,0,0.00%,3.5,0.02%,0.00%
WALKERS SB HIGHLANDERS 40G,Biscuit & Cookies,FOOD,1,3.5,0,0.00%,3.5,0.01%,0.00%
BAYARA CASHEW SALTED 50GM,CS Nuts & Seeds,FOOD,1,3.25,0,0.00%,3.25,0.01%,0.00%
BEST 30GM SALTED CASHEWS,CS Nuts & Seeds,FOOD,1,3.25,0,0.00%,3.25,0.01%,0.00%
INDOMIE CUP CHICKEN,CS Pasta & Noodles,FOOD,1,3.25,0,0.00%,3.25,0.01%,0.00%
INDOMIE CUP VEGETABLE,CS Pasta & Noodles,FOOD,1,3.25,0,0.00%,3.25,0.01%,0.00%
AL AIN MORNING CRANBERRY MUSELI ,CS Dairy ,FOOD,1,3,0,0.00%,3,0.01%,0.00%
AL MARAI CHEESE 8 TRIANGLES 120G,CS Dairy ,FOOD,1,3,0,0.00%,3,0.01%,0.00%
Extra Cheese,Cheese,FOOD,1,3,0,0.00%,3,0.01%,0.00%
FOUNTAIN SODA LARGE,Softdrinks,BEVERAGE,1,3,0,0.00%,3,0.01%,0.00%
Laban 500ML,CS Dairy ,FOOD,1,3,0,0.00%,3,0.01%,0.00%
NATURE VALLEY CANADIAN MAPLE SYR,CS Cereal,FOOD,1,3,0,0.00%,3,0.01%,0.00%
PEPSI CAN 355ML ,CS Soft Drinks,BEVERAGE,2,3,0,0.00%,3,0.02%,0.00%
POKKA ICED TEA PEACH 500ML,CS Packet Juice,BEVERAGE,1,3,0,0.00%,3,0.01%,0.00%
RiceKrispiesCMB20g,CS Cereal,FOOD,1,3,0,0.00%,3,0.01%,0.00%
BAYARA SALTED PEANUTS 150GM,CS Nuts & Seeds,FOOD,1,2.75,0,0.00%,2.75,0.01%,0.00%
A/G IODIZED SALT 26OZ,CS Can & Jar Food,FOOD,1,2.5,0,0.00%,2.5,0.01%,0.00%
AL MARAI MIXED FRUIT 300ML,CS Packet Juice,BEVERAGE,1,2.5,0,0.00%,2.5,0.01%,0.00%
Al R.F.Cocktail ,CS Packet Juice,BEVERAGE,1,2.5,0,0.00%,2.5,0.01%,0.00%
AL RABIE LIME KIWI 330ML,CS Packet Juice,BEVERAGE,1,2.5,0,0.00%,2.5,0.01%,0.00%
AL RABIE PINEAPPLE 330ML,CS Packet Juice,BEVERAGE,1,2.5,0,0.00%,2.5,0.01%,0.00%
DOUGHNUT CHOCOLATE,CS Bakery,FOOD,1,2.5,0,0.00%,2.5,0.01%,0.00%
NESCAFE CAPPUCINO SACHET 1PCS,CS Coffee,FOOD,1,2.25,0,0.00%,2.25,0.01%,0.00%
DOUGHNUT PLAIN,CS Bakery,FOOD,1,2,0,0.00%,2,0.01%,0.00%
MENTOS 38GM CHEWY FRUIT,CS Mint & Gum,FOOD,1,2,0,0.00%,2,0.01%,0.00%
MENTOS 38GM CHEWY MINT,CS Mint & Gum,FOOD,1,2,0,0.00%,2,0.01%,0.00%
Nutra Van90gm,Biscuit & Cookies,FOOD,1,2,0,0.00%,2,0.01%,0.00%
PEPSI PET 500M,CS Soft Drinks,BEVERAGE,1,2,0,0.00%,2,0.01%,0.00%
SAFETY MATCH STICK BOX 2PCS,CS Others,NON FOOD,4,2,0,0.00%,2,0.03%,0.00%
AlAinYogLFat170g,CS Dairy ,FOOD,1,1.5,0,0.00%,1.5,0.01%,0.00%
BEST 30GM SALTED PEANUTS,CS Nuts & Seeds,FOOD,1,1.5,0,0.00%,1.5,0.01%,0.00%
COKE DIET CAN 330ML ,CS Soft Drinks,BEVERAGE,1,1.5,0,0.00%,1.5,0.01%,0.00%
CROISSANT PLAIN,CS Bakery,FOOD,1,1.5,0,0.00%,1.5,0.01%,0.00%
Lacnor Cocktail180ML,Fresh Juices,FOOD,1,1.5,0,0.00%,1.5,0.01%,0.00%
LacnorGuava180ML ,CS Packet Juice,BEVERAGE,1,1.5,0,0.00%,1.5,0.01%,0.00%
PEPSI DIET CAN 335ML ,CS Soft Drinks,BEVERAGE,1,1.5,0,0.00%,1.5,0.01%,0.00%
SCHWEPPES BITTER LEMON 300M,CS Soft Drinks,BEVERAGE,1,1.5,0,0.00%,1.5,0.01%,0.00%
AL AIN YOGHURT LOW FAT 170GM,CS Dairy ,FOOD,1,1.25,0,0.00%,1.25,0.01%,0.00%
LACNOR MILK BANANA 180ML,CS Packet Juice,BEVERAGE,1,1.25,0,0.00%,1.25,0.01%,0.00%
Al Ain 1.5 L,Water,BEVERAGE,16,0,0,0.00%,0,0.14%,0.00%
Coffee Filter,Tea,BEVERAGE,22,0,0,0.00%,0,0.19%,0.00%
Espresso Macchiato,Nespresso,FOOD,1,0,0,0.00%,0,0.01%,0.00%
FRUIT JUICE,Fresh Juices,BEVERAGE,27,0,0,0.00%,0,0.23%,0.00%
Pepsi Light,Softdrinks,BEVERAGE,2,0,0,0.00%,0,0.02%,0.00%
Tea Regular,Tea,BEVERAGE,9,0,0,0.00%,0,0.08%,0.00%
TOTAL*,,,"10,232","81,388.00",0,0.00%,"81,388.00",87.34%,100.00%
,,,,,,,,,
