Menu Engineering Items Summary,,,,,,,,,
,,,,,,,,,
Business Dates,12/10/2015,,,,,,,,
Locations,"DEMO,UAE",,,,,,,,
Revenue Centers,All,,,,,,,,
Menu Items,All,,,,,,,,
,,,,,,,,,
Menu Item Name,Family Group,Major Group,Qty Sold,Net Sales,Prep Cost,Cost %,Margin Less Item Disc,% Qty,% Margin
Stud Meal Combo,Main course,FOOD,188,"5,610.00",0,0.00%,"5,610.00",1.71%,6.26%
Buffet Lunch,Main course,FOOD,56,"5,040.00",0,0.00%,"5,040.00",0.51%,5.62%
GLOBAL STREET MAIN,Main course,FOOD,112,"2,834.00",0,0.00%,"2,834.00",1.02%,3.16%
Student Breakfast,Breakfast,FOOD,77,"2,310.00",0,0.00%,"2,310.00",0.70%,2.58%
MARINATED SALMON STEAK,Grill,FOOD,68,"2,040.00",0,0.00%,"2,040.00",0.62%,2.28%
Buffet Meal,Main course,FOOD,60,"1,298.00",0,0.00%,"1,298.00",0.55%,1.45%
16 OZ CAFFE LATTE,Starbucks,FOOD,76,"1,064.00",0,0.00%,"1,064.00",0.69%,1.19%
Classic Angus Burger,Burgers,FOOD,34,"1,020.00",0,0.00%,"1,020.00",0.31%,1.14%
SERCO LUNCH,SERCO LUNCH,FOOD,68,"1,020.00",0,0.00%,"1,020.00",0.62%,1.14%
Margherita(V),Pizza,FOOD,40,"1,000.00",0,0.00%,"1,000.00",0.36%,1.12%
BBQ Glazed Chicken,Sandwiches,FOOD,47,987,0,0.00%,987,0.43%,1.10%
MEAT PLATTER,Main course,FOOD,31,930,0,0.00%,930,0.28%,1.04%
Tenderloin Steak,Burgers,FOOD,30,900,0,0.00%,900,0.27%,1.00%
Slice of the Day,Pizza,FOOD,173,865,0,0.00%,865,1.58%,0.96%
12 OZ CAFFE LATTE,Starbucks,FOOD,67,792,0,0.00%,792,0.61%,0.88%
SERCO DINNER,SERCO DINNER,FOOD,52,780,0,0.00%,780,0.47%,0.87%
Massaman Chicken,Main course,FOOD,32,768,0,0.00%,768,0.29%,0.86%
Battered Chicken,Main course,FOOD,27,756,0,0.00%,756,0.25%,0.84%
Two Eggs ,Breakfast,FOOD,150,750,0,0.00%,750,1.37%,0.84%
Take Away Box,Take Away Boxes,NON FOOD,249,747,0,0.00%,747,2.27%,0.83%
Chicken Steak,Grill,FOOD,31,744,0,0.00%,744,0.28%,0.83%
Chicken Caesar,Salads,FOOD,28,700,0,0.00%,700,0.26%,0.78%
Masafi Water500ml,Water,BEVERAGE,682,679,0,0.00%,679,6.22%,0.76%
12 OZ CAFFE AMERICANO,Starbucks,FOOD,64,640,0,0.00%,640,0.58%,0.71%
CHICKEN MEAL ,Main course,FOOD,26,625,0,0.00%,625,0.24%,0.70%
BUTTER FLY CHICKEN BREAST ,Grill,FOOD,26,624,0,0.00%,624,0.24%,0.70%
FG LARGE BOWL,FEEL GOOD,FOOD,23,598,0,0.00%,598,0.21%,0.67%
12 OZ CAPPUCHINO,Starbucks,FOOD,47,564,0,0.00%,564,0.43%,0.63%
FG MEDIUM BOWL,FEEL GOOD,FOOD,31,558,0,0.00%,558,0.28%,0.62%
TAMRAH CHOCO MILK ZIPPER BAG 100,CS Dry Fruits,FOOD,58,551,0,0.00%,551,0.53%,0.61%
SMOKED TURKEY S/W,Sandwiches,FOOD,16,544,0,0.00%,544,0.15%,0.61%
16 OZ CAFFE AMERICANO,Starbucks,FOOD,45,540,0,0.00%,540,0.41%,0.60%
Falafel Tomato & Hummus(V),Sandwiches,FOOD,30,540,0,0.00%,540,0.27%,0.60%
Smoked Salmon,Sandwiches,FOOD,21,525,0,0.00%,525,0.19%,0.59%
CHICKEN ROCQUET CHEESE S/W,Sandwiches,FOOD,17,510,0,0.00%,510,0.16%,0.57%
Five a Day,Fresh Juices,BEVERAGE,21,504,0,0.00%,504,0.19%,0.56%
Fresh Fruit Pcs,Extras,FOOD,170,498,0,0.00%,498,1.55%,0.56%
BLACK ANGUS CLUB 6 OZ,Burgers,FOOD,15,480,0,0.00%,480,0.14%,0.54%
Full Breakfast,Breakfast,FOOD,13,455,0,0.00%,455,0.12%,0.51%
SERCO BREAKFAST,SERCO BREAKFAST,FOOD,30,450,0,0.00%,450,0.27%,0.50%
BEEF MEAL,Main course,FOOD,17,425,0,0.00%,425,0.16%,0.47%
Chocolate Bar,Extras,FOOD,80,400,0,0.00%,400,0.73%,0.45%
Yasai Itame,Main course,FOOD,15,390,0,0.00%,390,0.14%,0.43%
CROISSANT MEDIUM,PASTRIES,FOOD,55,385,0,0.00%,385,0.50%,0.43%
Double Trouble,Milk Shake,BEVERAGE,16,384,0,0.00%,384,0.15%,0.43%
4 OZ BURGER COMBO,Burgers,FOOD,10,380,0,0.00%,380,0.09%,0.42%
FRESH JUICE SMALL,Breakfast,FOOD,94,376,0,0.00%,376,0.86%,0.42%
Go Large,Pizza,FOOD,46,368,0,0.00%,368,0.42%,0.41%
Yoghurt,Yogurt,FOOD,92,364,0,0.00%,364,0.84%,0.41%
Chicken Tikka,Sandwiches,FOOD,15,360,0,0.00%,360,0.14%,0.40%
Grilled Chicken Burger,Burgers,FOOD,15,360,0,0.00%,360,0.14%,0.40%
CHICKEN CEASAR SALAD,Salads,FOOD,11,352,0,0.00%,352,0.10%,0.39%
Buffet Fruit Salad,Salads,FOOD,70,350,0,0.00%,350,0.64%,0.39%
Salmon Salad,Salads,FOOD,14,350,0,0.00%,350,0.13%,0.39%
SWEET CHILLI SALMON SALAD,Sandwiches,FOOD,9,342,0,0.00%,342,0.08%,0.38%
TAMRAH COCO DATES ZIPPER BAG 100,CS Dry Fruits,FOOD,36,342,0,0.00%,342,0.33%,0.38%
LACNOR COCKTAIL 180ML,Fresh Juices,BEVERAGE,81,324,0,0.00%,324,0.74%,0.36%
FYO SHAWARMA,Main course,FOOD,21,315,0,0.00%,315,0.19%,0.35%
16 OZ CAPPUCHINO,Starbucks,FOOD,22,308,0,0.00%,308,0.20%,0.34%
SIMPLE SHAWARMA,Main course,FOOD,37,296,0,0.00%,296,0.34%,0.33%
Beef sausage,Breakfast,FOOD,58,290,0,0.00%,290,0.53%,0.32%
Extra Portion Grill,Main course,FOOD,24,288,0,0.00%,288,0.22%,0.32%
Side Salad,Salads,FOOD,70,280,0,0.00%,280,0.64%,0.31%
Pesto Roasted Chicken,Sandwiches,FOOD,12,276,0,0.00%,276,0.11%,0.31%
Bagel S. Salmon,Sandwiches,FOOD,11,275,0,0.00%,275,0.10%,0.31%
CEASAR CHICKEN WRAP,Wraps,FOOD,8,272,0,0.00%,272,0.07%,0.30%
REUBENS S/W,Sandwiches,FOOD,9,270,0,0.00%,270,0.08%,0.30%
Fruit Salad,Yoghurt Pots,FOOD,22,264,0,0.00%,264,0.20%,0.29%
16 OZ WHITE CHOCOLATE MOCHA,Starbucks,FOOD,15,255,0,0.00%,255,0.14%,0.28%
BUTTERNUT & GOAT CHEESE SALAD ,Sandwiches,FOOD,7,252,0,0.00%,252,0.06%,0.28%
FRESH JUICE LARGE,Fresh Juices,FOOD,36,252,0,0.00%,252,0.33%,0.28%
Steamed Vegetables,Main course,FOOD,9,252,0,0.00%,252,0.08%,0.28%
FISH & SHRIMP MEAL,Main course,FOOD,10,250,0,0.00%,250,0.09%,0.28%
WALK IN LUNCH,WALK IN LUNCH,FOOD,25,250,0,0.00%,250,0.23%,0.28%
Isabella(V),Pizza,FOOD,7,245,0,0.00%,245,0.06%,0.27%
Digest dark200,Biscuit & Cookies,FOOD,18,243,0,0.00%,243,0.16%,0.27%
Smoked Turkey Ham Pasta,Salads,FOOD,11,242,0,0.00%,242,0.10%,0.27%
12OZ WHITE CHOCOLATE MOCHA,Starbucks,FOOD,16,240,0,0.00%,240,0.15%,0.27%
12 OZ VANILLA LATTE,Starbucks,FOOD,14,238,0,0.00%,238,0.13%,0.27%
KELLOGS BARS MILK CHOCO 04PCX1PK,CS Cereal,FOOD,15,236.25,0,0.00%,236.25,0.14%,0.26%
TUNA NICOISE SALAD,Salads,FOOD,9,234,0,0.00%,234,0.08%,0.26%
Banana Pcs,CS Fresh Fruit,FOOD,233,233,0,0.00%,233,2.12%,0.26%
Yoghurt,Yogurt,FOOD,19,228,0,0.00%,228,0.17%,0.25%
12 OZ CARAMEL MACCHIATO,Starbucks,FOOD,15,225,0,0.00%,225,0.14%,0.25%
Hash Browns,Breakfast,FOOD,55,220,0,0.00%,220,0.50%,0.25%
CROISSANT MINI,Dessert,FOOD,76,219,0,0.00%,219,0.69%,0.24%
Cereal Portion,Breakfast,FOOD,31,217,0,0.00%,217,0.28%,0.24%
DOUBLE ESSPRESSO,Starbucks,FOOD,18,216,0,0.00%,216,0.16%,0.24%
Super Food Salad (V),Salads,FOOD,9,216,0,0.00%,216,0.08%,0.24%
7 OZ DOUBLE SHOT ICED SHAKEN,Starbucks,FOOD,15,210,0,0.00%,210,0.14%,0.23%
FRESH GREEN SALAD,Salads,FOOD,13,208,0,0.00%,208,0.12%,0.23%
BRIE & TOMATO S/W,Sandwiches,FOOD,6,204,0,0.00%,204,0.05%,0.23%
Homemade Beef Burger,Burgers,FOOD,10,200,0,0.00%,200,0.09%,0.22%
Soup,Extras,FOOD,33,198,0,0.00%,198,0.30%,0.22%
GranAppleCunch,CS Cereal,FOOD,64,192,0,0.00%,192,0.58%,0.21%
Hawaiian,Pizza,FOOD,6,192,0,0.00%,192,0.05%,0.21%
Salmon Chirashi,Sushi,FOOD,9,189,0,0.00%,189,0.08%,0.21%
NATURE VALLEY SWEET NUTTY PEANUT,CS Cereal,FOOD,8,186,0,0.00%,186,0.07%,0.21%
Filter Coffee,Tea,FOOD,38,185,0,0.00%,185,0.35%,0.21%
MOROCCAN LAMB BURGER,Burgers,FOOD,5,180,0,0.00%,180,0.05%,0.20%
Tandoori Chicken,Pizza,FOOD,6,180,0,0.00%,180,0.05%,0.20%
California Rolls(6Pcs),Sushi,FOOD,8,176,0,0.00%,176,0.07%,0.20%
LACNOR MILK CHOCOLATE,Flavoured Milk,BEVERAGE,44,176,0,0.00%,176,0.40%,0.20%
Tuna Sweetcorn,Pre Packed Sandwiches,FOOD,11,176,0,0.00%,176,0.10%,0.20%
VEGGIE MEAL,Veggie,FOOD,8,176,0,0.00%,176,0.07%,0.20%
Baked beans,Breakfast,FOOD,35,175,0,0.00%,175,0.32%,0.20%
GRILLED CHICKEN & BACON S/W,Sandwiches,FOOD,5,175,0,0.00%,175,0.05%,0.20%
Guest Meal Combo,Main course,FOOD,12,175,0,0.00%,175,0.11%,0.20%
16 OZ ICED CAFFE LATTE,Starbucks,FOOD,12,172,0,0.00%,172,0.11%,0.19%
COCA COLA CAN,Softdrinks,BEVERAGE,44,172,0,0.00%,172,0.40%,0.19%
16 OZ CARAMEL MACCHIATO,Starbucks,FOOD,10,170,0,0.00%,170,0.09%,0.19%
RED BULL SUGAR FREE 250ML,CS Sports & Energy Drinks,BEVERAGE,24,168,0,0.00%,168,0.22%,0.19%
KIT KAT 2 FINGERS,CS Chocolate ,FOOD,129,161.25,0,0.00%,161.25,1.18%,0.18%
Dessert,Dessert,FOOD,40,160,0,0.00%,160,0.36%,0.18%
FRIED CHICKEN WRAP,Burgers,FOOD,5,160,0,0.00%,160,0.05%,0.18%
B.BAG SALTED150g,CS Chips & Snacks,FOOD,13,156,0,0.00%,156,0.12%,0.17%
RED BULL 250ML,CS Sports & Energy Drinks,BEVERAGE,22,156,0,0.00%,156,0.20%,0.17%
Mexican Melt,Pizza,FOOD,4,152,0,0.00%,152,0.04%,0.17%
BJORG ORGANIC FOURRES MYRTILLES ,CS Organic Food,FOOD,4,151,0,0.00%,151,0.04%,0.17%
LISTERINE MW COOL MINT 250ML,CS Oral Care,NON FOOD,7,147,0,0.00%,147,0.06%,0.16%
HIT THE ROOF,Milk Shake,BEVERAGE,6,144,0,0.00%,144,0.05%,0.16%
POKKA PEACH ICED TEA CAN,Packet Juice,BEVERAGE,36,144,0,0.00%,144,0.33%,0.16%
ANCHOR BUTTER UNSALTED 454G,CS Dairy ,FOOD,7,143.5,0,0.00%,143.5,0.06%,0.16%
JAYS POM PUNCH,Smoothies,BEVERAGE,5,140,0,0.00%,140,0.05%,0.16%
Portion Protein,Main course,FOOD,14,140,0,0.00%,140,0.13%,0.16%
NATURE VALLEY SWEET NUTTY ALMOND,CS Cereal,FOOD,6,139.5,0,0.00%,139.5,0.05%,0.16%
Pancakes,Breakfast,FOOD,46,138,0,0.00%,138,0.42%,0.15%
12 OZ CAFFE MOCHA,Starbucks,FOOD,9,135,0,0.00%,135,0.08%,0.15%
16 OZ VANILLA LATTE,Starbucks,FOOD,7,133,0,0.00%,133,0.06%,0.15%
DR OETKER TONNO PIZZA,CS Frozen Food,FOOD,5,131.25,0,0.00%,131.25,0.05%,0.15%
Chicken Tandoori,Pre Packed Sandwiches,FOOD,13,130,0,0.00%,130,0.12%,0.14%
FETA & ROAST VEG PANINI,Sandwiches,FOOD,5,130,0,0.00%,130,0.05%,0.14%
AL SHIFA HOINEY 750GM,CS Can & Jar Food,FOOD,4,129,0,0.00%,129,0.04%,0.14%
16 OZ ICED WHITE CHOCOLATE MOCHA,Starbucks,FOOD,7,128,0,0.00%,128,0.06%,0.14%
Valley Crunchy,Cereal Bar,FOOD,42,126,0,0.00%,126,0.38%,0.14%
PAPER BAG,BAGS,NON FOOD,121,121,0,0.00%,121,1.10%,0.13%
BLUE BERRY MUFFIN,Dessert,FOOD,12,120,0,0.00%,120,0.11%,0.13%
CHUNKY MONKEY,Milk Shake,BEVERAGE,5,120,0,0.00%,120,0.05%,0.13%
COCONUT WATER CAN,Packet Juice,BEVERAGE,30,120,0,0.00%,120,0.27%,0.13%
Croissant,Breakfast,FOOD,17,119,0,0.00%,119,0.16%,0.13%
VOCHELLE BLOCK ALMOND 180G,CS Chocolate ,FOOD,12,117,0,0.00%,117,0.11%,0.13%
CLASSIC FRIES,Main course,FOOD,23,115,0,0.00%,115,0.21%,0.13%
Cold Cuts,Breakfast,FOOD,23,115,0,0.00%,115,0.21%,0.13%
Angus Beef Burger,Burgers,FOOD,3,114,0,0.00%,114,0.03%,0.13%
Meat Feast,Pizza,FOOD,3,114,0,0.00%,114,0.03%,0.13%
FG Juice Bottled,FEEL GOOD,FOOD,14,112,0,0.00%,112,0.13%,0.12%
JAMIES BERRY BURST,Smoothies,BEVERAGE,4,112,0,0.00%,112,0.04%,0.12%
TEA BAG JASMINE GREEN,Tea,FOOD,14,112,0,0.00%,112,0.13%,0.12%
VANIAS SPRING GREEN,Smoothies,BEVERAGE,4,112,0,0.00%,112,0.04%,0.12%
AL AIN FRESH MILK LOW FAT 2L,CS Dairy ,FOOD,11,110,0,0.00%,110,0.10%,0.12%
Chicken Sweetcorn,Pre Packed Sandwiches,FOOD,11,110,0,0.00%,110,0.10%,0.12%
Filter Tea,Tea,FOOD,22,110,0,0.00%,110,0.20%,0.12%
PPPPLEASE ME,Fresh Juices,BEVERAGE,5,110,0,0.00%,110,0.05%,0.12%
Roast Beef,Sandwiches,FOOD,5,110,0,0.00%,110,0.05%,0.12%
SINGLE ESSPRESSO,Starbucks,FOOD,11,110,0,0.00%,110,0.10%,0.12%
B.BAG OAK SMOK150g,CS Chips & Snacks,FOOD,9,108,0,0.00%,108,0.08%,0.12%
FG SMALL BOWL,FEEL GOOD,FOOD,9,108,0,0.00%,108,0.08%,0.12%
GILLETTE FUSION RAZOR 1 UP,CS Mens Care,NON FOOD,3,107.25,0,0.00%,107.25,0.03%,0.12%
VEGGIE MAIN,Main course,FOOD,7,105,0,0.00%,105,0.06%,0.12%
LACNOR MANGO 180ML,Fresh Juices,BEVERAGE,26,104,0,0.00%,104,0.24%,0.12%
Salmon Temaki (3 Pcs),Sushi,FOOD,4,104,0,0.00%,104,0.04%,0.12%
CstaniaMixSuperNuts350G,CS Nuts & Seeds,FOOD,3,103.5,0,0.00%,103.5,0.03%,0.12%
SWISS DELICE JAPONAIS BISCUITS 1,CS Chocolate ,FOOD,6,103.5,0,0.00%,103.5,0.05%,0.12%
FINE TOILET ROLLS 2PLY X 10 PCS ,CS Tissue & Toilet Rolls,NON FOOD,7,103.25,0,0.00%,103.25,0.06%,0.12%
12 OZ SIGNATURE HOT CHOCOLATE,Starbucks,FOOD,6,102,0,0.00%,102,0.05%,0.11%
JDS ALMOND FLORENTINES,Biscuit & Cookies,FOOD,4,102,0,0.00%,102,0.04%,0.11%
CheseTurkeyHamCrossiant,Sandwiches,FOOD,5,100,0,0.00%,100,0.05%,0.11%
Tamago Nigiri,Sushi,FOOD,20,100,0,0.00%,100,0.18%,0.11%
Three Cheese Spring Onion,Pre Packed Sandwiches,FOOD,11,100,0,0.00%,100,0.10%,0.11%
BJORG ORGANIC FOURRES FRAMBOISES,CS Organic Food,FOOD,3,99.75,0,0.00%,99.75,0.03%,0.11%
NUTELLA 400GM,CS Can & Jar Food,FOOD,4,98,0,0.00%,98,0.04%,0.11%
PERSIL LIQUID GREEN POWER GEL 3L,CS Laundry Care,NON FOOD,2,97.5,0,0.00%,97.5,0.02%,0.11%
12 OZ SOYA CAFFE LATTE,Coffee,FOOD,6,96,0,0.00%,96,0.05%,0.11%
7 UP CAN,Softdrinks,BEVERAGE,24,96,0,0.00%,96,0.22%,0.11%
French Toast,Breakfast,FOOD,24,96,0,0.00%,96,0.22%,0.11%
THE 3RD DATE,Milk Shake,BEVERAGE,4,96,0,0.00%,96,0.04%,0.11%
The Big Apple,Milk Shake,BEVERAGE,4,96,0,0.00%,96,0.04%,0.11%
Beef Bacon,Breakfast,FOOD,19,95,0,0.00%,95,0.17%,0.11%
DOVE BODY LOTION ALMOND CREAM 25,CS Body Care,NON FOOD,5,95,0,0.00%,95,0.05%,0.11%
CADBURY DM FRUIT & NUT 230GM,CS Chocolate ,FOOD,8,94,0,0.00%,94,0.07%,0.10%
Toast,Breakfast,FOOD,94,94,0,0.00%,94,0.86%,0.10%
MODERN BAKE PEANUT PEACAN ENERGY,CS Cereal,FOOD,17,93.5,0,0.00%,93.5,0.16%,0.10%
ALPRO SOYA ORIGINAL1L,CS Dairy ,BEVERAGE,6,93,0,0.00%,93,0.05%,0.10%
PERRIER WATER 750ML,Water,BEVERAGE,10,93,0,0.00%,93,0.09%,0.10%
BOGUTTI WHITE CHOCO PCS 37%,Biscuit & Cookies,FOOD,10,92.5,0,0.00%,92.5,0.09%,0.10%
Apple Red,CS Fresh Fruit,FOOD,46,92,0,0.00%,92,0.42%,0.10%
LACNOR MILK STRAWBERRY,Flavoured Milk,BEVERAGE,23,92,0,0.00%,92,0.21%,0.10%
SPRITE CAN,Softdrinks,BEVERAGE,23,92,0,0.00%,92,0.21%,0.10%
AL AIN FRESH MILK 1L LOW FAT,CS Dairy ,FOOD,14,91,0,0.00%,91,0.13%,0.10%
BJORG ORGANIC CROUSTILLANTS CHOC,CS Organic Food,FOOD,2,90.5,0,0.00%,90.5,0.02%,0.10%
AL AIN FRESH MILK FULL FAT 2L,CS Dairy ,FOOD,9,90,0,0.00%,90,0.08%,0.10%
BEST CAN SUPER PISTACHIO 110GM,CS Nuts & Seeds,FOOD,5,90,0,0.00%,90,0.05%,0.10%
MAGNUM I/C WHITE,CS Ice Cream,FOOD,12,90,0,0.00%,90,0.11%,0.10%
Egg Cress Mayonnaise,Pre Packed Sandwiches,FOOD,11,88,0,0.00%,88,0.10%,0.10%
FARM FRESH EGGS WHITE 15PCS,CS Eggs,FOOD,8,88,0,0.00%,88,0.07%,0.10%
Portion Starch,Main course,FOOD,11,88,0,0.00%,88,0.10%,0.10%
Tuna Cheese Melt,Sandwiches,FOOD,4,88,0,0.00%,88,0.04%,0.10%
16 OZ ICED CARAMEL MACCHIATO,Starbucks,FOOD,5,87,0,0.00%,87,0.05%,0.10%
16 OZ ICED CAFE AMERICANO,Starbucks,FOOD,7,86,0,0.00%,86,0.06%,0.10%
12 OZ CARAMEL LATTE,Starbucks,FOOD,5,85,0,0.00%,85,0.05%,0.09%
12 OZ HOT CHOCOLATE,Starbucks,FOOD,5,85,0,0.00%,85,0.05%,0.09%
CHEETOS 205GM CRUNCHY FLAMING HO,CS Chips & Snacks,FOOD,10,85,0,0.00%,85,0.09%,0.09%
AMERICAN 4 OZ,Burgers,FOOD,3,84,0,0.00%,84,0.03%,0.09%
FALAFEL COMBO,Burgers,FOOD,3,84,0,0.00%,84,0.03%,0.09%
French Fries,Extras,FOOD,14,84,0,0.00%,84,0.13%,0.09%
GALLON WATER COUPON,CS Water,BEVERAGE,12,84,0,0.00%,84,0.11%,0.09%
Latte Macchiato,Nespresso,FOOD,7,84,0,0.00%,84,0.06%,0.09%
Small Salad,Salads,FOOD,7,84,0,0.00%,84,0.06%,0.09%
BJORG ORGANIC CALCIUM ALMOND MIL,CS Organic Food,FOOD,3,83.25,0,0.00%,83.25,0.03%,0.09%
LINDT EXCELLENCE LIME INTENSE 10,CS Chocolate ,FOOD,6,82.5,0,0.00%,82.5,0.05%,0.09%
LINDT EXCELLENCE SEA SALT 100GM,CS Chocolate ,FOOD,6,82.5,0,0.00%,82.5,0.05%,0.09%
COCO POPS KELLOGS 375GM,CS Cereal,FOOD,4,82,0,0.00%,82,0.04%,0.09%
FUN PLASTIC PLATE WHITE 25PCS 26,CS Disposable,NON FOOD,5,81.25,0,0.00%,81.25,0.05%,0.09%
CEYLON GINGER LOOSE TEA,Tea,FOOD,8,80,0,0.00%,80,0.07%,0.09%
COCA COLA ZERO CAN,Softdrinks,BEVERAGE,20,80,0,0.00%,80,0.18%,0.09%
FALAFEL & HUMUS,Wraps,FOOD,5,80,0,0.00%,80,0.05%,0.09%
GATORADE ORANGE PET 500ML,CS Sports & Energy Drinks,BEVERAGE,16,80,0,0.00%,80,0.15%,0.09%
Mixed Juice,Fresh Juices,BEVERAGE,5,80,0,0.00%,80,0.05%,0.09%
VEG BURGER,Burgers,FOOD,4,80,0,0.00%,80,0.04%,0.09%
AL AIN WATER 1.5L,CS Water,BEVERAGE,53,79.5,0,0.00%,79.5,0.48%,0.09%
BOUNTY BAR 57GM,CS Chocolate ,FOOD,21,79,0,0.00%,79,0.19%,0.09%
AL AIN WATER 500ML,Water,BEVERAGE,78,78,0,0.00%,78,0.71%,0.09%
CARTE D'OR SMALL CUP CHOCOLATE,CS Chocolate ,FOOD,12,78,0,0.00%,78,0.11%,0.09%
Pepperoni,Pizza,FOOD,13,78,0,0.00%,78,0.12%,0.09%
BJORG ORGANIC FOURRES CHOCOLAT L,CS Organic Food,FOOD,2,77.5,0,0.00%,77.5,0.02%,0.09%
CHICKEN WRAP COMBO,Burgers,FOOD,2,76,0,0.00%,76,0.02%,0.08%
SALMON NICOISE,Salads,FOOD,2,76,0,0.00%,76,0.02%,0.08%
TAMRAH CHOCO CARAMEL ZIPPER BAG ,CS Dry Fruits,FOOD,8,76,0,0.00%,76,0.07%,0.08%
KAGI SWISS WAFERS MINI GIFT BOX ,CS Mint & Gum,FOOD,2,74.5,0,0.00%,74.5,0.02%,0.08%
BJORG ORGANIC LE P'TIT NATURE 20,CS Organic Food,FOOD,3,74.25,0,0.00%,74.25,0.03%,0.08%
AL AIN WATER 500ml,CS Water,BEVERAGE,73,73,0,0.00%,73,0.67%,0.08%
B.BAG CHEDDAR150g,CS Chips & Snacks,FOOD,6,72,0,0.00%,72,0.05%,0.08%
BLUEBERRY MUFFINS,Dessert,FOOD,6,72,0,0.00%,72,0.05%,0.08%
BRIE & BACON S/W,Sandwiches,FOOD,2,72,0,0.00%,72,0.02%,0.08%
Cappuccino,Nespresso,FOOD,6,72,0,0.00%,72,0.05%,0.08%
CHOCOLATE BROWNIE ,Dessert,FOOD,6,72,0,0.00%,72,0.05%,0.08%
KitKat2Fingr20.5g,CS Chocolate ,FOOD,72,72,0,0.00%,72,0.66%,0.08%
Large Salad,Salads,FOOD,4,72,0,0.00%,72,0.04%,0.08%
Mushrooms,Pizza,FOOD,12,72,0,0.00%,72,0.11%,0.08%
PEACH & BASIL SMOOTHIE,Smoothies,BEVERAGE,3,72,0,0.00%,72,0.03%,0.08%
PEPSI CAN,Softdrinks,BEVERAGE,18,72,0,0.00%,72,0.16%,0.08%
TEA BAG EARL GREY,Tea,FOOD,9,72,0,0.00%,72,0.08%,0.08%
Veg Noodle Soup,Soup ,FOOD,6,72,0,0.00%,72,0.05%,0.08%
AL AIN FRESH MILK 1L FULL CREAM,CS Dairy ,FOOD,11,71.5,0,0.00%,71.5,0.10%,0.08%
MOTHER E FRUIT STICK APPLE RASPB,CS Dry Fruits,FOOD,5,71.25,0,0.00%,71.25,0.05%,0.08%
FIREFLY DETOX LEMON ,Tea,BEVERAGE,5,70,0,0.00%,70,0.05%,0.08%
MOROCCAN LOOSE TEA,Tea,FOOD,7,70,0,0.00%,70,0.06%,0.08%
PEAR DRAGON LOOSE TEA,Tea,FOOD,7,70,0,0.00%,70,0.06%,0.08%
Plum Red,CS Fresh Fruit,FOOD,35,70,0,0.00%,70,0.32%,0.08%
Rocco,Pizza,FOOD,2,70,0,0.00%,70,0.02%,0.08%
SCONES,Dessert,FOOD,7,70,0,0.00%,70,0.06%,0.08%
SWISS DELICE CHOCOBISC BISCUITS ,CS Chocolate ,FOOD,4,70,0,0.00%,70,0.04%,0.08%
SELPAK TOILET ROLL 7+2,CS Tissue & Toilet Rolls,NON FOOD,3,69.75,0,0.00%,69.75,0.03%,0.08%
SAINT AGUR CHEESE 125G,CS Dairy ,FOOD,3,69,0,0.00%,69,0.03%,0.08%
SELPAK KITCHEN ROLL 2 PCS,CS Tissue & Toilet Rolls,NON FOOD,6,69,0,0.00%,69,0.05%,0.08%
LINDT EXCELLENCE 90% CACOA 100GM,CS Chocolate ,FOOD,5,68.75,0,0.00%,68.75,0.05%,0.08%
LINDT EXCELLENCE CARAMEL 100G,CS Chocolate ,FOOD,5,68.75,0,0.00%,68.75,0.05%,0.08%
MilkHalfCrem1Ltr ,CS Dairy ,FOOD,17,68,0,0.00%,68,0.16%,0.08%
PEPSI DIET CAN,Softdrinks,BEVERAGE,17,68,0,0.00%,68,0.16%,0.08%
NESCAFE GOLD COFFEE 100GM,CS Coffee,FOOD,2,67,0,0.00%,67,0.02%,0.07%
BUNALUN ORGANIC PESTO DAIRY FREE,CS Organic Food,FOOD,2,66.5,0,0.00%,66.5,0.02%,0.07%
Add Cheese,Extras,FOOD,22,66,0,0.00%,66,0.20%,0.07%
Banana Shake,Milk Shake,BEVERAGE,3,66,0,0.00%,66,0.03%,0.07%
Orange Pcs,CS Fresh Fruit,FOOD,33,66,0,0.00%,66,0.30%,0.07%
Extra Topping,Pizza,FOOD,13,65,0,0.00%,65,0.12%,0.07%
KAGI SWISS WAFERS CHOCOLATE 50G,CS Mint & Gum,FOOD,13,65,0,0.00%,65,0.12%,0.07%
ADD ESPRESSO SHOT,Starbucks,FOOD,16,64,0,0.00%,64,0.15%,0.07%
Frid Rice W Chicken,Fried Rice,FOOD,2,64,0,0.00%,64,0.02%,0.07%
MOTHER E OAT SLICE RASPBERRY WHI,CS Dry Fruits,FOOD,4,64,0,0.00%,64,0.04%,0.07%
MAGNUM I/C DOUBLE CHOCOLATE,CS Ice Cream,FOOD,7,63,0,0.00%,63,0.06%,0.07%
Chicken Maki(6pcs),Sushi,FOOD,3,60,0,0.00%,60,0.03%,0.07%
CHICKEN STACK,Burgers,FOOD,2,60,0,0.00%,60,0.02%,0.07%
DAN'S TOPICAL BLAST,Smoothies,BEVERAGE,3,60,0,0.00%,60,0.03%,0.07%
ESPRESSO MACCHIATO,Starbucks,FOOD,5,60,0,0.00%,60,0.05%,0.07%
LACNOR ORANGE 180ML,Fresh Juices,BEVERAGE,15,60,0,0.00%,60,0.14%,0.07%
LARGE SPARKLING WATER PREMIUM,Water,BEVERAGE,3,60,0,0.00%,60,0.03%,0.07%
LARGE STILL WATER PREMIUM,Water,BEVERAGE,3,60,0,0.00%,60,0.03%,0.07%
Lungo,Nespresso,FOOD,6,60,0,0.00%,60,0.05%,0.07%
MAGNUM I/C ALMOND,CS Ice Cream,FOOD,8,60,0,0.00%,60,0.07%,0.07%
Mixed Green Salad(V),Salads,FOOD,3,60,0,0.00%,60,0.03%,0.07%
NYU RE-USABLE BAG,BAGS,NON FOOD,3,60,0,0.00%,60,0.03%,0.07%
Oatmeal Porridge,Breakfast,FOOD,20,60,0,0.00%,60,0.18%,0.07%
POKKA LEMON ICED TEA CAN,Packet Juice,BEVERAGE,15,60,0,0.00%,60,0.14%,0.07%
SUBSTITUTE SOYA,Soya Milk,FOOD,15,60,0,0.00%,60,0.14%,0.07%
SWEET POTATO WEDGES,Main course,FOOD,6,60,0,0.00%,60,0.05%,0.07%
Veg Sushi 6 pcs,Sushi,FOOD,3,60,0,0.00%,60,0.03%,0.07%
BOURSIN CHEESE BLACK PEPPER 150G,CS Dairy ,FOOD,3,58.5,0,0.00%,58.5,0.03%,0.07%
VOCHELLE BLOCK DAIRY MILK 180G,CS Chocolate ,FOOD,6,58.5,0,0.00%,58.5,0.05%,0.07%
VOCHELLE BLOCK HAZELNUT 180G,CS Chocolate ,FOOD,6,58.5,0,0.00%,58.5,0.05%,0.07%
Pear,CS Fresh Fruit,FOOD,29,58,0,0.00%,58,0.26%,0.06%
BAYARA 1KG ALMOND,CS Nuts & Seeds,FOOD,1,57.75,0,0.00%,57.75,0.01%,0.06%
KIT KAT CHUNKY 46GM,CS Chocolate ,FOOD,21,57.75,0,0.00%,57.75,0.19%,0.06%
HONEY MOON MOUNTAIN HONEY 250GM,CS Can & Jar Food,FOOD,2,56.5,0,0.00%,56.5,0.02%,0.06%
Berry Tart,Dessert,FOOD,4,56,0,0.00%,56,0.04%,0.06%
Brownie,Dessert,FOOD,4,56,0,0.00%,56,0.04%,0.06%
CHUCKS MAN OH MANGO,Smoothies,BEVERAGE,2,56,0,0.00%,56,0.02%,0.06%
FIRE FLY GRAPE FRUIT,Packet Juice,BEVERAGE,4,56,0,0.00%,56,0.04%,0.06%
MARKOS TOP BANANA,Smoothies,BEVERAGE,2,56,0,0.00%,56,0.02%,0.06%
Pure VitaminC,Fresh Juices,BEVERAGE,2,56,0,0.00%,56,0.02%,0.06%
A/G POP CORN MICROWAV EXTRA BUTT,CS Can & Jar Food,FOOD,6,55.5,0,0.00%,55.5,0.05%,0.06%
PAPILLON ROQUEFORT RED LABEL 100,CS Dairy ,FOOD,3,55.5,0,0.00%,55.5,0.03%,0.06%
BarillaPestoSml,CS Sauce,FOOD,2,55,0,0.00%,55,0.02%,0.06%
LINDT EXCELLENCE 85% CACOA 100GM,CS Chocolate ,FOOD,4,55,0,0.00%,55,0.04%,0.06%
MAGNUM I/C TIRAMISU,CS Chocolate ,FOOD,7,54.25,0,0.00%,54.25,0.06%,0.06%
CheseTomatoCrossiant,Sandwiches,FOOD,3,54,0,0.00%,54,0.03%,0.06%
Chicken Chirashi,Sushi,FOOD,3,54,0,0.00%,54,0.03%,0.06%
EMMENTHAL CHEESE PORTION 150G,CS Dairy ,FOOD,4,54,0,0.00%,54,0.04%,0.06%
Glazed Veg,Sandwiches,FOOD,3,54,0,0.00%,54,0.03%,0.06%
BISCUITSDIGES250 ,Biscuit & Cookies,FOOD,5,52.5,0,0.00%,52.5,0.05%,0.06%
DR OETKER VEGETABLE PIZZA,CS Frozen Food,FOOD,2,52.5,0,0.00%,52.5,0.02%,0.06%
FOOD DOCTOR BAR APPLE WALNUT 35G,CS Organic Food,FOOD,6,52.5,0,0.00%,52.5,0.05%,0.06%
SWISS DELICE CHOCARRE BISCUITS 1,CS Chocolate ,FOOD,3,52.5,0,0.00%,52.5,0.03%,0.06%
SWISS DELICE TRUFFINO BISCUITS 1,CS Chocolate ,FOOD,3,52.5,0,0.00%,52.5,0.03%,0.06%
MIRINDA ORANGE CAN,Softdrinks,BEVERAGE,13,52,0,0.00%,52,0.12%,0.06%
16 OZ CAFFE MOCHA,Starbucks,FOOD,3,51,0,0.00%,51,0.03%,0.06%
16 OZ ICED CHOCOLATE,Starbucks,FOOD,3,51,0,0.00%,51,0.03%,0.06%
Alain Small Wtr500ml,Water,BEVERAGE,51,51,0,0.00%,51,0.47%,0.06%
BEST CAN PECAN SALTED 110GM,CS Nuts & Seeds,FOOD,2,51,0,0.00%,51,0.02%,0.06%
BJORG ORGANIC OAT FLAKES 500GM,CS Organic Food,FOOD,2,51,0,0.00%,51,0.02%,0.06%
BRILLIANT BREAKFAST LOOSE TEA,Tea,FOOD,5,50,0,0.00%,50,0.05%,0.06%
Chicken Nuggets,Extras,FOOD,5,50,0,0.00%,50,0.05%,0.06%
TURKEY HAM,Wraps,FOOD,2,50,0,0.00%,50,0.02%,0.06%
AL AIN MANGO YOGHURT 125GM,CS Dairy ,FOOD,28,49,0,0.00%,49,0.26%,0.05%
WELLA CD REPAIR 500ML,CS Shampoo & Conditioner,NON FOOD,2,49,0,0.00%,49,0.02%,0.05%
MOTHER E OAT SLICE APRICOT CHOCO,CS Dry Fruits,FOOD,3,48.75,0,0.00%,48.75,0.03%,0.05%
Buffalo Chicken,Grill,FOOD,3,48,0,0.00%,48,0.03%,0.05%
Cappuccino,Coffee,BEVERAGE,4,48,0,0.00%,48,0.04%,0.05%
COCA COLA DIET CAN,Softdrinks,BEVERAGE,12,48,0,0.00%,48,0.11%,0.05%
KPS COOL COCONUT,Smoothies,BEVERAGE,2,48,0,0.00%,48,0.02%,0.05%
Lemon Drizzle,Dessert,FOOD,4,48,0,0.00%,48,0.04%,0.05%
NATURE VALLEY ROASTED ALMOND,CS Cereal,FOOD,16,48,0,0.00%,48,0.15%,0.05%
Veg Fried Rice,Main course,FOOD,6,48,0,0.00%,48,0.05%,0.05%
Alrabi PineApple/Coconut330M,Fresh Juices,FOOD,19,47.5,0,0.00%,47.5,0.17%,0.05%
MANI PISTACHIOS SALT PEPPER 40G,CS Dry Fruits,FOOD,9,47.25,0,0.00%,47.25,0.08%,0.05%
PRINGLES CHEESE 165GM,CS Chips & Snacks,FOOD,5,46.25,0,0.00%,46.25,0.05%,0.05%
PRINGLES HOT & SPICY 165GM,CS Chips & Snacks,FOOD,5,46.25,0,0.00%,46.25,0.05%,0.05%
Lays Chips,Extras,FOOD,23,46,0,0.00%,46,0.21%,0.05%
Masafi Water1.5Ltr,Water,BEVERAGE,23,46,0,0.00%,46,0.21%,0.05%
P.BAR CHOCO 85,CS Cereal,FOOD,2,46,0,0.00%,46,0.02%,0.05%
CARTE D'OR SMALL CUP VANILLA,CS Chocolate ,FOOD,7,45.5,0,0.00%,45.5,0.06%,0.05%
LUX MACHINE WASH TABLET 28PCS,CS Cleaning Supplies,NON FOOD,1,45.5,0,0.00%,45.5,0.01%,0.05%
PRO BAR MEAL SUPERFRUIT SLAM 85G,CS Cereal,FOOD,2,45.5,0,0.00%,45.5,0.02%,0.05%
CHICKEN MAIN,Main course,FOOD,3,45,0,0.00%,45,0.03%,0.05%
Maple Joe250gm,CS Can & Jar Food,FOOD,1,45,0,0.00%,45,0.01%,0.05%
CROISSANT HI BUTTER ALMOND,CS Bakery,FOOD,11,44,0,0.00%,44,0.10%,0.05%
FALAFEL BURGER,Burgers,FOOD,2,44,0,0.00%,44,0.02%,0.05%
Greek Salad,Salads,FOOD,2,44,0,0.00%,44,0.02%,0.05%
LACNOR APPLE 180ML,Fresh Juices,BEVERAGE,11,44,0,0.00%,44,0.10%,0.05%
LACNOR MILK BANANA,Flavoured Milk,BEVERAGE,11,44,0,0.00%,44,0.10%,0.05%
LIPTON LEMON ICED TEA,Tea,BEVERAGE,11,44,0,0.00%,44,0.10%,0.05%
TWIX TWIN BAR 50GM,CS Chocolate ,FOOD,16,44,0,0.00%,44,0.15%,0.05%
A/G POP CORN MICROWAVE BUTTER 29,CS Can & Jar Food,FOOD,5,43.75,0,0.00%,43.75,0.05%,0.05%
YUM YUM NO SUGAR PEANUT BUTTER 4,CS Can & Jar Food,FOOD,4,43,0,0.00%,43,0.04%,0.05%
MOTHER E FRUIT STICK APRICOT 8 B,CS Dry Fruits,FOOD,3,42.75,0,0.00%,42.75,0.03%,0.05%
M&M CHOCOLATE 45GM,CS Chocolate ,FOOD,13,42.25,0,0.00%,42.25,0.12%,0.05%
12 OZ SOYA VANILLA LATTE,Coffee,FOOD,2,42,0,0.00%,42,0.02%,0.05%
ALO ALLURE MANGO JUICE,Fresh Juices,FOOD,3,42,0,0.00%,42,0.03%,0.05%
BAYARA EXTRA MIXED NUTS 300GM,CS Dry Fruits,FOOD,2,42,0,0.00%,42,0.02%,0.05%
BRESSE BLEU CHEESE 150G ,CS Dairy ,FOOD,2,42,0,0.00%,42,0.02%,0.05%
Chicken Noodle Suop,Soup ,FOOD,3,42,0,0.00%,42,0.03%,0.05%
Fresh Pomegranate,Fresh Juices,BEVERAGE,3,42,0,0.00%,42,0.03%,0.05%
Lemon,CS Fresh Vegatables,FOOD,21,42,0,0.00%,42,0.19%,0.05%
VITA COCO PURE COCONUT WATER 330,CS Packet Juice,BEVERAGE,4,42,0,0.00%,42,0.04%,0.05%
LINDT EXCELLENCE 70% CACOA 100GM,CS Chocolate ,FOOD,3,41.25,0,0.00%,41.25,0.03%,0.05%
ORAL B MOUTH WASH MULTI PROTECT ,CS Oral Care,NON FOOD,2,41,0,0.00%,41,0.02%,0.05%
NECTAFLOR SOFT FIGS 200GM,CS Dry Fruits,FOOD,2,40.5,0,0.00%,40.5,0.02%,0.05%
BEEF MAIN,Main course,FOOD,2,40,0,0.00%,40,0.02%,0.04%
CARTE DOR CHOCOLATE 1 SCOOP,Ice cream,FOOD,8,40,0,0.00%,40,0.07%,0.04%
EBI NIGIRI,Sushi,FOOD,8,40,0,0.00%,40,0.07%,0.04%
Extra Cheese,Cheese,FOOD,10,40,0,0.00%,40,0.09%,0.04%
Grilled Halloumi(V),Sandwiches,FOOD,2,40,0,0.00%,40,0.02%,0.04%
Lungo,Coffee,BEVERAGE,4,40,0,0.00%,40,0.04%,0.04%
Pain an Raisin,Dessert,FOOD,5,40,0,0.00%,40,0.05%,0.04%
ROSE MIX,BOTANICAL SODAS,BEVERAGE,2,40,0,0.00%,40,0.02%,0.04%
THE BERRY CO BLUEBERRY JUICE,Packet Juice,BEVERAGE,5,40,0,0.00%,40,0.05%,0.04%
CAPRICE DE DIEUX CHEESE 200G,CS Dairy ,FOOD,1,39,0,0.00%,39,0.01%,0.04%
DR OETKER NO.1 CANDLE,CS Disposable,NON FOOD,6,39,0,0.00%,39,0.05%,0.04%
FrostiesCMB25g,CS Cereal,FOOD,13,39,0,0.00%,39,0.12%,0.04%
DOVE BAR FRESH TOUCH 135GM,CS Soap & Handwash,NON FOOD,7,38.5,0,0.00%,38.5,0.06%,0.04%
CLEARLY SCRUMPTIOUS CRANBERRY 30,CS Dry Fruits,FOOD,3,38.25,0,0.00%,38.25,0.03%,0.04%
16 OZ SIGNATURE HOT CHOCOLATE,Starbucks,FOOD,2,38,0,0.00%,38,0.02%,0.04%
FANTA ORANGE CAN,Softdrinks,BEVERAGE,12,38,0,0.00%,38,0.11%,0.04%
LIPTON EARL GREY 25 TB,CS Tea,FOOD,4,38,0,0.00%,38,0.04%,0.04%
STREPSILS PLUS PACKET,CS Chocolate ,FOOD,2,38,0,0.00%,38,0.02%,0.04%
CHIABIA CHIA CRANBERRY MIX 100GM,CS Cereal,FOOD,1,37.75,0,0.00%,37.75,0.01%,0.04%
DORITOS 180GM SWEET CHILI PEPPER,CS Chips & Snacks,FOOD,6,37.5,0,0.00%,37.5,0.05%,0.04%
CERES APPLE JUICE 1L,CS Packet Juice,BEVERAGE,4,37,0,0.00%,37,0.04%,0.04%
PRINGLES SALT VINEGAR 165GM,CS Chips & Snacks,FOOD,4,37,0,0.00%,37,0.04%,0.04%
DOVE HAIR CONDITIONER DAILY CARE,CS Shampoo & Conditioner,NON FOOD,3,36.75,0,0.00%,36.75,0.03%,0.04%
NESCAFE RED MUG COFFEE 200GM,CS Coffee,FOOD,1,36.5,0,0.00%,36.5,0.01%,0.04%
AL AIN YOGHURT LOW FAT 170GM,CS Dairy ,FOOD,29,36.25,0,0.00%,36.25,0.26%,0.04%
16 OZ ICED CARAMEL LATTE,Starbucks,FOOD,2,36,0,0.00%,36,0.02%,0.04%
7 UP DIET CAN,Softdrinks,BEVERAGE,9,36,0,0.00%,36,0.08%,0.04%
AL AIN WATER 1.5 LITER,Water,BEVERAGE,18,36,0,0.00%,36,0.16%,0.04%
CHICKEN & BACON,Sandwiches,FOOD,2,36,0,0.00%,36,0.02%,0.04%
CROISSANT HI BUTTER CHEESE,CS Bakery,FOOD,12,36,0,0.00%,36,0.11%,0.04%
DR OETKER H.B MUSICAL CANDLE,CS Disposable,NON FOOD,2,36,0,0.00%,36,0.02%,0.04%
ESPRESSO MACCHIATO DOUBLE,Coffee,FOOD,3,36,0,0.00%,36,0.03%,0.04%
GLASS OF SOYA MILK,Soya Milk,FOOD,4,36,0,0.00%,36,0.04%,0.04%
Grilled Chicken,Pizza,FOOD,6,36,0,0.00%,36,0.05%,0.04%
LABELLO FRUITY SHINE 4.8GM,CS Facial Care,NON FOOD,3,36,0,0.00%,36,0.03%,0.04%
LABELLO ORIGINAL CLASSIC CARE 4.,CS Facial Care,NON FOOD,3,36,0,0.00%,36,0.03%,0.04%
Latte Macchiato,Coffee,BEVERAGE,3,36,0,0.00%,36,0.03%,0.04%
Manakeesh(V),Pizza,FOOD,2,36,0,0.00%,36,0.02%,0.04%
ROASTED BUTTERNUT,Salads,FOOD,1,36,0,0.00%,36,0.01%,0.04%
SNAPPLES FRUIT PUNCH,Fresh Juices,BEVERAGE,3,36,0,0.00%,36,0.03%,0.04%
M&M PEANUT 45GM,CS Chocolate ,FOOD,11,35.75,0,0.00%,35.75,0.10%,0.04%
NIVEA DEO POWDER TOUCH 200ML,CS Deodrants,NON FOOD,2,35.5,0,0.00%,35.5,0.02%,0.04%
AL AIN FRESH MILK 1L SKIMMED,CS Dairy ,FOOD,5,35,0,0.00%,35,0.05%,0.04%
Cheeses,Dessert,FOOD,1,35,0,0.00%,35,0.01%,0.04%
MEZZE,Main course,FOOD,1,35,0,0.00%,35,0.01%,0.04%
Portion Vegetable,Main course,FOOD,7,35,0,0.00%,35,0.06%,0.04%
ALWAYS PANTYR LINER 40 NORMAL,CS Sanitary Care,NON FOOD,2,34.5,0,0.00%,34.5,0.02%,0.04%
COEUR DE LION PETIT CAMEMBERT 15,CS Dairy ,FOOD,2,34.5,0,0.00%,34.5,0.02%,0.04%
INA PAARMAN LEMON MARINADE 500ML,CS Sauce,FOOD,1,34.5,0,0.00%,34.5,0.01%,0.04%
KAGI SWISS WAFERS ORIGINAL MINI ,CS Mint & Gum,FOOD,2,34.5,0,0.00%,34.5,0.02%,0.04%
PHILADELPHIA LIGHT CHEESE SPREAD,CS Dairy ,FOOD,3,34.5,0,0.00%,34.5,0.03%,0.04%
12 OZ Hazel Nut Latte,Starbucks,FOOD,2,34,0,0.00%,34,0.02%,0.04%
Asst. Rolls Two,Breakfast,FOOD,17,34,0,0.00%,34,0.16%,0.04%
JDS ALMOND THINS,Biscuit & Cookies,FOOD,2,34,0,0.00%,34,0.02%,0.04%
RED LABEL INDIAN LOOSE TEA 400GM,CS Tea,FOOD,2,34,0,0.00%,34,0.02%,0.04%
White Bean(V),Pizza,FOOD,1,34,0,0.00%,34,0.01%,0.04%
SIGNAL TOOTHPASTE FRESH BLUE 120,CS Oral Care,NON FOOD,5,33.75,0,0.00%,33.75,0.05%,0.04%
TAMPAX REGULAR,CS Sanitary Care,NON FOOD,3,33.75,0,0.00%,33.75,0.03%,0.04%
BEST CAN SUPER MIX NUTS 110GM,CS Nuts & Seeds,FOOD,2,33,0,0.00%,33,0.02%,0.04%
LIFEBUOY BODYWASH TOTAL 10 300ML,CS Bath & Shower,NON FOOD,2,33,0,0.00%,33,0.02%,0.04%
LIFEBUOY HW TOTAL 10 200ML,CS Soap & Handwash,NON FOOD,3,33,0,0.00%,33,0.03%,0.04%
MamanWildBlubryPrsrv,CS Can & Jar Food,FOOD,2,33,0,0.00%,33,0.02%,0.04%
MODERN BAKE CRANBERRY ENERGY BAR,CS Cereal,FOOD,6,33,0,0.00%,33,0.05%,0.04%
MODERN BAKE MANGO PISTA ENERGY B,CS Cereal,FOOD,6,33,0,0.00%,33,0.05%,0.04%
BJORG ORGANIC TOFU NATURE 200GMX,CS Organic Food,FOOD,1,32.75,0,0.00%,32.75,0.01%,0.04%
BUNALUN ORGANIC CHOPPED TOMATOES,CS Organic Food,FOOD,2,32.5,0,0.00%,32.5,0.02%,0.04%
CARTE DOR PISTACIO 1 SCOOP,Ice cream,FOOD,5,32.5,0,0.00%,32.5,0.05%,0.04%
ILE DE FRANCE CHEESE PETIT BRIE ,CS Dairy ,FOOD,2,32.5,0,0.00%,32.5,0.02%,0.04%
JUNGLE OAT CHOCOLATE 500G,CS Cereal,FOOD,2,32.5,0,0.00%,32.5,0.02%,0.04%
Lunch Box Token,CS Others,NON FOOD,1,32.5,0,0.00%,32.5,0.01%,0.04%
12 OZ SOYA CAPPUCCINO,Coffee,FOOD,2,32,0,0.00%,32,0.02%,0.04%
ADD ESPRESSO SHOT,Starbucks,FOOD,8,32,0,0.00%,32,0.07%,0.04%
ALL BRAN ORIGINAL 500GM,CS Cereal,FOOD,2,32,0,0.00%,32,0.02%,0.04%
BBQ CHICKEN,Wraps,FOOD,1,32,0,0.00%,32,0.01%,0.04%
CLOROX WIPES DISINFECTING CITRUS,CS Cleaning Supplies,NON FOOD,2,32,0,0.00%,32,0.02%,0.04%
FANTA STRAWBERRY CAN,Softdrinks,BEVERAGE,8,32,0,0.00%,32,0.07%,0.04%
LIME PACKET,CS Fresh Vegatables,FOOD,4,32,0,0.00%,32,0.04%,0.04%
MOTHER E OAT SLICE KIWI AFGHAN 6,CS Dry Fruits,FOOD,2,32,0,0.00%,32,0.02%,0.04%
Soda Coke,Softdrinks,BEVERAGE,8,32,0,0.00%,32,0.07%,0.04%
CROISSANT HI BUTTER PLAIN,CS Bakery,FOOD,9,31.5,0,0.00%,31.5,0.08%,0.04%
VITA COCO PEACH & MANGO 330ML,Convenience Beverages,BEVERAGE,3,31.5,0,0.00%,31.5,0.03%,0.04%
Walkers Short Bread40g,Biscuits,FOOD,9,31.5,0,0.00%,31.5,0.08%,0.04%
ARIEL 260GM BLUE,CS Laundry Care,NON FOOD,6,30,0,0.00%,30,0.05%,0.03%
BBQ or CurrySouce,Pizza,FOOD,1,30,0,0.00%,30,0.01%,0.03%
CARTE DOR VANILLA 1 SCOOP,Ice cream,FOOD,6,30,0,0.00%,30,0.05%,0.03%
COKE LARGE 2.25L,CS Soft Drinks,BEVERAGE,6,30,0,0.00%,30,0.05%,0.03%
Espresso,Coffee,BEVERAGE,3,30,0,0.00%,30,0.03%,0.03%
EXTRA PELLET SPEARMINT GUM,CS Mint & Gum,FOOD,15,30,0,0.00%,30,0.14%,0.03%
Mash and Gravy,Extras,FOOD,5,30,0,0.00%,30,0.05%,0.03%
NIVEA REFRESHING FACE WASH 150ML,CS Facial Care,NON FOOD,1,30,0,0.00%,30,0.01%,0.03%
NIVEA WIPES PURE CLEANSING 25PCS,CS Tissue & Toilet Rolls,NON FOOD,1,30,0,0.00%,30,0.01%,0.03%
NIVEA WIPES REFRESHING CLEANSING,CS Tissue & Toilet Rolls,NON FOOD,1,30,0,0.00%,30,0.01%,0.03%
PERRIER WATER LEMON 330ML,CS Water,BEVERAGE,6,30,0,0.00%,30,0.05%,0.03%
Pesto,Pizza,FOOD,1,30,0,0.00%,30,0.01%,0.03%
SLICED BREAD MULTI GRAIN MEDIUM,CS Bakery,FOOD,5,30,0,0.00%,30,0.05%,0.03%
Sweet Potato Wedges,Extras,FOOD,3,30,0,0.00%,30,0.03%,0.03%
NESCAFE PACKET SACHET RED MUG 50,CS Coffee,FOOD,1,29.5,0,0.00%,29.5,0.01%,0.03%
GALAXY SMOOTH MILK 40GM,CS Chocolate ,FOOD,9,29.25,0,0.00%,29.25,0.08%,0.03%
LIP ENG BREKFAST 15 PYRAMID TB,CS Tea,FOOD,2,29,0,0.00%,29,0.02%,0.03%
FAGE TOTAL GREEK YOGHURT GM,CS Organic Food,FOOD,1,28.5,0,0.00%,28.5,0.01%,0.03%
GALAXY THICK SHAKE CARAMEL 300ML,Convenience Beverages,BEVERAGE,3,28.5,0,0.00%,28.5,0.03%,0.03%
MOTHER E FRUIT STICK APPLE PEACH,CS Dry Fruits,FOOD,2,28.5,0,0.00%,28.5,0.02%,0.03%
ADD FLAVOURED SYRUP,Starbucks,FOOD,7,28,0,0.00%,28,0.06%,0.03%
ALO ENRICH POMEGRANATE JUICE,Fresh Juices,FOOD,2,28,0,0.00%,28,0.02%,0.03%
ARIEL GREEN 1.5KG,CS Laundry Care,NON FOOD,1,28,0,0.00%,28,0.01%,0.03%
AXE SHOWER GEL DARK TEMPTATION 2,CS Bath & Shower,NON FOOD,2,28,0,0.00%,28,0.02%,0.03%
Bagels w/Cr.Cheese,Breakfast,FOOD,4,28,0,0.00%,28,0.04%,0.03%
HANSPLAST ABC HEAT PLASTER 1 PCS,CS Others,NON FOOD,2,28,0,0.00%,28,0.02%,0.03%
ROASTED TOMATO,Wraps,FOOD,1,28,0,0.00%,28,0.01%,0.03%
CERES ORANGE JUICE 1L,CS Packet Juice,BEVERAGE,3,27.75,0,0.00%,27.75,0.03%,0.03%
PRINGLES KETCHUP 165GM,CS Chips & Snacks,FOOD,3,27.75,0,0.00%,27.75,0.03%,0.03%
SYOSS HAIR SPRAY MAX HOLD 400ML,CS Soap & Handwash,NON FOOD,1,27.75,0,0.00%,27.75,0.01%,0.03%
AL AIN YOGHURT FULL CREAM 170GM,CS Dairy ,FOOD,22,27.5,0,0.00%,27.5,0.20%,0.03%
LIND CHERRY INTENSE100G,CS Chocolate ,FOOD,2,27.5,0,0.00%,27.5,0.02%,0.03%
LINDT EXCELLENCE MINT INTENSE 10,CS Chocolate ,FOOD,2,27.5,0,0.00%,27.5,0.02%,0.03%
LINDT EXCELLENCE SESAME ROASTED ,CS Organic Food,FOOD,2,27.5,0,0.00%,27.5,0.02%,0.03%
NECTAFLOR PREMIUM GINGER 200GM,CS Dry Fruits,FOOD,2,27.5,0,0.00%,27.5,0.02%,0.03%
NIVEA FACE GENTLE TONER 200ML,CS Facial Care,NON FOOD,1,27.5,0,0.00%,27.5,0.01%,0.03%
CARTE DOR CHOCOLATE 2 SCOOP,Ice cream,FOOD,3,27,0,0.00%,27,0.03%,0.03%
SAN PELLEGRINO WATER 1000ML,CS Water,BEVERAGE,3,27,0,0.00%,27,0.03%,0.03%
SCHWEPPES GINGER ALE 300M,CS Soft Drinks,BEVERAGE,18,27,0,0.00%,27,0.16%,0.03%
VOLVIC WATER 500ML,CS Water,BEVERAGE,6,27,0,0.00%,27,0.05%,0.03%
C&C MAKEUP REMOVER DEEP CLEAN 15,CS Facial Care,NON FOOD,1,26.75,0,0.00%,26.75,0.01%,0.03%
DR OETKER MOZZRELLA PIZZA,CS Frozen Food,FOOD,1,26.25,0,0.00%,26.25,0.01%,0.03%
ALWAYS NORMAL WINGS 10 PCS,CS Sanitary Care,NON FOOD,4,26,0,0.00%,26,0.04%,0.03%
ClrShmpShwrMen200m,CS Shampoo & Conditioner,NON FOOD,2,26,0,0.00%,26,0.02%,0.03%
ILE DE FRANCE CHEESE PETIT CAMEM,CS Dairy ,FOOD,1,26,0,0.00%,26,0.01%,0.03%
SENSODYNE FRESH MINT 100GM,CS Oral Care,NON FOOD,1,26,0,0.00%,26,0.01%,0.03%
FA SHOWER GEL MEN BLACK SUN 250M,CS Hair Styling & Spray,NON FOOD,2,25.5,0,0.00%,25.5,0.02%,0.03%
WEIGHT W FRUITY MUSELI 495GM,CS Cereal,FOOD,1,25.25,0,0.00%,25.25,0.01%,0.03%
1 Scoop Protein Powder,TOPPINGS,FOOD,5,25,0,0.00%,25,0.05%,0.03%
AIR TO EARTH,BOTANICAL SODAS,BEVERAGE,1,25,0,0.00%,25,0.01%,0.03%
ASPARAGUS 500M PACKET,CS Fresh Vegatables,FOOD,1,25,0,0.00%,25,0.01%,0.03%
CARTE DOR CARAMEL 1 SCOOP,Ice cream,FOOD,5,25,0,0.00%,25,0.05%,0.03%
EXTRA BIG BOTTLE PEPPERMINT,CS Mint & Gum,FOOD,2,25,0,0.00%,25,0.02%,0.03%
EXTRA BIG BOTTLE WATERMELON,CS Mint & Gum,FOOD,2,25,0,0.00%,25,0.02%,0.03%
LAYS FRENCH CHEESE 185GM,CS Chips & Snacks,FOOD,4,25,0,0.00%,25,0.04%,0.03%
POCARI SWEAT PET 500ML,CS Sports & Energy Drinks,BEVERAGE,5,25,0,0.00%,25,0.05%,0.03%
KOKA CUP SEAFOOD,CS Pasta & Noodles,FOOD,7,24.5,0,0.00%,24.5,0.06%,0.03%
MUFFIN BLUEBERRY,CS Bakery,FOOD,7,24.5,0,0.00%,24.5,0.06%,0.03%
NIVEA FACE CLEAR STRIP 75ML,CS Facial Care,NON FOOD,1,24.25,0,0.00%,24.25,0.01%,0.03%
AlpenMuslie625g,CS Cereal,FOOD,1,24,0,0.00%,24,0.01%,0.03%
COCA COLA ZERO PET 500ML,Softdrinks,BEVERAGE,4,24,0,0.00%,24,0.04%,0.03%
COKE LIGHT CAN 300ML,CS Soft Drinks,BEVERAGE,16,24,0,0.00%,24,0.15%,0.03%
D Coke,Softdrinks,BEVERAGE,6,24,0,0.00%,24,0.05%,0.03%
DOVE SH DAMAGE COLOUR CARE 200ML,CS Shampoo & Conditioner,NON FOOD,2,24,0,0.00%,24,0.02%,0.03%
Fresh Orange Juice,Fresh Juices,BEVERAGE,3,24,0,0.00%,24,0.03%,0.03%
GATORADE BLUE BOLT,Energy Drinks,BEVERAGE,2,24,0,0.00%,24,0.02%,0.03%
GLAD GARBAGE BAG MEDIUM 35L X 30,CS Tissue & Toilet Rolls,NON FOOD,2,24,0,0.00%,24,0.02%,0.03%
Granola,Dessert,FOOD,3,24,0,0.00%,24,0.03%,0.03%
Jalapenos,Pizza,FOOD,4,24,0,0.00%,24,0.04%,0.03%
Lacnor Low Fat Milk 1L,CS Dairy ,BEVERAGE,6,24,0,0.00%,24,0.05%,0.03%
LifebyHndSnitzrHul55m,CS Soap & Handwash,NON FOOD,3,24,0,0.00%,24,0.03%,0.03%
Mixed Salad&Pitta,Extras,FOOD,3,24,0,0.00%,24,0.03%,0.03%
Panadol96 ,CS Others,NON FOOD,24,24,0,0.00%,24,0.22%,0.03%
POKKA ICED TEA PEACH 500ML,CS Packet Juice,BEVERAGE,8,24,0,0.00%,24,0.07%,0.03%
Steamed Rice,Main course,FOOD,3,24,0,0.00%,24,0.03%,0.03%
SUNSILK SH NOURISHING SOFT & SMO,CS Shampoo & Conditioner,NON FOOD,3,24,0,0.00%,24,0.03%,0.03%
GILLETTE GEL FUSION COOLING,CS Mens Care,NON FOOD,1,23.75,0,0.00%,23.75,0.01%,0.03%
BJORG ORGANIC GAUFRES AU MIEL 17,CS Organic Food,FOOD,1,23.25,0,0.00%,23.25,0.01%,0.03%
16 OZ SOYA CAPPUCCINO,Coffee,FOOD,1,23,0,0.00%,23,0.01%,0.03%
BARILA FETTUCINE500g,CS Pasta & Noodles,FOOD,1,23,0,0.00%,23,0.01%,0.03%
BARILLA RICOTTA400G,CS Sauce,FOOD,1,23,0,0.00%,23,0.01%,0.03%
SCHIK RAZOR WOMEN QUATTRO,CS Womens Care,NON FOOD,1,23,0,0.00%,23,0.01%,0.03%
COCO TREE JUICE 330ML,CS Packet Juice,BEVERAGE,7,22.75,0,0.00%,22.75,0.06%,0.03%
PRO BAR MEAL WHOLEBERRY BLAST 85,CS Cereal,FOOD,1,22.75,0,0.00%,22.75,0.01%,0.03%
CastaniaMixedNuts125G,CS Nuts & Seeds,FOOD,3,22.5,0,0.00%,22.5,0.03%,0.03%
COKE ZERO CAN 300M,CS Soft Drinks,BEVERAGE,15,22.5,0,0.00%,22.5,0.14%,0.03%
LACNOR MILK CHOCOLATE 180ML,CS Packet Juice,BEVERAGE,15,22.5,0,0.00%,22.5,0.14%,0.03%
NESCAFE CAPPUCINO PACKET 10PCS,CS Coffee,FOOD,1,22.5,0,0.00%,22.5,0.01%,0.03%
ANTIDOTE,Fresh Juices,BEVERAGE,1,22,0,0.00%,22,0.01%,0.02%
DOCTOR'S ORDERS,Fresh Juices,BEVERAGE,1,22,0,0.00%,22,0.01%,0.02%
JOHNSONS COTTON PADS 80 PCS,CS Facial Care,NON FOOD,2,22,0,0.00%,22,0.02%,0.02%
PANTENE SH ANTI HAIR FALL 200ML,CS Shampoo & Conditioner,NON FOOD,2,22,0,0.00%,22,0.02%,0.02%
SPICED APPLE,BOTANICAL SODAS,BEVERAGE,1,22,0,0.00%,22,0.01%,0.02%
THAI SODA,BOTANICAL SODAS,BEVERAGE,1,22,0,0.00%,22,0.01%,0.02%
FUN PLASTIC KNIFE PLUM 18PCS,CS Disposable,NON FOOD,3,21.75,0,0.00%,21.75,0.03%,0.02%
BAYARA EXTRA MIXED NUTS 150GM,CS Nuts & Seeds,FOOD,2,21.5,0,0.00%,21.5,0.02%,0.02%
BEST CAN MACADEMIA 110G,CS Dry Fruits,FOOD,1,21.25,0,0.00%,21.25,0.01%,0.02%
12 OZ SOYA HAZELNUT LATTE,Coffee,FOOD,1,21,0,0.00%,21,0.01%,0.02%
16 OZ SOYA CAFFE LATTE,Coffee,FOOD,1,21,0,0.00%,21,0.01%,0.02%
POKKA PEACH ICED TEA 330ML,CS Soft Drinks,BEVERAGE,7,21,0,0.00%,21,0.06%,0.02%
SCHWEPPES SODA CAN 300M,CS Soft Drinks,BEVERAGE,14,21,0,0.00%,21,0.13%,0.02%
VITA COCO LEMONADE COCONUT 330ML,CS Packet Juice,BEVERAGE,2,21,0,0.00%,21,0.02%,0.02%
WalkersChocolate Chips40g,Biscuits,FOOD,6,21,0,0.00%,21,0.05%,0.02%
WALKERS SB FINGERS 40G,Biscuit & Cookies,FOOD,6,21,0,0.00%,21,0.05%,0.02%
ALPRO ALMOND MILK 1L,CS Dairy ,FOOD,1,20.5,0,0.00%,20.5,0.01%,0.02%
BONNE MANAM ORANGE MARMALADE 370,CS Can & Jar Food,FOOD,1,20.5,0,0.00%,20.5,0.01%,0.02%
FITA 600G,Biscuit & Cookies,FOOD,1,20.5,0,0.00%,20.5,0.01%,0.02%
karimOilCorn1.8L,CS Coocking & Baking,FOOD,1,20.5,0,0.00%,20.5,0.01%,0.02%
CAREFREE COTTON EXTRACT 30PCS,CS Sanitary Care,NON FOOD,1,20.25,0,0.00%,20.25,0.01%,0.02%
KIT KAT 4 FINGERS,CS Chocolate ,FOOD,9,20.25,0,0.00%,20.25,0.08%,0.02%
7UP LARGE 2.25L,CS Soft Drinks,BEVERAGE,4,20,0,0.00%,20,0.04%,0.02%
ADD WHIPPED CREAM,Starbucks,FOOD,5,20,0,0.00%,20,0.05%,0.02%
Brownie,Dessert,FOOD,1,20,0,0.00%,20,0.01%,0.02%
CARTE DOR BANANA 1 SCOOP,Ice cream,FOOD,4,20,0,0.00%,20,0.04%,0.02%
Cookie,Dessert,FOOD,4,20,0,0.00%,20,0.04%,0.02%
CROISSANT HI BUTTER ZATAR,CS Bakery,FOOD,5,20,0,0.00%,20,0.05%,0.02%
Delivery Charges,Delivery charge,LABOR CHARGE,4,20,0,0.00%,20,0.04%,0.02%
ESPRESSO MACCHIATO SINGLE,Starbucks,FOOD,2,20,0,0.00%,20,0.02%,0.02%
FANTA APPLE CAN,Softdrinks,BEVERAGE,5,20,0,0.00%,20,0.05%,0.02%
GATORADE GRAPE PET 500ML,CS Sports & Energy Drinks,BEVERAGE,4,20,0,0.00%,20,0.04%,0.02%
GATORADE LEMON PET 500ML,CS Sports & Energy Drinks,BEVERAGE,4,20,0,0.00%,20,0.04%,0.02%
GATORADE TOPICL FRUIT PET 500ML,CS Sports & Energy Drinks,BEVERAGE,4,20,0,0.00%,20,0.04%,0.02%
JASMINE GREEN LOOSE TEA,Tea,FOOD,2,20,0,0.00%,20,0.02%,0.02%
JOHNSONS BABY OIL 200ML,CS Baby Care,NON FOOD,1,20,0,0.00%,20,0.01%,0.02%
MINUTE STEAK,Grill,FOOD,1,20,0,0.00%,20,0.01%,0.02%
MOUNTAIN DEW,Softdrinks,BEVERAGE,5,20,0,0.00%,20,0.05%,0.02%
PEPPERMEIN LOOSE TEA,Tea,FOOD,2,20,0,0.00%,20,0.02%,0.02%
Pepsi Light,Softdrinks,BEVERAGE,5,20,0,0.00%,20,0.05%,0.02%
Tamago Maki,Sushi,FOOD,1,20,0,0.00%,20,0.01%,0.02%
Vanilla Shake,Milk Shake,BEVERAGE,1,20,0,0.00%,20,0.01%,0.02%
WALK IN BREAKFAST,WALK IN BREAKFAST,FOOD,2,20,0,0.00%,20,0.02%,0.02%
WALK IN DINNER,WALK IN DINNER,FOOD,2,20,0,0.00%,20,0.02%,0.02%
OB TAMPONS SUPER 16PCS,CS Sanitary Care,NON FOOD,1,19.75,0,0.00%,19.75,0.01%,0.02%
BEST 13GM ALMOND,CS Nuts & Seeds,FOOD,11,19.5,0,0.00%,19.5,0.10%,0.02%
BEST 30GM SALTED CASHEWS,CS Nuts & Seeds,FOOD,6,19.5,0,0.00%,19.5,0.05%,0.02%
BOGUTTI AMERICAN COOKIES HAZELNU,Biscuit & Cookies,FOOD,3,19.5,0,0.00%,19.5,0.03%,0.02%
CORNETTO I/C LOVE TOFFEE,CS Ice Cream,FOOD,3,19.5,0,0.00%,19.5,0.03%,0.02%
AL AIN PINEAPPLE YOGHURT 125GM,CS Dairy ,FOOD,11,19.25,0,0.00%,19.25,0.10%,0.02%
16 OZ HOT CHOCOLATE,Starbucks,FOOD,1,19,0,0.00%,19,0.01%,0.02%
DOVE HW FRESH TOUCH CUCUM & G.TE,CS Soap & Handwash,NON FOOD,1,19,0,0.00%,19,0.01%,0.02%
EGG Mayo & Spring Onion,Sandwiches,FOOD,1,19,0,0.00%,19,0.01%,0.02%
MALTESERS THICK SHAKE 300ML,Convenience Beverages,BEVERAGE,2,19,0,0.00%,19,0.02%,0.02%
STREPSILS LEMON SUGAR FREE PACKE,CS Chocolate ,FOOD,1,19,0,0.00%,19,0.01%,0.02%
LAYS SALT VINEGAR 185GM,CS Chips & Snacks,FOOD,3,18.75,0,0.00%,18.75,0.03%,0.02%
MARS BAR 51GM,CS Chocolate ,FOOD,6,18.75,0,0.00%,18.75,0.05%,0.02%
ALWAYS LARGE 30PCS,CS Sanitary Care,NON FOOD,1,18.5,0,0.00%,18.5,0.01%,0.02%
AXE DEO ANARCHY 4 HIM 150ML,CS Deodrants,NON FOOD,1,18.25,0,0.00%,18.25,0.01%,0.02%
NECTAFLOR SOFT CRANBERRIES 200GM,CS Dry Fruits,FOOD,1,18.25,0,0.00%,18.25,0.01%,0.02%
16 OZ ICED VANILLA LATTE,Starbucks,FOOD,1,18,0,0.00%,18,0.01%,0.02%
CORN FLAKES KELLOGS 500GM,CS Cereal,FOOD,1,18,0,0.00%,18,0.01%,0.02%
Eggplant Maki(6pcs),Sushi,FOOD,1,18,0,0.00%,18,0.01%,0.02%
Espresso,Nespresso,FOOD,2,18,0,0.00%,18,0.02%,0.02%
GLADZprSandwichBg,CS Bags/Foil/Wraps,NON FOOD,2,18,0,0.00%,18,0.02%,0.02%
Go Green,Milk Shake,BEVERAGE,1,18,0,0.00%,18,0.01%,0.02%
LAYS 40GM FRENCH CHEESE,CS Chips & Snacks,FOOD,9,18,0,0.00%,18,0.08%,0.02%
Peppers,Pizza,FOOD,3,18,0,0.00%,18,0.03%,0.02%
POKKA LEMON ICED TEA 330ML,CS Soft Drinks,BEVERAGE,6,18,0,0.00%,18,0.05%,0.02%
Tropical Maki (6 Pcs),Sushi,FOOD,1,18,0,0.00%,18,0.01%,0.02%
DEEP HEAT SPRAY PACKET,CS Others,NON FOOD,1,17.75,0,0.00%,17.75,0.01%,0.02%
CROISSANT CHOCOLATE,CS Bakery,FOOD,7,17.5,0,0.00%,17.5,0.06%,0.02%
MUFFIN CHOCOLATE,CS Bakery,FOOD,5,17.5,0,0.00%,17.5,0.05%,0.02%
SWISS DELICE BRASILIA BISCUITS 1,CS Chocolate ,FOOD,1,17.5,0,0.00%,17.5,0.01%,0.02%
FRUIT & FIBRE KELLOGS 375GM,CS Cereal,FOOD,1,17.25,0,0.00%,17.25,0.01%,0.02%
NECTAFLOR PREMIUM FRUIT MIX 200G,CS Dry Fruits,FOOD,1,17,0,0.00%,17,0.01%,0.02%
ALPROSoyaMilkUnswtnd1L,CS Packet Juice,BEVERAGE,1,16.75,0,0.00%,16.75,0.01%,0.02%
VOCHELLE DARK CHOC FRUIT & NUTS ,CS Chocolate ,FOOD,3,16.5,0,0.00%,16.5,0.03%,0.02%
EXTRA PROFESSIONAL FRESH MINT GU,CS Mint & Gum,FOOD,5,16.25,0,0.00%,16.25,0.05%,0.02%
OB TAMPONS LIGHT DAYS 16PCS,CS Sanitary Care,NON FOOD,1,16.25,0,0.00%,16.25,0.01%,0.02%
OB TAMPONS NORMAL 16PCS,CS Sanitary Care,NON FOOD,1,16.25,0,0.00%,16.25,0.01%,0.02%
ADD WHIPPED CREAM,Starbucks,FOOD,4,16,0,0.00%,16,0.04%,0.02%
CLOROX WIPES DISINFECTING FRESH ,CS Cleaning Supplies,NON FOOD,1,16,0,0.00%,16,0.01%,0.02%
Coke,Softdrinks,BEVERAGE,4,16,0,0.00%,16,0.04%,0.02%
Fanta,Softdrinks,BEVERAGE,4,16,0,0.00%,16,0.04%,0.02%
Lacnor Full Fat Milk 1L ,CS Dairy ,BEVERAGE,4,16,0,0.00%,16,0.04%,0.02%
LAYS KETCHUP 40G,CHIPS,FOOD,4,16,0,0.00%,16,0.04%,0.02%
MOTHER E OAT SLICE CHOCOLATE CHI,CS Dry Fruits,FOOD,1,16,0,0.00%,16,0.01%,0.02%
Peanut Butter & Jelly(V),Sandwiches,FOOD,1,16,0,0.00%,16,0.01%,0.02%
REDBULL REGULAR,Energy Drinks,BEVERAGE,2,16,0,0.00%,16,0.02%,0.02%
REDBULL SUGAR FREE,Energy Drinks,BEVERAGE,2,16,0,0.00%,16,0.02%,0.02%
Sprite,Softdrinks,BEVERAGE,4,16,0,0.00%,16,0.04%,0.02%
THE BERRY CO GREEN TEA ,Packet Juice,BEVERAGE,2,16,0,0.00%,16,0.02%,0.02%
WEETABIX ORIGINAL 430GM,CS Cereal,FOOD,1,15.75,0,0.00%,15.75,0.01%,0.02%
AXE STICK DARK TEMPTATION 40GM,CS Deodrants,NON FOOD,1,15.5,0,0.00%,15.5,0.01%,0.02%
DOVE+MCCCDS150ML,CS Shampoo & Conditioner,NON FOOD,1,15.5,0,0.00%,15.5,0.01%,0.02%
FUN PLASTIC SPOON PLUM 18PCS,CS Disposable,NON FOOD,2,15.5,0,0.00%,15.5,0.02%,0.02%
OB TAMPONS MINI 16PCS,CS Sanitary Care,NON FOOD,1,15.5,0,0.00%,15.5,0.01%,0.02%
COMFORT BABY CONCENTRATE 750ML,CS Laundry Care,NON FOOD,1,15.25,0,0.00%,15.25,0.01%,0.02%
COMFORT IRIS JASMINE CONCENTRATE,CS Laundry Care,NON FOOD,1,15.25,0,0.00%,15.25,0.01%,0.02%
LIPTON PYRAMID MILD CEYLON TEA B,CS Tea,FOOD,1,15.25,0,0.00%,15.25,0.01%,0.02%
ARIEL 260GM GREEN,CS Laundry Care,NON FOOD,3,15,0,0.00%,15,0.03%,0.02%
BAYARA MIXED NUTS 150G,CS Nuts & Seeds,FOOD,2,15,0,0.00%,15,0.02%,0.02%
BAYARA SALTED PISTACHIOS 50GM,CS Dry Fruits,FOOD,4,15,0,0.00%,15,0.04%,0.02%
CARTE DOR LEMON SORBET 1 SCOOP,Ice cream,FOOD,3,15,0,0.00%,15,0.03%,0.02%
CARTE DOR S.BERRY 1 SCOOP,Ice cream,FOOD,3,15,0,0.00%,15,0.03%,0.02%
COKE LIGHT LARGE 2.25L,CS Soft Drinks,BEVERAGE,3,15,0,0.00%,15,0.03%,0.02%
DOUGHNUT CHOCOLATE,CS Bakery,FOOD,6,15,0,0.00%,15,0.05%,0.02%
DOVE BODY CREAM GO FRESH NOURISH,CS Body Care,NON FOOD,1,15,0,0.00%,15,0.01%,0.02%
FISH MAIN,Main course,FOOD,1,15,0,0.00%,15,0.01%,0.02%
GATORADE BLUE BOLT PET 500ML,CS Sports & Energy Drinks,BEVERAGE,3,15,0,0.00%,15,0.03%,0.02%
GATORADE PINK LEMONDAE PET 500ML,CS Sports & Energy Drinks,BEVERAGE,3,15,0,0.00%,15,0.03%,0.02%
MENTOS MINIS ASSORTED PACKET 250,CS Mint & Gum,FOOD,2,15,0,0.00%,15,0.02%,0.02%
MOMA CUP POREIDGE PLAIN 70GM,CS Cereal,FOOD,1,15,0,0.00%,15,0.01%,0.02%
NIVEA MEN SHOWER ORIGINAL CARE 2,CS Bath & Shower,NON FOOD,1,15,0,0.00%,15,0.01%,0.02%
NIVEA SHOWER CR�ME SOFT 250ML,CS Bath & Shower,NON FOOD,1,15,0,0.00%,15,0.01%,0.02%
NIVEA SHOWER WATERLILY 250ML,CS Bath & Shower,NON FOOD,1,15,0,0.00%,15,0.01%,0.02%
RiceKrispiesCMB20g,CS Cereal,FOOD,5,15,0,0.00%,15,0.05%,0.02%
SCHWEPPES BITTER LEMON 300M,CS Soft Drinks,BEVERAGE,10,15,0,0.00%,15,0.09%,0.02%
SNICKERS BAR,Chocolate,FOOD,3,15,0,0.00%,15,0.03%,0.02%
SPRITE CAN 355ML,CS Soft Drinks,BEVERAGE,10,15,0,0.00%,15,0.09%,0.02%
SPRITE LARGE 2.25L,CS Soft Drinks,BEVERAGE,3,15,0,0.00%,15,0.03%,0.02%
MOTHER E FRUIT STICK APPLE 8 BAR,CS Dry Fruits,FOOD,1,14.25,0,0.00%,14.25,0.01%,0.02%
MOTHER E FRUIT STICK APPLE STRAW,CS Dry Fruits,FOOD,1,14.25,0,0.00%,14.25,0.01%,0.02%
MOTHER E FRUIT STICK BLUEBERRY 8,CS Dry Fruits,FOOD,1,14.25,0,0.00%,14.25,0.01%,0.02%
REXONA DEO EXTRA COOL 150ML,CS Deodrants,NON FOOD,1,14.25,0,0.00%,14.25,0.01%,0.02%
AL AIN BENECOL YOGHURT 125GM,CS Dairy ,FOOD,7,14,0,0.00%,14,0.06%,0.02%
Alkhaleejia Lasagne,Veggie,FOOD,1,14,0,0.00%,14,0.01%,0.02%
COKE PET 500ML,CS Soft Drinks,BEVERAGE,7,14,0,0.00%,14,0.06%,0.02%
Earl Grey,Tea,BEVERAGE,1,14,0,0.00%,14,0.01%,0.02%
EXTRA PELLET PEPPERMINT GUM,CS Mint & Gum,FOOD,7,14,0,0.00%,14,0.06%,0.02%
FAMILIA 50GM MUESLI CRUNCH,CS Cereal,FOOD,4,14,0,0.00%,14,0.04%,0.02%
FIREFLY RECHARGE POMEGRANATE,Tea,BEVERAGE,1,14,0,0.00%,14,0.01%,0.02%
IcedGingerMachiato,Nespresso,FOOD,1,14,0,0.00%,14,0.01%,0.02%
Orange & Carrot,Fresh Juices,BEVERAGE,1,14,0,0.00%,14,0.01%,0.02%
Pineapple & Beetroot,Fresh Juices,BEVERAGE,1,14,0,0.00%,14,0.01%,0.02%
Signal Sensitive Expert75ml,CS Oral Care,NON FOOD,1,14,0,0.00%,14,0.01%,0.02%
VASELINE BODY LOTION ALOESOOTHE ,CS Body Care,NON FOOD,1,14,0,0.00%,14,0.01%,0.02%
SELPAK KITCHEN ROLL 3PCS 20% OFF,CS Tissue & Toilet Rolls,NON FOOD,1,13.75,0,0.00%,13.75,0.01%,0.02%
7 UP CAN 355 ML,CS Soft Drinks,BEVERAGE,9,13.5,0,0.00%,13.5,0.08%,0.02%
BERRY CO GOJI BERRY JUICE 1L,CS Packet Juice,BEVERAGE,1,13.5,0,0.00%,13.5,0.01%,0.02%
CLEAR SH WOMEN ICE COOL 200ML,CS Deodrants,NON FOOD,1,13.5,0,0.00%,13.5,0.01%,0.02%
DAWAT EXTRA LONG GRAIN BASMATI R,CS Coocking & Baking,FOOD,1,13.5,0,0.00%,13.5,0.01%,0.02%
KRAFT CHEESE ORIGINAL 12 SLICES,CS Dairy ,FOOD,1,13.5,0,0.00%,13.5,0.01%,0.02%
ALWAYS LARGE 10 PCS,CS Sanitary Care,NON FOOD,2,13,0,0.00%,13,0.02%,0.01%
BAYARA CASHEW SALTED 50GM,CS Nuts & Seeds,FOOD,4,13,0,0.00%,13,0.04%,0.01%
BERRY CO BLUEBERRY JUICE 1L,CS Packet Juice,BEVERAGE,1,13,0,0.00%,13,0.01%,0.01%
BERRY CO POMEGRANTE JUICE 1L,CS Packet Juice,BEVERAGE,1,13,0,0.00%,13,0.01%,0.01%
BOGUTTI AMERICAN COOKIES RAISINS,Biscuit & Cookies,FOOD,2,13,0,0.00%,13,0.02%,0.01%
CLEAR SH WOMEN SOFT SHINY 200ML,CS Shampoo & Conditioner,NON FOOD,1,13,0,0.00%,13,0.01%,0.01%
CORNETTO I/C LOVE COOKIE,CS Ice Cream,FOOD,2,13,0,0.00%,13,0.02%,0.01%
FUN24OZMLTI,CS Disposable,NON FOOD,2,13,0,0.00%,13,0.02%,0.01%
H&S SH EXTRA VOLUME 200ML,CS Shampoo & Conditioner,NON FOOD,1,13,0,0.00%,13,0.01%,0.01%
H&S SH FOR MEN 200ML,CS Shampoo & Conditioner,NON FOOD,1,13,0,0.00%,13,0.01%,0.01%
INDOMIE CUP CHICKEN,CS Pasta & Noodles,FOOD,4,13,0,0.00%,13,0.04%,0.01%
JOHNSONS BODY WASH POMEGRANATE 2,CS Bath & Shower,NON FOOD,1,13,0,0.00%,13,0.01%,0.01%
JOHNSONS COTTON BUDS 100PCS,CS Others,NON FOOD,1,13,0,0.00%,13,0.01%,0.01%
LADY CHOICE CHUNKY PEANUT BUTTER,CS Can & Jar Food,FOOD,1,13,0,0.00%,13,0.01%,0.01%
FA SHOWER CREAM CACAO BUTTER OIL,CS Hair Styling & Spray,NON FOOD,1,12.75,0,0.00%,12.75,0.01%,0.01%
LAYS TOMATO KETCHUP 185GM,CS Chips & Snacks,FOOD,2,12.5,0,0.00%,12.5,0.02%,0.01%
SELPAK TOILET PAPER 4 ROLLS,CS Tissue & Toilet Rolls,NON FOOD,1,12.5,0,0.00%,12.5,0.01%,0.01%
ADD CARAMEL DRIZZLE,Starbucks,FOOD,3,12,0,0.00%,12,0.03%,0.01%
ADD FLAVOURED SYRUP,Starbucks,FOOD,3,12,0,0.00%,12,0.03%,0.01%
CAKE OF THE DAY,Dessert,FOOD,1,12,0,0.00%,12,0.01%,0.01%
Chicken Tikka,Pizza,FOOD,2,12,0,0.00%,12,0.02%,0.01%
COKE LIGHT PET 500ML,CS Soft Drinks,BEVERAGE,6,12,0,0.00%,12,0.05%,0.01%
CROISSANT CHEESE,CS Bakery,FOOD,6,12,0,0.00%,12,0.05%,0.01%
DOVE SH DAMAGE INTENSIVE REPAIR ,CS Shampoo & Conditioner,NON FOOD,1,12,0,0.00%,12,0.01%,0.01%
DOVE SH NUTRITIVE DAILY CARE 200,CS Shampoo & Conditioner,NON FOOD,1,12,0,0.00%,12,0.01%,0.01%
DOVE SH NUTRITIVE MOISTURIZING 2,CS Shampoo & Conditioner,NON FOOD,1,12,0,0.00%,12,0.01%,0.01%
Espresso Macchiato,Nespresso,FOOD,1,12,0,0.00%,12,0.01%,0.01%
EXTRA PELLET WHITE GUM,CS Mint & Gum,FOOD,6,12,0,0.00%,12,0.05%,0.01%
Gatorade ,Softdrinks,BEVERAGE,1,12,0,0.00%,12,0.01%,0.01%
GATORADE LEMON,Energy Drinks,BEVERAGE,1,12,0,0.00%,12,0.01%,0.01%
JOHNSONS SHOWER GEL INDULGE 250M,CS Bath & Shower,NON FOOD,1,12,0,0.00%,12,0.01%,0.01%
LAYS SALT & VINEGAR 40G,CHIPS,FOOD,3,12,0,0.00%,12,0.03%,0.01%
LAYS SALT 40G,CHIPS,FOOD,3,12,0,0.00%,12,0.03%,0.01%
LIP MAGIC AROMA 25TB,CS Tea,FOOD,2,12,0,0.00%,12,0.02%,0.01%
LUX BW SILK SENSATION 250ML,CS Bath & Shower,NON FOOD,1,12,0,0.00%,12,0.01%,0.01%
LUX BW SOFT TOUCH 250ML,CS Body Care,NON FOOD,1,12,0,0.00%,12,0.01%,0.01%
MCVITIES DIGESTIVE 250GM LIGHT,Biscuit & Cookies,FOOD,1,12,0,0.00%,12,0.01%,0.01%
Pepsi,Softdrinks,BEVERAGE,3,12,0,0.00%,12,0.03%,0.01%
PERRIER WATER 330ML,CS Water,BEVERAGE,3,12,0,0.00%,12,0.03%,0.01%
RAINBOWEvpMilk160ML ,CS Dairy ,FOOD,4,12,0,0.00%,12,0.04%,0.01%
SCHOGETTEN DARK CHOCOLATE 100GM,CS Chocolate ,FOOD,2,12,0,0.00%,12,0.02%,0.01%
SCHWEPPES TONIC WATER CAN 300M,CS Soft Drinks,BEVERAGE,8,12,0,0.00%,12,0.07%,0.01%
Short Bread,Dessert,FOOD,1,12,0,0.00%,12,0.01%,0.01%
SLICED BREAD WHITE JUMBO,CS Bakery,FOOD,3,12,0,0.00%,12,0.03%,0.01%
SPRITE LIGHT CAN,Softdrinks,BEVERAGE,3,12,0,0.00%,12,0.03%,0.01%
STRAIGHT DUTCH,Smoothies,BEVERAGE,1,12,0,0.00%,12,0.01%,0.01%
Dol Ex Onion&Garlic Sauce 500g,CS Sauce,FOOD,1,11.5,0,0.00%,11.5,0.01%,0.01%
DOVE INTENSIVE CREAM NOURISHING ,CS Body Care,NON FOOD,1,11.5,0,0.00%,11.5,0.01%,0.01%
ORAL B TP COMPLETE EXTRA FRESH M,CS Oral Care,NON FOOD,1,11.5,0,0.00%,11.5,0.01%,0.01%
CLOROX FLORAL 1.89L 1/2 GALLON,CS Laundry Care,NON FOOD,1,11.25,0,0.00%,11.25,0.01%,0.01%
LIFEBUOY HW MILD CARE 200ML,CS Soap & Handwash,NON FOOD,1,11,0,0.00%,11,0.01%,0.01%
LUX HW SECRET BLISS 250ML,CS Soap & Handwash,NON FOOD,1,11,0,0.00%,11,0.01%,0.01%
PANTENE SH SHEER VOLUME 200ML,CS Shampoo & Conditioner,NON FOOD,1,11,0,0.00%,11,0.01%,0.01%
Sugar Granul2Kg ,CS Coocking & Baking,FOOD,1,11,0,0.00%,11,0.01%,0.01%
YUM YUM SMOOTH PEANUT BUTTER 400,CS Can & Jar Food,FOOD,1,10.75,0,0.00%,10.75,0.01%,0.01%
SLIM NOODLES READY TO WOK 270GM,CS Pasta & Noodles,FOOD,1,10.25,0,0.00%,10.25,0.01%,0.01%
CERES CRANBERRY KIWI JUICE 1L,CS Packet Juice,BEVERAGE,1,10,0,0.00%,10,0.01%,0.01%
DARJEELING LOOSE TEA,Tea,FOOD,1,10,0,0.00%,10,0.01%,0.01%
FANTA LARGE 2.25L,CS Soft Drinks,BEVERAGE,2,10,0,0.00%,10,0.02%,0.01%
Fresh Pineapple Juice,Fresh Juices,BEVERAGE,1,10,0,0.00%,10,0.01%,0.01%
Khubus Bread,Breakfast,FOOD,5,10,0,0.00%,10,0.05%,0.01%
LAYS 40GM SALT VINEGAR,CS Chips & Snacks,FOOD,5,10,0,0.00%,10,0.05%,0.01%
PEPSI LARGE 2.25L,CS Soft Drinks,BEVERAGE,2,10,0,0.00%,10,0.02%,0.01%
SILVER SWAN JASMINE RICE 1KG,CS Coocking & Baking,FOOD,1,10,0,0.00%,10,0.01%,0.01%
SPRITE PET 500ML,CS Soft Drinks,BEVERAGE,5,10,0,0.00%,10,0.05%,0.01%
WHOLE FRUIT,Dessert,FOOD,2,10,0,0.00%,10,0.02%,0.01%
CLOSEUP FIRE FREEZE EXTREME COOL,CS Oral Care,NON FOOD,1,9.75,0,0.00%,9.75,0.01%,0.01%
GILLETTE FOAM CLASSIC CLEAN,CS Mens Care,NON FOOD,1,9.75,0,0.00%,9.75,0.01%,0.01%
INDOMIE CUP BEEF,CS Pasta & Noodles,FOOD,3,9.75,0,0.00%,9.75,0.03%,0.01%
INDOMIE CUP VEGETABLE,CS Pasta & Noodles,FOOD,3,9.75,0,0.00%,9.75,0.03%,0.01%
VOCHELLE BLOCK FRUIT&NUTS 180G,CS Chocolate ,FOOD,1,9.75,0,0.00%,9.75,0.01%,0.01%
BEST CAN MIXED NUTS 110GM,CS Nuts & Seeds,FOOD,1,9.5,0,0.00%,9.5,0.01%,0.01%
CASTANIA KRI KRI 60G,CS Nuts & Seeds,FOOD,2,9.5,0,0.00%,9.5,0.02%,0.01%
DESIAM THAI SAUCE RED CURRY 200G,CS Sauce,FOOD,1,9.5,0,0.00%,9.5,0.01%,0.01%
SCRUMMIES STRAWBERRY CRANBERRIES,CS Dry Fruits,FOOD,2,9.5,0,0.00%,9.5,0.02%,0.01%
CARTE DOR CARAMEL 2 SCOOP,Ice cream,FOOD,1,9,0,0.00%,9,0.01%,0.01%
CARTE DOR VANILLA 2 SCOOP,Ice cream,FOOD,1,9,0,0.00%,9,0.01%,0.01%
CERES PINE APPLE JUICE 1L,CS Packet Juice,BEVERAGE,1,9,0,0.00%,9,0.01%,0.01%
CERES RUBY GRAPE FRUIT JUICE 1L,CS Packet Juice,BEVERAGE,1,9,0,0.00%,9,0.01%,0.01%
COKE CAN 300ML,CS Soft Drinks,BEVERAGE,6,9,0,0.00%,9,0.05%,0.01%
Extra Cheese,Cheese,FOOD,3,9,0,0.00%,9,0.03%,0.01%
NATURE VALLEY OATS & HONEY,CS Cereal,FOOD,3,9,0,0.00%,9,0.03%,0.01%
QUAKER WHITE OATS TIN 500GM,CS Cereal,FOOD,1,9,0,0.00%,9,0.01%,0.01%
SIGNALC8AGold120M,CS Oral Care,NON FOOD,1,9,0,0.00%,9,0.01%,0.01%
A/G MARASCHINO RED CHERRIES 10OZ,CS Can & Jar Food,FOOD,1,8.75,0,0.00%,8.75,0.01%,0.01%
AL AIN KIWI APPLE YOGHURT 125GM,CS Dairy ,FOOD,5,8.75,0,0.00%,8.75,0.05%,0.01%
ENERGIZER AAA 2 PCS,CS Others,NON FOOD,1,8.5,0,0.00%,8.5,0.01%,0.01%
BAYARA EXTRA NUTS 50GM,CS Nuts & Seeds,FOOD,2,8,0,0.00%,8,0.02%,0.01%
BEACON MARSHMALLOWS PINK & WHITE,CS Packet Food,FOOD,2,8,0,0.00%,8,0.02%,0.01%
BREAD BASKET,Condiments,FOOD,1,8,0,0.00%,8,0.01%,0.01%
CHAMOMILE TEA BAG,Tea,FOOD,1,8,0,0.00%,8,0.01%,0.01%
Coke Zero,Softdrinks,BEVERAGE,2,8,0,0.00%,8,0.02%,0.01%
CROISSANT HI BUTTER CHOCOLATE,CS Bakery,FOOD,2,8,0,0.00%,8,0.02%,0.01%
FAMILIA 50GM MUESLI ORIGINAL,CS Cereal,FOOD,2,8,0,0.00%,8,0.02%,0.01%
INDOMIE PILLOW 5 PCS CHICKEN CUR,CS Pasta & Noodles,FOOD,1,8,0,0.00%,8,0.01%,0.01%
LAYS 40GM TOMATO KETCHUP,CS Chips & Snacks,FOOD,4,8,0,0.00%,8,0.04%,0.01%
PEPPERMINT TEA BAG,Tea,FOOD,1,8,0,0.00%,8,0.01%,0.01%
SPARKLING WATER PREMIUM,Water,BEVERAGE,1,8,0,0.00%,8,0.01%,0.01%
SUPREME CEYLON TEA BAG,Tea,FOOD,1,8,0,0.00%,8,0.01%,0.01%
THE BERRY CO CRANBERRY JUICE,Packet Juice,BEVERAGE,1,8,0,0.00%,8,0.01%,0.01%
AM Chd Sli 200,CS Dairy ,FOOD,1,7.5,0,0.00%,7.5,0.01%,0.01%
CastaniaPnutRostd,CS Nuts & Seeds,FOOD,1,7.5,0,0.00%,7.5,0.01%,0.01%
CROISSANT PLAIN,CS Bakery,FOOD,5,7.5,0,0.00%,7.5,0.05%,0.01%
DOUGHNUT JAM,CS Bakery,FOOD,5,7.5,0,0.00%,7.5,0.05%,0.01%
KOKA PILLOW 5 PCS BEEF,CS Pasta & Noodles,FOOD,1,7.5,0,0.00%,7.5,0.01%,0.01%
KOKA PILLOW 5 PCS CURRY,CS Pasta & Noodles,FOOD,1,7.5,0,0.00%,7.5,0.01%,0.01%
KOKA PILLOW 5 PCS SPICY STIR FRY,CS Pasta & Noodles,FOOD,1,7.5,0,0.00%,7.5,0.01%,0.01%
LACNOR MILK STRAWBERRY 180ML,CS Packet Juice,BEVERAGE,5,7.5,0,0.00%,7.5,0.05%,0.01%
MAGNUM I/C CLASSIC,CS Ice Cream,FOOD,1,7.5,0,0.00%,7.5,0.01%,0.01%
BARILLA PASTA SPAGHETTI NO.7 500,CS Pasta & Noodles,FOOD,1,7.25,0,0.00%,7.25,0.01%,0.01%
CLOROX SUPER WIPES 5PCS,CS Tissue & Toilet Rolls,NON FOOD,1,7.25,0,0.00%,7.25,0.01%,0.01%
Add Mini PastryCombo,Dessert,FOOD,8,7,0,0.00%,7,0.07%,0.01%
ALMARAI MILK FAT FREE1L,CS Dairy ,FOOD,1,7,0,0.00%,7,0.01%,0.01%
AMLacto Free Milk 1L,CS Dairy ,FOOD,1,7,0,0.00%,7,0.01%,0.01%
BREAD ROLL ENGLISH BROWN,CS Bakery,FOOD,2,7,0,0.00%,7,0.02%,0.01%
Castania Peanuts60g,Peannuts,FOOD,1,7,0,0.00%,7,0.01%,0.01%
Cinammon Rolls,Breakfast,FOOD,1,7,0,0.00%,7,0.01%,0.01%
FRUIT TELLA STRAWBERRY 39G,CS Mint & Gum,FOOD,4,7,0,0.00%,7,0.04%,0.01%
JIF CREAM LEMON 250ML,CS Dishwashing,NON FOOD,1,7,0,0.00%,7,0.01%,0.01%
KOKA CUP CHICKEN CORN,CS Pasta & Noodles,FOOD,2,7,0,0.00%,7,0.02%,0.01%
LUX BAR CREAMY PERFECTION 120GM,CS Soap & Handwash,NON FOOD,2,7,0,0.00%,7,0.02%,0.01%
MUFFIN APPLE,CS Bakery,FOOD,2,7,0,0.00%,7,0.02%,0.01%
SMALL GREEN SALAD ,Salads,FOOD,1,7,0,0.00%,7,0.01%,0.01%
LAYS FORNO CHEESE 43GM,CS Chips & Snacks,FOOD,3,6.75,0,0.00%,6.75,0.03%,0.01%
CORNETTO I/C LOVE VANILLA RASPBE,CS Ice Cream,FOOD,1,6.5,0,0.00%,6.5,0.01%,0.01%
GALAXY FRUIT & NUT 40GM,CS Chocolate ,FOOD,2,6.5,0,0.00%,6.5,0.02%,0.01%
PRINGLES 40GM HOT & SPICY,CS Chips & Snacks,FOOD,2,6.5,0,0.00%,6.5,0.02%,0.01%
JOHN WEST LIGHT TUNA CHUNK OIL 1,CS Can & Jar Food,FOOD,1,6.25,0,0.00%,6.25,0.01%,0.01%
SELPAK FACIAL TISSUE 100 SHEET,CS Tissue & Toilet Rolls,NON FOOD,1,6.25,0,0.00%,6.25,0.01%,0.01%
7 UP PET 500ML,Softdrinks,BEVERAGE,1,6,0,0.00%,6,0.01%,0.01%
CocoPopsCMB20g,CS Cereal,FOOD,2,6,0,0.00%,6,0.02%,0.01%
DOUGHNUT ICING WHITE,CS Bakery,FOOD,4,6,0,0.00%,6,0.04%,0.01%
GLAD ALUMINIUM FOIL 25 SQ FEET,CS Bags/Foil/Wraps,NON FOOD,1,6,0,0.00%,6,0.01%,0.01%
Grilled Veg Olives,Pizza,FOOD,1,6,0,0.00%,6,0.01%,0.01%
LIP GREEN MINT 25 TB,CS Tea,FOOD,1,6,0,0.00%,6,0.01%,0.01%
MENTOS 38GM CHEWY FRUIT,CS Mint & Gum,FOOD,3,6,0,0.00%,6,0.03%,0.01%
MENTOS 38GM CHEWY MINT,CS Mint & Gum,FOOD,3,6,0,0.00%,6,0.03%,0.01%
Nutro Straw90gm,Biscuit & Cookies,FOOD,3,6,0,0.00%,6,0.03%,0.01%
OAT & RAISIN COOKIE,Dessert,FOOD,1,6,0,0.00%,6,0.01%,0.01%
PEPSI DIET PET 500M,CS Soft Drinks,BEVERAGE,3,6,0,0.00%,6,0.03%,0.01%
Pineapple,Pizza,FOOD,1,6,0,0.00%,6,0.01%,0.01%
SMINT POCKET LEMON ,CS Mint & Gum,FOOD,1,6,0,0.00%,6,0.01%,0.01%
BAHLSEN LEIBNIZ ZOO 100GM,Biscuit & Cookies,FOOD,1,5.5,0,0.00%,5.5,0.01%,0.01%
FUN16OZMLTI,CS Disposable,NON FOOD,1,5.5,0,0.00%,5.5,0.01%,0.01%
GROWERS PACKET HONEY PEANUTS,CS Nuts & Seeds,FOOD,1,5.5,0,0.00%,5.5,0.01%,0.01%
GROWERS PACKET SAVOURY PEANUTS,CS Nuts & Seeds,FOOD,1,5.5,0,0.00%,5.5,0.01%,0.01%
MANI 20G ALMONDS SMOKED BBQ,CS Dry Fruits,FOOD,2,5.5,0,0.00%,5.5,0.02%,0.01%
VOCHELLE DARK CHOC PLAIN 90G,CS Chocolate ,FOOD,1,5.5,0,0.00%,5.5,0.01%,0.01%
Ferrarelle 330Ml ,CS Water,BEVERAGE,1,5.25,0,0.00%,5.25,0.01%,0.01%
MENTOS 38GM CHEWY COLA,CS Mint & Gum,FOOD,3,5.25,0,0.00%,5.25,0.03%,0.01%
SAFETY MATCH STICK BOX,CS Non Food,NON FOOD,3,5.25,0,0.00%,5.25,0.03%,0.01%
CORNETTO I/C CLASSICO CHOCOLATE,CS Ice Cream,FOOD,1,5,0,0.00%,5,0.01%,0.01%
CROISSANT ZATAR,CS Bakery,FOOD,2,5,0,0.00%,5,0.02%,0.01%
Extra Fruit,TOPPINGS,FOOD,1,5,0,0.00%,5,0.01%,0.01%
Galaxy,Chocolate,FOOD,1,5,0,0.00%,5,0.01%,0.01%
Kit Kat,Chocolate,FOOD,1,5,0,0.00%,5,0.01%,0.01%
MentoGmWatrMelon,CS Mint & Gum,FOOD,1,5,0,0.00%,5,0.01%,0.01%
VOLVIC WATER 500ML,Water,BEVERAGE,1,5,0,0.00%,5,0.01%,0.01%
BAHLSEN LEIBNIZ,Biscuit & Cookies,FOOD,1,4.5,0,0.00%,4.5,0.01%,0.01%
COKE CAN 330ML ,CS Soft Drinks,BEVERAGE,3,4.5,0,0.00%,4.5,0.03%,0.01%
FARM FRESH EGGS WHITE 6PCS,CS Eggs,FOOD,1,4.5,0,0.00%,4.5,0.01%,0.01%
LifebuoyPwBarVitaprotect125g,CS Soap & Handwash,NON FOOD,1,4.5,0,0.00%,4.5,0.01%,0.01%
SLICED BREAD BROWN JUMBO,CS Bakery,FOOD,1,4.5,0,0.00%,4.5,0.01%,0.01%
ALPEN BAR FRUIT NUT 28GM,CS Cereal,FOOD,1,4.25,0,0.00%,4.25,0.01%,0.00%
BAYARA PAPRIKA BOTTLE 100ML,CS Spices & Herbs,FOOD,1,4.25,0,0.00%,4.25,0.01%,0.00%
BROOKBOND TEA BAG 25 PCS,CS Tea,FOOD,1,4.25,0,0.00%,4.25,0.01%,0.00%
ADD CARAMEL DRIZZLE,Starbucks,FOOD,1,4,0,0.00%,4,0.01%,0.00%
AL AIN PEACH APRICOT YOGHURT 125,CS Dairy ,FOOD,2,4,0,0.00%,4,0.02%,0.00%
BAYARA POWDER BOTTLE 100ML,CS Spices & Herbs,FOOD,1,4,0,0.00%,4,0.01%,0.00%
DOUGHNUT PLAIN,CS Bakery,FOOD,2,4,0,0.00%,4,0.02%,0.00%
Mountain Dew,Softdrinks,BEVERAGE,1,4,0,0.00%,4,0.01%,0.00%
SMINT CANDY GUM STRAWBERRY 14.2G,CS Mint & Gum,FOOD,1,4,0,0.00%,4,0.01%,0.00%
TEA,Tea,FOOD,2,4,0,0.00%,4,0.02%,0.00%
MENTOS ICE SPEARMINT 10G,CS Mint & Gum,FOOD,3,3.75,0,0.00%,3.75,0.03%,0.00%
"BUN BREAD PLAIN 4"" 6 PCS",CS Bakery,FOOD,1,3.5,0,0.00%,3.5,0.01%,0.00%
"BUN BREAD SEASAME 4"" 6 PCS",CS Bakery,FOOD,1,3.5,0,0.00%,3.5,0.01%,0.00%
FAMILIA 50GM MUESLI CHOCO,CS Cereal,FOOD,1,3.5,0,0.00%,3.5,0.01%,0.00%
FRUIT TELLA ORANGE 36G,CS Mint & Gum,FOOD,2,3.5,0,0.00%,3.5,0.02%,0.00%
KOKA CUP BEEF,CS Pasta & Noodles,FOOD,1,3.5,0,0.00%,3.5,0.01%,0.00%
KOKA CUP NODLE VEG,CS Pasta & Noodles,FOOD,1,3.5,0,0.00%,3.5,0.01%,0.00%
GALAXY CARAMEL 40GM,CS Chocolate ,FOOD,1,3.25,0,0.00%,3.25,0.01%,0.00%
BEST 30GM SALTED PEANUTS,CS Nuts & Seeds,FOOD,2,3,0,0.00%,3,0.02%,0.00%
BEST 30GM SALTED PISTACHIO,CS Nuts & Seeds,FOOD,1,3,0,0.00%,3,0.01%,0.00%
Canadian Maple Syrup,Cereal Bar,FOOD,1,3,0,0.00%,3,0.01%,0.00%
LACNOR MILK BANANA 180ML,CS Packet Juice,BEVERAGE,2,3,0,0.00%,3,0.02%,0.00%
MAGGI STOCK CUBE CHICKEN,CS Sauce,FOOD,3,3,0,0.00%,3,0.03%,0.00%
MOUNTAIN DEW CAN 335ML ,CS Soft Drinks,BEVERAGE,2,3,0,0.00%,3,0.02%,0.00%
NATURE VALLEY CANADIAN MAPLE SYR,CS Cereal,FOOD,1,3,0,0.00%,3,0.01%,0.00%
PEPSI CAN 355ML ,CS Soft Drinks,BEVERAGE,2,3,0,0.00%,3,0.02%,0.00%
Salted Pistachios30g,Peannuts,FOOD,1,3,0,0.00%,3,0.01%,0.00%
SPRITE LIGHT CAN 330ML ,CS Soft Drinks,BEVERAGE,2,3,0,0.00%,3,0.02%,0.00%
WRIGLEYS JUICY FRUIT STICK BANAN,CS Mint & Gum,FOOD,3,3,0,0.00%,3,0.03%,0.00%
CHEESE,Condiments,FOOD,1,2.5,0,0.00%,2.5,0.01%,0.00%
CLOROX HEAVY DUTY SCOURER 1PCS,CS Cleaning Supplies,NON FOOD,1,2.5,0,0.00%,2.5,0.01%,0.00%
MENTOS CHEWY RAINBOW 30GM,CS Mint & Gum,FOOD,2,2.5,0,0.00%,2.5,0.02%,0.00%
GILLETTE BLUE 2 PCS DISPOSABLE,CS Mens Care,NON FOOD,1,2.25,0,0.00%,2.25,0.01%,0.00%
NESCAFE CAPPUCINO SACHET 1PCS,CS Coffee,FOOD,1,2.25,0,0.00%,2.25,0.01%,0.00%
ADD SOYA MILK,Starbucks,FOOD,1,2,0,0.00%,2,0.01%,0.00%
Apple Green,CS Fresh Fruit,FOOD,1,2,0,0.00%,2,0.01%,0.00%
BBQ SAUCE,Extras,FOOD,1,2,0,0.00%,2,0.01%,0.00%
EXTRA SALAD,TOPPINGS,FOOD,1,2,0,0.00%,2,0.01%,0.00%
FANTA PET 500ML,CS Soft Drinks,BEVERAGE,1,2,0,0.00%,2,0.01%,0.00%
NutroChoco90g,Biscuit & Cookies,FOOD,1,2,0,0.00%,2,0.01%,0.00%
PEPSI PET 500M,CS Soft Drinks,BEVERAGE,1,2,0,0.00%,2,0.01%,0.00%
STILL WATER REG,Water,BEVERAGE,1,2,0,0.00%,2,0.01%,0.00%
THOUSAND ISALND SAUCE,Extras,FOOD,1,2,0,0.00%,2,0.01%,0.00%
SUPER GLUE 3G,CS Others,NON FOOD,1,1.75,0,0.00%,1.75,0.01%,0.00%
COKE DIET CAN 330ML ,CS Soft Drinks,BEVERAGE,1,1.5,0,0.00%,1.5,0.01%,0.00%
FANTA STRAWBERRY 355M,CS Soft Drinks,BEVERAGE,1,1.5,0,0.00%,1.5,0.01%,0.00%
LACNOR PEACH 180ML,CS Packet Juice,BEVERAGE,1,1.5,0,0.00%,1.5,0.01%,0.00%
LACNOR PINEAPPLE180ml,CS Packet Juice,BEVERAGE,1,1.5,0,0.00%,1.5,0.01%,0.00%
PEPSI DIET CAN 335ML ,CS Soft Drinks,BEVERAGE,1,1.5,0,0.00%,1.5,0.01%,0.00%
SAFETY MATCH STICK BOX 2PCS,CS Others,NON FOOD,3,1.5,0,0.00%,1.5,0.03%,0.00%
MENTOS CHEWY MINT 30GM,CS Mint & Gum,FOOD,1,1.25,0,0.00%,1.25,0.01%,0.00%
MAGGI STOCK CUBE BEEF,CS Sauce,FOOD,1,1,0,0.00%,1,0.01%,0.00%
WRIGLEYS DOUBLEMINT STICK GUM,CS Mint & Gum,FOOD,1,1,0,0.00%,1,0.01%,0.00%
Al Ain 1.5 L,Water,BEVERAGE,7,0,0,0.00%,0,0.06%,0.00%
Coca Cola,Softdrinks,BEVERAGE,2,0,0,0.00%,0,0.02%,0.00%
Coffee Filter,Tea,BEVERAGE,9,0,0,0.00%,0,0.08%,0.00%
FRUIT JUICE,Fresh Juices,BEVERAGE,6,0,0,0.00%,0,0.05%,0.00%
Sprite,Softdrinks,BEVERAGE,1,0,0,0.00%,0,0.01%,0.00%
Tea Regular,Tea,BEVERAGE,3,0,0,0.00%,0,0.03%,0.00%
Open Beverage,Open Beverage,BEVERAGE,-2,-96.56,0,0.00%,-96.56,-0.02%,-0.11%
Open Food,Open Food,FOOD,1,-943.24,0,0.00%,-943.24,0.01%,-1.05%
TOTAL*,,,"9,426","89,655.45",0,0.00%,"89,655.45",85.96%,100.00%
,,,,,,,,,
