Menu Engineering Items Summary,,,,,,,,,
,,,,,,,,,
Business Dates,2/25/2016,,,,,,,,
Locations,"DEMO,UAE",,,,,,,,
Revenue Centers,All,,,,,,,,
Menu Items,All,,,,,,,,
,,,,,,,,,
Menu Item Name,Family Group,Major Group,Qty Sold,Net Sales,Prep Cost,Cost %,Margin Less Item Disc,% Qty,% Margin
Open Food,Open Food,FOOD,3,"7,799.00",0,0.00%,"7,799.00",0.03%,9.71%
Stud Meal Combo,Main course,FOOD,127,"3,780.00",0,0.00%,"3,780.00",1.33%,4.71%
MARINATED SALMON STEAK,Grill,FOOD,76,"2,280.00",0,0.00%,"2,280.00",0.80%,2.84%
GLOBAL STREET MAIN,Main course,FOOD,80,"2,054.00",0,0.00%,"2,054.00",0.84%,2.56%
Student Breakfast,Breakfast,FOOD,68,"2,040.00",0,0.00%,"2,040.00",0.71%,2.54%
BUTTER FLY CHICKEN BREAST ,Grill,FOOD,58,"1,392.00",0,0.00%,"1,392.00",0.61%,1.73%
Open Beverage,Open Beverage,BEVERAGE,2,"1,145.00",0,0.00%,"1,145.00",0.02%,1.43%
Classic Angus Burger,Burgers,FOOD,38,"1,140.00",0,0.00%,"1,140.00",0.40%,1.42%
CHICKEN MEAL ,Main course,FOOD,46,"1,100.00",0,0.00%,"1,100.00",0.48%,1.37%
SERCO LUNCH,SERCO LUNCH,FOOD,100,"1,000.00",0,0.00%,"1,000.00",1.05%,1.25%
VEGGIE MEAL,Veggie,FOOD,41,902,0,0.00%,902,0.43%,1.12%
MEAT PLATTER,Main course,FOOD,29,870,0,0.00%,870,0.30%,1.08%
Chicken Caesar,Salads,FOOD,33,825,0,0.00%,825,0.35%,1.03%
Buffet Meal,Main course,FOOD,39,792,0,0.00%,792,0.41%,0.99%
Slice of the Day,Pizza,FOOD,160,785,0,0.00%,785,1.68%,0.98%
12 OZ CAFFE AMERICANO,Starbucks,FOOD,78,780,0,0.00%,780,0.82%,0.97%
Tenderloin Steak,Burgers,FOOD,25,750,0,0.00%,750,0.26%,0.93%
Grilled Chicken Burger,Burgers,FOOD,30,720,0,0.00%,720,0.32%,0.90%
Massaman Chicken,Main course,FOOD,30,720,0,0.00%,720,0.32%,0.90%
Two Eggs ,Breakfast,FOOD,143,695,0,0.00%,695,1.50%,0.87%
BBQ Glazed Chicken,Sandwiches,FOOD,30,630,0,0.00%,630,0.32%,0.78%
FG LARGE BOWL,FEEL GOOD,FOOD,24,624,0,0.00%,624,0.25%,0.78%
Masafi Water500ml,Water,BEVERAGE,589,583,0,0.00%,583,6.19%,0.73%
12 OZ CAFFE LATTE,Starbucks,FOOD,53,576,0,0.00%,576,0.56%,0.72%
BEEF MEAL,Main course,FOOD,24,575,0,0.00%,575,0.25%,0.72%
CHICKEN ROCQUET CHEESE S/W,Sandwiches,FOOD,19,570,0,0.00%,570,0.20%,0.71%
16 OZ CAFFE LATTE,Starbucks,FOOD,40,560,0,0.00%,560,0.42%,0.70%
Take Away Box,Take Away Boxes,NON FOOD,182,546,0,0.00%,546,1.91%,0.68%
BLACK ANGUS CLUB 6 OZ,Burgers,FOOD,16,512,0,0.00%,512,0.17%,0.64%
SERCO DINNER,SERCO DINNER,FOOD,50,500,0,0.00%,500,0.53%,0.62%
7 OZ DOUBLE SHOT ICED SHAKEN,Starbucks,FOOD,35,490,0,0.00%,490,0.37%,0.61%
Margherita(V),Pizza,FOOD,19,475,0,0.00%,475,0.20%,0.59%
FRESH JUICE SMALL,Breakfast,FOOD,119,468,0,0.00%,468,1.25%,0.58%
12 OZ CAPPUCHINO,Starbucks,FOOD,42,456,0,0.00%,456,0.44%,0.57%
Chicken Tikka,Sandwiches,FOOD,19,456,0,0.00%,456,0.20%,0.57%
Battered Chicken,Main course,FOOD,15,420,0,0.00%,420,0.16%,0.52%
Falafel Tomato & Hummus(V),Sandwiches,FOOD,23,414,0,0.00%,414,0.24%,0.52%
Five a Day,Fresh Juices,BEVERAGE,17,408,0,0.00%,408,0.18%,0.51%
Banana Pcs,CS Fresh Fruit,FOOD,201,402,0,0.00%,402,2.11%,0.50%
Smoked Salmon,Sandwiches,FOOD,16,400,0,0.00%,400,0.17%,0.50%
FG MEDIUM BOWL,FEEL GOOD,FOOD,21,378,0,0.00%,378,0.22%,0.47%
SMOKED TURKEY S/W,Sandwiches,FOOD,11,374,0,0.00%,374,0.12%,0.47%
Extra Portion Grill,Main course,FOOD,30,360,0,0.00%,360,0.32%,0.45%
Homemade Beef Burger,Burgers,FOOD,18,360,0,0.00%,360,0.19%,0.45%
Fresh Fruit Pcs,Extras,FOOD,118,354,0,0.00%,354,1.24%,0.44%
SERCO BREAKFAST,SERCO BREAKFAST,FOOD,33,330,0,0.00%,330,0.35%,0.41%
Buffet Fruit Salad,Salads,FOOD,67,320,0,0.00%,320,0.70%,0.40%
CHICKEN CEASAR SALAD,Salads,FOOD,10,320,0,0.00%,320,0.11%,0.40%
Chicken Steak,Grill,FOOD,13,312,0,0.00%,312,0.14%,0.39%
Yasai Itame,Main course,FOOD,12,312,0,0.00%,312,0.13%,0.39%
BRIE & TOMATO S/W,Sandwiches,FOOD,9,306,0,0.00%,306,0.09%,0.38%
CEASAR CHICKEN WRAP,Wraps,FOOD,9,306,0,0.00%,306,0.09%,0.38%
4 OZ BURGER COMBO,Burgers,FOOD,8,304,0,0.00%,304,0.08%,0.38%
Yoghurt,Yogurt,FOOD,75,300,0,0.00%,300,0.79%,0.37%
Side Salad,Salads,FOOD,74,292,0,0.00%,292,0.78%,0.36%
16 OZ ICED CAFFE LATTE,Starbucks,FOOD,20,290,0,0.00%,290,0.21%,0.36%
16 OZ CAFFE AMERICANO,Starbucks,FOOD,24,288,0,0.00%,288,0.25%,0.36%
FYO SHAWARMA,Main course,FOOD,19,285,0,0.00%,285,0.20%,0.35%
FRESH JUICE LARGE,Fresh Juices,FOOD,39,273,0,0.00%,273,0.41%,0.34%
16 OZ ICED CARAMEL MACCHIATO,Starbucks,FOOD,15,269,0,0.00%,269,0.16%,0.33%
CHICKEN WRAP COMBO,Burgers,FOOD,7,266,0,0.00%,266,0.07%,0.33%
HIT THE ROOF,Milk Shake,BEVERAGE,11,264,0,0.00%,264,0.12%,0.33%
PEACH & BASIL SMOOTHIE,Smoothies,BEVERAGE,11,264,0,0.00%,264,0.12%,0.33%
Beef sausage,Breakfast,FOOD,52,260,0,0.00%,260,0.55%,0.32%
Chocolate Bar,Extras,FOOD,50,250,0,0.00%,250,0.53%,0.31%
16 OZ ICED CAFE AMERICANO,Starbucks,FOOD,19,240,0,0.00%,240,0.20%,0.30%
CHICKEN STACK,Burgers,FOOD,8,240,0,0.00%,240,0.08%,0.30%
16 OZ CAPPUCHINO,Starbucks,FOOD,16,224,0,0.00%,224,0.17%,0.28%
SIMPLE SHAWARMA,Main course,FOOD,28,224,0,0.00%,224,0.29%,0.28%
Smoked Turkey Ham Pasta,Salads,FOOD,10,220,0,0.00%,220,0.11%,0.27%
Filter Tea,Tea,FOOD,43,215,0,0.00%,215,0.45%,0.27%
Filter Coffee,Tea,FOOD,46,210,0,0.00%,210,0.48%,0.26%
Go Large,Pizza,FOOD,26,208,0,0.00%,208,0.27%,0.26%
Bagel S. Salmon,Sandwiches,FOOD,8,200,0,0.00%,200,0.08%,0.25%
CROISSANT MINI,Dessert,FOOD,69,195,0,0.00%,195,0.72%,0.24%
CHUNKY MONKEY,Milk Shake,BEVERAGE,8,192,0,0.00%,192,0.08%,0.24%
Fruit Salad,Yoghurt Pots,FOOD,16,192,0,0.00%,192,0.17%,0.24%
Hash Browns,Breakfast,FOOD,47,188,0,0.00%,188,0.49%,0.23%
Manakeesh,Breakfast,FOOD,47,184,0,0.00%,184,0.49%,0.23%
BUTTERNUT & GOAT CHEESE SALAD ,Sandwiches,FOOD,5,180,0,0.00%,180,0.05%,0.22%
REUBENS S/W,Sandwiches,FOOD,6,180,0,0.00%,180,0.06%,0.22%
Tandoori Chicken,Pizza,FOOD,5,180,0,0.00%,180,0.05%,0.22%
Yogurt Blueberry,Yoghurt Pots,FOOD,10,180,0,0.00%,180,0.11%,0.22%
Buffalo Chicken,Grill,FOOD,11,176,0,0.00%,176,0.12%,0.22%
California Rolls(6Pcs),Sushi,FOOD,8,176,0,0.00%,176,0.08%,0.22%
LACNOR COCKTAIL 180ML,Fresh Juices,BEVERAGE,44,176,0,0.00%,176,0.46%,0.22%
Yogurt Muesli Honey,Yoghurt Pots,FOOD,11,176,0,0.00%,176,0.12%,0.22%
GRILLED CHICKEN & BACON S/W,Sandwiches,FOOD,5,175,0,0.00%,175,0.05%,0.22%
Guest Meal Combo,Main course,FOOD,9,175,0,0.00%,175,0.09%,0.22%
Salmon Salad,Salads,FOOD,7,175,0,0.00%,175,0.07%,0.22%
COCA COLA CAN,Softdrinks,BEVERAGE,42,168,0,0.00%,168,0.44%,0.21%
COCONUT WATER CAN,Packet Juice,BEVERAGE,42,168,0,0.00%,168,0.44%,0.21%
Steamed Vegetables,Main course,FOOD,6,168,0,0.00%,168,0.06%,0.21%
Super Food Salad (V),Salads,FOOD,7,168,0,0.00%,168,0.07%,0.21%
CROISSANT MEDIUM,PASTRIES,FOOD,23,161,0,0.00%,161,0.24%,0.20%
Hawaiian,Pizza,FOOD,5,160,0,0.00%,160,0.05%,0.20%
Orange Pcs,CS Fresh Fruit,FOOD,80,160,0,0.00%,160,0.84%,0.20%
JDS BUTTER CRISPS,Biscuit & Cookies,FOOD,9,155.25,0,0.00%,155.25,0.09%,0.19%
12 OZ VANILLA LATTE,Starbucks,FOOD,9,153,0,0.00%,153,0.09%,0.19%
16 OZ CAFFE MOCHA,Starbucks,FOOD,9,153,0,0.00%,153,0.09%,0.19%
GO PURE CHIPS CRINKLE PAPRIKA 12,CS Organic Food,FOOD,9,153,0,0.00%,153,0.09%,0.19%
Angus Beef Burger,Burgers,FOOD,4,152,0,0.00%,152,0.04%,0.19%
FG Juice Bottled,FEEL GOOD,FOOD,19,152,0,0.00%,152,0.20%,0.19%
SWEET CHILLI SALMON SALAD,Sandwiches,FOOD,4,152,0,0.00%,152,0.04%,0.19%
12 OZ CARAMEL MACCHIATO,Starbucks,FOOD,10,150,0,0.00%,150,0.11%,0.19%
FRESH GREEN SALAD,Salads,FOOD,8,144,0,0.00%,144,0.08%,0.18%
LACNOR MILK CHOCOLATE,Flavoured Milk,BEVERAGE,36,144,0,0.00%,144,0.38%,0.18%
Soup,Extras,FOOD,24,144,0,0.00%,144,0.25%,0.18%
Chicken Nuggets,Extras,FOOD,14,140,0,0.00%,140,0.15%,0.17%
CLASSIC FRIES,Main course,FOOD,28,140,0,0.00%,140,0.29%,0.17%
Grilled Halloumi(V),Sandwiches,FOOD,8,140,0,0.00%,140,0.08%,0.17%
VEG BURGER,Burgers,FOOD,7,140,0,0.00%,140,0.07%,0.17%
Pesto Roasted Chicken,Sandwiches,FOOD,6,138,0,0.00%,138,0.06%,0.17%
16 OZ WHITE CHOCOLATE MOCHA,Starbucks,FOOD,8,136,0,0.00%,136,0.08%,0.17%
16 OZ VANILLA LATTE,Starbucks,FOOD,7,133,0,0.00%,133,0.07%,0.17%
Tuna Cheese Melt,Sandwiches,FOOD,6,132,0,0.00%,132,0.06%,0.16%
AL AIN WATER 500ml,CS Water,BEVERAGE,128,128,0,0.00%,128,1.34%,0.16%
Dessert,Dessert,FOOD,33,128,0,0.00%,128,0.35%,0.16%
16 OZ ICED WHITE CHOCOLATE MOCHA,Starbucks,FOOD,7,126,0,0.00%,126,0.07%,0.16%
Cereal Portion,Breakfast,FOOD,18,126,0,0.00%,126,0.19%,0.16%
Muture Cheddar(V),Sandwiches,FOOD,7,126,0,0.00%,126,0.07%,0.16%
POKKA LEMON ICED TEA CAN,Packet Juice,BEVERAGE,31,124,0,0.00%,124,0.33%,0.15%
FG SMALL BOWL,FEEL GOOD,FOOD,10,120,0,0.00%,120,0.11%,0.15%
12 OZ CARAMEL LATTE,Starbucks,FOOD,7,119,0,0.00%,119,0.07%,0.15%
16 OZ CARAMEL MACCHIATO,Starbucks,FOOD,7,119,0,0.00%,119,0.07%,0.15%
AL MAZRAAFoulMedams400G,Breakfast,FOOD,29,112,0,0.00%,112,0.30%,0.14%
Macaroon,Dessert,FOOD,28,112,0,0.00%,112,0.29%,0.14%
MARKOS TOP BANANA,Smoothies,BEVERAGE,4,112,0,0.00%,112,0.04%,0.14%
AL AIN FRESH MILK FULL FAT 2L,CS Dairy ,FOOD,11,110,0,0.00%,110,0.12%,0.14%
Chicken Tandoori,Pre Packed Sandwiches,FOOD,11,110,0,0.00%,110,0.12%,0.14%
LACNOR ORANGE 180ML,Fresh Juices,BEVERAGE,43,109.25,0,0.00%,109.25,0.45%,0.14%
WALK IN LUNCH,WALK IN LUNCH,FOOD,7,105,0,0.00%,105,0.07%,0.13%
Apple Green,CS Fresh Fruit,FOOD,52,104,0,0.00%,104,0.55%,0.13%
FETA & ROAST VEG PANINI,Sandwiches,FOOD,4,104,0,0.00%,104,0.04%,0.13%
Masafi Water1.5Ltr,Water,BEVERAGE,52,104,0,0.00%,104,0.55%,0.13%
Salmon Temaki (3 Pcs),Sushi,FOOD,4,104,0,0.00%,104,0.04%,0.13%
TUNA NICOISE SALAD,Salads,FOOD,4,104,0,0.00%,104,0.04%,0.13%
CheseTurkeyHamCrossiant,Sandwiches,FOOD,5,100,0,0.00%,100,0.05%,0.12%
PAPER BAG,BAGS,NON FOOD,100,100,0,0.00%,100,1.05%,0.12%
Three Cheese Spring Onion,Pre Packed Sandwiches,FOOD,10,100,0,0.00%,100,0.11%,0.12%
Yogurt Mango,Yoghurt Pots,FOOD,10,100,0,0.00%,100,0.11%,0.12%
Double Trouble,Milk Shake,BEVERAGE,4,96,0,0.00%,96,0.04%,0.12%
THE 3RD DATE,Milk Shake,BEVERAGE,4,96,0,0.00%,96,0.04%,0.12%
The Big Apple,Milk Shake,BEVERAGE,4,96,0,0.00%,96,0.04%,0.12%
TUNA SANDWICH,Sandwiches,FOOD,3,96,0,0.00%,96,0.03%,0.12%
Tuna Sweetcorn,Pre Packed Sandwiches,FOOD,6,96,0,0.00%,96,0.06%,0.12%
16 OZ ICED VANILLA LATTE,Starbucks,FOOD,5,95,0,0.00%,95,0.05%,0.12%
Apple Red,CS Fresh Fruit,FOOD,47,94,0,0.00%,94,0.49%,0.12%
OREO GOLDEN 16 PACK 44GM,Biscuit & Cookies,FOOD,5,91.25,0,0.00%,91.25,0.05%,0.11%
Chicken Chirashi,Sushi,FOOD,5,90,0,0.00%,90,0.05%,0.11%
Portion Protein,Main course,FOOD,9,90,0,0.00%,90,0.09%,0.11%
SWEET POTATO WEDGES,Main course,FOOD,9,90,0,0.00%,90,0.09%,0.11%
7 UP CAN,Softdrinks,BEVERAGE,22,88,0,0.00%,88,0.23%,0.11%
PPPPLEASE ME,Fresh Juices,BEVERAGE,4,88,0,0.00%,88,0.04%,0.11%
BAYARA 1KG WALNUT PEELED,CS Dry Fruits,FOOD,1,86,0,0.00%,86,0.01%,0.11%
MAGNUM I/C DOUBLE CHOCOLATE,CS Ice Cream,FOOD,9,85,0,0.00%,85,0.09%,0.11%
BASKIN ROBBINS CUP STARWBERRY 12,CS Ice Cream,FOOD,13,84.5,0,0.00%,84.5,0.14%,0.11%
Croissant,Breakfast,FOOD,12,84,0,0.00%,84,0.13%,0.10%
FALAFEL COMBO,Burgers,FOOD,3,84,0,0.00%,84,0.03%,0.10%
LACNOR APPLE 180ML,Fresh Juices,BEVERAGE,21,84,0,0.00%,84,0.22%,0.10%
Latte Macchiato,Nespresso,FOOD,7,84,0,0.00%,84,0.07%,0.10%
ROASTED TOMATO,Wraps,FOOD,3,84,0,0.00%,84,0.03%,0.10%
ALPRO ALMOND MILK 1L,CS Dairy ,FOOD,4,82,0,0.00%,82,0.04%,0.10%
PHOENIX LEMONADE 330ML,CS ORGANIC BEVERAGE,BEVERAGE,9,81,0,0.00%,81,0.09%,0.10%
POP CHIPS POTATO SEA SALT 99GM,CS Chips & Snacks,FOOD,4,81,0,0.00%,81,0.04%,0.10%
POP CHIPS SOUR CREAM ONION 99GM,CS Chips & Snacks,FOOD,4,81,0,0.00%,81,0.04%,0.10%
BLUE BERRY MUFFIN,Dessert,FOOD,8,80,0,0.00%,80,0.08%,0.10%
Chicken Sweetcorn,Pre Packed Sandwiches,FOOD,8,80,0,0.00%,80,0.08%,0.10%
Egg Cress Mayonnaise,Pre Packed Sandwiches,FOOD,10,80,0,0.00%,80,0.11%,0.10%
LARGE SPARKLING WATER PREMIUM,Water,BEVERAGE,4,80,0,0.00%,80,0.04%,0.10%
MODERN BAKE MANGO PISTA ENERGY B,CS Cereal,FOOD,15,78.75,0,0.00%,78.75,0.16%,0.10%
16 OZ SIGNATURE HOT CHOCOLATE,Starbucks,FOOD,4,76,0,0.00%,76,0.04%,0.09%
COCA COLA DIET CAN,Softdrinks,BEVERAGE,19,76,0,0.00%,76,0.20%,0.09%
French Toast,Breakfast,FOOD,19,76,0,0.00%,76,0.20%,0.09%
Mexican Melt,Pizza,FOOD,2,76,0,0.00%,76,0.02%,0.09%
Plum Red,CS Fresh Fruit,FOOD,38,76,0,0.00%,76,0.40%,0.09%
SALMON NICOISE,Salads,FOOD,2,76,0,0.00%,76,0.02%,0.09%
MAGNUM I/C ALMOND,CS Ice Cream,FOOD,10,75,0,0.00%,75,0.11%,0.09%
RACHELS GREEK LEMON YOGHURT 450G,CS Organic Food,FOOD,3,73.5,0,0.00%,73.5,0.03%,0.09%
CheseTomatoCrossiant,Sandwiches,FOOD,4,72,0,0.00%,72,0.04%,0.09%
DOUBLE ESSPRESSO,Starbucks,FOOD,6,72,0,0.00%,72,0.06%,0.09%
Large Salad,Salads,FOOD,4,72,0,0.00%,72,0.04%,0.09%
MAGNUM I/C CLASSIC,CS Ice Cream,FOOD,9,72,0,0.00%,72,0.09%,0.09%
MOROCCAN LAMB BURGER,Burgers,FOOD,2,72,0,0.00%,72,0.02%,0.09%
Oatmeal Porridge,Breakfast,FOOD,24,72,0,0.00%,72,0.25%,0.09%
Yoghurt,Yogurt,FOOD,6,72,0,0.00%,72,0.06%,0.09%
CEYLON GINGER LOOSE TEA,Tea,FOOD,7,70,0,0.00%,70,0.07%,0.09%
FIREFLY WAKE UP PEACH,Tea,BEVERAGE,5,70,0,0.00%,70,0.05%,0.09%
Isabella(V),Pizza,FOOD,2,70,0,0.00%,70,0.02%,0.09%
Lays Chips,Extras,FOOD,35,70,0,0.00%,70,0.37%,0.09%
Rocco,Pizza,FOOD,2,70,0,0.00%,70,0.02%,0.09%
BOURSIN CHEESE GARLIC & HERBS 15,CS Dairy ,FOOD,3,69.75,0,0.00%,69.75,0.03%,0.09%
SELPAK TOILET ROLL 7+2,CS Tissue & Toilet Rolls,NON FOOD,3,69.75,0,0.00%,69.75,0.03%,0.09%
COCA COLA ZERO CAN,Softdrinks,BEVERAGE,17,68,0,0.00%,68,0.18%,0.08%
ILD DE FRANCE CHEESE CAMEMBERT 2,CS Dairy ,FOOD,2,68,0,0.00%,68,0.02%,0.08%
Lemon,CS Fresh Vegatables,FOOD,34,68,0,0.00%,68,0.36%,0.08%
SPRITE CAN,Softdrinks,BEVERAGE,17,68,0,0.00%,68,0.18%,0.08%
M&M 180GM PEANUT,CS Chocolate ,FOOD,6,67.5,0,0.00%,67.5,0.06%,0.08%
ALPROSoyaMilkUnswtnd1L,CS Packet Juice,BEVERAGE,4,67,0,0.00%,67,0.04%,0.08%
California Rolls,Sushi,FOOD,3,66,0,0.00%,66,0.03%,0.08%
PERRIER WATER 330ML,Water,BEVERAGE,11,66,0,0.00%,66,0.12%,0.08%
AL AIN FRESH MILK 1L LOW FAT,CS Dairy ,FOOD,10,65,0,0.00%,65,0.11%,0.08%
BASKIN ROBBINS CUP COOKIES 120ML,CS Ice Cream,FOOD,10,65,0,0.00%,65,0.11%,0.08%
EBI NIGIRI,Sushi,FOOD,13,65,0,0.00%,65,0.14%,0.08%
Portion Vegetable,Main course,FOOD,13,65,0,0.00%,65,0.14%,0.08%
BAYARA 1KG CASHEW NUT,CS Nuts & Seeds,FOOD,1,64.75,0,0.00%,64.75,0.01%,0.08%
AL AIN WATER 1.5L,CS Water,BEVERAGE,43,64.5,0,0.00%,64.5,0.45%,0.08%
C&C DEEP CLEANSING LOTION 200ML,CS Facial Care,NON FOOD,2,64.5,0,0.00%,64.5,0.02%,0.08%
ADD ESPRESSO SHOT,Starbucks,FOOD,16,64,0,0.00%,64,0.17%,0.08%
FRIED CHICKEN WRAP,Burgers,FOOD,2,64,0,0.00%,64,0.02%,0.08%
AL AIN FRESH MILK 1L SKIMMED,CS Dairy ,FOOD,9,63,0,0.00%,63,0.09%,0.08%
LISTERINE MW FRESH BURST 250ML,CS Oral Care,NON FOOD,3,63,0,0.00%,63,0.03%,0.08%
ANCHOR BUTTER UNSALTED 454G,CS Dairy ,FOOD,3,61.5,0,0.00%,61.5,0.03%,0.08%
FOOD DOCTOR BAR P/A & BANANA 35G,CS Organic Food,FOOD,7,61.25,0,0.00%,61.25,0.07%,0.08%
12 OZ CAFFE MOCHA,Starbucks,FOOD,4,60,0,0.00%,60,0.04%,0.07%
AL AIN FRESH MILK LOW FAT 2L,CS Dairy ,FOOD,6,60,0,0.00%,60,0.06%,0.07%
Baked beans,Breakfast,FOOD,12,60,0,0.00%,60,0.13%,0.07%
BBQ or CurrySouce,Pizza,FOOD,2,60,0,0.00%,60,0.02%,0.07%
Brownie,Dessert,FOOD,5,60,0,0.00%,60,0.05%,0.07%
Carrot Cake,Dessert,FOOD,5,60,0,0.00%,60,0.05%,0.07%
Cold Cuts,Breakfast,FOOD,12,60,0,0.00%,60,0.13%,0.07%
JOCCA KRAFT COTTAGE CHEESE 200GM,CS Dairy ,FOOD,5,60,0,0.00%,60,0.05%,0.07%
PEPPERMEIN LOOSE TEA,Tea,FOOD,6,60,0,0.00%,60,0.06%,0.07%
Tamago Maki,Sushi,FOOD,3,60,0,0.00%,60,0.03%,0.07%
TRIPLE CHOCOLATE MUFFIN,Dessert,FOOD,5,60,0,0.00%,60,0.05%,0.07%
BEST CAN ALMONDS SALTED 110GM,CS Nuts & Seeds,FOOD,5,58.75,0,0.00%,58.75,0.05%,0.07%
AL AIN FRESH PINEAPPLE JUICE 330,CS Packet Juice,BEVERAGE,6,58.5,0,0.00%,58.5,0.06%,0.07%
BAYARA 1KG ALMOND,CS Nuts & Seeds,FOOD,1,57.75,0,0.00%,57.75,0.01%,0.07%
M&M 180GM CHOCOLATE,CS Chocolate ,FOOD,5,56.25,0,0.00%,56.25,0.05%,0.07%
CHUCKS MAN OH MANGO,Smoothies,BEVERAGE,2,56,0,0.00%,56,0.02%,0.07%
JAYS POM PUNCH,Smoothies,BEVERAGE,2,56,0,0.00%,56,0.02%,0.07%
LACNOR MILK BANANA,Flavoured Milk,BEVERAGE,14,56,0,0.00%,56,0.15%,0.07%
SUBSTITUTE SOYA,Soya Milk,FOOD,14,56,0,0.00%,56,0.15%,0.07%
Toast,Breakfast,FOOD,56,56,0,0.00%,56,0.59%,0.07%
PRINGLES BBQ 165G ,CS Chips & Snacks,FOOD,6,55.5,0,0.00%,55.5,0.06%,0.07%
16 OZ ICED CHOCOLATE,Starbucks,FOOD,3,55,0,0.00%,55,0.03%,0.07%
Extra Topping,Pizza,FOOD,11,55,0,0.00%,55,0.12%,0.07%
ALWAYS DIAMOND ULTRA THIN 14 PCS,CS Sanitary Care,NON FOOD,3,53.25,0,0.00%,53.25,0.03%,0.07%
12 OZ HOT CHOCOLATE,Starbucks,FOOD,3,53,0,0.00%,53,0.03%,0.07%
DR OETKER QUATTRO FORMAGI PIZZA,CS Frozen Food,FOOD,2,52.5,0,0.00%,52.5,0.02%,0.07%
BASKIN ROBBINS CUP PARALINES 120,CS Ice Cream,FOOD,8,52,0,0.00%,52,0.08%,0.06%
MATESERES 37GM,CS Chocolate ,FOOD,16,52,0,0.00%,52,0.17%,0.06%
MOUNTAIN DEW,Softdrinks,BEVERAGE,13,52,0,0.00%,52,0.14%,0.06%
SUNBLAST ORGANIC 1L 100% ORANGE ,CS Organic Food,FOOD,4,52,0,0.00%,52,0.04%,0.06%
12 OZ SIGNATURE HOT CHOCOLATE,Starbucks,FOOD,3,51,0,0.00%,51,0.03%,0.06%
BEST CAN PECAN SALTED 110GM,CS Nuts & Seeds,FOOD,2,51,0,0.00%,51,0.02%,0.06%
JDS ALMOND THINS,Biscuit & Cookies,FOOD,3,51,0,0.00%,51,0.03%,0.06%
Pancakes,Breakfast,FOOD,17,51,0,0.00%,51,0.18%,0.06%
TRESEMME CD KERATIN SMOOTH 500ML,CS Shampoo & Conditioner,NON FOOD,2,51,0,0.00%,51,0.02%,0.06%
TRESEMME CD VIBRANT NATURALS 500,CS Shampoo & Conditioner,NON FOOD,2,51,0,0.00%,51,0.02%,0.06%
Espresso,Coffee,BEVERAGE,5,50,0,0.00%,50,0.05%,0.06%
PEAR DRAGON LOOSE TEA,Tea,FOOD,5,50,0,0.00%,50,0.05%,0.06%
BLUE DIAMOND ALMOND MILK 1L,Convenience Beverages,BEVERAGE,2,49.5,0,0.00%,49.5,0.02%,0.06%
Alain Small Wtr500ml,Water,BEVERAGE,49,49,0,0.00%,49,0.51%,0.06%
Bagels w/Cr.Cheese,Breakfast,FOOD,7,49,0,0.00%,49,0.07%,0.06%
MCVITIES DIGESTIVE 250GM LIGHT,Biscuit & Cookies,FOOD,4,49,0,0.00%,49,0.04%,0.06%
RACHELS GREEK YOGHURT NATURAL 45,CS Dairy ,FOOD,2,49,0,0.00%,49,0.02%,0.06%
RED BULL 250ML,CS Sports & Energy Drinks,BEVERAGE,7,49,0,0.00%,49,0.07%,0.06%
B.BAG CHEDDAR150g,CS Chips & Snacks,FOOD,4,48,0,0.00%,48,0.04%,0.06%
Battered Fish Chips,Main course,FOOD,1,48,0,0.00%,48,0.01%,0.06%
Cappuccino,Coffee,BEVERAGE,4,48,0,0.00%,48,0.04%,0.06%
French Fries,Extras,FOOD,8,48,0,0.00%,48,0.08%,0.06%
Fruit Platter,Dessert,FOOD,2,48,0,0.00%,48,0.02%,0.06%
Granola,Dessert,FOOD,6,48,0,0.00%,48,0.06%,0.06%
JDS BELGIAN COCOLATE THINS,Biscuit & Cookies,FOOD,3,48,0,0.00%,48,0.03%,0.06%
LACNOR MANGO 180ML,Fresh Juices,BEVERAGE,12,48,0,0.00%,48,0.13%,0.06%
Peanut Butter & Jelly(V),Sandwiches,FOOD,3,48,0,0.00%,48,0.03%,0.06%
PEPSI CAN,Softdrinks,BEVERAGE,12,48,0,0.00%,48,0.13%,0.06%
Small Salad,Salads,FOOD,4,48,0,0.00%,48,0.04%,0.06%
STRAIGHT DUTCH,Smoothies,BEVERAGE,4,48,0,0.00%,48,0.04%,0.06%
TEA BAG JASMINE GREEN,Tea,FOOD,6,48,0,0.00%,48,0.06%,0.06%
BOGUTTI WHITE CHOCO PCS 37%,Biscuit & Cookies,FOOD,5,46.25,0,0.00%,46.25,0.05%,0.06%
PRINGLES HOT & SPICY 165GM,CS Chips & Snacks,FOOD,5,46.25,0,0.00%,46.25,0.05%,0.06%
COMFORT BABY CONCENTRATE 750ML,CS Laundry Care,NON FOOD,3,45.75,0,0.00%,45.75,0.03%,0.06%
COMFORT LAVENDER MAGNOLIA CONCEN,CS Laundry Care,NON FOOD,3,45.75,0,0.00%,45.75,0.03%,0.06%
PRO BAR MEAL WHOLEBERRY BLAST 85,CS Cereal,FOOD,2,45.5,0,0.00%,45.5,0.02%,0.06%
Walkers Short Bread40g,Biscuits,FOOD,13,45.5,0,0.00%,45.5,0.14%,0.06%
KIT KAT 4 FINGERS,CS Chocolate ,FOOD,14,45.25,0,0.00%,45.25,0.15%,0.06%
12OZ WHITE CHOCOLATE MOCHA,Starbucks,FOOD,3,45,0,0.00%,45,0.03%,0.06%
FARM FRESH EGGS WHITE 15PCS,CS Eggs,FOOD,4,45,0,0.00%,45,0.04%,0.06%
Maple Joe250gm,CS Can & Jar Food,FOOD,1,45,0,0.00%,45,0.01%,0.06%
TORCH CLUB STEAK S/W,Sandwiches,FOOD,1,45,0,0.00%,45,0.01%,0.06%
C&C GEL CLEANSER DEEP ACTION 150,CS Facial Care,NON FOOD,2,44,0,0.00%,44,0.02%,0.05%
D Coke,Softdrinks,BEVERAGE,11,44,0,0.00%,44,0.12%,0.05%
FALAFEL BURGER,Burgers,FOOD,2,44,0,0.00%,44,0.02%,0.05%
MilkHalfCrem1Ltr ,CS Dairy ,FOOD,11,44,0,0.00%,44,0.12%,0.05%
FOOD DOCTOR BAR FIG & MANGO 35G,CS Food,FOOD,5,43.75,0,0.00%,43.75,0.05%,0.05%
KIT KAT 2 FINGERS,CS Chocolate ,FOOD,35,43.75,0,0.00%,43.75,0.37%,0.05%
16 OZ ICED CAFFE MOCHA,Starbucks,FOOD,3,42,0,0.00%,42,0.03%,0.05%
16 OZ SOYA CAFFE LATTE,Coffee,FOOD,2,42,0,0.00%,42,0.02%,0.05%
AL AIN FRESH GRAPEFRUIT JUICE330,CS Packet Juice,BEVERAGE,6,42,0,0.00%,42,0.06%,0.05%
AL AIN STRAWBERRY YOGHURT 125GM,CS Dairy ,FOOD,24,42,0,0.00%,42,0.25%,0.05%
Berry Tart,Dessert,FOOD,3,42,0,0.00%,42,0.03%,0.05%
BETTY CROCKER TRIPLE CHOCOLATE R,CS Coocking & Baking,FOOD,2,42,0,0.00%,42,0.02%,0.05%
Chicken Noodle Suop,Soup ,FOOD,3,42,0,0.00%,42,0.03%,0.05%
GLADE AIR FRESH BERRIES & FLOWER,CS Air Freshner,NON FOOD,2,42,0,0.00%,42,0.02%,0.05%
Mushrooms,Pizza,FOOD,7,42,0,0.00%,42,0.07%,0.05%
RED BULL SUGAR FREE 250ML,CS Sports & Energy Drinks,BEVERAGE,6,42,0,0.00%,42,0.06%,0.05%
karimOilCorn1.8L,CS Coocking & Baking,FOOD,2,41,0,0.00%,41,0.02%,0.05%
Digest dark200,Biscuit & Cookies,FOOD,3,40.5,0,0.00%,40.5,0.03%,0.05%
EMMENTHAL CHEESE PORTION 150G,CS Dairy ,FOOD,3,40.5,0,0.00%,40.5,0.03%,0.05%
16 OZ FRAPPUCINO WHITE MOCHA,Starbucks,FOOD,2,40,0,0.00%,40,0.02%,0.05%
AL AIN YOGHURT FULL CREAM 170GM,CS Dairy ,FOOD,32,40,0,0.00%,40,0.34%,0.05%
Coke,Softdrinks,BEVERAGE,10,40,0,0.00%,40,0.11%,0.05%
CROISSANT HI BUTTER ALMOND,CS Bakery,FOOD,10,40,0,0.00%,40,0.11%,0.05%
CROISSANT HI BUTTER CHOCOLATE,CS Bakery,FOOD,10,40,0,0.00%,40,0.11%,0.05%
DAN'S TOPICAL BLAST,Smoothies,BEVERAGE,2,40,0,0.00%,40,0.02%,0.05%
Iced Expresso,Tea,BEVERAGE,2,40,0,0.00%,40,0.02%,0.05%
ICED SOYA CAFFE LATTE 16 OZ,Coffee,FOOD,2,40,0,0.00%,40,0.02%,0.05%
Lungo,Nespresso,FOOD,4,40,0,0.00%,40,0.04%,0.05%
Mixed Green Salad(V),Salads,FOOD,2,40,0,0.00%,40,0.02%,0.05%
Pain an Raisin,Dessert,FOOD,5,40,0,0.00%,40,0.05%,0.05%
Pear,CS Fresh Fruit,FOOD,20,40,0,0.00%,40,0.21%,0.05%
ROSE MIX,BOTANICAL SODAS,BEVERAGE,2,40,0,0.00%,40,0.02%,0.05%
THE BERRY CO GREEN TEA ,Packet Juice,BEVERAGE,5,40,0,0.00%,40,0.05%,0.05%
CAPRICE DE DIEUX CHEESE 200G,CS Dairy ,FOOD,1,39,0,0.00%,39,0.01%,0.05%
SUNBLAST ORGANIC 1L 100% APPLE J,CS Organic Food,FOOD,3,39,0,0.00%,39,0.03%,0.05%
GATORADE LEMON PET 500ML,CS Sports & Energy Drinks,BEVERAGE,8,38.5,0,0.00%,38.5,0.08%,0.05%
kellogsFros500g,CS Cereal,FOOD,2,38,0,0.00%,38,0.02%,0.05%
Meat Feast,Pizza,FOOD,1,38,0,0.00%,38,0.01%,0.05%
PERRIER WATER 750ML,Water,BEVERAGE,5,38,0,0.00%,38,0.05%,0.05%
TAMRAH CHOCO CARAMEL ZIPPER BAG ,CS Dry Fruits,FOOD,4,38,0,0.00%,38,0.04%,0.05%
DORITOS 180GM SWEET CHILI PEPPER,CS Chips & Snacks,FOOD,6,37.5,0,0.00%,37.5,0.06%,0.05%
16 OZ ICED CARAMEL LATTE,Starbucks,FOOD,2,37,0,0.00%,37,0.02%,0.05%
AL AIN WATER 500ML,Water,BEVERAGE,37,37,0,0.00%,37,0.39%,0.05%
PRINGLES CHEESE 165GM,CS Chips & Snacks,FOOD,4,37,0,0.00%,37,0.04%,0.05%
MODERN BAKE PEANUT PEACAN ENERGY,CS Cereal,FOOD,7,36.75,0,0.00%,36.75,0.07%,0.05%
ADD ESPRESSO SHOT,Starbucks,FOOD,10,36,0,0.00%,36,0.11%,0.04%
B.BAG SEA SALT150g,CS Chips & Snacks,FOOD,3,36,0,0.00%,36,0.03%,0.04%
BLUEBERRY MUFFINS,Dessert,FOOD,3,36,0,0.00%,36,0.03%,0.04%
CADBURY DM CHOCOLATE 37GM,CS Chocolate ,FOOD,9,36,0,0.00%,36,0.09%,0.04%
CERES PINE APPLE JUICE 1L,CS Packet Juice,BEVERAGE,4,36,0,0.00%,36,0.04%,0.04%
CHICKEN CAESAR,Salads,FOOD,1,36,0,0.00%,36,0.01%,0.04%
Choc Caramel Eclair,Dessert,FOOD,3,36,0,0.00%,36,0.03%,0.04%
CHOCOLATE BROWNIE ,Dessert,FOOD,3,36,0,0.00%,36,0.03%,0.04%
Eggplant Maki(6pcs),Sushi,FOOD,2,36,0,0.00%,36,0.02%,0.04%
ESPRESSO MACCHIATO,Starbucks,FOOD,3,36,0,0.00%,36,0.03%,0.04%
FARM FRESH EGGS WHITE 6PCS,CS Eggs,FOOD,8,36,0,0.00%,36,0.08%,0.04%
Go Green,Milk Shake,BEVERAGE,2,36,0,0.00%,36,0.02%,0.04%
LACNOR MILK STRAWBERRY,Flavoured Milk,BEVERAGE,9,36,0,0.00%,36,0.09%,0.04%
Pepperoni,Pizza,FOOD,6,36,0,0.00%,36,0.06%,0.04%
ROASTED BUTTERNUT,Salads,FOOD,1,36,0,0.00%,36,0.01%,0.04%
SLICED BREAD MULTI GRAIN MEDIUM,CS Bakery,FOOD,6,36,0,0.00%,36,0.06%,0.04%
Strwberry Muffins,Dessert,FOOD,3,36,0,0.00%,36,0.03%,0.04%
A/G POP CORN MICROWAVE BUTTER 29,CS Can & Jar Food,FOOD,4,35,0,0.00%,35,0.04%,0.04%
Cheeses,Dessert,FOOD,1,35,0,0.00%,35,0.01%,0.04%
Full Breakfast,Breakfast,FOOD,1,35,0,0.00%,35,0.01%,0.04%
MUFFIN CHOCOLATE,CS Bakery,FOOD,10,35,0,0.00%,35,0.11%,0.04%
PHILADELPHIA LIGHT CHEESE SPREAD,CS Dairy ,FOOD,3,34.5,0,0.00%,34.5,0.03%,0.04%
12 OZ ICED CARAMEL MACHIATO,Coffee,FOOD,2,34,0,0.00%,34,0.02%,0.04%
12 OZ TOFFEE NUT LATTE,Coffee,FOOD,2,34,0,0.00%,34,0.02%,0.04%
ALPEN BAR RASPBERRY YOGURT 29GM,CS Cereal,FOOD,8,34,0,0.00%,34,0.08%,0.04%
GO PURE CHIPS UNSALTED 125G,CS Organic Food,FOOD,2,34,0,0.00%,34,0.02%,0.04%
ALPRO SOYAMilkVanilaFlvr1L,CS Packet Juice,BEVERAGE,2,33.5,0,0.00%,33.5,0.02%,0.04%
AL AIN YOGHURT LOW FAT 170GM,CS Dairy ,FOOD,26,32.5,0,0.00%,32.5,0.27%,0.04%
EXTRA PROFESSIONAL WHITE GUM,CS Mint & Gum,FOOD,10,32.5,0,0.00%,32.5,0.11%,0.04%
Lunch Box Token,CS Others,NON FOOD,1,32.5,0,0.00%,32.5,0.01%,0.04%
WASA CRISPBREAD DELIKATESS 270GM,Biscuit & Cookies,FOOD,2,32.5,0,0.00%,32.5,0.02%,0.04%
C&C FACIAL SCRUB MORNING SKIN EN,CS Facial Care,NON FOOD,1,32.25,0,0.00%,32.25,0.01%,0.04%
BBQ CHICKEN,Wraps,FOOD,1,32,0,0.00%,32,0.01%,0.04%
PEPSI DIET CAN,Softdrinks,BEVERAGE,8,32,0,0.00%,32,0.08%,0.04%
Portion Starch,Main course,FOOD,4,32,0,0.00%,32,0.04%,0.04%
MAGNUM I/C TIRAMISU,CS Chocolate ,FOOD,4,31.5,0,0.00%,31.5,0.04%,0.04%
BAYARA 1KG PRUNES DRIED,CS Dry Fruits,FOOD,1,31.25,0,0.00%,31.25,0.01%,0.04%
LAYS SALT VINEGAR 185GM,CS Chips & Snacks,FOOD,5,31.25,0,0.00%,31.25,0.05%,0.04%
BJORG ORGANIC PAIN DEPICES AU MI,CS Organic Food,FOOD,1,31,0,0.00%,31,0.01%,0.04%
BOUNTY BAR 57GM,CS Chocolate ,FOOD,9,31,0,0.00%,31,0.09%,0.04%
FOOD DOCTOR POT COUSCOUS LENTIL ,CS Organic Food,FOOD,2,31,0,0.00%,31,0.02%,0.04%
FOOD DOCTOR POT TOMATO BLACK OLI,CS Organic Food,FOOD,2,31,0,0.00%,31,0.02%,0.04%
1 Scoop Protein Powder,TOPPINGS,FOOD,6,30,0,0.00%,30,0.06%,0.04%
Add Cheese,Extras,FOOD,10,30,0,0.00%,30,0.11%,0.04%
BRILLIANT BREAKFAST LOOSE TEA,Tea,FOOD,3,30,0,0.00%,30,0.03%,0.04%
Cheddar or cheese,Pizza,FOOD,1,30,0,0.00%,30,0.01%,0.04%
COFFEE CUP CERAMIC,CS Others,NON FOOD,3,30,0,0.00%,30,0.03%,0.04%
CORNETTO I/C CLASSICO CHOCOLATE,CS Ice Cream,FOOD,6,30,0,0.00%,30,0.06%,0.04%
CROISSANT HI BUTTER CHEESE,CS Bakery,FOOD,10,30,0,0.00%,30,0.11%,0.04%
EARL GREY LOOSE TEA,Tea,FOOD,3,30,0,0.00%,30,0.03%,0.04%
ENERGIZER AA 4 PCS,CS Others,NON FOOD,2,30,0,0.00%,30,0.02%,0.04%
EXTRA ANGUS PATTY,Burgers,FOOD,1,30,0,0.00%,30,0.01%,0.04%
Jalapenos,Pizza,FOOD,5,30,0,0.00%,30,0.05%,0.04%
NIVEA PURIFYING FACE WASH 150ML,CS Facial Care,NON FOOD,1,30,0,0.00%,30,0.01%,0.04%
NIVEA WIPES REFRESHING CLEANSING,CS Tissue & Toilet Rolls,NON FOOD,1,30,0,0.00%,30,0.01%,0.04%
ORAL B BRUSH NATURAL FRESH,CS Oral Care,NON FOOD,3,30,0,0.00%,30,0.03%,0.04%
Pesto,Pizza,FOOD,1,30,0,0.00%,30,0.01%,0.04%
SINGLE ESSPRESSO,Starbucks,FOOD,3,30,0,0.00%,30,0.03%,0.04%
VEGGIE MAIN,Main course,FOOD,2,30,0,0.00%,30,0.02%,0.04%
VOCHELLE TIN SOUK AL BAHAR 205GM,CS Chocolate ,FOOD,1,30,0,0.00%,30,0.01%,0.04%
NESCAFE PACKET SACHET RED MUG 50,CS Coffee,FOOD,1,29.5,0,0.00%,29.5,0.01%,0.04%
TWIX TWIN BAR 50GM,CS Chocolate ,FOOD,9,29.25,0,0.00%,29.25,0.09%,0.04%
GATORADE ORANGE PET 500ML,CS Sports & Energy Drinks,BEVERAGE,6,28.75,0,0.00%,28.75,0.06%,0.04%
VIVANI BAR MANDEL ORANGE 40G,CS Organic Food,FOOD,5,28.75,0,0.00%,28.75,0.05%,0.04%
CastaniaExtMixNuts350G,CS Nuts & Seeds,FOOD,1,28.5,0,0.00%,28.5,0.01%,0.04%
PHOENIX ORANGE MANGO 330ML,CS ORGANIC BEVERAGE,BEVERAGE,3,28.5,0,0.00%,28.5,0.03%,0.04%
SCRUMMIES STRAWBERRY CRANBERRIES,CS Dry Fruits,FOOD,6,28.5,0,0.00%,28.5,0.06%,0.04%
VASELINE LOTION ESSENTIAL HEALIN,CS Body Care,NON FOOD,2,28.5,0,0.00%,28.5,0.02%,0.04%
ALO APPEAL POMELO JUICE,Fresh Juices,FOOD,2,28,0,0.00%,28,0.02%,0.03%
ALO ENRICH POMEGRANATE JUICE,Fresh Juices,FOOD,2,28,0,0.00%,28,0.02%,0.03%
ALO EXPOSED ALO JUICE,Fresh Juices,FOOD,2,28,0,0.00%,28,0.02%,0.03%
AMERICAN 4 OZ,Burgers,FOOD,1,28,0,0.00%,28,0.01%,0.03%
Orange & Carrot,Fresh Juices,BEVERAGE,2,28,0,0.00%,28,0.02%,0.03%
Pure VitaminC,Fresh Juices,BEVERAGE,1,28,0,0.00%,28,0.01%,0.03%
WalkersChocolate Chips40g,Biscuits,FOOD,8,28,0,0.00%,28,0.08%,0.03%
CAPRICE DES DIEUX CHEESE 125G,CS Dairy ,FOOD,1,27.5,0,0.00%,27.5,0.01%,0.03%
LIND CHERRY INTENSE100G,CS Chocolate ,FOOD,2,27.5,0,0.00%,27.5,0.02%,0.03%
LINDT EXCELLENCE 90% CACOA 100GM,CS Chocolate ,FOOD,2,27.5,0,0.00%,27.5,0.02%,0.03%
FANTA APPLE CAN,Softdrinks,BEVERAGE,8,27,0,0.00%,27,0.08%,0.03%
FOUNTAIN SODA LARGE,Softdrinks,BEVERAGE,9,27,0,0.00%,27,0.09%,0.03%
Lacnor Low Fat Milk 1L,CS Dairy ,BEVERAGE,6,27,0,0.00%,27,0.06%,0.03%
LARGE GLASS OF SOYA MILK,Coffee,FOOD,3,27,0,0.00%,27,0.03%,0.03%
PHOENIX ORANGE FIZZ 330ML,CS ORGANIC BEVERAGE,BEVERAGE,3,27,0,0.00%,27,0.03%,0.03%
QUAKER WHITE OATS TIN 500GM,CS Cereal,FOOD,3,27,0,0.00%,27,0.03%,0.03%
BERRY CO GOJI BERRY JUICE 1L,CS Packet Juice,BEVERAGE,2,26,0,0.00%,26,0.02%,0.03%
BEST 30GM SALTED CASHEWS,CS Nuts & Seeds,FOOD,8,26,0,0.00%,26,0.08%,0.03%
CHEESE SANDWICH,Sandwiches,FOOD,1,26,0,0.00%,26,0.01%,0.03%
EXTRA PELLET STRAWBERRY GUM,Biscuit & Cookies,FOOD,13,26,0,0.00%,26,0.14%,0.03%
ILE DE FRANCE CHEESE PETIT CAMEM,CS Dairy ,FOOD,1,26,0,0.00%,26,0.01%,0.03%
SENSODYNE GEL 100M,CS Oral Care,NON FOOD,1,26,0,0.00%,26,0.01%,0.03%
TOBLETOBLERONE MILK 35GM,CS Chocolate ,FOOD,8,26,0,0.00%,26,0.08%,0.03%
SUNNY BIO AGAVE SYRUP 250G,CS Can & Jar Food,FOOD,1,25.75,0,0.00%,25.75,0.01%,0.03%
TRESEMME CD PLATINUM STRENGTH 50,CS Shampoo & Conditioner,NON FOOD,1,25.5,0,0.00%,25.5,0.01%,0.03%
TRESEMME SH KERATIN SMOOTH 500ML,CS Shampoo & Conditioner,NON FOOD,1,25.5,0,0.00%,25.5,0.01%,0.03%
TRESEMME SH PLATINUM STRENGTH 50,CS Shampoo & Conditioner,NON FOOD,1,25.5,0,0.00%,25.5,0.01%,0.03%
TRESEMME SH VIBRANT NATURALS 500,CS Shampoo & Conditioner,NON FOOD,1,25.5,0,0.00%,25.5,0.01%,0.03%
Cookie,Dessert,FOOD,5,25,0,0.00%,25,0.05%,0.03%
EXTRA BIG BOTTLE WATERMELON,CS Mint & Gum,FOOD,2,25,0,0.00%,25,0.02%,0.03%
GALLON WATER DEPOSIT,CS Others,BEVERAGE,1,25,0,0.00%,25,0.01%,0.03%
LAYS SALT 185GM,CS Chips & Snacks,FOOD,4,25,0,0.00%,25,0.04%,0.03%
LAYS TOMATO KETCHUP 185GM,CS Chips & Snacks,FOOD,4,25,0,0.00%,25,0.04%,0.03%
SELPAK TOILET PAPER 4 ROLLS,CS Tissue & Toilet Rolls,NON FOOD,2,25,0,0.00%,25,0.02%,0.03%
TURKEY HAM,Wraps,FOOD,1,25,0,0.00%,25,0.01%,0.03%
BAYARA SALTED PISTACHIOS 300GM,CS Nuts & Seeds,FOOD,1,24.75,0,0.00%,24.75,0.01%,0.03%
VOCHELLE TIN FRUIT NUTS 205GM,CS Chocolate ,FOOD,1,24.75,0,0.00%,24.75,0.01%,0.03%
CROISSANT HI BUTTER PLAIN,CS Bakery,FOOD,7,24.5,0,0.00%,24.5,0.07%,0.03%
RACHELS NATURAL LOW FAT YOUGHURT,CS Organic Food,FOOD,1,24.5,0,0.00%,24.5,0.01%,0.03%
WALKERS SB FINGERS 40G,Biscuit & Cookies,FOOD,7,24.5,0,0.00%,24.5,0.07%,0.03%
FAMILIA BIO ORGANIC HONEY ALMOND,CS Organic Food,FOOD,1,24.25,0,0.00%,24.25,0.01%,0.03%
SYOSS HAIR GEL MEN POWER HOLD 25,CS Soap & Handwash,NON FOOD,1,24.25,0,0.00%,24.25,0.01%,0.03%
7 UP DIET CAN,Softdrinks,BEVERAGE,6,24,0,0.00%,24,0.06%,0.03%
AL AIN FRESH MANGO JUICE 330ML,CS Packet Juice,BEVERAGE,3,24,0,0.00%,24,0.03%,0.03%
AlpenMuslie625g,CS Cereal,FOOD,1,24,0,0.00%,24,0.01%,0.03%
Cappuccino,Nespresso,FOOD,2,24,0,0.00%,24,0.02%,0.03%
DOVE SH NUTRITIVE ANTI DANDRUFF ,CS Shampoo & Conditioner,NON FOOD,2,24,0,0.00%,24,0.02%,0.03%
MINI CARROT CAKE,Dessert,FOOD,2,24,0,0.00%,24,0.02%,0.03%
NECTAFLOR PREMIUM RAISINS 200GM,CS Dry Fruits,FOOD,2,24,0,0.00%,24,0.02%,0.03%
PERRIER WATER 330ML,CS Water,BEVERAGE,6,24,0,0.00%,24,0.06%,0.03%
RASPBERRY ICED TEA,Tea,FOOD,3,24,0,0.00%,24,0.03%,0.03%
Sangria,Mocktails,BEVERAGE,1,24,0,0.00%,24,0.01%,0.03%
Short Bread,Dessert,FOOD,2,24,0,0.00%,24,0.02%,0.03%
SNAPPLES KIWI & STRAWBERRY,Fresh Juices,BEVERAGE,2,24,0,0.00%,24,0.02%,0.03%
SPRITE LIGHT CAN,Softdrinks,BEVERAGE,6,24,0,0.00%,24,0.06%,0.03%
SUBSTITUTE SOYA ALMOND,Soya Milk,FOOD,6,24,0,0.00%,24,0.06%,0.03%
THE BERRY CO ACAI BERRY JUICE,Packet Juice,BEVERAGE,3,24,0,0.00%,24,0.03%,0.03%
THE BERRY CO GOJI BERRY JUICE,Packet Juice,BEVERAGE,3,24,0,0.00%,24,0.03%,0.03%
Vegetable Noodles,Main course,FOOD,3,24,0,0.00%,24,0.03%,0.03%
Veg Noodle Soup,Soup ,FOOD,2,24,0,0.00%,24,0.02%,0.03%
WELL SH MOISTURE 500ML,CS Shampoo & Conditioner,NON FOOD,1,23.5,0,0.00%,23.5,0.01%,0.03%
16 OZ SOYA CAPPUCCINO,Coffee,FOOD,1,23,0,0.00%,23,0.01%,0.03%
16 OZ SOYA VANILLA LATTE,Coffee,FOOD,1,23,0,0.00%,23,0.01%,0.03%
JOHNSONS BABY POWDER 100GM,CS Baby Care,NON FOOD,2,23,0,0.00%,23,0.02%,0.03%
SAINT AGUR CHEESE 125G,CS Dairy ,FOOD,1,23,0,0.00%,23,0.01%,0.03%
M&M PEANUT 45GM,CS Chocolate ,FOOD,7,22.75,0,0.00%,22.75,0.07%,0.03%
BAYARA MIXED NUTS 150G,CS Nuts & Seeds,FOOD,3,22.5,0,0.00%,22.5,0.03%,0.03%
NESCAFE CAPPUCINO PACKET 10PCS,CS Coffee,FOOD,1,22.5,0,0.00%,22.5,0.01%,0.03%
RICE KRISPIES KELLOGS 510GM,CS Cereal,FOOD,1,22.5,0,0.00%,22.5,0.01%,0.03%
Greek Salad,Salads,FOOD,1,22,0,0.00%,22,0.01%,0.03%
LAYS 40GM SALT,CS Chips & Snacks,FOOD,11,22,0,0.00%,22,0.12%,0.03%
Roast Beef,Sandwiches,FOOD,1,22,0,0.00%,22,0.01%,0.03%
THAI SODA,BOTANICAL SODAS,BEVERAGE,1,22,0,0.00%,22,0.01%,0.03%
ALPEN BAR FRUIT NUT MILK CHOCOLA,CS Cereal,FOOD,5,21.25,0,0.00%,21.25,0.05%,0.03%
BEST CAN MACADEMIA 110G,CS Dry Fruits,FOOD,1,21.25,0,0.00%,21.25,0.01%,0.03%
12 OZ SOYA HOT CHOCOLATE,Coffee,FOOD,1,21,0,0.00%,21,0.01%,0.03%
CASTANIA CASHEW 60G,CS Nuts & Seeds,FOOD,2,21,0,0.00%,21,0.02%,0.03%
GLADE AIR FRESH MOUNTAIN MORNING,CS Air Freshner,NON FOOD,1,21,0,0.00%,21,0.01%,0.03%
LISTERINE MW ZERO 250ML,CS Oral Care,NON FOOD,1,21,0,0.00%,21,0.01%,0.03%
MODERN BAKE CRANBERRY ENERGY BAR,CS Cereal,FOOD,4,21,0,0.00%,21,0.04%,0.03%
MUFFIN APPLE,CS Bakery,FOOD,6,21,0,0.00%,21,0.06%,0.03%
MUFFIN DOUBLE CHOCOLATE,CS Bakery,FOOD,6,21,0,0.00%,21,0.06%,0.03%
Salmon Chirashi,Sushi,FOOD,1,21,0,0.00%,21,0.01%,0.03%
SCHWEPPES BITTER LEMON 300M,CS Soft Drinks,BEVERAGE,14,21,0,0.00%,21,0.15%,0.03%
SCHWEPPES SODA CAN 300M,CS Soft Drinks,BEVERAGE,14,21,0,0.00%,21,0.15%,0.03%
SCHWEPPES TONIC WATER CAN 300M,CS Soft Drinks,BEVERAGE,14,21,0,0.00%,21,0.15%,0.03%
TAFT ROUGH & TOUCH 150ML,CS Hair Styling & Spray,NON FOOD,1,21,0,0.00%,21,0.01%,0.03%
Tide HS MB260g ,CS Laundry Care,NON FOOD,6,21,0,0.00%,21,0.06%,0.03%
WALKERS SB CHOCO CHIPS 40G,Biscuit & Cookies,FOOD,6,21,0,0.00%,21,0.06%,0.03%
BONNE MANAM ORANGE MARMALADE 370,CS Can & Jar Food,FOOD,1,20.5,0,0.00%,20.5,0.01%,0.03%
BORGES EXRA VIRGIN OLIVE OIL 500,CS Coocking & Baking,FOOD,1,20.5,0,0.00%,20.5,0.01%,0.03%
COCO POPS KELLOGS 375GM,CS Cereal,FOOD,1,20.5,0,0.00%,20.5,0.01%,0.03%
NECTAFLOR SOFT FIGS 200GM,CS Dry Fruits,FOOD,1,20.25,0,0.00%,20.25,0.01%,0.03%
16 OZ FRAPPUCINO CARAMEL,Starbucks,FOOD,1,20,0,0.00%,20,0.01%,0.02%
16 OZ FRAPPUCINO VANILA,Starbucks,FOOD,1,20,0,0.00%,20,0.01%,0.02%
AL AIN WATER 1.5 LITER,Water,BEVERAGE,10,20,0,0.00%,20,0.11%,0.02%
AL RABIE PINEAPPLE 330ML,CS Packet Juice,BEVERAGE,8,20,0,0.00%,20,0.08%,0.02%
ARIEL 260GM GREEN,CS Laundry Care,NON FOOD,4,20,0,0.00%,20,0.04%,0.02%
Beef Bacon,Breakfast,FOOD,4,20,0,0.00%,20,0.04%,0.02%
CARTE DOR CARAMEL 1 SCOOP,Ice cream,FOOD,4,20,0,0.00%,20,0.04%,0.02%
Chicken Maki(6pcs),Sushi,FOOD,1,20,0,0.00%,20,0.01%,0.02%
Delivery Charges,Delivery charge,LABOR CHARGE,4,20,0,0.00%,20,0.04%,0.02%
FANTA STRAWBERRY CAN,Softdrinks,BEVERAGE,5,20,0,0.00%,20,0.05%,0.02%
LARGE STILL WATER PREMIUM,Water,BEVERAGE,1,20,0,0.00%,20,0.01%,0.02%
MOROCCAN LOOSE TEA,Tea,FOOD,2,20,0,0.00%,20,0.02%,0.02%
NYU RE-USABLE BAG,BAGS,NON FOOD,1,20,0,0.00%,20,0.01%,0.02%
POM-SPRITZ,BOTANICAL SODAS,BEVERAGE,1,20,0,0.00%,20,0.01%,0.02%
SILVER SWAN JASMINE RICE 1KG,CS Coocking & Baking,FOOD,2,20,0,0.00%,20,0.02%,0.02%
SPRITE LARGE 2.25L,CS Soft Drinks,BEVERAGE,4,20,0,0.00%,20,0.04%,0.02%
SUNBLAST ORGANIC APPLE BLACKCURR,CS Organic Food,FOOD,10,20,0,0.00%,20,0.11%,0.02%
SUNBLAST RECHARGE BLUE & RASPBER,CS Organic Food,FOOD,10,20,0,0.00%,20,0.11%,0.02%
Tuna Sushi,Sushi,FOOD,1,20,0,0.00%,20,0.01%,0.02%
AL AIN FRESH MILK 1L FULL CREAM,CS Dairy ,FOOD,3,19.5,0,0.00%,19.5,0.03%,0.02%
BASKIN ROBBINS CUP CHOCOLATE 120,CS Ice Cream,FOOD,3,19.5,0,0.00%,19.5,0.03%,0.02%
GATORADE PINK LEMONDAE PET 500ML,CS Sports & Energy Drinks,BEVERAGE,4,19.5,0,0.00%,19.5,0.04%,0.02%
GATORADE TOPICL FRUIT PET 500ML,CS Sports & Energy Drinks,BEVERAGE,4,19.5,0,0.00%,19.5,0.04%,0.02%
INDOMIE CUP BEEF,CS Pasta & Noodles,FOOD,6,19.5,0,0.00%,19.5,0.06%,0.02%
16 OZ HOT CHOCOLATE,Starbucks,FOOD,1,19,0,0.00%,19,0.01%,0.02%
Barilla Zucchini400g,CS Sauce,FOOD,1,19,0,0.00%,19,0.01%,0.02%
DOVE BODY LOTION CUCUMBER GREEN ,CS Body Care,NON FOOD,1,19,0,0.00%,19,0.01%,0.02%
EGG Mayo & Spring Onion,Sandwiches,FOOD,1,19,0,0.00%,19,0.01%,0.02%
Panadol96 ,CS Others,NON FOOD,19,19,0,0.00%,19,0.20%,0.02%
PERRIER WATER LEMON 330ML,CS Water,BEVERAGE,4,19,0,0.00%,19,0.04%,0.02%
PHOENIX APPLE BEETROOT & GINGER ,CS Organic Food,BEVERAGE,2,19,0,0.00%,19,0.02%,0.02%
STREPSILS PLUS PACKET,CS Chocolate ,FOOD,1,19,0,0.00%,19,0.01%,0.02%
STREPSILS REGULAR PACKET,CS Chocolate ,FOOD,1,19,0,0.00%,19,0.01%,0.02%
LAYS CHILI 185GM,CS Chips & Snacks,FOOD,3,18.75,0,0.00%,18.75,0.03%,0.02%
SELPAK FACIAL TISSUE 100 SHEET,CS Tissue & Toilet Rolls,NON FOOD,3,18.75,0,0.00%,18.75,0.03%,0.02%
A/G POP CORN MICROWAVE HOT&SPICY,CS Can & Jar Food,FOOD,2,18.5,0,0.00%,18.5,0.02%,0.02%
PAPILLON ROQUEFORT RED LABEL 100,CS Dairy ,FOOD,1,18.5,0,0.00%,18.5,0.01%,0.02%
PRINGLES ORIGINAL 165GM,CS Chips & Snacks,FOOD,2,18.5,0,0.00%,18.5,0.02%,0.02%
16 OZ SOYA CAFFE MOCHA ,Coffee,FOOD,1,18,0,0.00%,18,0.01%,0.02%
AL AIN FRESH CARROT JUICE 330ML,CS Fresh Juice,BEVERAGE,3,18,0,0.00%,18,0.03%,0.02%
BarilPastaSuceBolognais,CS Sauce,FOOD,1,18,0,0.00%,18,0.01%,0.02%
Glazed Veg,Sandwiches,FOOD,1,18,0,0.00%,18,0.01%,0.02%
ICED SOYA AMERICANO 16 OZ,Coffee,FOOD,1,18,0,0.00%,18,0.01%,0.02%
Lacnor Full Fat Milk 1L ,CS Dairy ,BEVERAGE,4,18,0,0.00%,18,0.04%,0.02%
Manakeesh(V),Pizza,FOOD,2,18,0,0.00%,18,0.02%,0.02%
Mock Rose,Mocktails,BEVERAGE,1,18,0,0.00%,18,0.01%,0.02%
VIVANI BAR ESPRESSO BISCOTTI 40G,CS Organic Food,FOOD,3,18,0,0.00%,18,0.03%,0.02%
AL RABIE ORANGE 330ML,CS Packet Juice,BEVERAGE,7,17.5,0,0.00%,17.5,0.07%,0.02%
BEST 40GM MIXED NUTS,CS Nuts & Seeds,FOOD,7,17.5,0,0.00%,17.5,0.07%,0.02%
CARTE D'OR PINT COOKIES,CS Ice Cream,FOOD,1,17.5,0,0.00%,17.5,0.01%,0.02%
DOUGHNUT CHOCOLATE,CS Bakery,FOOD,7,17.5,0,0.00%,17.5,0.07%,0.02%
FITA CRACKERS 150G,Biscuit & Cookies,FOOD,5,17.5,0,0.00%,17.5,0.05%,0.02%
MUFFIN BLUEBERRY,CS Bakery,FOOD,5,17.5,0,0.00%,17.5,0.05%,0.02%
BEST CAN SUPER CASHEW 110GM,CS Nuts & Seeds,FOOD,1,17.25,0,0.00%,17.25,0.01%,0.02%
SMINT POCKET LEMON ,CS Mint & Gum,FOOD,3,17.25,0,0.00%,17.25,0.03%,0.02%
BrilNapolitana400g,CS Sauce,FOOD,1,17,0,0.00%,17,0.01%,0.02%
GO PURE CHIPS ROSEMARY 125G,CS Organic Food,FOOD,1,17,0,0.00%,17,0.01%,0.02%
NECTAFLOR PREMIUM FRUIT MIX 200G,CS Dry Fruits,FOOD,1,17,0,0.00%,17,0.01%,0.02%
SNAPPLE FRUIT PUNCH JUICE,CS Packet Juice,BEVERAGE,3,16.5,0,0.00%,16.5,0.03%,0.02%
Soap Dove135 GM ,CS Soap & Handwash,NON FOOD,3,16.5,0,0.00%,16.5,0.03%,0.02%
V SOY ORIGINAL SOYA MILK 1L,Convenience Beverages,BEVERAGE,2,16.5,0,0.00%,16.5,0.02%,0.02%
EXTRA PROFESSIONAL STRONG MINT G,CS Mint & Gum,FOOD,5,16.25,0,0.00%,16.25,0.05%,0.02%
ILE DE FRANCE CHEESE PETIT BRIE ,CS Dairy ,FOOD,1,16.25,0,0.00%,16.25,0.01%,0.02%
JUNGLE OAT CHOCOLATE 500G,CS Cereal,FOOD,1,16.25,0,0.00%,16.25,0.01%,0.02%
OB TAMPONS LIGHT DAYS 16PCS,CS Sanitary Care,NON FOOD,1,16.25,0,0.00%,16.25,0.01%,0.02%
OB TAMPONS NORMAL 16PCS,CS Sanitary Care,NON FOOD,1,16.25,0,0.00%,16.25,0.01%,0.02%
12 OZ SOYA CAFFE LATTE,Coffee,FOOD,1,16,0,0.00%,16,0.01%,0.02%
12 OZ SOYA CAPPUCCINO,Coffee,FOOD,1,16,0,0.00%,16,0.01%,0.02%
7 Up,Softdrinks,BEVERAGE,4,16,0,0.00%,16,0.04%,0.02%
ADD FLAVOURED SYRUP,Starbucks,FOOD,4,16,0,0.00%,16,0.04%,0.02%
ALL BRAN ORIGINAL 500GM,CS Cereal,FOOD,1,16,0,0.00%,16,0.01%,0.02%
BREAD BASKET,Condiments,FOOD,2,16,0,0.00%,16,0.02%,0.02%
CHAMOMILE TEA BAG,Tea,FOOD,2,16,0,0.00%,16,0.02%,0.02%
CROISSANT CHEESE,CS Bakery,FOOD,8,16,0,0.00%,16,0.08%,0.02%
DOVE STICK WOMEN CUCUMBER GREEN ,CS Deodrants,NON FOOD,1,16,0,0.00%,16,0.01%,0.02%
Extra Cheese,Cheese,FOOD,4,16,0,0.00%,16,0.04%,0.02%
FALAFEL & HUMUS,Wraps,FOOD,1,16,0,0.00%,16,0.01%,0.02%
FANTA ORANGE CAN,Softdrinks,BEVERAGE,4,16,0,0.00%,16,0.04%,0.02%
INDOMIE PILLOW 5 PCS HOT & SPICY,CS Pasta & Noodles,FOOD,2,16,0,0.00%,16,0.02%,0.02%
Lemon Drizzle,Dessert,FOOD,2,16,0,0.00%,16,0.02%,0.02%
Mixed Juice,Fresh Juices,BEVERAGE,1,16,0,0.00%,16,0.01%,0.02%
REDBULL REGULAR,Energy Drinks,BEVERAGE,2,16,0,0.00%,16,0.02%,0.02%
SMINT CANDY GUM BLACKBERRY 14.2G,CS Mint & Gum,FOOD,4,16,0,0.00%,16,0.04%,0.02%
TEA BAG EARL GREY,Tea,FOOD,2,16,0,0.00%,16,0.02%,0.02%
THE BERRY CO BLACK TEA ELDERFLOW,Packet Juice,BEVERAGE,2,16,0,0.00%,16,0.02%,0.02%
Veg Fried Rice,Main course,FOOD,2,16,0,0.00%,16,0.02%,0.02%
KELLOGS BARS DARK CHOCO 04PCX1PK,CS Cereal,FOOD,1,15.75,0,0.00%,15.75,0.01%,0.02%
SCHOGETTEN DARK CHOCOLATE 100GM,CS Chocolate ,FOOD,3,15.75,0,0.00%,15.75,0.03%,0.02%
SCHOGETTEN STRAWBERRY YOGURT100G,CS Chocolate ,FOOD,3,15.75,0,0.00%,15.75,0.03%,0.02%
WEETABIX ORIGINAL 430GM,CS Cereal,FOOD,1,15.75,0,0.00%,15.75,0.01%,0.02%
DOVECCMBER&GTSPRAY,CS Deodrants,NON FOOD,1,15.5,0,0.00%,15.5,0.01%,0.02%
DOVE DEO MEN CARE EXTRA FRESH 15,CS Deodrants,NON FOOD,1,15.5,0,0.00%,15.5,0.01%,0.02%
OB TAMPONS MINI 16PCS,CS Sanitary Care,NON FOOD,1,15.5,0,0.00%,15.5,0.01%,0.02%
AL AIN FRESH WATERMELON JUICE 33,CS Packet Juice,BEVERAGE,2,15,0,0.00%,15,0.02%,0.02%
AL AIN MORNING CRANBERRY MUSELI ,CS Dairy ,FOOD,5,15,0,0.00%,15,0.05%,0.02%
AL AIN WATER 5 LTR,CS Water,BEVERAGE,6,15,0,0.00%,15,0.06%,0.02%
AL RABIE LIME KIWI 330ML,CS Packet Juice,BEVERAGE,6,15,0,0.00%,15,0.06%,0.02%
ARIEL 260GM BLUE,CS Laundry Care,NON FOOD,3,15,0,0.00%,15,0.03%,0.02%
Best SaltedCashew30g,Peannuts,FOOD,5,15,0,0.00%,15,0.05%,0.02%
Best Salted Peanut30g,Peannuts,FOOD,5,15,0,0.00%,15,0.05%,0.02%
Cadburry,Chocolate,FOOD,3,15,0,0.00%,15,0.03%,0.02%
ENERGIZER AAA 4 PCS,CS Others,NON FOOD,1,15,0,0.00%,15,0.01%,0.02%
KOKA BOWL BEEF,CS Pasta & Noodles,FOOD,3,15,0,0.00%,15,0.03%,0.02%
KOKA BOWL SEAFOOD,CS Pasta & Noodles,FOOD,3,15,0,0.00%,15,0.03%,0.02%
MentoFruitLime,CS Mint & Gum,FOOD,3,15,0,0.00%,15,0.03%,0.02%
NIVEA MEN SHOWER VITALITY FRESH ,CS Bath & Shower,NON FOOD,1,15,0,0.00%,15,0.01%,0.02%
NIVEA SHOWER WATERLILY 250ML,CS Bath & Shower,NON FOOD,1,15,0,0.00%,15,0.01%,0.02%
POCARI SWEAT CAN 330ML,CS Soft Drinks,BEVERAGE,5,15,0,0.00%,15,0.05%,0.02%
Valley Crunchy,Cereal Bar,FOOD,5,15,0,0.00%,15,0.05%,0.02%
BETTY CROCKER CHOCOLATE FUDGE 50,CS Coocking & Baking,FOOD,1,14.25,0,0.00%,14.25,0.01%,0.02%
DOVE HAND CREAM REGENERATING 75M,CS Body Care,NON FOOD,1,14.25,0,0.00%,14.25,0.01%,0.02%
REXONA DEO MEN QUANTUM DRY 150ML,CS Deodrants,NON FOOD,1,14.25,0,0.00%,14.25,0.01%,0.02%
SWISS DELICE BRASILIA BISCUITS 1,CS Chocolate ,FOOD,1,14.25,0,0.00%,14.25,0.01%,0.02%
SWISS DELICE CHOCOBISC BISCUITS ,CS Chocolate ,FOOD,1,14.25,0,0.00%,14.25,0.01%,0.02%
AL AIN PINEAPPLE YOGHURT 125GM,CS Dairy ,FOOD,8,14,0,0.00%,14,0.08%,0.02%
AMLacto Free Milk 1L,CS Dairy ,FOOD,2,14,0,0.00%,14,0.02%,0.02%
Asst. Rolls Two,Breakfast,FOOD,7,14,0,0.00%,14,0.07%,0.02%
AXE SHOWER GEL EXCITE 250ML,CS Bath & Shower,NON FOOD,1,14,0,0.00%,14,0.01%,0.02%
COKE PET 500ML,CS Soft Drinks,BEVERAGE,7,14,0,0.00%,14,0.07%,0.02%
Espresso Doppio,Nespresso,FOOD,1,14,0,0.00%,14,0.01%,0.02%
FAMILIA 50GM MUESLI CHOCO,CS Cereal,FOOD,4,14,0,0.00%,14,0.04%,0.02%
FIREFLY RECHARGE POMEGRANATE,Tea,BEVERAGE,1,14,0,0.00%,14,0.01%,0.02%
Fresh Pomegranate,Fresh Juices,BEVERAGE,1,14,0,0.00%,14,0.01%,0.02%
GALLON WATER COUPON,CS Water,BEVERAGE,2,14,0,0.00%,14,0.02%,0.02%
Green Jasmine Flowers,Tea,BEVERAGE,1,14,0,0.00%,14,0.01%,0.02%
LUX BAR CREAMY PERFECTION 120GM,CS Soap & Handwash,NON FOOD,4,14,0,0.00%,14,0.04%,0.02%
Orange,Fresh Juices,BEVERAGE,1,14,0,0.00%,14,0.01%,0.02%
Pineapple & Beetroot,Fresh Juices,BEVERAGE,1,14,0,0.00%,14,0.01%,0.02%
COCO TREE JUICE 330ML,CS Packet Juice,BEVERAGE,4,13.75,0,0.00%,13.75,0.04%,0.02%
KIT KAT CHUNKY 46GM,CS Chocolate ,FOOD,5,13.75,0,0.00%,13.75,0.05%,0.02%
LINDT EXCELLENCE 85% CACOA 100GM,CS Chocolate ,FOOD,1,13.75,0,0.00%,13.75,0.01%,0.02%
LINDT EXCELLENCE MINT INTENSE 10,CS Chocolate ,FOOD,1,13.75,0,0.00%,13.75,0.01%,0.02%
LINDT EXCELLENCE SESAME ROASTED ,CS Organic Food,FOOD,1,13.75,0,0.00%,13.75,0.01%,0.02%
COKE CAN 330ML ,CS Soft Drinks,BEVERAGE,9,13.5,0,0.00%,13.5,0.09%,0.02%
KRAFT CHEESE ORIGINAL 12 SLICES,CS Dairy ,FOOD,1,13.5,0,0.00%,13.5,0.01%,0.02%
BASKIN ROBBINS CUP VANILLA 120ML,CS Ice Cream,FOOD,2,13,0,0.00%,13,0.02%,0.02%
BOGUTTI AMERICAN COOKIES CHOCO C,Biscuit & Cookies,FOOD,2,13,0,0.00%,13,0.02%,0.02%
CORNETTO I/C SUPER SIZE CHOCOLAT,CS Ice Cream,FOOD,2,13,0,0.00%,13,0.02%,0.02%
EXTRA PROFESSIONAL FRESH MINT GU,CS Mint & Gum,FOOD,4,13,0,0.00%,13,0.04%,0.02%
H&S SH ANTI HAIR FALL 200ML,CS Shampoo & Conditioner,NON FOOD,1,13,0,0.00%,13,0.01%,0.02%
H&S SH MOISTURIZING SCALP CARE A,CS Shampoo & Conditioner,NON FOOD,1,13,0,0.00%,13,0.01%,0.02%
H&S SH REFRESHING MENTHOL 200ML,CS Shampoo & Conditioner,NON FOOD,1,13,0,0.00%,13,0.01%,0.02%
AL AIN FRESH ORANGE JUICE 330ML,CS Packet Juice,BEVERAGE,3,12.75,0,0.00%,12.75,0.03%,0.02%
CLEARLY SCRUMPTIOUS GOLDEN BERRI,CS Dry Fruits,FOOD,1,12.75,0,0.00%,12.75,0.01%,0.02%
FA SHOWER CREAM CACAO BUTTER OIL,CS Hair Styling & Spray,NON FOOD,1,12.75,0,0.00%,12.75,0.01%,0.02%
LIPTON GREEN TEA LEMON TEA BAG 2,CS Tea,FOOD,1,12.75,0,0.00%,12.75,0.01%,0.02%
Alrabi PineApple/Coconut330M,Fresh Juices,FOOD,5,12.5,0,0.00%,12.5,0.05%,0.02%
EXTRA BIG BOTTLE PEPPERMINT,CS Mint & Gum,FOOD,1,12.5,0,0.00%,12.5,0.01%,0.02%
JOHNSONS BABY SHAMPOO 200ML,CS Baby Care,NON FOOD,1,12.5,0,0.00%,12.5,0.01%,0.02%
JOHNSONS COTTON BALLS 50 PCS,CS Facial Care,NON FOOD,1,12.5,0,0.00%,12.5,0.01%,0.02%
ORAL B BRUSH MAXI CLEAN,CS Oral Care,NON FOOD,2,12.5,0,0.00%,12.5,0.02%,0.02%
SAN PELLEGRINO WATER 500ML,CS Water,BEVERAGE,2,12.5,0,0.00%,12.5,0.02%,0.02%
AL AIN MANGO YOGHURT 125GM,CS Dairy ,FOOD,7,12.25,0,0.00%,12.25,0.07%,0.02%
PURELL REFRESHING HAND SANITIZER,CS Soap & Handwash,NON FOOD,1,12.25,0,0.00%,12.25,0.01%,0.02%
ADD FLAVOURED SYRUP,Starbucks,FOOD,3,12,0,0.00%,12,0.03%,0.01%
ADD WHIPPED CREAM,Starbucks,FOOD,3,12,0,0.00%,12,0.03%,0.01%
COKE LIGHT PET 500ML,CS Soft Drinks,BEVERAGE,6,12,0,0.00%,12,0.06%,0.01%
ESPRESSO MACCHIATO DOUBLE,Coffee,FOOD,1,12,0,0.00%,12,0.01%,0.01%
EXTRA FRUIT FLVR 14PCS,CS Mint & Gum,FOOD,3,12,0,0.00%,12,0.03%,0.01%
GATORADE LEMON,Energy Drinks,BEVERAGE,1,12,0,0.00%,12,0.01%,0.01%
GATORADE TROPICAL,Energy Drinks,BEVERAGE,1,12,0,0.00%,12,0.01%,0.01%
HARIBO MINIS GOLD BEARS 200GM,CS Mint & Gum,FOOD,1,12,0,0.00%,12,0.01%,0.01%
Latte Macchiato,Coffee,BEVERAGE,1,12,0,0.00%,12,0.01%,0.01%
LAYS CHEESE & ONION 40G,CHIPS,FOOD,3,12,0,0.00%,12,0.03%,0.01%
LAYS SALT 40G,CHIPS,FOOD,3,12,0,0.00%,12,0.03%,0.01%
Lychee Iced Tea,Mocktails,BEVERAGE,1,12,0,0.00%,12,0.01%,0.01%
Mash and Gravy,Extras,FOOD,2,12,0,0.00%,12,0.02%,0.01%
MIRINDA ORANGE CAN,Softdrinks,BEVERAGE,3,12,0,0.00%,12,0.03%,0.01%
NATURE VALLEY CANADIAN MAPLE SYR,CS Cereal,FOOD,4,12,0,0.00%,12,0.04%,0.01%
SCHWEPPES GINGER ALE 300M,CS Soft Drinks,BEVERAGE,8,12,0,0.00%,12,0.08%,0.01%
SNAPPLES FRUIT PUNCH,Fresh Juices,BEVERAGE,1,12,0,0.00%,12,0.01%,0.01%
SUNBLAST ORGANIC 100% ORANGE JUI,CS Organic Food,FOOD,6,12,0,0.00%,12,0.06%,0.01%
DR.OETKER CHOCOLATE CHIPS DARK 1,CS Coocking & Baking,FOOD,1,11.75,0,0.00%,11.75,0.01%,0.01%
LACNOR MILK CHOCOLATE 180ML,CS Packet Juice,BEVERAGE,9,11.75,0,0.00%,11.75,0.09%,0.01%
DR.OETKER CHOCOLATE CHIPS WHITE ,CS Coocking & Baking,FOOD,1,11.5,0,0.00%,11.5,0.01%,0.01%
PRO BAR FUEL BLUEBERRY CHIA 48GM,CS Cereal,FOOD,1,11.5,0,0.00%,11.5,0.01%,0.01%
SELPAK KITCHEN ROLL 2 PCS,CS Tissue & Toilet Rolls,NON FOOD,1,11.5,0,0.00%,11.5,0.01%,0.01%
EXTRA TABS SPEARMINT GUM,CS Mint & Gum,FOOD,3,11.25,0,0.00%,11.25,0.03%,0.01%
PHILADELPHIA CHEESE SPREAD 200GM,CS Dairy ,FOOD,1,11.25,0,0.00%,11.25,0.01%,0.01%
CLASSNDWCHBGS 300,CS Bags/Foil/Wraps,NON FOOD,1,11,0,0.00%,11,0.01%,0.01%
COLGATE TP 125ML,CS Oral Care,NON FOOD,2,11,0,0.00%,11,0.02%,0.01%
LUX HW MAGICAL BEAUTY 250ML,CS Soap & Handwash,NON FOOD,1,11,0,0.00%,11,0.01%,0.01%
LUX HW SWEET EMBRACE 250ML,CS Shampoo & Conditioner,NON FOOD,1,11,0,0.00%,11,0.01%,0.01%
ORAL B FLOSS UNWAXED,CS Oral Care,NON FOOD,1,11,0,0.00%,11,0.01%,0.01%
Sugar Granul2Kg ,CS Coocking & Baking,FOOD,1,11,0,0.00%,11,0.01%,0.01%
MENTOS BOTTLE JUICE BLAST WATERM,CS Mint & Gum,FOOD,1,10.75,0,0.00%,10.75,0.01%,0.01%
VITA COCO LEMONADE COCONUT 330ML,CS Packet Juice,BEVERAGE,1,10.5,0,0.00%,10.5,0.01%,0.01%
LABELLO MEN ACTIVE CARE 4.8G,CS Facial Care,NON FOOD,1,10.25,0,0.00%,10.25,0.01%,0.01%
LABELLO STRAWBERRY 4.8GM,CS Facial Care,NON FOOD,1,10.25,0,0.00%,10.25,0.01%,0.01%
CARTE DOR CHOCOLATE 1 SCOOP,Ice cream,FOOD,2,10,0,0.00%,10,0.02%,0.01%
COKE LIGHT LARGE 2.25L,CS Soft Drinks,BEVERAGE,2,10,0,0.00%,10,0.02%,0.01%
CROISSANT CHOCOLATE,CS Bakery,FOOD,4,10,0,0.00%,10,0.04%,0.01%
ESPRESSO MACCHIATO SINGLE,Starbucks,FOOD,1,10,0,0.00%,10,0.01%,0.01%
FOUNTAIN SODA SMALL,Softdrinks,BEVERAGE,6,10,0,0.00%,10,0.06%,0.01%
Fresh Pineapple Juice,Fresh Juices,BEVERAGE,1,10,0,0.00%,10,0.01%,0.01%
Kit Kat,Chocolate,FOOD,2,10,0,0.00%,10,0.02%,0.01%
MIXED NUT & CEREAL 8 OZ,Peannuts,FOOD,1,10,0,0.00%,10,0.01%,0.01%
PEPSI LARGE 2.25L,CS Soft Drinks,BEVERAGE,2,10,0,0.00%,10,0.02%,0.01%
SCONES,Dessert,FOOD,1,10,0,0.00%,10,0.01%,0.01%
SENCHA GREEN LOOSE TEA,Tea,FOOD,1,10,0,0.00%,10,0.01%,0.01%
TANDOORI CHICKEN,Sandwiches,FOOD,1,10,0,0.00%,10,0.01%,0.01%
WHOLE FRUIT,Dessert,FOOD,2,10,0,0.00%,10,0.02%,0.01%
ALMARAI JAR CREAM SPREAD CHEESE ,CS Dairy ,FOOD,1,9.75,0,0.00%,9.75,0.01%,0.01%
HEINZ TIN SOUP LENTIL 400GM,CS Can & Jar Food,FOOD,1,9.75,0,0.00%,9.75,0.01%,0.01%
JUICY STRAWBERRY APPLE JUICE 1LT,CS Packet Juice,BEVERAGE,1,9.75,0,0.00%,9.75,0.01%,0.01%
M&M CHOCOLATE 45GM,CS Chocolate ,FOOD,3,9.75,0,0.00%,9.75,0.03%,0.01%
VOCHELLE BLOCK FRUIT&NUTS 180G,CS Chocolate ,FOOD,1,9.75,0,0.00%,9.75,0.01%,0.01%
BEST CAN MIXED NUTS 110GM,CS Nuts & Seeds,FOOD,1,9.5,0,0.00%,9.5,0.01%,0.01%
TAMRAH COCO DATES ZIPPER BAG 100,CS Dry Fruits,FOOD,1,9.5,0,0.00%,9.5,0.01%,0.01%
ZWAN HOT DOG CHICKEN SAUSAGE 400,CS Can & Jar Food,FOOD,1,9.5,0,0.00%,9.5,0.01%,0.01%
CERES APPLE JUICE 1L,CS Packet Juice,BEVERAGE,1,9.25,0,0.00%,9.25,0.01%,0.01%
CERES ORANGE JUICE 1L,CS Packet Juice,BEVERAGE,1,9.25,0,0.00%,9.25,0.01%,0.01%
CERES PEAR JUICE 1L,CS Packet Juice,BEVERAGE,1,9.25,0,0.00%,9.25,0.01%,0.01%
GLAD GARBAGE BAG SMALL 20L X 30,CS Bags/Foil/Wraps,NON FOOD,1,9.25,0,0.00%,9.25,0.01%,0.01%
Add Mini PastryCombo,Dessert,FOOD,9,9,0,0.00%,9,0.09%,0.01%
CARTE DOR CHOCOLATE 2 SCOOP,Ice cream,FOOD,1,9,0,0.00%,9,0.01%,0.01%
CARTE DOR KAYMAK 2 SCOOP,Ice cream,FOOD,1,9,0,0.00%,9,0.01%,0.01%
COKE LIGHT CAN 300ML,CS Soft Drinks,BEVERAGE,6,9,0,0.00%,9,0.06%,0.01%
CROISSANT PLAIN,CS Bakery,FOOD,6,9,0,0.00%,9,0.06%,0.01%
DOUGHNUT JAM,CS Bakery,FOOD,6,9,0,0.00%,9,0.06%,0.01%
FUNWDTOOTHPICK,CS Disposable,NON FOOD,2,9,0,0.00%,9,0.02%,0.01%
GranAppleCunch,CS Cereal,FOOD,3,9,0,0.00%,9,0.03%,0.01%
PHOENIX COLA 330ML,CS Organic Food,FOOD,1,9,0,0.00%,9,0.01%,0.01%
RAINBOWEvpMilk160ML ,CS Dairy ,FOOD,3,9,0,0.00%,9,0.03%,0.01%
SIGNALC8AWHITE120M,CS Oral Care,NON FOOD,1,9,0,0.00%,9,0.01%,0.01%
AL AIN KIWI APPLE YOGHURT 125GM,CS Dairy ,FOOD,5,8.75,0,0.00%,8.75,0.05%,0.01%
MENTOS CHEWY RAINBOW 30GM,CS Mint & Gum,FOOD,7,8.75,0,0.00%,8.75,0.07%,0.01%
HEINZ TIN BEANS TOMOTO 50% SUGAR,CS Can & Jar Food,FOOD,1,8.5,0,0.00%,8.5,0.01%,0.01%
HEINZ TUNA LIGHT SOLID OIL TIN 1,CS Can & Jar Food,FOOD,1,8.5,0,0.00%,8.5,0.01%,0.01%
PEPSODENT TP CENTER FRESH 150G,CS Oral Care,NON FOOD,1,8.5,0,0.00%,8.5,0.01%,0.01%
BEST 30GM SALTED PISTACHIO,CS Nuts & Seeds,FOOD,3,8.25,0,0.00%,8.25,0.03%,0.01%
CADBURY DM HAZELNUT 37GM,CS Chocolate ,FOOD,3,8.25,0,0.00%,8.25,0.03%,0.01%
JUICY 100% ANANAS JUICE 1LTR ,CS Packet Juice,BEVERAGE,1,8.25,0,0.00%,8.25,0.01%,0.01%
ADD CARAMEL DRIZZLE,Starbucks,FOOD,2,8,0,0.00%,8,0.02%,0.01%
AL AIN LABAN 250ML,CS Dairy ,FOOD,4,8,0,0.00%,8,0.04%,0.01%
Coke Zero,Softdrinks,BEVERAGE,2,8,0,0.00%,8,0.02%,0.01%
CROISSANT BUTTER CHEESE,CS Bakery,FOOD,2,8,0,0.00%,8,0.02%,0.01%
Fanta,Softdrinks,BEVERAGE,2,8,0,0.00%,8,0.02%,0.01%
FANTA PET 500ML,CS Soft Drinks,BEVERAGE,4,8,0,0.00%,8,0.04%,0.01%
FLAP JACK,PASTRIES,FOOD,1,8,0,0.00%,8,0.01%,0.01%
Fresh Carrot & Orange,Fresh Juices,BEVERAGE,1,8,0,0.00%,8,0.01%,0.01%
HEINZ TUNA CHUNKS OIL TIN 185GM,CS Can & Jar Food,FOOD,1,8,0,0.00%,8,0.01%,0.01%
INDOMIE PILLOW 5 PCS CHICKEN CUR,CS Pasta & Noodles,FOOD,1,8,0,0.00%,8,0.01%,0.01%
INDOMIE PILLOW 5 PCS SPECIAL CHI,CS Pasta & Noodles,FOOD,1,8,0,0.00%,8,0.01%,0.01%
KNORR CUP SOUP CREAM CHICKEN 4 S,CS Packet Food,FOOD,1,8,0,0.00%,8,0.01%,0.01%
LEMON DRIZZLE CAKE,Dessert,FOOD,1,8,0,0.00%,8,0.01%,0.01%
LifebyHndSnitzrHul55m,CS Soap & Handwash,NON FOOD,1,8,0,0.00%,8,0.01%,0.01%
PORTION FRIES,Condiments,FOOD,1,8,0,0.00%,8,0.01%,0.01%
REDBULL SUGAR FREE,Energy Drinks,BEVERAGE,1,8,0,0.00%,8,0.01%,0.01%
Sprite,Softdrinks,BEVERAGE,2,8,0,0.00%,8,0.02%,0.01%
Steamed Rice,Main course,FOOD,1,8,0,0.00%,8,0.01%,0.01%
THE BERRY CO BLUEBERRY JUICE,Packet Juice,BEVERAGE,1,8,0,0.00%,8,0.01%,0.01%
AM Chd Sli 200,CS Dairy ,FOOD,1,7.5,0,0.00%,7.5,0.01%,0.01%
CastaniaMixedNuts125G,CS Nuts & Seeds,FOOD,1,7.5,0,0.00%,7.5,0.01%,0.01%
COKE CAN 300ML,CS Soft Drinks,BEVERAGE,5,7.5,0,0.00%,7.5,0.05%,0.01%
CROISSANT ZATAR,CS Bakery,FOOD,3,7.5,0,0.00%,7.5,0.03%,0.01%
HEINZ TUNA FLAKES OIL TIN 185GM,CS Can & Jar Food,FOOD,1,7.5,0,0.00%,7.5,0.01%,0.01%
KOKA PILLOW 5 PCS CRAB,CS Pasta & Noodles,FOOD,1,7.5,0,0.00%,7.5,0.01%,0.01%
Lacnor Cocktail180ML,Fresh Juices,FOOD,5,7.5,0,0.00%,7.5,0.05%,0.01%
MENTOS MINIS ASSORTED PACKET 250,CS Mint & Gum,FOOD,1,7.5,0,0.00%,7.5,0.01%,0.01%
BARILLA PASTA SPAGHETTI NO.5 500,CS Pasta & Noodles,FOOD,1,7.25,0,0.00%,7.25,0.01%,0.01%
AL AIN FRESH GRAPEFRUIT JUICE 33,CS Fresh Juice,BEVERAGE,1,7,0,0.00%,7,0.01%,0.01%
BREAD ROLL ENGLISH BROWN,CS Bakery,FOOD,2,7,0,0.00%,7,0.02%,0.01%
"BUN BREAD PLAIN 4"" 6 PCS",CS Bakery,FOOD,2,7,0,0.00%,7,0.02%,0.01%
CORNETTO I/C LOVE COOKIE,CS Ice Cream,FOOD,1,7,0,0.00%,7,0.01%,0.01%
CORNETTO I/C LOVE VANILLA RASPBE,CS Ice Cream,FOOD,1,7,0,0.00%,7,0.01%,0.01%
FRUIT TELLA ORANGE 36G,CS Mint & Gum,FOOD,4,7,0,0.00%,7,0.04%,0.01%
GOJI WITH SODA,Fresh Juices,FOOD,1,7,0,0.00%,7,0.01%,0.01%
MENTOS 38GM CHEWY FRUIT,CS Mint & Gum,FOOD,4,7,0,0.00%,7,0.04%,0.01%
SIS SugarIcing500g,CS Coocking & Baking,FOOD,1,7,0,0.00%,7,0.01%,0.01%
ALMARAI BURGER SLICE CHEESE 200G,CS Dairy ,FOOD,1,6.75,0,0.00%,6.75,0.01%,0.01%
ALWAYS LARGE 10 PCS,CS Sanitary Care,NON FOOD,1,6.5,0,0.00%,6.5,0.01%,0.01%
CORNETTO I/C SUPER SIZE CHEESECA,CS Ice Cream,FOOD,1,6.5,0,0.00%,6.5,0.01%,0.01%
FUN32OZMLTI,CS Disposable,NON FOOD,1,6.5,0,0.00%,6.5,0.01%,0.01%
LACNOR MILK BANANA 180ML,CS Packet Juice,BEVERAGE,5,6.5,0,0.00%,6.5,0.05%,0.01%
M&M MINIS TUBE 30GM,CS Chocolate ,FOOD,2,6.5,0,0.00%,6.5,0.02%,0.01%
CREST TP MILD MINT 125ML,CS Oral Care,NON FOOD,1,6.25,0,0.00%,6.25,0.01%,0.01%
MENTOS CHEWY MINT 30GM,CS Mint & Gum,FOOD,5,6.25,0,0.00%,6.25,0.05%,0.01%
A/G U.S KETCHUP SQUEEZE14OZ,CS Sauce,FOOD,1,6,0,0.00%,6,0.01%,0.01%
BAYARA RED KIDNEY BEANS 400GM,CS Coocking & Baking,FOOD,1,6,0,0.00%,6,0.01%,0.01%
BEST 30GM SALTED PEANUTS,CS Nuts & Seeds,FOOD,4,6,0,0.00%,6,0.04%,0.01%
CADBURY DM CARAMEL 37GM,CS Chocolate ,FOOD,2,6,0,0.00%,6,0.02%,0.01%
CADBURY DM FRUIT & NUT 100GM,CS Chocolate ,FOOD,1,6,0,0.00%,6,0.01%,0.01%
CHOCOLATE CHIP COOKIE,Dessert,FOOD,1,6,0,0.00%,6,0.01%,0.01%
COCA COLA PET 500ML,Softdrinks,BEVERAGE,1,6,0,0.00%,6,0.01%,0.01%
COKE ZERO CAN 300M,CS Soft Drinks,BEVERAGE,4,6,0,0.00%,6,0.04%,0.01%
Extra Cheese,Cheese,FOOD,2,6,0,0.00%,6,0.02%,0.01%
EXTRA PELLET PEPPERMINT GUM,CS Mint & Gum,FOOD,3,6,0,0.00%,6,0.03%,0.01%
FANTA PET 500ML,Softdrinks,BEVERAGE,1,6,0,0.00%,6,0.01%,0.01%
FrostiesCMB25g,CS Cereal,FOOD,2,6,0,0.00%,6,0.02%,0.01%
GLAD ALUMINIUM FOIL 25 SQ FEET,CS Bags/Foil/Wraps,NON FOOD,1,6,0,0.00%,6,0.01%,0.01%
GLASS OF SOYA MILK,Soya Milk,FOOD,1,6,0,0.00%,6,0.01%,0.01%
Grilled Chicken,Pizza,FOOD,1,6,0,0.00%,6,0.01%,0.01%
Grilled Veg Olives,Pizza,FOOD,1,6,0,0.00%,6,0.01%,0.01%
Khubus Bread,Breakfast,FOOD,3,6,0,0.00%,6,0.03%,0.01%
LIP GREEN MINT 25 TB,CS Tea,FOOD,1,6,0,0.00%,6,0.01%,0.01%
NATURE VALLEY ROASTED ALMOND,CS Cereal,FOOD,2,6,0,0.00%,6,0.02%,0.01%
Peppers,Pizza,FOOD,1,6,0,0.00%,6,0.01%,0.01%
Pineapple,Pizza,FOOD,1,6,0,0.00%,6,0.01%,0.01%
SLICED BREAD WHITE MEDIUM,CS Bakery,FOOD,2,6,0,0.00%,6,0.02%,0.01%
CADBURY DM BUBBLY 87GM,CS Chocolate ,FOOD,1,5.75,0,0.00%,5.75,0.01%,0.01%
VIVANI BAR BLACK CHERRY 40G,CS Organic Food,FOOD,1,5.75,0,0.00%,5.75,0.01%,0.01%
VIVANI BAR DARK NOUGAT 35G,CS Organic Food,FOOD,1,5.75,0,0.00%,5.75,0.01%,0.01%
VIVANI BAR WHITE NOUGAT CRISP R,CS Organic Food,FOOD,1,5.75,0,0.00%,5.75,0.01%,0.01%
GROWERS PACKET HONEY PEANUTS,CS Nuts & Seeds,FOOD,1,5.5,0,0.00%,5.5,0.01%,0.01%
BAHLSEN LEIBNIZ MINIS BUTTER 100,Biscuit & Cookies,FOOD,1,5.25,0,0.00%,5.25,0.01%,0.01%
Ferrarelle 330Ml ,CS Water,BEVERAGE,1,5.25,0,0.00%,5.25,0.01%,0.01%
PILSBURY CHAKKI ATTA 1KG,CS Bakery,FOOD,1,5.25,0,0.00%,5.25,0.01%,0.01%
SCHOGETTEN WHITE 100 GM,CS Chocolate ,FOOD,1,5.25,0,0.00%,5.25,0.01%,0.01%
CARTE DOR BANANA 1 SCOOP,Ice cream,FOOD,1,5,0,0.00%,5,0.01%,0.01%
CARTE DOR CAPPUCCINO 1 SCOOP,Ice cream,FOOD,1,5,0,0.00%,5,0.01%,0.01%
CARTE DOR KAYMAK 1 SCOOP,Ice cream,FOOD,1,5,0,0.00%,5,0.01%,0.01%
CARTE DOR LEMON SORBET 1 SCOOP,Ice cream,FOOD,1,5,0,0.00%,5,0.01%,0.01%
CARTE DOR VANILLA 1 SCOOP,Ice cream,FOOD,1,5,0,0.00%,5,0.01%,0.01%
Castania Peanut 60g,CS Nuts & Seeds,FOOD,1,5,0,0.00%,5,0.01%,0.01%
COKE LARGE 2.25L,CS Soft Drinks,BEVERAGE,1,5,0,0.00%,5,0.01%,0.01%
CORNETTO I/C CLASSICO BERRY,CS Ice Cream,FOOD,1,5,0,0.00%,5,0.01%,0.01%
CORNETTO I/C CLASSICO CREAM,CS Ice Cream,FOOD,1,5,0,0.00%,5,0.01%,0.01%
FANTA LARGE 2.25L,CS Soft Drinks,BEVERAGE,1,5,0,0.00%,5,0.01%,0.01%
FUN12OZMLTI,CS Disposable,NON FOOD,1,5,0,0.00%,5,0.01%,0.01%
FUN POLICE WHISTLE BALOON 4PCS,CS Disposable,NON FOOD,1,5,0,0.00%,5,0.01%,0.01%
KOKA BOWL CHICKEN,CS Pasta & Noodles,FOOD,1,5,0,0.00%,5,0.01%,0.01%
KOKA BOWL MUSHROOM,CS Pasta & Noodles,FOOD,1,5,0,0.00%,5,0.01%,0.01%
LACNOR MILK STRAWBERRY 180ML,CS Packet Juice,BEVERAGE,4,5,0,0.00%,5,0.04%,0.01%
Mars,Chocolate,FOOD,1,5,0,0.00%,5,0.01%,0.01%
SLICED BREAD WHITE JUMBO,CS Bakery,FOOD,1,5,0,0.00%,5,0.01%,0.01%
SNICKERS BAR,Chocolate,FOOD,1,5,0,0.00%,5,0.01%,0.01%
SCRUMMIES BLACKCURRANT CRANBERRI,CS Dry Fruits,FOOD,1,4.75,0,0.00%,4.75,0.01%,0.01%
PEPSI DIET CAN 335ML ,CS Soft Drinks,BEVERAGE,3,4.5,0,0.00%,4.5,0.03%,0.01%
SLICED BREAD BROWN JUMBO,CS Bakery,FOOD,1,4.5,0,0.00%,4.5,0.01%,0.01%
SPRITE LIGHT CAN 330ML ,CS Soft Drinks,BEVERAGE,3,4.5,0,0.00%,4.5,0.03%,0.01%
ADD CARAMEL DRIZZLE,Starbucks,FOOD,1,4,0,0.00%,4,0.01%,0.00%
ADD WHIPPED CREAM,Starbucks,FOOD,1,4,0,0.00%,4,0.01%,0.00%
DOUGHNUT PLAIN,CS Bakery,FOOD,2,4,0,0.00%,4,0.02%,0.00%
EXTRA PROTEIN,TOPPINGS,FOOD,1,4,0,0.00%,4,0.01%,0.00%
GLASS OF MILK,Milk,FOOD,1,4,0,0.00%,4,0.01%,0.00%
LACNOR APPLE 180ML,CS Packet Juice,BEVERAGE,3,4,0,0.00%,4,0.03%,0.00%
LAYS CHILLI 40G,CHIPS,FOOD,1,4,0,0.00%,4,0.01%,0.00%
LAYS SALT & VINEGAR 40G,CHIPS,FOOD,1,4,0,0.00%,4,0.01%,0.00%
LIPTON LEMON ICED TEA,Tea,BEVERAGE,1,4,0,0.00%,4,0.01%,0.00%
LIPTON PEACH ICED TEA,Tea,BEVERAGE,1,4,0,0.00%,4,0.01%,0.00%
Pepsi,Softdrinks,BEVERAGE,1,4,0,0.00%,4,0.01%,0.00%
PEPSI DIET PET 500M,CS Soft Drinks,BEVERAGE,2,4,0,0.00%,4,0.02%,0.00%
Pepsi Light,Softdrinks,BEVERAGE,2,4,0,0.00%,4,0.02%,0.00%
SMINT CANDY GUM STRAWBERRY 14.2G,CS Mint & Gum,FOOD,1,4,0,0.00%,4,0.01%,0.00%
Soda Water,Softdrinks,BEVERAGE,1,4,0,0.00%,4,0.01%,0.00%
SPRITE LIGHT CAN,Softdrinks,BEVERAGE,1,4,0,0.00%,4,0.01%,0.00%
STILL WATER REG,Water,BEVERAGE,2,4,0,0.00%,4,0.02%,0.00%
"BUN BREAD SEASAME 4"" 6 PCS",CS Bakery,FOOD,1,3.5,0,0.00%,3.5,0.01%,0.00%
KOKA CUP BEEF,CS Pasta & Noodles,FOOD,1,3.5,0,0.00%,3.5,0.01%,0.00%
KOKA CUP CURRY,CS Pasta & Noodles,FOOD,1,3.5,0,0.00%,3.5,0.01%,0.00%
KOKA CUP MUSHROOM,CS Pasta & Noodles,FOOD,1,3.5,0,0.00%,3.5,0.01%,0.00%
KOKA CUP NODLE VEG,CS Pasta & Noodles,FOOD,1,3.5,0,0.00%,3.5,0.01%,0.00%
LUX BAR DREAM DELIGHT 120GM,CS Soap & Handwash,NON FOOD,1,3.5,0,0.00%,3.5,0.01%,0.00%
MENTOS 38GM CHEWY MINT,CS Mint & Gum,FOOD,2,3.5,0,0.00%,3.5,0.02%,0.00%
GALAXY HAZELNUT 40GM,CS Chocolate ,FOOD,1,3.25,0,0.00%,3.25,0.01%,0.00%
VOLVIC WATER 330ML,CS Water,BEVERAGE,1,3.25,0,0.00%,3.25,0.01%,0.00%
CAPRISUN APPLE,CS Packet Juice,BEVERAGE,3,3,0,0.00%,3,0.03%,0.00%
MAGGI STOCK CUBE BEEF,CS Sauce,FOOD,3,3,0,0.00%,3,0.03%,0.00%
MOUNTAIN DEW CAN 335ML ,CS Soft Drinks,BEVERAGE,2,3,0,0.00%,3,0.02%,0.00%
PEPSI CAN 355ML ,CS Soft Drinks,BEVERAGE,2,3,0,0.00%,3,0.02%,0.00%
SAFETY MATCH STICK BOX 2PCS,CS Others,NON FOOD,6,3,0,0.00%,3,0.06%,0.00%
Salted Pistachios30g,Peannuts,FOOD,1,3,0,0.00%,3,0.01%,0.00%
WRIGLEYS JUICY FRUIT STICK BANAN,CS Mint & Gum,FOOD,3,3,0,0.00%,3,0.03%,0.00%
PARADISE CORN FLOUR 400G,CS Coocking & Baking,FOOD,1,2.75,0,0.00%,2.75,0.01%,0.00%
A/G IODIZED SALT 26OZ,CS Can & Jar Food,FOOD,1,2.5,0,0.00%,2.5,0.01%,0.00%
BBQ SAUCE,Extras,FOOD,1,2,0,0.00%,2,0.01%,0.00%
COKE ZERO PET 500ML,CS Soft Drinks,BEVERAGE,1,2,0,0.00%,2,0.01%,0.00%
EXTRA PELLET LIME,Biscuit & Cookies,FOOD,1,2,0,0.00%,2,0.01%,0.00%
EXTRA PELLET WATERMELON GUM ,CS Mint & Gum,FOOD,1,2,0,0.00%,2,0.01%,0.00%
SPRITE PET 500ML,CS Soft Drinks,BEVERAGE,1,2,0,0.00%,2,0.01%,0.00%
SUNBLAST ORGANIC MIXED FRUIT 200,CS Organic Food,FOOD,1,2,0,0.00%,2,0.01%,0.00%
MENTOS 38GM CHEWY COLA,CS Mint & Gum,FOOD,1,1.75,0,0.00%,1.75,0.01%,0.00%
SUPER GLUE 3G,CS Others,NON FOOD,1,1.75,0,0.00%,1.75,0.01%,0.00%
7 UP CAN 355 ML,CS Soft Drinks,BEVERAGE,1,1.5,0,0.00%,1.5,0.01%,0.00%
DOUGHNUT ICING WHITE,CS Bakery,FOOD,1,1.5,0,0.00%,1.5,0.01%,0.00%
MANI 20G PEANUTS SPICY PAPRIKA,CS Dry Fruits,FOOD,1,1.5,0,0.00%,1.5,0.01%,0.00%
Mirinda Orange355M,Softdrinks,FOOD,1,1.5,0,0.00%,1.5,0.01%,0.00%
MENTOS CHEWY STRAWBERRY 30GM,CS Mint & Gum,FOOD,1,1.25,0,0.00%,1.25,0.01%,0.00%
Al Ain 1.5 L,Water,BEVERAGE,24,0,0,0.00%,0,0.25%,0.00%
Coca Cola,Softdrinks,BEVERAGE,2,0,0,0.00%,0,0.02%,0.00%
Coffee Filter,Tea,BEVERAGE,23,0,0,0.00%,0,0.24%,0.00%
Diet Coke,Softdrinks,BEVERAGE,2,0,0,0.00%,0,0.02%,0.00%
FRUIT JUICE,Fresh Juices,BEVERAGE,19,0,0,0.00%,0,0.20%,0.00%
Pepsi,Softdrinks,BEVERAGE,1,0,0,0.00%,0,0.01%,0.00%
Sprite,Softdrinks,BEVERAGE,1,0,0,0.00%,0,0.01%,0.00%
Tea Regular,Tea,BEVERAGE,10,0,0,0.00%,0,0.11%,0.00%
TOTAL*,,,"8,059","80,311.50",0,0.00%,"80,311.50",84.63%,100.00%
,,,,,,,,,
