Menu Engineering Items Summary,,,,,,,,,
,,,,,,,,,
Business Dates,1/30/2016,,,,,,,,
Locations,"DEMO,UAE",,,,,,,,
Revenue Centers,All,,,,,,,,
Menu Items,All,,,,,,,,
,,,,,,,,,
Menu Item Name,Family Group,Major Group,Qty Sold,Net Sales,Prep Cost,Cost %,Margin Less Item Disc,% Qty,% Margin
Stud Meal Combo,Main course,FOOD,148,"4,380.00",0,0.00%,"4,380.00",1.30%,7.66%
Masafi Water500ml,Water,BEVERAGE,"3,877","3,876.00",0,0.00%,"3,876.00",34.03%,6.78%
Student Breakfast,Breakfast,FOOD,76,"2,280.00",0,0.00%,"2,280.00",0.67%,3.99%
Chocolate Bar,Extras,FOOD,398,"1,990.00",0,0.00%,"1,990.00",3.49%,3.48%
MARINATED SALMON STEAK,Grill,FOOD,61,"1,830.00",0,0.00%,"1,830.00",0.54%,3.20%
CHICKEN MEAL ,Main course,FOOD,73,"1,825.00",0,0.00%,"1,825.00",0.64%,3.19%
Classic Angus Burger,Burgers,FOOD,42,"1,260.00",0,0.00%,"1,260.00",0.37%,2.20%
SERCO LUNCH,SERCO LUNCH,FOOD,72,"1,080.00",0,0.00%,"1,080.00",0.63%,1.89%
Chicken Caesar,Salads,FOOD,40,"1,000.00",0,0.00%,"1,000.00",0.35%,1.75%
Slice of the Day,Pizza,FOOD,186,930,0,0.00%,930,1.63%,1.63%
Margherita(V),Pizza,FOOD,33,825,0,0.00%,825,0.29%,1.44%
BBQ Glazed Chicken,Sandwiches,FOOD,36,756,0,0.00%,756,0.32%,1.32%
FISH & SHRIMP MEAL,Main course,FOOD,29,700,0,0.00%,700,0.25%,1.22%
Chicken Steak,Grill,FOOD,29,696,0,0.00%,696,0.25%,1.22%
SERCO DINNER,SERCO DINNER,FOOD,40,600,0,0.00%,600,0.35%,1.05%
Valley Crunchy,Cereal Bar,FOOD,198,594,0,0.00%,594,1.74%,1.04%
BUTTER FLY CHICKEN BREAST ,Grill,FOOD,24,576,0,0.00%,576,0.21%,1.01%
Falafel Tomato & Hummus(V),Sandwiches,FOOD,27,486,0,0.00%,486,0.24%,0.85%
LACNOR APPLE 180ML,Fresh Juices,BEVERAGE,118,472,0,0.00%,472,1.04%,0.83%
FG MEDIUM BOWL,FEEL GOOD,FOOD,26,468,0,0.00%,468,0.23%,0.82%
Fresh Fruit Pcs,Extras,FOOD,157,465,0,0.00%,465,1.38%,0.81%
Smoked Salmon,Sandwiches,FOOD,18,450,0,0.00%,450,0.16%,0.79%
Tenderloin Steak,Burgers,FOOD,15,450,0,0.00%,450,0.13%,0.79%
Chicken Tikka,Sandwiches,FOOD,17,408,0,0.00%,408,0.15%,0.71%
12 OZ CAFFE LATTE,Starbucks,FOOD,32,384,0,0.00%,384,0.28%,0.67%
Two Eggs ,Breakfast,FOOD,75,365,0,0.00%,365,0.66%,0.64%
Take Away Box,Take Away Boxes,NON FOOD,121,363,0,0.00%,363,1.06%,0.64%
SERCO BREAKFAST,SERCO BREAKFAST,FOOD,23,345,0,0.00%,345,0.20%,0.60%
COCA COLA CAN,Softdrinks,BEVERAGE,86,344,0,0.00%,344,0.75%,0.60%
LACNOR MILK CHOCOLATE,Flavoured Milk,BEVERAGE,85,340,0,0.00%,340,0.75%,0.59%
Grilled Chicken Burger,Burgers,FOOD,14,336,0,0.00%,336,0.12%,0.59%
Buffet Fruit Salad,Salads,FOOD,67,330,0,0.00%,330,0.59%,0.58%
Buffet Meal,Main course,FOOD,15,330,0,0.00%,330,0.13%,0.58%
RED BULL 250ML,CS Sports & Energy Drinks,BEVERAGE,41,325,0,0.00%,325,0.36%,0.57%
Extra Portion Grill,Main course,FOOD,27,324,0,0.00%,324,0.24%,0.57%
7 OZ DOUBLE SHOT ICED SHAKEN,Starbucks,FOOD,21,294,0,0.00%,294,0.18%,0.51%
LACNOR ORANGE 180ML,Fresh Juices,BEVERAGE,75,289,0,0.00%,289,0.66%,0.51%
FG LARGE BOWL,FEEL GOOD,FOOD,11,286,0,0.00%,286,0.10%,0.50%
Side Salad,Salads,FOOD,67,268,0,0.00%,268,0.59%,0.47%
Banana Pcs,CS Fresh Fruit,FOOD,132,264,0,0.00%,264,1.16%,0.46%
Tandoori Chicken,Pizza,FOOD,7,252,0,0.00%,252,0.06%,0.44%
Stud Grill Meal,Main course,FOOD,8,240,0,0.00%,240,0.07%,0.42%
LACNOR COCKTAIL 180ML,Fresh Juices,BEVERAGE,58,232,0,0.00%,232,0.51%,0.41%
Salmon Salad,Salads,FOOD,9,225,0,0.00%,225,0.08%,0.39%
COCONUT WATER CAN,Packet Juice,BEVERAGE,56,224,0,0.00%,224,0.49%,0.39%
FG Juice Bottled,FEEL GOOD,FOOD,28,224,0,0.00%,224,0.25%,0.39%
Dessert,Dessert,FOOD,55,220,0,0.00%,220,0.48%,0.38%
12 OZ CAPPUCHINO,Starbucks,FOOD,18,216,0,0.00%,216,0.16%,0.38%
REDBULL SUGAR FREE,Energy Drinks,BEVERAGE,27,216,0,0.00%,216,0.24%,0.38%
Super Food Salad (V),Salads,FOOD,9,216,0,0.00%,216,0.08%,0.38%
LACNOR MANGO 180ML,Fresh Juices,BEVERAGE,53,212,0,0.00%,212,0.47%,0.37%
POKKA LEMON ICED TEA CAN,Packet Juice,BEVERAGE,53,212,0,0.00%,212,0.47%,0.37%
Yoghurt,Yogurt,FOOD,53,212,0,0.00%,212,0.47%,0.37%
Best Salted Peanut30g,Peannuts,FOOD,70,210,0,0.00%,210,0.61%,0.37%
Go Large,Pizza,FOOD,26,208,0,0.00%,208,0.23%,0.36%
16 OZ ICED CAFFE LATTE,Starbucks,FOOD,14,202,0,0.00%,202,0.12%,0.35%
Filter Tea,Tea,FOOD,40,200,0,0.00%,200,0.35%,0.35%
12 OZ CAFFE AMERICANO,Starbucks,FOOD,19,190,0,0.00%,190,0.17%,0.33%
FRESH JUICE SMALL,Breakfast,FOOD,48,188,0,0.00%,188,0.42%,0.33%
SELPAK TOILET PAPER 4 ROLLS,CS Tissue & Toilet Rolls,NON FOOD,15,187.5,0,0.00%,187.5,0.13%,0.33%
16 OZ CAFFE LATTE,Starbucks,FOOD,13,182,0,0.00%,182,0.11%,0.32%
Buffalo Chicken,Grill,FOOD,11,176,0,0.00%,176,0.10%,0.31%
16 OZ ICED CARAMEL MACCHIATO,Starbucks,FOOD,10,172,0,0.00%,172,0.09%,0.30%
LACNOR MILK BANANA,Flavoured Milk,BEVERAGE,43,172,0,0.00%,172,0.38%,0.30%
Best SaltedCashew30g,Peannuts,FOOD,55,165,0,0.00%,165,0.48%,0.29%
7 UP CAN,Softdrinks,BEVERAGE,41,164,0,0.00%,164,0.36%,0.29%
Chicken Nuggets,Extras,FOOD,16,160,0,0.00%,160,0.14%,0.28%
Portion Protein,Main course,FOOD,16,160,0,0.00%,160,0.14%,0.28%
DR OETKER QUATTRO FORMAGI PIZZA,CS Frozen Food,FOOD,6,157.5,0,0.00%,157.5,0.05%,0.28%
Filter Coffee,Tea,FOOD,31,155,0,0.00%,155,0.27%,0.27%
16 OZ CAPPUCHINO,Starbucks,FOOD,11,154,0,0.00%,154,0.10%,0.27%
Tuna Cheese Melt,Sandwiches,FOOD,7,154,0,0.00%,154,0.06%,0.27%
Hash Browns,Breakfast,FOOD,40,152,0,0.00%,152,0.35%,0.27%
MIRINDA ORANGE CAN,Softdrinks,BEVERAGE,38,152,0,0.00%,152,0.33%,0.27%
Orange Pcs,CS Fresh Fruit,FOOD,76,152,0,0.00%,152,0.67%,0.27%
AL AIN FRESH MILK FULL FAT 2L,CS Dairy ,FOOD,15,150,0,0.00%,150,0.13%,0.26%
Castania Peanuts60g,Peannuts,FOOD,21,147,0,0.00%,147,0.18%,0.26%
PAPER BAG,BAGS,NON FOOD,145,145,0,0.00%,145,1.27%,0.25%
16 OZ CAFFE AMERICANO,Starbucks,FOOD,12,144,0,0.00%,144,0.11%,0.25%
Guest Meal Combo,Main course,FOOD,6,140,0,0.00%,140,0.05%,0.24%
LACNOR MILK STRAWBERRY,Flavoured Milk,BEVERAGE,35,140,0,0.00%,140,0.31%,0.24%
SPRITE CAN,Softdrinks,BEVERAGE,35,140,0,0.00%,140,0.31%,0.24%
Pesto Roasted Chicken,Sandwiches,FOOD,6,138,0,0.00%,138,0.05%,0.24%
Soup,Extras,FOOD,23,138,0,0.00%,138,0.20%,0.24%
12OZ WHITE CHOCOLATE MOCHA,Starbucks,FOOD,9,135,0,0.00%,135,0.08%,0.24%
Beef sausage,Breakfast,FOOD,27,135,0,0.00%,135,0.24%,0.24%
Hawaiian,Pizza,FOOD,4,128,0,0.00%,128,0.04%,0.22%
16 OZ ICED CAFFE MOCHA,Starbucks,FOOD,9,126,0,0.00%,126,0.08%,0.22%
16 OZ ICED CAFE AMERICANO,Starbucks,FOOD,10,122,0,0.00%,122,0.09%,0.21%
Mixed Green Salad(V),Salads,FOOD,6,120,0,0.00%,120,0.05%,0.21%
NIVEA WIPES REFRESHING CLEANSING,CS Tissue & Toilet Rolls,NON FOOD,4,120,0,0.00%,120,0.04%,0.21%
16 OZ WHITE CHOCOLATE MOCHA,Starbucks,FOOD,7,119,0,0.00%,119,0.06%,0.21%
CLEARLY SCRUMPTIOUS STRAWBERRY 3,CS Dry Fruits,FOOD,9,114.75,0,0.00%,114.75,0.08%,0.20%
Meat Feast,Pizza,FOOD,3,114,0,0.00%,114,0.03%,0.20%
FRESH JUICE LARGE,Fresh Juices,FOOD,16,112,0,0.00%,112,0.14%,0.20%
MOUNTAIN DEW,Softdrinks,BEVERAGE,28,112,0,0.00%,112,0.25%,0.20%
Yogurt Muesli Honey,Yoghurt Pots,FOOD,7,112,0,0.00%,112,0.06%,0.20%
Smoked Turkey Ham Pasta,Salads,FOOD,5,110,0,0.00%,110,0.04%,0.19%
VEGGIE MEAL,Veggie,FOOD,5,110,0,0.00%,110,0.04%,0.19%
COCA COLA DIET CAN,Softdrinks,BEVERAGE,27,108,0,0.00%,108,0.24%,0.19%
12 OZ CARAMEL MACCHIATO,Starbucks,FOOD,7,105,0,0.00%,105,0.06%,0.18%
Cereal Portion,Breakfast,FOOD,15,105,0,0.00%,105,0.13%,0.18%
Full Breakfast,Breakfast,FOOD,3,105,0,0.00%,105,0.03%,0.18%
16 OZ CARAMEL MACCHIATO,Starbucks,FOOD,6,102,0,0.00%,102,0.05%,0.18%
AL AIN FRESH MILK LOW FAT 2L,CS Dairy ,FOOD,10,100,0,0.00%,100,0.09%,0.17%
PEAR DRAGON LOOSE TEA,Tea,FOOD,10,100,0,0.00%,100,0.09%,0.17%
Portion Vegetable,Main course,FOOD,20,100,0,0.00%,100,0.18%,0.17%
MAGNUM I/C DOUBLE CHOCOLATE,CS Ice Cream,FOOD,11,99,0,0.00%,99,0.10%,0.17%
CROISSANT MINI,Dessert,FOOD,31,93,0,0.00%,93,0.27%,0.16%
FANTA STRAWBERRY CAN,Softdrinks,BEVERAGE,23,92,0,0.00%,92,0.20%,0.16%
PEPSI CAN,Softdrinks,BEVERAGE,23,92,0,0.00%,92,0.20%,0.16%
12 OZ HOT CHOCOLATE,Starbucks,FOOD,5,91,0,0.00%,91,0.04%,0.16%
FANTA APPLE CAN,Softdrinks,BEVERAGE,25,90,0,0.00%,90,0.22%,0.16%
Yogurt Blueberry,Yoghurt Pots,FOOD,5,90,0,0.00%,90,0.04%,0.16%
16 OZ HOT CHOCOLATE,Starbucks,FOOD,5,85,0,0.00%,85,0.04%,0.15%
AL AIN WATER 1.5L,CS Water,BEVERAGE,56,84,0,0.00%,84,0.49%,0.15%
FG SMALL BOWL,FEEL GOOD,FOOD,7,84,0,0.00%,84,0.06%,0.15%
French Fries,Extras,FOOD,14,84,0,0.00%,84,0.12%,0.15%
Fruit Salad,Yoghurt Pots,FOOD,7,84,0,0.00%,84,0.06%,0.15%
Walkers Short Bread40g,Biscuits,FOOD,24,84,0,0.00%,84,0.21%,0.15%
Masafi Water1.5Ltr,Water,BEVERAGE,41,82,0,0.00%,82,0.36%,0.14%
Chicken Sweetcorn,Pre Packed Sandwiches,FOOD,8,80,0,0.00%,80,0.07%,0.14%
Three Cheese Spring Onion,Pre Packed Sandwiches,FOOD,8,80,0,0.00%,80,0.07%,0.14%
Yogurt Mango,Yoghurt Pots,FOOD,8,80,0,0.00%,80,0.07%,0.14%
DR OETKER TONNO PIZZA,CS Frozen Food,FOOD,3,78.75,0,0.00%,78.75,0.03%,0.14%
AL AIN FRESH MILK 1L LOW FAT,CS Dairy ,FOOD,12,78,0,0.00%,78,0.11%,0.14%
GALLON WATER COUPON,CS Water,BEVERAGE,11,77,0,0.00%,77,0.10%,0.13%
Apple Green,CS Fresh Fruit,FOOD,38,76,0,0.00%,76,0.33%,0.13%
Bagel S. Salmon,Sandwiches,FOOD,3,75,0,0.00%,75,0.03%,0.13%
CHICKEN MAIN,Main course,FOOD,5,75,0,0.00%,75,0.04%,0.13%
VEGGIE MAIN,Main course,FOOD,5,75,0,0.00%,75,0.04%,0.13%
WELLA CD REPAIR 500ML,CS Shampoo & Conditioner,NON FOOD,3,74.25,0,0.00%,74.25,0.03%,0.13%
OAT KING BAR MILK HONEY 95GM,CS Cereal,FOOD,5,72.5,0,0.00%,72.5,0.04%,0.13%
FARM FRESH EGGS WHITE 6PCS,CS Eggs,FOOD,16,72,0,0.00%,72,0.14%,0.13%
GLAD GARBAGE BAG MEDIUM 35L X 30,CS Tissue & Toilet Rolls,NON FOOD,6,72,0,0.00%,72,0.05%,0.13%
HARIBO PHANTASIA PACKET 160GM,CS Mint & Gum,FOOD,8,72,0,0.00%,72,0.07%,0.13%
Large Salad,Salads,FOOD,4,72,0,0.00%,72,0.04%,0.13%
Chicken Tandoori,Pre Packed Sandwiches,FOOD,7,70,0,0.00%,70,0.06%,0.12%
Rocco,Pizza,FOOD,2,70,0,0.00%,70,0.02%,0.12%
12 OZ SIGNATURE HOT CHOCOLATE,Starbucks,FOOD,4,68,0,0.00%,68,0.04%,0.12%
16 OZ CAFFE MOCHA,Starbucks,FOOD,4,68,0,0.00%,68,0.04%,0.12%
Digest dark200,Biscuit & Cookies,FOOD,5,67.5,0,0.00%,67.5,0.04%,0.12%
FARM FRESH EGGS WHITE 15PCS,CS Eggs,FOOD,6,66,0,0.00%,66,0.05%,0.12%
Pepperoni,Pizza,FOOD,11,66,0,0.00%,66,0.10%,0.12%
LISTERINE MW TARTAR CONTROL 250 ,CS Oral Care,NON FOOD,3,64.5,0,0.00%,64.5,0.03%,0.11%
AL AIN WATER 500ml,CS Water,BEVERAGE,63,63,0,0.00%,63,0.55%,0.11%
Croissant,Breakfast,FOOD,9,63,0,0.00%,63,0.08%,0.11%
ALPRO ALMOND MILK 1L,CS Dairy ,FOOD,3,61.5,0,0.00%,61.5,0.03%,0.11%
PIETRO CORICELLI BASIL OLIVE OIL,CS Coocking & Baking,FOOD,2,61,0,0.00%,61,0.02%,0.11%
B.BAG CHEDDAR150g,CS Chips & Snacks,FOOD,5,60,0,0.00%,60,0.04%,0.10%
BBQ or CurrySouce,Pizza,FOOD,2,60,0,0.00%,60,0.02%,0.10%
FISH MAIN,Main course,FOOD,4,60,0,0.00%,60,0.04%,0.10%
Grilled Halloumi(V),Sandwiches,FOOD,3,60,0,0.00%,60,0.03%,0.10%
NIVEA WIPES GENTLE CLEANSING 25P,CS Tissue & Toilet Rolls,NON FOOD,2,60,0,0.00%,60,0.02%,0.10%
Pesto,Pizza,FOOD,2,60,0,0.00%,60,0.02%,0.10%
Plum Red,CS Fresh Fruit,FOOD,30,60,0,0.00%,60,0.26%,0.10%
Small Salad,Salads,FOOD,5,60,0,0.00%,60,0.04%,0.10%
WALK IN LUNCH,WALK IN LUNCH,FOOD,4,60,0,0.00%,60,0.04%,0.10%
BAYARA 1KG APRICOT DRIED,CS Dry Fruits,FOOD,1,59.5,0,0.00%,59.5,0.01%,0.10%
BAYARA 1KG ALMOND,CS Nuts & Seeds,FOOD,1,57.75,0,0.00%,57.75,0.01%,0.10%
SELPAK KITCHEN ROLL 2 PCS,CS Tissue & Toilet Rolls,NON FOOD,5,57.5,0,0.00%,57.5,0.04%,0.10%
16 OZ VANILLA LATTE,Starbucks,FOOD,3,57,0,0.00%,57,0.03%,0.10%
STREPSILS REGULAR PACKET,CS Chocolate ,FOOD,3,57,0,0.00%,57,0.03%,0.10%
ARIEL BLUE 1.5KG,CS Laundry Care,NON FOOD,2,56.5,0,0.00%,56.5,0.02%,0.10%
Bagels w/Cr.Cheese,Breakfast,FOOD,8,56,0,0.00%,56,0.07%,0.10%
Portion Starch,Main course,FOOD,7,56,0,0.00%,56,0.06%,0.10%
PRINGLES HOT & SPICY 165GM,CS Chips & Snacks,FOOD,6,55.5,0,0.00%,55.5,0.05%,0.10%
16 OZ ICED VANILLA LATTE,Starbucks,FOOD,3,55,0,0.00%,55,0.03%,0.10%
ORAL B FLOSS UNWAXED,CS Oral Care,NON FOOD,5,55,0,0.00%,55,0.04%,0.10%
16 OZ ICED WHITE CHOCOLATE MOCHA,Starbucks,FOOD,3,54,0,0.00%,54,0.03%,0.09%
CheseTomatoCrossiant,Sandwiches,FOOD,3,54,0,0.00%,54,0.03%,0.09%
HARIBO CUP HAPPY CHERRIES 175GM,CS Mint & Gum,FOOD,5,52.5,0,0.00%,52.5,0.04%,0.09%
Apple Red,CS Fresh Fruit,FOOD,26,52,0,0.00%,52,0.23%,0.09%
SENSODYNE ORIGINAL 100GM,CS Oral Care,NON FOOD,2,52,0,0.00%,52,0.02%,0.09%
FRUIT & FIBRE KELLOGS 375GM,CS Cereal,FOOD,3,51.75,0,0.00%,51.75,0.03%,0.09%
12 OZ TOFFEE NUT LATTE,Coffee,FOOD,3,51,0,0.00%,51,0.03%,0.09%
12 OZ VANILLA LATTE,Starbucks,FOOD,3,51,0,0.00%,51,0.03%,0.09%
Sweet Potato Wedges,Extras,FOOD,5,50,0,0.00%,50,0.04%,0.09%
12 OZ SOYA CAFFE LATTE,Coffee,FOOD,3,48,0,0.00%,48,0.03%,0.08%
Egg Cress Mayonnaise,Pre Packed Sandwiches,FOOD,6,48,0,0.00%,48,0.05%,0.08%
French Toast,Breakfast,FOOD,12,48,0,0.00%,48,0.11%,0.08%
Pancakes,Breakfast,FOOD,16,48,0,0.00%,48,0.14%,0.08%
GILLETTE VENUS BREEZE RAZOR 3UP,CS Mens Care,NON FOOD,1,47.5,0,0.00%,47.5,0.01%,0.08%
MODERN BAKE MANGO PISTA ENERGY B,CS Cereal,FOOD,9,47.25,0,0.00%,47.25,0.08%,0.08%
CERES CRANBERRY KIWI JUICE 1L,CS Packet Juice,BEVERAGE,5,46.25,0,0.00%,46.25,0.04%,0.08%
COMFORT IRIS JASMINE CONCENTRATE,CS Laundry Care,NON FOOD,3,45.75,0,0.00%,45.75,0.03%,0.08%
AL AIN FRESH MILK 1L FULL CREAM,CS Dairy ,FOOD,7,45.5,0,0.00%,45.5,0.06%,0.08%
AL AIN MANGO YOGHURT 125GM,CS Dairy ,FOOD,26,45.5,0,0.00%,45.5,0.23%,0.08%
LUX MACHINE WASH TABLET 28PCS,CS Cleaning Supplies,NON FOOD,1,45.5,0,0.00%,45.5,0.01%,0.08%
PERRIER WATER 750ML,Water,BEVERAGE,7,45.5,0,0.00%,45.5,0.06%,0.08%
PRO BAR ORGANIC BOLT BERRY BLAST,CS Cereal,FOOD,2,45.5,0,0.00%,45.5,0.02%,0.08%
12 OZ CAFFE MOCHA,Starbucks,FOOD,3,45,0,0.00%,45,0.03%,0.08%
Extra Topping,Pizza,FOOD,9,45,0,0.00%,45,0.08%,0.08%
HARIBO BERRIES PACKET 160GM,CS Mint & Gum,FOOD,5,45,0,0.00%,45,0.04%,0.08%
HARIBO GOLD BEARS PACKET 160GM,CS Mint & Gum,FOOD,5,45,0,0.00%,45,0.04%,0.08%
HARIBO STAR MIX PACKET 160GM,CS Mint & Gum,FOOD,5,45,0,0.00%,45,0.04%,0.08%
7 UP DIET CAN,Softdrinks,BEVERAGE,11,44,0,0.00%,44,0.10%,0.08%
ADD ESPRESSO SHOT,Starbucks,FOOD,11,44,0,0.00%,44,0.10%,0.08%
COCA COLA ZERO CAN,Softdrinks,BEVERAGE,11,44,0,0.00%,44,0.10%,0.08%
Greek Salad,Salads,FOOD,2,44,0,0.00%,44,0.02%,0.08%
A/G POP CORN MICROWAVE NATURAL 2,CS Can & Jar Food,FOOD,5,43.75,0,0.00%,43.75,0.04%,0.08%
AL AIN FRESH MILK 1L SKIMMED,CS Dairy ,FOOD,6,42,0,0.00%,42,0.05%,0.07%
CROISSANT MEDIUM,PASTRIES,FOOD,6,42,0,0.00%,42,0.05%,0.07%
LISTERINE MW COOL MINT 250ML,CS Oral Care,NON FOOD,2,42,0,0.00%,42,0.02%,0.07%
PERRIER WATER 330ML,Water,BEVERAGE,7,42,0,0.00%,42,0.06%,0.07%
COCO POPS KELLOGS 375GM,CS Cereal,FOOD,2,41,0,0.00%,41,0.02%,0.07%
EMMENTHAL CHEESE PORTION 150G,CS Dairy ,FOOD,3,40.5,0,0.00%,40.5,0.03%,0.07%
16 OZ FRAPPUCINO WHITE MOCHA,Starbucks,FOOD,2,40,0,0.00%,40,0.02%,0.07%
Baked beans,Breakfast,FOOD,8,40,0,0.00%,40,0.07%,0.07%
Lays Chips,Extras,FOOD,20,40,0,0.00%,40,0.18%,0.07%
MINUTE STEAK,Grill,FOOD,2,40,0,0.00%,40,0.02%,0.07%
ORAL B BRUSH NATURAL FRESH,CS Oral Care,NON FOOD,4,40,0,0.00%,40,0.04%,0.07%
VEG BURGER,Burgers,FOOD,2,40,0,0.00%,40,0.02%,0.07%
BJORG ORGANIC FOURRES CHOCOLAT L,CS Organic Food,FOOD,1,38.75,0,0.00%,38.75,0.01%,0.07%
AL AIN FRESH ORANGE JUICE 330ML,CS Packet Juice,BEVERAGE,9,38.25,0,0.00%,38.25,0.08%,0.07%
Mexican Melt,Pizza,FOOD,1,38,0,0.00%,38,0.01%,0.07%
HEINZ TUNA FLAKES OIL TIN 185GM,CS Can & Jar Food,FOOD,5,37.5,0,0.00%,37.5,0.04%,0.07%
PRINGLES ORIGINAL 165GM,CS Chips & Snacks,FOOD,4,37,0,0.00%,37,0.04%,0.06%
BARILLA PASTA SPAGHETTI NO.3 500,CS Pasta & Noodles,FOOD,5,36.25,0,0.00%,36.25,0.04%,0.06%
DOUBLE ESSPRESSO,Starbucks,FOOD,3,36,0,0.00%,36,0.03%,0.06%
Jalapenos,Pizza,FOOD,6,36,0,0.00%,36,0.05%,0.06%
LABELLO ORIGINAL CLASSIC CARE 4.,CS Facial Care,NON FOOD,3,36,0,0.00%,36,0.03%,0.06%
Muture Cheddar(V),Sandwiches,FOOD,2,36,0,0.00%,36,0.02%,0.06%
PEPSI DIET CAN,Softdrinks,BEVERAGE,9,36,0,0.00%,36,0.08%,0.06%
SLICED BREAD MULTI GRAIN MEDIUM,CS Bakery,FOOD,6,36,0,0.00%,36,0.05%,0.06%
Yoghurt,Yogurt,FOOD,3,36,0,0.00%,36,0.03%,0.06%
GILLETTE RAZOR FUSION 1UP ,CS Mens Care,NON FOOD,1,35.75,0,0.00%,35.75,0.01%,0.06%
HONEY MOON SQUEEZY HONEY 500G,CS Can & Jar Food,FOOD,1,35.75,0,0.00%,35.75,0.01%,0.06%
ALWAYS MEGAPACK NORMAL WINGS 30 ,CS Sanitary Care,NON FOOD,2,35,0,0.00%,35,0.02%,0.06%
Delivery Charges,Delivery charge,LABOR CHARGE,7,35,0,0.00%,35,0.06%,0.06%
Isabella(V),Pizza,FOOD,1,35,0,0.00%,35,0.01%,0.06%
CstaniaMixSuperNuts350G,CS Nuts & Seeds,FOOD,1,34.5,0,0.00%,34.5,0.01%,0.06%
NUTELLA JAR 750GM,CS Can & Jar Food,FOOD,1,34.25,0,0.00%,34.25,0.01%,0.06%
ILD DE FRANCE CHEESE CAMEMBERT 2,CS Dairy ,FOOD,1,34,0,0.00%,34,0.01%,0.06%
Pear,CS Fresh Fruit,FOOD,17,34,0,0.00%,34,0.15%,0.06%
Oatmeal Porridge,Breakfast,FOOD,11,33,0,0.00%,33,0.10%,0.06%
ORAL B FLOSS WAXED,CS Oral Care,NON FOOD,3,33,0,0.00%,33,0.03%,0.06%
Asst. Rolls Two,Breakfast,FOOD,16,32,0,0.00%,32,0.14%,0.06%
Lahmacun,Pizza,FOOD,1,32,0,0.00%,32,0.01%,0.06%
Peanut Butter & Jelly(V),Sandwiches,FOOD,2,32,0,0.00%,32,0.02%,0.06%
TEA BAG JASMINE GREEN,Tea,FOOD,4,32,0,0.00%,32,0.04%,0.06%
KELLOGS BARS MILK CHOCO 04PCX1PK,CS Cereal,FOOD,2,31.5,0,0.00%,31.5,0.02%,0.06%
FAMILIA A.C.E BALANCE 600GM,CS Cereal,FOOD,1,31.25,0,0.00%,31.25,0.01%,0.05%
ALPRO SOYA ORIGINAL1L,CS Dairy ,BEVERAGE,2,31,0,0.00%,31,0.02%,0.05%
CEYLON GINGER LOOSE TEA,Tea,FOOD,3,30,0,0.00%,30,0.03%,0.05%
CORN FLAKES KELLOGS 500GM,CS Cereal,FOOD,2,30,0,0.00%,30,0.02%,0.05%
ENERGIZER AA 4 PCS,CS Others,NON FOOD,2,30,0,0.00%,30,0.02%,0.05%
MAGNUM I/C ALMOND,CS Ice Cream,FOOD,4,30,0,0.00%,30,0.04%,0.05%
Mushrooms,Pizza,FOOD,5,30,0,0.00%,30,0.04%,0.05%
SCONES,Dessert,FOOD,3,30,0,0.00%,30,0.03%,0.05%
FINE TOILET ROLLS 2PLY X 10 PCS ,CS Tissue & Toilet Rolls,NON FOOD,2,29.5,0,0.00%,29.5,0.02%,0.05%
AL AIN FRESH PINEAPPLE JUICE 330,CS Packet Juice,BEVERAGE,3,29.25,0,0.00%,29.25,0.03%,0.05%
BJORG ORGANIC MUESLI NO SUGAR 37,CS Organic Food,FOOD,1,29.25,0,0.00%,29.25,0.01%,0.05%
OAT KING BAR APPLE STRUDEL 95GM,CS Cereal,FOOD,2,29,0,0.00%,29,0.02%,0.05%
ALO APPEAL POMELO JUICE,Fresh Juices,FOOD,2,28,0,0.00%,28,0.02%,0.05%
Berry Tart,Dessert,FOOD,2,28,0,0.00%,28,0.02%,0.05%
SUBSTITUTE SOYA,Soya Milk,FOOD,7,28,0,0.00%,28,0.06%,0.05%
SYOSS HAIR SPRAY STRONG HOLD 400,CS Soap & Handwash,NON FOOD,1,27.75,0,0.00%,27.75,0.01%,0.05%
LINDT EXCELLENCE 70% CACOA 100GM,CS Chocolate ,FOOD,2,27.5,0,0.00%,27.5,0.02%,0.05%
LINDT EXCELLENCE SEA SALT 100GM,CS Chocolate ,FOOD,2,27.5,0,0.00%,27.5,0.02%,0.05%
NIVEA TONER REFRESHING 200ML,CS Deodrants,NON FOOD,1,27.5,0,0.00%,27.5,0.01%,0.05%
SNAPPLE KIWI STRAWBERRY JUICE,CS Packet Juice,BEVERAGE,5,27.5,0,0.00%,27.5,0.04%,0.05%
FAIR & LOVELY FW ANTI MARKS 100G,CS Facial Care,NON FOOD,2,27,0,0.00%,27,0.02%,0.05%
FOUNTAIN SODA LARGE,Softdrinks,BEVERAGE,9,27,0,0.00%,27,0.08%,0.05%
HARIBO TROPIFRUTTI PACKET 160GM,CS Mint & Gum,FOOD,3,27,0,0.00%,27,0.03%,0.05%
POKKA ICED TEA PEACH 500ML,CS Packet Juice,BEVERAGE,9,27,0,0.00%,27,0.08%,0.05%
Salted Pistachios30g,Peannuts,FOOD,9,27,0,0.00%,27,0.08%,0.05%
A/G POP CORN MICROWAVE BUTTER 29,CS Can & Jar Food,FOOD,3,26.25,0,0.00%,26.25,0.03%,0.05%
DDR OETKER PEPPRONI PIZZA,CS Frozen Food,FOOD,1,26.25,0,0.00%,26.25,0.01%,0.05%
DR OETKER FUNGHI PIZZA,CS Frozen Food,FOOD,1,26.25,0,0.00%,26.25,0.01%,0.05%
DR OETKER VEGETABLE PIZZA,CS Frozen Food,FOOD,1,26.25,0,0.00%,26.25,0.01%,0.05%
EXTRA TABS SPEARMINT GUM,CS Mint & Gum,FOOD,7,26.25,0,0.00%,26.25,0.06%,0.05%
NIVEA EYE MAKEUP REMOVER 125ML,CS Facial Care,NON FOOD,1,26.25,0,0.00%,26.25,0.01%,0.05%
BERRY CO BLUEBERRY JUICE 1L,CS Packet Juice,BEVERAGE,2,26,0,0.00%,26,0.02%,0.05%
BERRY CO POMEGRANTE JUICE 1L,CS Packet Juice,BEVERAGE,2,26,0,0.00%,26,0.02%,0.05%
CARTE D'OR SMALL CUP STRAWBERRY,CS Chocolate ,FOOD,4,26,0,0.00%,26,0.04%,0.05%
GLOBAL STREET MAIN,Main course,FOOD,1,26,0,0.00%,26,0.01%,0.05%
ILE DE FRANCE CHEESE PETIT CAMEM,CS Dairy ,FOOD,1,26,0,0.00%,26,0.01%,0.05%
SENSODYNE GEL 100M,CS Oral Care,NON FOOD,1,26,0,0.00%,26,0.01%,0.05%
BEST CAN PECAN SALTED 110GM,CS Nuts & Seeds,FOOD,1,25.5,0,0.00%,25.5,0.01%,0.04%
BJORG ORGANIC OAT FLAKES 500GM,CS Organic Food,FOOD,1,25.5,0,0.00%,25.5,0.01%,0.04%
ENERGIZER AA 2 PCS,CS Others,NON FOOD,3,25.5,0,0.00%,25.5,0.03%,0.04%
TRESEMME SH SPLIT REMEDY 500ML,CS Shampoo & Conditioner,NON FOOD,1,25.5,0,0.00%,25.5,0.01%,0.04%
ARIEL 260GM GREEN,CS Laundry Care,NON FOOD,5,25,0,0.00%,25,0.04%,0.04%
EXTRA BIG BOTTLE STRAWBERRY,CS Mint & Gum,FOOD,2,25,0,0.00%,25,0.02%,0.04%
GALLON WATER DEPOSIT,CS Others,BEVERAGE,1,25,0,0.00%,25,0.01%,0.04%
JOHNSONS COTTON BALLS 50 PCS,CS Facial Care,NON FOOD,2,25,0,0.00%,25,0.02%,0.04%
WELLA CD MOISTURE 500ML,CS Shampoo & Conditioner,NON FOOD,1,24.75,0,0.00%,24.75,0.01%,0.04%
MUFFIN CHOCOLATE,CS Bakery,FOOD,7,24.5,0,0.00%,24.5,0.06%,0.04%
NUTELLA 400GM,CS Can & Jar Food,FOOD,1,24.5,0,0.00%,24.5,0.01%,0.04%
PURELL REFRESHING HAND SANITIZER,CS Soap & Handwash,NON FOOD,2,24.5,0,0.00%,24.5,0.02%,0.04%
ADD FLAVOURED SYRUP,Starbucks,FOOD,6,24,0,0.00%,24,0.05%,0.04%
Brownie,Dessert,FOOD,2,24,0,0.00%,24,0.02%,0.04%
Carrot Cake,Dessert,FOOD,2,24,0,0.00%,24,0.02%,0.04%
Choc Caramel Eclair,Dessert,FOOD,2,24,0,0.00%,24,0.02%,0.04%
CROISSANT HI BUTTER CHOCOLATE,CS Bakery,FOOD,6,24,0,0.00%,24,0.05%,0.04%
GATORADE PINK LEMONADE,Energy Drinks,BEVERAGE,2,24,0,0.00%,24,0.02%,0.04%
GLASS OF SOYA MILK,Soya Milk,FOOD,4,24,0,0.00%,24,0.04%,0.04%
Grilled Veg Olives,Pizza,FOOD,4,24,0,0.00%,24,0.04%,0.04%
MilkHalfCrem1Ltr ,CS Dairy ,FOOD,6,24,0,0.00%,24,0.05%,0.04%
SPRITE LIGHT CAN,Softdrinks,BEVERAGE,6,24,0,0.00%,24,0.05%,0.04%
Vegetable Noodles,Main course,FOOD,3,24,0,0.00%,24,0.03%,0.04%
WELLA SH REPAIR 500ML,CS Shampoo & Conditioner,NON FOOD,1,23.5,0,0.00%,23.5,0.01%,0.04%
WELL SH MOISTURE 500ML,CS Shampoo & Conditioner,NON FOOD,1,23.5,0,0.00%,23.5,0.01%,0.04%
ALWAYS NIGHT WINGS 8 PCS,CS Sanitary Care,NON FOOD,3,23.25,0,0.00%,23.25,0.03%,0.04%
FUN PLASTIC SPOON PLUM 18PCS,CS Disposable,NON FOOD,3,23.25,0,0.00%,23.25,0.03%,0.04%
BARILLA RICOTTA400G,CS Sauce,FOOD,1,23,0,0.00%,23,0.01%,0.04%
CLEAR WOMEN HERBAL FUSION 400ML,CS Shampoo & Conditioner,NON FOOD,1,23,0,0.00%,23,0.01%,0.04%
LIFEBUOY HW NATURE 200ML,CS Soap & Handwash,NON FOOD,2,23,0,0.00%,23,0.02%,0.04%
Toast,Breakfast,FOOD,23,23,0,0.00%,23,0.20%,0.04%
PRINGLES 40GM BBQ,CS Chips & Snacks,FOOD,7,22.75,0,0.00%,22.75,0.06%,0.04%
PRO BAR STRAWBERRY BLISS 85G,CS Chocolate ,FOOD,1,22.75,0,0.00%,22.75,0.01%,0.04%
TIDE ORIGINAL SCENT 1.5KG,CS Laundry Care,NON FOOD,1,22.75,0,0.00%,22.75,0.01%,0.04%
AL AIN WATER 5 LTR,CS Water,BEVERAGE,9,22.5,0,0.00%,22.5,0.08%,0.04%
DOUGHNUT CHOCOLATE,CS Bakery,FOOD,9,22.5,0,0.00%,22.5,0.08%,0.04%
Lacnor Low Fat Milk 1L,CS Dairy ,BEVERAGE,5,22.5,0,0.00%,22.5,0.04%,0.04%
MAGNUM I/C WHITE,CS Ice Cream,FOOD,3,22.5,0,0.00%,22.5,0.03%,0.04%
PHILADELPHIA CHEESE SPREAD 200GM,CS Dairy ,FOOD,2,22.5,0,0.00%,22.5,0.02%,0.04%
SYOSS HAIR MASK REPAIR THERAPY 2,CS Soap & Handwash,NON FOOD,1,22.5,0,0.00%,22.5,0.01%,0.04%
16 OZ ICED SOYA PUMPKIN SPICED L,Coffee,FOOD,1,22,0,0.00%,22,0.01%,0.04%
Lemon,CS Fresh Vegatables,FOOD,11,22,0,0.00%,22,0.10%,0.04%
LUX HW SWEET EMBRACE 250ML,CS Shampoo & Conditioner,NON FOOD,2,22,0,0.00%,22,0.02%,0.04%
LUX HW VELVET TOUCH 250ML,CS Soap & Handwash,NON FOOD,2,22,0,0.00%,22,0.02%,0.04%
Roast Beef,Sandwiches,FOOD,1,22,0,0.00%,22,0.01%,0.04%
BARILLA PASTA SPAGHETTI NO.7 500,CS Pasta & Noodles,FOOD,3,21.75,0,0.00%,21.75,0.03%,0.04%
YUM YUM SMOOTH PEANUT BUTTER 400,CS Can & Jar Food,FOOD,2,21.5,0,0.00%,21.5,0.02%,0.04%
BEST CAN MACADEMIA 110G,CS Dry Fruits,FOOD,1,21.25,0,0.00%,21.25,0.01%,0.04%
16 OZ SOYA CAFFE LATTE,Coffee,FOOD,1,21,0,0.00%,21,0.01%,0.04%
AL AIN FRESH GRAPEFRUIT JUICE330,CS Packet Juice,BEVERAGE,3,21,0,0.00%,21,0.03%,0.04%
BISCUITSDIGES250 ,Biscuit & Cookies,FOOD,2,21,0,0.00%,21,0.02%,0.04%
RED BULL SUGAR FREE 250ML,CS Sports & Energy Drinks,BEVERAGE,3,21,0,0.00%,21,0.03%,0.04%
SENSODYNE TP TOTAL CARE 100GM,CS Oral Care,NON FOOD,1,21,0,0.00%,21,0.01%,0.04%
VITA COCO PINEAPPLE 330ML,Convenience Beverages,BEVERAGE,2,21,0,0.00%,21,0.02%,0.04%
ANCHOR BUTTER UNSALTED 454G,CS Dairy ,FOOD,1,20.5,0,0.00%,20.5,0.01%,0.04%
DvAntiDndrf400m,CS Shampoo & Conditioner,NON FOOD,1,20.5,0,0.00%,20.5,0.01%,0.04%
16 OZ FRAPPUCINO CARAMEL,Starbucks,FOOD,1,20,0,0.00%,20,0.01%,0.03%
Cold Cuts,Breakfast,FOOD,4,20,0,0.00%,20,0.04%,0.03%
Cookie,Dessert,FOOD,4,20,0,0.00%,20,0.04%,0.03%
CROISSANT HI BUTTER ZATAR,CS Bakery,FOOD,5,20,0,0.00%,20,0.04%,0.03%
FANTA ORANGE CAN,Softdrinks,BEVERAGE,5,20,0,0.00%,20,0.04%,0.03%
Homemade Beef Burger,Burgers,FOOD,1,20,0,0.00%,20,0.01%,0.03%
JOHNSONS BABY OIL 200ML,CS Baby Care,NON FOOD,1,20,0,0.00%,20,0.01%,0.03%
MANI 20G SWEET COCKTAIL NUTS FRU,CS Dry Fruits,FOOD,8,20,0,0.00%,20,0.07%,0.03%
MOROCCAN LOOSE TEA,Tea,FOOD,2,20,0,0.00%,20,0.02%,0.03%
SUBSTITUTE SOYA ALMOND,Soya Milk,FOOD,5,20,0,0.00%,20,0.04%,0.03%
DOVE SHOWER NOURISHING 250ML,CS Bath & Shower,NON FOOD,1,19.25,0,0.00%,19.25,0.01%,0.03%
16 OZ CARAMEL LATTE,Starbucks,FOOD,1,19,0,0.00%,19,0.01%,0.03%
DOVE BODY LOTION CUCUMBER GREEN ,CS Body Care,NON FOOD,1,19,0,0.00%,19,0.01%,0.03%
EGG Mayo & Spring Onion,Sandwiches,FOOD,1,19,0,0.00%,19,0.01%,0.03%
GATORADE PINK LEMONDAE PET 500ML,CS Sports & Energy Drinks,BEVERAGE,4,19,0,0.00%,19,0.04%,0.03%
SCRUMMIES BLACKCURRANT CRANBERRI,CS Dry Fruits,FOOD,4,19,0,0.00%,19,0.04%,0.03%
ALL BRAN FLAKES KELLOGS 500GM,CS Cereal,FOOD,1,18.75,0,0.00%,18.75,0.01%,0.03%
OB APPLICATOR NORMAL 16 PCS,CS Sanitary Care,NON FOOD,1,18.75,0,0.00%,18.75,0.01%,0.03%
PRINGLES SALT VINEGAR 165GM,CS Chips & Snacks,FOOD,2,18.5,0,0.00%,18.5,0.02%,0.03%
AXE DEO ANARCHY 4 HIM 150ML,CS Deodrants,NON FOOD,1,18.25,0,0.00%,18.25,0.01%,0.03%
16 OZ ICED CARAMEL LATTE,Starbucks,FOOD,1,18,0,0.00%,18,0.01%,0.03%
BRIE PORT CHEESE COEUR DE LION 1,CS Dairy ,FOOD,1,18,0,0.00%,18,0.01%,0.03%
Glazed Veg,Sandwiches,FOOD,1,18,0,0.00%,18,0.01%,0.03%
HARIBO HAPPY COLA PACKET 160GM,CS Mint & Gum,FOOD,2,18,0,0.00%,18,0.02%,0.03%
HARIBO PEACHES PACKET 160GM,CS Mint & Gum,FOOD,2,18,0,0.00%,18,0.02%,0.03%
Manakeesh(V),Pizza,FOOD,1,18,0,0.00%,18,0.01%,0.03%
MCVITIES DIGESTIVE LIGHT 400GM,Biscuit & Cookies,FOOD,1,18,0,0.00%,18,0.01%,0.03%
Rainbow Low Fat 160ml,CS Dairy ,FOOD,6,18,0,0.00%,18,0.05%,0.03%
SLICED BREAD BROWN JUMBO,CS Bakery,FOOD,4,18,0,0.00%,18,0.04%,0.03%
RED LABEL INDIAN LOOSE TEA 400GM,CS Tea,FOOD,1,17.75,0,0.00%,17.75,0.01%,0.03%
AL AIN KIWI APPLE YOGHURT 125GM,CS Dairy ,FOOD,10,17.5,0,0.00%,17.5,0.09%,0.03%
CARTE D'OR PINT STRAWBERRY,CS Ice Cream,FOOD,1,17.5,0,0.00%,17.5,0.01%,0.03%
CROISSANT HI BUTTER PLAIN,CS Bakery,FOOD,5,17.5,0,0.00%,17.5,0.04%,0.03%
SWISS DELICE TRUFFINO BISCUITS 1,CS Chocolate ,FOOD,1,17.5,0,0.00%,17.5,0.01%,0.03%
ALWAYS PANTYR LINER 40 NORMAL,CS Sanitary Care,NON FOOD,1,17.25,0,0.00%,17.25,0.01%,0.03%
BEST CAN SUPER CASHEW 110GM,CS Nuts & Seeds,FOOD,1,17.25,0,0.00%,17.25,0.01%,0.03%
SIBLOU 10 FISH FINGERS 250GM,CS Frozen Food,FOOD,1,17.25,0,0.00%,17.25,0.01%,0.03%
SMINT POCKET LEMON ,CS Mint & Gum,FOOD,3,17.25,0,0.00%,17.25,0.03%,0.03%
12 OZ CARAMEL LATTE,Starbucks,FOOD,1,17,0,0.00%,17,0.01%,0.03%
16 OZ ICED CHOCOLATE,Starbucks,FOOD,1,17,0,0.00%,17,0.01%,0.03%
ENERGIZER AAA 2 PCS,CS Others,NON FOOD,2,17,0,0.00%,17,0.02%,0.03%
BEST 13GM ALMOND,CS Nuts & Seeds,FOOD,11,16.5,0,0.00%,16.5,0.10%,0.03%
MamanWildBlubryPrsrv,CS Can & Jar Food,FOOD,1,16.5,0,0.00%,16.5,0.01%,0.03%
GALAXY HAZELNUT 40GM,CS Chocolate ,FOOD,5,16.25,0,0.00%,16.25,0.04%,0.03%
JUNGLE OAT BANANA & TOFFEE 500G,CS Cereal,FOOD,1,16.25,0,0.00%,16.25,0.01%,0.03%
KIT KAT 2 FINGERS,CS Chocolate ,FOOD,13,16.25,0,0.00%,16.25,0.11%,0.03%
M&M MINIS TUBE 30GM,CS Chocolate ,FOOD,5,16.25,0,0.00%,16.25,0.04%,0.03%
OB TAMPONS NORMAL 16PCS,CS Sanitary Care,NON FOOD,1,16.25,0,0.00%,16.25,0.01%,0.03%
12 OZ SOYA CAPPUCCINO,Coffee,FOOD,1,16,0,0.00%,16,0.01%,0.03%
AL AIN FRESH MANGO JUICE 330ML,CS Packet Juice,BEVERAGE,2,16,0,0.00%,16,0.02%,0.03%
AlwaysUltrThin,CS Sanitary Care,NON FOOD,2,16,0,0.00%,16,0.02%,0.03%
CORN ON THE COB,Salads,FOOD,2,16,0,0.00%,16,0.02%,0.03%
CROISSANT BUTTER CHEESE,CS Bakery,FOOD,4,16,0,0.00%,16,0.04%,0.03%
FUN PLASTIC PLATE FUCHSIA 10PCS ,CS Disposable,NON FOOD,2,16,0,0.00%,16,0.02%,0.03%
HIBISCUS ICED TEA,Tea,FOOD,2,16,0,0.00%,16,0.02%,0.03%
JASMINE ICED TEA,Tea,FOOD,2,16,0,0.00%,16,0.02%,0.03%
LAYS 40GM FRENCH CHEESE,CS Chips & Snacks,FOOD,8,16,0,0.00%,16,0.07%,0.03%
Panadol96 ,CS Others,NON FOOD,16,16,0,0.00%,16,0.14%,0.03%
BAHLSEN LEIBNIZ MINIS BUTTER 100,Biscuit & Cookies,FOOD,3,15.75,0,0.00%,15.75,0.03%,0.03%
BEST CAN CASHEWS SALTED 110GM,CS Nuts & Seeds,FOOD,1,15.75,0,0.00%,15.75,0.01%,0.03%
SCHOGETTEN PRALINE NOISETTES 100,CS Chocolate ,FOOD,3,15.75,0,0.00%,15.75,0.03%,0.03%
DOVE+MCCCDS150ML,CS Shampoo & Conditioner,NON FOOD,1,15.5,0,0.00%,15.5,0.01%,0.03%
DOVECCMBER&GTSPRAY,CS Deodrants,NON FOOD,1,15.5,0,0.00%,15.5,0.01%,0.03%
COMFORT BABY CONCENTRATE 750ML,CS Laundry Care,NON FOOD,1,15.25,0,0.00%,15.25,0.01%,0.03%
COMFORT LAVENDER MAGNOLIA CONCEN,CS Laundry Care,NON FOOD,1,15.25,0,0.00%,15.25,0.01%,0.03%
AL AIN FRESH WATERMELON JUICE 33,CS Packet Juice,BEVERAGE,2,15,0,0.00%,15,0.02%,0.03%
AM Chd Sli 200,CS Dairy ,FOOD,2,15,0,0.00%,15,0.02%,0.03%
BOUNTY BAR 57GM,CS Chocolate ,FOOD,5,15,0,0.00%,15,0.04%,0.03%
COKE ZERO CAN 300M,CS Soft Drinks,BEVERAGE,10,15,0,0.00%,15,0.09%,0.03%
DR OETKER H.B PICK STICK CANDLE,CS Disposable,NON FOOD,1,15,0,0.00%,15,0.01%,0.03%
ENERGIZER AAA 4 PCS,CS Others,NON FOOD,1,15,0,0.00%,15,0.01%,0.03%
Extra Cheese,Cheese,FOOD,5,15,0,0.00%,15,0.04%,0.03%
HNZ FZ MIX VEG450g,CS Can & Jar Food,FOOD,1,15,0,0.00%,15,0.01%,0.03%
NIVEA MEN SHOWER SILVER PROTECT ,CS Bath & Shower,NON FOOD,1,15,0,0.00%,15,0.01%,0.03%
SCHWEPPES GINGER ALE 300M,CS Soft Drinks,BEVERAGE,10,15,0,0.00%,15,0.09%,0.03%
SLICED BREAD WHITE JUMBO,CS Bakery,FOOD,3,15,0,0.00%,15,0.03%,0.03%
TOBLERONE 50GM,CS Chocolate ,FOOD,3,15,0,0.00%,15,0.03%,0.03%
DOVE ROLLON EXTRA FRESH 50ML,CS Deodrants,NON FOOD,1,14.75,0,0.00%,14.75,0.01%,0.03%
DOVE HAND CREAM ESSENTIAL NOURIS,CS Shampoo & Conditioner,NON FOOD,1,14.25,0,0.00%,14.25,0.01%,0.02%
DOVE HAND CREAM SHEA BUTTER VANI,CS Body Care,NON FOOD,1,14.25,0,0.00%,14.25,0.01%,0.02%
REXONA STICK WOMEN POWDER 40GM,CS Deodrants,NON FOOD,1,14.25,0,0.00%,14.25,0.01%,0.02%
VASELINE LOTION HEALING MUSK 200,CS Soap & Handwash,NON FOOD,1,14.25,0,0.00%,14.25,0.01%,0.02%
AL AIN LABAN 250ML,CS Dairy ,FOOD,7,14,0,0.00%,14,0.06%,0.02%
AL AIN PINEAPPLE YOGHURT 125GM,CS Dairy ,FOOD,8,14,0,0.00%,14,0.07%,0.02%
ALO EXPOSED ALO JUICE,Fresh Juices,FOOD,1,14,0,0.00%,14,0.01%,0.02%
AXE SHOWER GEL EXCITE 250ML,CS Bath & Shower,NON FOOD,1,14,0,0.00%,14,0.01%,0.02%
CORNETTO I/C LOVE TOFFEE,CS Ice Cream,FOOD,2,14,0,0.00%,14,0.02%,0.02%
LUX BAR CREAMY PERFECTION 120GM,CS Soap & Handwash,NON FOOD,4,14,0,0.00%,14,0.04%,0.02%
REXONA ROLL ON SPORT DEFENCE 50M,CS Deodrants,NON FOOD,1,14,0,0.00%,14,0.01%,0.02%
LINDT EXCELLENCE LIME INTENSE 10,CS Chocolate ,FOOD,1,13.75,0,0.00%,13.75,0.01%,0.02%
PERRIER WATER SLIM CAN 250ML,Convenience Beverages,BEVERAGE,5,13.75,0,0.00%,13.75,0.04%,0.02%
CLEAR SH WOMEN ANTI HAIRFALL 200,CS Shampoo & Conditioner,NON FOOD,1,13.5,0,0.00%,13.5,0.01%,0.02%
CLEAR SH WOMEN ICE COOL 200ML,CS Deodrants,NON FOOD,1,13.5,0,0.00%,13.5,0.01%,0.02%
Lacnor Full Fat Milk 1L ,CS Dairy ,BEVERAGE,3,13.5,0,0.00%,13.5,0.03%,0.02%
MALTESERS 175G,CS Chocolate ,FOOD,1,13.25,0,0.00%,13.25,0.01%,0.02%
ALWAYS LARGE 10 PCS,CS Sanitary Care,NON FOOD,2,13,0,0.00%,13,0.02%,0.02%
BERRY CO CRANBERRY 1L,CS Packet Juice,BEVERAGE,1,13,0,0.00%,13,0.01%,0.02%
BERRY CO GOJI BERRY JUICE 1L,CS Packet Juice,BEVERAGE,1,13,0,0.00%,13,0.01%,0.02%
CARTE D'OR SMALL CUP CHOCOLATE,CS Chocolate ,FOOD,2,13,0,0.00%,13,0.02%,0.02%
JOHNSONS BODY WASH ROSE WATER 25,CS Bath & Shower,NON FOOD,1,13,0,0.00%,13,0.01%,0.02%
NIVEA ROLL FEMALE STRESS PROTECT,CS Deodrants,NON FOOD,1,13,0,0.00%,13,0.01%,0.02%
PRINGLES 40GM HOT & SPICY,CS Chips & Snacks,FOOD,4,13,0,0.00%,13,0.04%,0.02%
TOBLERONE WHITE 35GM,CS Chocolate ,FOOD,4,13,0,0.00%,13,0.04%,0.02%
TWIX TWIN BAR 50GM,CS Chocolate ,FOOD,4,13,0,0.00%,13,0.04%,0.02%
ALPEN BAR FRUIT NUT MILK CHOCOLA,CS Cereal,FOOD,3,12.75,0,0.00%,12.75,0.03%,0.02%
BROOKBOND TEA BAG 25 PCS,CS Tea,FOOD,3,12.75,0,0.00%,12.75,0.03%,0.02%
LIPTON PYRAMID LEMON GINGER TEA ,CS Tea,FOOD,1,12.75,0,0.00%,12.75,0.01%,0.02%
LUX BW VELVET TOUCH 250ML,CS Body Care,NON FOOD,1,12.75,0,0.00%,12.75,0.01%,0.02%
VOLVIC WATER 500ML,CS Water,BEVERAGE,3,12.75,0,0.00%,12.75,0.03%,0.02%
EXTRA BIG BOTTLE WATERMELON,CS Mint & Gum,FOOD,1,12.5,0,0.00%,12.5,0.01%,0.02%
HANSAPLAST HEALING CREAM 12 STRI,CS Others,NON FOOD,1,12.5,0,0.00%,12.5,0.01%,0.02%
LAYS SALT VINEGAR 185GM,CS Chips & Snacks,FOOD,2,12.5,0,0.00%,12.5,0.02%,0.02%
LAYS TOMATO KETCHUP 185GM,CS Chips & Snacks,FOOD,2,12.5,0,0.00%,12.5,0.02%,0.02%
DOVE HAIR CONDITIONER DAILY CARE,CS Shampoo & Conditioner,NON FOOD,1,12.25,0,0.00%,12.25,0.01%,0.02%
Add Cheese,Extras,FOOD,4,12,0,0.00%,12,0.04%,0.02%
ADD ESPRESSO SHOT,Starbucks,FOOD,3,12,0,0.00%,12,0.03%,0.02%
AL AIN WATER 500ML,Water,BEVERAGE,12,12,0,0.00%,12,0.11%,0.02%
B.BAG SEA SALT150g,CS Chips & Snacks,FOOD,1,12,0,0.00%,12,0.01%,0.02%
EXTRA FRUIT FLVR 14PCS,CS Mint & Gum,FOOD,3,12,0,0.00%,12,0.03%,0.02%
FAMILIA 50GM MUESLI ORIGINAL,CS Cereal,FOOD,3,12,0,0.00%,12,0.03%,0.02%
GATORADE BLUE BOLT,Energy Drinks,BEVERAGE,1,12,0,0.00%,12,0.01%,0.02%
GYMA BLACK PEPPER 28G,CS Spices & Herbs,FOOD,2,12,0,0.00%,12,0.02%,0.02%
LIP BLUE FRUITS15 PYRAMID TB,CS Tea,FOOD,1,12,0,0.00%,12,0.01%,0.02%
LIPTON LEMON ICED TEA,Tea,BEVERAGE,3,12,0,0.00%,12,0.03%,0.02%
Mash and Gravy,Extras,FOOD,2,12,0,0.00%,12,0.02%,0.02%
Open Food,Open Food,FOOD,1,12,0,0.00%,12,0.01%,0.02%
Pineapple,Pizza,FOOD,2,12,0,0.00%,12,0.02%,0.02%
SLICED BREAD WHITE MEDIUM,CS Bakery,FOOD,4,12,0,0.00%,12,0.04%,0.02%
SMINT CANDY GUM STRAWBERRY 14.2G,CS Mint & Gum,FOOD,3,12,0,0.00%,12,0.03%,0.02%
DOLMIO BOLOGNESE ORIGINAL SAUCE ,CS Sauce,FOOD,1,11.5,0,0.00%,11.5,0.01%,0.02%
LIFEBUOY HW KITCHEN FRESH 200ML,CS Soap & Handwash,NON FOOD,1,11.5,0,0.00%,11.5,0.01%,0.02%
AL AIN YOGHURT FULL CREAM 170GM,CS Dairy ,FOOD,9,11.25,0,0.00%,11.25,0.08%,0.02%
DOMESTOS BLEACH LEMON FRESH 750M,CS Cleaning Supplies,NON FOOD,1,11.25,0,0.00%,11.25,0.01%,0.02%
CADBURY DM CHOCOLATE 230GM,CS Chocolate ,FOOD,1,11,0,0.00%,11,0.01%,0.02%
LUX HW SOFT TOUCH 250ML,CS Soap & Handwash,NON FOOD,1,11,0,0.00%,11,0.01%,0.02%
PANTENE SH DAILY CARE 200ML,CS Shampoo & Conditioner,NON FOOD,1,11,0,0.00%,11,0.01%,0.02%
YUM YUM NO SUGAR PEANUT BUTTER 4,CS Can & Jar Food,FOOD,1,10.75,0,0.00%,10.75,0.01%,0.02%
CASTANIA CASHEW 60G,CS Nuts & Seeds,FOOD,1,10.5,0,0.00%,10.5,0.01%,0.02%
CROISSANT PLAIN,CS Bakery,FOOD,7,10.5,0,0.00%,10.5,0.06%,0.02%
EMMENTHAL CHEESE GRATED 150G,CS Dairy ,FOOD,1,10.5,0,0.00%,10.5,0.01%,0.02%
MUFFIN BLUEBERRY,CS Bakery,FOOD,3,10.5,0,0.00%,10.5,0.03%,0.02%
ORAL B BRUSH CLASSIC,CS Oral Care,NON FOOD,3,10.5,0,0.00%,10.5,0.03%,0.02%
PEPSI CAN 355ML ,CS Soft Drinks,BEVERAGE,7,10.5,0,0.00%,10.5,0.06%,0.02%
SCHWEPPES TONIC WATER CAN 300M,CS Soft Drinks,BEVERAGE,7,10.5,0,0.00%,10.5,0.06%,0.02%
VASELINE PETROLEUM JELLY 60ML,CS Body Care,NON FOOD,2,10.5,0,0.00%,10.5,0.02%,0.02%
VITA COCO LEMONADE COCONUT 330ML,CS Packet Juice,BEVERAGE,1,10.5,0,0.00%,10.5,0.01%,0.02%
VITA COCO PEACH & MANGO 330ML,Convenience Beverages,BEVERAGE,1,10.5,0,0.00%,10.5,0.01%,0.02%
LABELLO MEN ACTIVE CARE 4.8G,CS Facial Care,NON FOOD,1,10.25,0,0.00%,10.25,0.01%,0.02%
AL AIN YOGHURT LOW FAT 170GM,CS Dairy ,FOOD,8,10,0,0.00%,10,0.07%,0.02%
Beef Bacon,Breakfast,FOOD,2,10,0,0.00%,10,0.02%,0.02%
BRILLIANT BREAKFAST LOOSE TEA,Tea,FOOD,1,10,0,0.00%,10,0.01%,0.02%
CAPRISUN APPLE,CS Packet Juice,BEVERAGE,10,10,0,0.00%,10,0.09%,0.02%
CROISSANT CHEESE,CS Bakery,FOOD,5,10,0,0.00%,10,0.04%,0.02%
CROISSANT CHOCOLATE,CS Bakery,FOOD,4,10,0,0.00%,10,0.04%,0.02%
EARL GREY LOOSE TEA,Tea,FOOD,1,10,0,0.00%,10,0.01%,0.02%
EXTRA PELLET PEPPERMINT GUM,CS Mint & Gum,FOOD,5,10,0,0.00%,10,0.04%,0.02%
KAGI SWISS WAFERS CHOCOLATE 50G,CS Mint & Gum,FOOD,2,10,0,0.00%,10,0.02%,0.02%
LAYS 40GM CHILLI,CS Chips & Snacks,FOOD,5,10,0,0.00%,10,0.04%,0.02%
MIXED NUT & CEREAL 8 OZ,Peannuts,FOOD,1,10,0,0.00%,10,0.01%,0.02%
SINGLE ESSPRESSO,Starbucks,FOOD,1,10,0,0.00%,10,0.01%,0.02%
ALMARAI JAR CREAM SPREAD CHEESE ,CS Dairy ,FOOD,1,9.75,0,0.00%,9.75,0.01%,0.02%
EXTRA PROFESSIONAL WHITE GUM,CS Mint & Gum,FOOD,3,9.75,0,0.00%,9.75,0.03%,0.02%
M&M PEANUT 45GM,CS Chocolate ,FOOD,3,9.75,0,0.00%,9.75,0.03%,0.02%
MATESERES 37GM,CS Chocolate ,FOOD,3,9.75,0,0.00%,9.75,0.03%,0.02%
PRINGLES 40GM ORIGINAL,CS Chips & Snacks,FOOD,3,9.75,0,0.00%,9.75,0.03%,0.02%
GATORADE GRAPE PET 500ML,CS Sports & Energy Drinks,BEVERAGE,2,9.5,0,0.00%,9.5,0.02%,0.02%
GATORADE TOPICL FRUIT PET 500ML,CS Sports & Energy Drinks,BEVERAGE,2,9.5,0,0.00%,9.5,0.02%,0.02%
SUNSILK SH STUNNING BLACK SHINE ,CS Shampoo & Conditioner,NON FOOD,1,9.5,0,0.00%,9.5,0.01%,0.02%
TAMRAH CHOCO CARAMEL ZIPPER BAG ,CS Dry Fruits,FOOD,1,9.5,0,0.00%,9.5,0.01%,0.02%
CRUNCHOS SUNFLOWER SEEDS 200GM,CS Dry Fruits,FOOD,1,9.25,0,0.00%,9.25,0.01%,0.02%
GLAD GARBAGE BAG SMALL 20L X 30,CS Bags/Foil/Wraps,NON FOOD,1,9.25,0,0.00%,9.25,0.01%,0.02%
PRINGLES KETCHUP 165GM,CS Chips & Snacks,FOOD,1,9.25,0,0.00%,9.25,0.01%,0.02%
AmricanGardenCarrot411g,CS Packet Food,FOOD,2,9,0,0.00%,9,0.02%,0.02%
CocoPopsCMB20g,CS Cereal,FOOD,3,9,0,0.00%,9,0.03%,0.02%
DOUGHNUT ICING WHITE,CS Bakery,FOOD,6,9,0,0.00%,9,0.05%,0.02%
EXT BAR BERRY,CS Cereal,FOOD,1,9,0,0.00%,9,0.01%,0.02%
FUNWDTOOTHPICK,CS Disposable,NON FOOD,2,9,0,0.00%,9,0.02%,0.02%
HANSAPALST 20 STRIPS UNIVERSAL,CS Others,NON FOOD,1,9,0,0.00%,9,0.01%,0.02%
HANSAPLAST 20 STRIPS ELASTIC 2 S,CS Others,NON FOOD,1,9,0,0.00%,9,0.01%,0.02%
NATURE VALLEY ROASTED ALMOND,CS Cereal,FOOD,3,9,0,0.00%,9,0.03%,0.02%
POCARI SWEAT PET 500ML,CS Sports & Energy Drinks,BEVERAGE,2,9,0,0.00%,9,0.02%,0.02%
POKKA LEMON ICED TEA 330ML,CS Soft Drinks,BEVERAGE,4,9,0,0.00%,9,0.04%,0.02%
Potato Wedges,Extras,FOOD,1,9,0,0.00%,9,0.01%,0.02%
MENTOS 38GM CHEWY FRUIT,CS Mint & Gum,FOOD,5,8.75,0,0.00%,8.75,0.04%,0.02%
BROWN BAG CHIPS 40GM SMOKED CHIL,CS Chips & Snacks,FOOD,2,8.5,0,0.00%,8.5,0.02%,0.01%
BEST CAN PEANUTS SALTED 110GM,CS Nuts & Seeds,FOOD,1,8.25,0,0.00%,8.25,0.01%,0.01%
ADD SOYA MILK,Starbucks,FOOD,4,8,0,0.00%,8,0.04%,0.01%
AL AIN WATER 1.5 LITER,Water,BEVERAGE,4,8,0,0.00%,8,0.04%,0.01%
BOGUTTI CHOCOFIT GOJI CRAN WHITE,Biscuit & Cookies,FOOD,1,8,0,0.00%,8,0.01%,0.01%
Granola,Dessert,FOOD,1,8,0,0.00%,8,0.01%,0.01%
HEINZ TUNA CHUNKS OIL TIN 185GM,CS Can & Jar Food,FOOD,1,8,0,0.00%,8,0.01%,0.01%
INDOMIE PILLOW 5 PCS HOT & SPICY,CS Pasta & Noodles,FOOD,1,8,0,0.00%,8,0.01%,0.01%
INDOMIE PILLOW 5 PCS SPECIAL CHI,CS Pasta & Noodles,FOOD,1,8,0,0.00%,8,0.01%,0.01%
Lemon Drizzle,Dessert,FOOD,1,8,0,0.00%,8,0.01%,0.01%
Pain an Raisin,Dessert,FOOD,1,8,0,0.00%,8,0.01%,0.01%
SMINT CANDY GUM BLACKBERRY 14.2G,CS Mint & Gum,FOOD,2,8,0,0.00%,8,0.02%,0.01%
SMINT CANDY GUM PEPPERMINT 14.2G,CS Mint & Gum,FOOD,2,8,0,0.00%,8,0.02%,0.01%
SUNSILK SHINE & STRENGTH 200ML,CS Shampoo & Conditioner,NON FOOD,1,8,0,0.00%,8,0.01%,0.01%
THE BERRY CO ACAI BERRY JUICE,Packet Juice,BEVERAGE,1,8,0,0.00%,8,0.01%,0.01%
THE BERRY CO CRANBERRY JUICE,Packet Juice,BEVERAGE,1,8,0,0.00%,8,0.01%,0.01%
SMINT POCKET PEPPERMINT,CS Mint & Gum,FOOD,1,7.75,0,0.00%,7.75,0.01%,0.01%
AlwaysUltraNightFresh6,CS Sanitary Care,NON FOOD,1,7.5,0,0.00%,7.5,0.01%,0.01%
CastaniaMixedNuts125G,CS Nuts & Seeds,FOOD,1,7.5,0,0.00%,7.5,0.01%,0.01%
LACNOR MILK STRAWBERRY 180ML,CS Packet Juice,BEVERAGE,6,7.5,0,0.00%,7.5,0.05%,0.01%
MAGNUM I/C CLASSIC,CS Ice Cream,FOOD,1,7.5,0,0.00%,7.5,0.01%,0.01%
SCHWEPPES SODA CAN 300M,CS Soft Drinks,BEVERAGE,5,7.5,0,0.00%,7.5,0.04%,0.01%
SPRITE CAN 330ML ,CS Soft Drinks,BEVERAGE,5,7.5,0,0.00%,7.5,0.04%,0.01%
AMLacto Free Milk 1L,CS Dairy ,FOOD,1,7,0,0.00%,7,0.01%,0.01%
FAMILIA 50GM MUESLI CHOCO,CS Cereal,FOOD,2,7,0,0.00%,7,0.02%,0.01%
KOKA CUP BEEF,CS Pasta & Noodles,FOOD,2,7,0,0.00%,7,0.02%,0.01%
MUFFIN APPLE,CS Bakery,FOOD,2,7,0,0.00%,7,0.02%,0.01%
PEPSODENT TP GERMICHECK+BRUSH 15,CS Oral Care,NON FOOD,1,7,0,0.00%,7,0.01%,0.01%
ALMARAI BURGER SLICE CHEESE 200G,CS Dairy ,FOOD,1,6.75,0,0.00%,6.75,0.01%,0.01%
SIGNAL TOOTHPASTE FRESH GREEN 12,CS Oral Care,NON FOOD,1,6.75,0,0.00%,6.75,0.01%,0.01%
CLOROX PINT FOR COLORS 470ML,CS Cleaning Supplies,NON FOOD,1,6.5,0,0.00%,6.5,0.01%,0.01%
DR OETKER NO.1 CANDLE,CS Disposable,NON FOOD,1,6.5,0,0.00%,6.5,0.01%,0.01%
DR OETKER NO.8 CANDLE,CS Disposable,NON FOOD,1,6.5,0,0.00%,6.5,0.01%,0.01%
"FALCON PAPER PLATES 7"" 100PCS",CS Disposable,NON FOOD,1,6.5,0,0.00%,6.5,0.01%,0.01%
FUN32OZMLTI,CS Disposable,NON FOOD,1,6.5,0,0.00%,6.5,0.01%,0.01%
LIPTON GREEN TEA LEMON TEA BAG 2,CS Tea,FOOD,1,6.5,0,0.00%,6.5,0.01%,0.01%
M&M CHOCOLATE 45GM,CS Chocolate ,FOOD,2,6.5,0,0.00%,6.5,0.02%,0.01%
LUX SUNLIGHT LEMON 400ML,CS Dishwashing,NON FOOD,1,6.25,0,0.00%,6.25,0.01%,0.01%
ORAL B BRUSH MAXI CLEAN,CS Oral Care,NON FOOD,1,6.25,0,0.00%,6.25,0.01%,0.01%
7 UP PET 500ML,Softdrinks,BEVERAGE,1,6,0,0.00%,6,0.01%,0.01%
AXE OIL SMALL,CS Others,NON FOOD,2,6,0,0.00%,6,0.02%,0.01%
BEST 30GM SALTED CASHEWS,CS Nuts & Seeds,FOOD,1,6,0,0.00%,6,0.01%,0.01%
CADBURY DM CHOCOLATE 37GM,CS Chocolate ,FOOD,2,6,0,0.00%,6,0.02%,0.01%
FrostiesCMB25g,CS Cereal,FOOD,2,6,0,0.00%,6,0.02%,0.01%
GLAD ALUMINIUM FOIL 25 SQ FEET,CS Bags/Foil/Wraps,NON FOOD,1,6,0,0.00%,6,0.01%,0.01%
Grilled Chicken,Pizza,FOOD,1,6,0,0.00%,6,0.01%,0.01%
NESCAFE SACHET RED MUG 1 PCS,CS Coffee,FOOD,8,6,0,0.00%,6,0.07%,0.01%
Peppers,Pizza,FOOD,1,6,0,0.00%,6,0.01%,0.01%
RiceKrispiesCMB20g,CS Cereal,FOOD,2,6,0,0.00%,6,0.02%,0.01%
INDOFOOD SAUCE LAMPUNG CHILI 340,CS Sauce,FOOD,1,5.75,0,0.00%,5.75,0.01%,0.01%
SMINT POCKET WILDBERRY,CS Mint & Gum,FOOD,1,5.75,0,0.00%,5.75,0.01%,0.01%
GROWERS PACKET HONEY PEANUTS,CS Nuts & Seeds,FOOD,1,5.5,0,0.00%,5.5,0.01%,0.01%
JOHNSONS BABY SKIN CARE WIPES 20,CS Baby Care,NON FOOD,1,5.5,0,0.00%,5.5,0.01%,0.01%
MARS BAR 51GM,CS Chocolate ,FOOD,2,5.5,0,0.00%,5.5,0.02%,0.01%
SNAPPLE FRUIT PUNCH JUICE,CS Packet Juice,BEVERAGE,1,5.5,0,0.00%,5.5,0.01%,0.01%
VOCHELLE DARK CHOC ALMOND 90G,CS Chocolate ,FOOD,1,5.5,0,0.00%,5.5,0.01%,0.01%
BAHLSEN LEIBNIZ ZOO 100GM,Biscuit & Cookies,FOOD,1,5.25,0,0.00%,5.25,0.01%,0.01%
MODERN BAKE PEANUT PEACAN ENERGY,CS Cereal,FOOD,1,5.25,0,0.00%,5.25,0.01%,0.01%
SCHOGETTEN DARK CHOCOLATE 100GM,CS Chocolate ,FOOD,1,5.25,0,0.00%,5.25,0.01%,0.01%
SCHOGETTEN KIDS 100GM,CS Chocolate ,FOOD,1,5.25,0,0.00%,5.25,0.01%,0.01%
ALGIDA I/C CLASSICS VANILLA,CS Chocolate ,FOOD,2,5,0,0.00%,5,0.02%,0.01%
Castania Peanut 60g,CS Nuts & Seeds,FOOD,1,5,0,0.00%,5,0.01%,0.01%
CORNETTO I/C CLASSICO CHOCOLATE,CS Ice Cream,FOOD,1,5,0,0.00%,5,0.01%,0.01%
CORNETTO I/C CLASSICO CREAM,CS Ice Cream,FOOD,1,5,0,0.00%,5,0.01%,0.01%
CROISSANT ZATAR,CS Bakery,FOOD,2,5,0,0.00%,5,0.02%,0.01%
NUTRO GLUCOSE MILK HONEY BISCUIT,Biscuit & Cookies,FOOD,5,5,0,0.00%,5,0.04%,0.01%
PEPSI LARGE 2.25L,CS Soft Drinks,BEVERAGE,1,5,0,0.00%,5,0.01%,0.01%
SNICKERS BAR,Chocolate,FOOD,1,5,0,0.00%,5,0.01%,0.01%
PERRIER WATER LEMON 330ML,CS Water,BEVERAGE,1,4.75,0,0.00%,4.75,0.01%,0.01%
SCRUMMIES STRAWBERRY CRANBERRIES,CS Dry Fruits,FOOD,1,4.75,0,0.00%,4.75,0.01%,0.01%
LACNOR PEACH 180ML,CS Packet Juice,BEVERAGE,3,4.5,0,0.00%,4.5,0.03%,0.01%
MOUNTAIN DEW CAN 335ML ,CS Soft Drinks,BEVERAGE,3,4.5,0,0.00%,4.5,0.03%,0.01%
Thyme 100m,CS Spices & Herbs,FOOD,1,4.5,0,0.00%,4.5,0.01%,0.01%
A/G TOMATOES STEWED 15OZ,CS Can & Jar Food,FOOD,1,4.25,0,0.00%,4.25,0.01%,0.01%
ALPEN BAR FRUIT NUT 28GM,CS Cereal,FOOD,1,4.25,0,0.00%,4.25,0.01%,0.01%
ADD CARAMEL DRIZZLE,Starbucks,FOOD,1,4,0,0.00%,4,0.01%,0.01%
ADD FLAVOURED SYRUP,Starbucks,FOOD,1,4,0,0.00%,4,0.01%,0.01%
ADD WHIPPED CREAM,Starbucks,FOOD,1,4,0,0.00%,4,0.01%,0.01%
AL AIN BENECOL YOGHURT 125GM,CS Dairy ,FOOD,2,4,0,0.00%,4,0.02%,0.01%
AL RABIE STRAWBERRY 330ML,Fresh Juices,BEVERAGE,1,4,0,0.00%,4,0.01%,0.01%
BAYARA EXTRA NUTS 50GM,CS Nuts & Seeds,FOOD,1,4,0,0.00%,4,0.01%,0.01%
BAYARA POWDER BOTTLE 100ML,CS Spices & Herbs,FOOD,1,4,0,0.00%,4,0.01%,0.01%
BEACON MARSHMALLOWS TWISTERS 150,CS Coffee,FOOD,1,4,0,0.00%,4,0.01%,0.01%
CAPRISUN MANGO,CS Packet Juice,BEVERAGE,4,4,0,0.00%,4,0.04%,0.01%
COKE PET 500ML,CS Soft Drinks,BEVERAGE,2,4,0,0.00%,4,0.02%,0.01%
EXTRA PELLET WHITE GUM,CS Mint & Gum,FOOD,2,4,0,0.00%,4,0.02%,0.01%
FOUNTAIN SODA SMALL,Softdrinks,BEVERAGE,2,4,0,0.00%,4,0.02%,0.01%
FUN WOODEN SPOON 25PCS,CS Disposable,NON FOOD,1,4,0,0.00%,4,0.01%,0.01%
MANI PEANUTS SPICY PAPRIKA 45G,CS Dry Fruits,FOOD,1,4,0,0.00%,4,0.01%,0.01%
PERRIER WATER 330ML,CS Water,BEVERAGE,1,4,0,0.00%,4,0.01%,0.01%
SMINT CANDY GUM MINT 14.2G,CS Mint & Gum,FOOD,1,4,0,0.00%,4,0.01%,0.01%
BREAD ROLL ENGLISH BROWN,CS Bakery,FOOD,1,3.5,0,0.00%,3.5,0.01%,0.01%
FITA CRACKERS 150G,Biscuit & Cookies,FOOD,1,3.5,0,0.00%,3.5,0.01%,0.01%
KOKA CUP CURRY,CS Pasta & Noodles,FOOD,1,3.5,0,0.00%,3.5,0.01%,0.01%
KOKA CUP NODLE VEG,CS Pasta & Noodles,FOOD,1,3.5,0,0.00%,3.5,0.01%,0.01%
KOKA CUP SEAFOOD,CS Pasta & Noodles,FOOD,1,3.5,0,0.00%,3.5,0.01%,0.01%
LUX BAR MAGICAL BEAUTY 120GM,CS Oral Care,NON FOOD,1,3.5,0,0.00%,3.5,0.01%,0.01%
MENTOS 38GM CHEWY COLA,CS Mint & Gum,FOOD,2,3.5,0,0.00%,3.5,0.02%,0.01%
WalkersChocolate Chips40g,Biscuits,FOOD,1,3.5,0,0.00%,3.5,0.01%,0.01%
EXTRA PROFESSIONAL FRESH MINT GU,CS Mint & Gum,FOOD,1,3.25,0,0.00%,3.25,0.01%,0.01%
GALAXY SMOOTH MILK 40GM,CS Chocolate ,FOOD,1,3.25,0,0.00%,3.25,0.01%,0.01%
VOLVIC WATER 330ML,CS Water,BEVERAGE,1,3.25,0,0.00%,3.25,0.01%,0.01%
7 UP CAN 355 ML,CS Soft Drinks,BEVERAGE,2,3,0,0.00%,3,0.02%,0.01%
Add Mini PastryCombo,Dessert,FOOD,3,3,0,0.00%,3,0.03%,0.01%
AL AIN MORNING BLACKBERRY MUSELI,CS Dairy ,FOOD,1,3,0,0.00%,3,0.01%,0.01%
AL MARAI CHEESE 8 TRIANGLES 120G,CS Dairy ,FOOD,1,3,0,0.00%,3,0.01%,0.01%
BEST 30GM SALTED PISTACHIO,CS Nuts & Seeds,FOOD,1,3,0,0.00%,3,0.01%,0.01%
GranAppleCunch,CS Cereal,FOOD,1,3,0,0.00%,3,0.01%,0.01%
POCARI SWEAT CAN 330ML,CS Soft Drinks,BEVERAGE,1,3,0,0.00%,3,0.01%,0.01%
RAINBOWEvpMilk160ML ,CS Dairy ,FOOD,1,3,0,0.00%,3,0.01%,0.01%
SNICKERS SINGLE BAR,CS Chocolate ,FOOD,1,3,0,0.00%,3,0.01%,0.01%
TOBLETOBLERONE MILK 35GM,CS Chocolate ,FOOD,1,3,0,0.00%,3,0.01%,0.01%
MANI 20G ALMONDS SMOKED BBQ,CS Dry Fruits,FOOD,1,2.75,0,0.00%,2.75,0.01%,0.00%
A/G IODIZED SALT 26OZ,CS Can & Jar Food,FOOD,1,2.5,0,0.00%,2.5,0.01%,0.00%
Al R. p.apple & Guava,CS Packet Juice,BEVERAGE,1,2.5,0,0.00%,2.5,0.01%,0.00%
AL RABIE LIME KIWI 330ML,CS Packet Juice,BEVERAGE,1,2.5,0,0.00%,2.5,0.01%,0.00%
Alrabi PineApple/Coconut330M,Fresh Juices,FOOD,1,2.5,0,0.00%,2.5,0.01%,0.00%
BEST 40GM MIXED NUTS,CS Nuts & Seeds,FOOD,1,2.5,0,0.00%,2.5,0.01%,0.00%
CLOROX HEAVY DUTY SCOURER 1PCS,CS Cleaning Supplies,NON FOOD,1,2.5,0,0.00%,2.5,0.01%,0.00%
LACNOR MILK BANANA 180ML,CS Packet Juice,BEVERAGE,2,2.5,0,0.00%,2.5,0.02%,0.00%
MENTOS CHEWY MINT 30GM,CS Mint & Gum,FOOD,2,2.5,0,0.00%,2.5,0.02%,0.00%
KIT KAT 4 FINGERS,CS Chocolate ,FOOD,1,2.25,0,0.00%,2.25,0.01%,0.00%
LAYS FORNO CHEESE 43GM,CS Chips & Snacks,FOOD,1,2.25,0,0.00%,2.25,0.01%,0.00%
NESCAFE CAPPUCINO SACHET 1PCS,CS Coffee,FOOD,1,2.25,0,0.00%,2.25,0.01%,0.00%
AL AIN FRUIT FOREST YOGHURT 125G,CS Dairy ,FOOD,1,2,0,0.00%,2,0.01%,0.00%
COKE LIGHT PET 500ML,CS Soft Drinks,BEVERAGE,1,2,0,0.00%,2,0.01%,0.00%
EXTRA PELLET WATERMELON GUM ,CS Mint & Gum,FOOD,1,2,0,0.00%,2,0.01%,0.00%
FANTA PET 500ML,CS Soft Drinks,BEVERAGE,1,2,0,0.00%,2,0.01%,0.00%
PEPSI DIET PET 500M,CS Soft Drinks,BEVERAGE,1,2,0,0.00%,2,0.01%,0.00%
PEPSI PET 500M,CS Soft Drinks,BEVERAGE,1,2,0,0.00%,2,0.01%,0.00%
SPRITE PET 500ML,CS Soft Drinks,BEVERAGE,1,2,0,0.00%,2,0.01%,0.00%
FRUIT TELLA STRAWBERRY 39G,CS Mint & Gum,FOOD,1,1.75,0,0.00%,1.75,0.01%,0.00%
SAFETY MATCH STICK BOX,CS Non Food,NON FOOD,1,1.75,0,0.00%,1.75,0.01%,0.00%
SUPER GLUE 3G,CS Others,NON FOOD,1,1.75,0,0.00%,1.75,0.01%,0.00%
COKE CAN 300ML,CS Soft Drinks,BEVERAGE,1,1.5,0,0.00%,1.5,0.01%,0.00%
DOUGHNUT JAM,CS Bakery,FOOD,1,1.5,0,0.00%,1.5,0.01%,0.00%
Lacnor Cocktail180ML,Fresh Juices,FOOD,1,1.5,0,0.00%,1.5,0.01%,0.00%
Mirinda Orange355M,Softdrinks,FOOD,1,1.5,0,0.00%,1.5,0.01%,0.00%
SCHWEPPES BITTER LEMON 300M,CS Soft Drinks,BEVERAGE,1,1.5,0,0.00%,1.5,0.01%,0.00%
SPRITE LIGHT CAN 330ML ,CS Soft Drinks,BEVERAGE,1,1.5,0,0.00%,1.5,0.01%,0.00%
WRIGLEYS JUICY FRUIT STICK BANAN,CS Mint & Gum,FOOD,1,1,0,0.00%,1,0.01%,0.00%
COMB ROUND,CS Others,NON FOOD,1,0.75,0,0.00%,0.75,0.01%,0.00%
TOTAL*,,,"10,304","57,151.50",0,0.00%,"57,151.50",90.45%,100.00%
,,,,,,,,,
