Menu Engineering Items Summary,,,,,,,,,
,,,,,,,,,
Business Dates,1/28/2016,,,,,,,,
Locations,"DEMO,UAE",,,,,,,,
Revenue Centers,All,,,,,,,,
Menu Items,All,,,,,,,,
,,,,,,,,,
Menu Item Name,Family Group,Major Group,Qty Sold,Net Sales,Prep Cost,Cost %,Margin Less Item Disc,% Qty,% Margin
Stud Meal Combo,Main course,FOOD,170,"5,070.00",0,0.00%,"5,070.00",1.86%,6.56%
Student Breakfast,Breakfast,FOOD,121,"3,630.00",0,0.00%,"3,630.00",1.32%,4.70%
GLOBAL STREET MAIN,Main course,FOOD,98,"2,548.00",0,0.00%,"2,548.00",1.07%,3.30%
MARINATED SALMON STEAK,Grill,FOOD,56,"1,680.00",0,0.00%,"1,680.00",0.61%,2.17%
SERCO LUNCH,SERCO LUNCH,FOOD,93,"1,395.00",0,0.00%,"1,395.00",1.02%,1.81%
Buffet Meal,Main course,FOOD,64,"1,364.00",0,0.00%,"1,364.00",0.70%,1.76%
Classic Angus Burger,Burgers,FOOD,45,"1,350.00",0,0.00%,"1,350.00",0.49%,1.75%
CHICKEN MEAL ,Main course,FOOD,53,"1,300.00",0,0.00%,"1,300.00",0.58%,1.68%
BBQ Glazed Chicken,Sandwiches,FOOD,53,"1,113.00",0,0.00%,"1,113.00",0.58%,1.44%
Tenderloin Steak,Burgers,FOOD,36,"1,080.00",0,0.00%,"1,080.00",0.39%,1.40%
Margherita(V),Pizza,FOOD,38,950,0,0.00%,950,0.42%,1.23%
BUTTER FLY CHICKEN BREAST ,Grill,FOOD,39,936,0,0.00%,936,0.43%,1.21%
SERCO DINNER,SERCO DINNER,FOOD,59,885,0,0.00%,885,0.65%,1.15%
Slice of the Day,Pizza,FOOD,175,850,0,0.00%,850,1.92%,1.10%
BEEF MEAL,Main course,FOOD,30,750,0,0.00%,750,0.33%,0.97%
Massaman Chicken,Main course,FOOD,31,744,0,0.00%,744,0.34%,0.96%
BLACK ANGUS CLUB 6 OZ,Burgers,FOOD,23,736,0,0.00%,736,0.25%,0.95%
12 OZ CAFFE LATTE,Starbucks,FOOD,61,732,0,0.00%,732,0.67%,0.95%
MEAT PLATTER,Main course,FOOD,23,690,0,0.00%,690,0.25%,0.89%
CHICKEN ROCQUET CHEESE S/W,Sandwiches,FOOD,22,660,0,0.00%,660,0.24%,0.85%
CEASAR CHICKEN WRAP,Wraps,FOOD,17,578,0,0.00%,578,0.19%,0.75%
Chicken Caesar,Salads,FOOD,22,550,0,0.00%,550,0.24%,0.71%
CHICKEN CEASAR SALAD,Salads,FOOD,17,544,0,0.00%,544,0.19%,0.70%
SMOKED TURKEY S/W,Sandwiches,FOOD,16,544,0,0.00%,544,0.18%,0.70%
Falafel Tomato & Hummus(V),Sandwiches,FOOD,30,540,0,0.00%,540,0.33%,0.70%
Two Eggs ,Breakfast,FOOD,110,540,0,0.00%,540,1.20%,0.70%
Take Away Box,Take Away Boxes,NON FOOD,163,489,0,0.00%,489,1.78%,0.63%
FRESH JUICE LARGE,Fresh Juices,FOOD,69,483,0,0.00%,483,0.76%,0.62%
12 OZ CAFFE AMERICANO,Starbucks,FOOD,48,480,0,0.00%,480,0.53%,0.62%
SERCO BREAKFAST,SERCO BREAKFAST,FOOD,32,480,0,0.00%,480,0.35%,0.62%
BRIE & TOMATO S/W,Sandwiches,FOOD,14,476,0,0.00%,476,0.15%,0.62%
Yasai Itame,Main course,FOOD,18,468,0,0.00%,468,0.20%,0.61%
16 OZ CAFFE LATTE,Starbucks,FOOD,32,448,0,0.00%,448,0.35%,0.58%
Fresh Fruit Pcs,Extras,FOOD,150,447,0,0.00%,447,1.64%,0.58%
Smoked Salmon,Sandwiches,FOOD,17,425,0,0.00%,425,0.19%,0.55%
GRILLED CHICKEN & BACON S/W,Sandwiches,FOOD,12,420,0,0.00%,420,0.13%,0.54%
REUBENS S/W,Sandwiches,FOOD,14,420,0,0.00%,420,0.15%,0.54%
Chicken Tikka,Sandwiches,FOOD,17,408,0,0.00%,408,0.19%,0.53%
Super Food Salad (V),Salads,FOOD,17,408,0,0.00%,408,0.19%,0.53%
FG MEDIUM BOWL,FEEL GOOD,FOOD,22,396,0,0.00%,396,0.24%,0.51%
Chocolate Bar,Extras,FOOD,79,395,0,0.00%,395,0.86%,0.51%
12 OZ CAPPUCHINO,Starbucks,FOOD,32,384,0,0.00%,384,0.35%,0.50%
Masafi Water500ml,Water,BEVERAGE,373,371,0,0.00%,371,4.08%,0.48%
Banana Pcs,CS Fresh Fruit,FOOD,185,370,0,0.00%,370,2.02%,0.48%
Battered Chicken,Main course,FOOD,13,364,0,0.00%,364,0.14%,0.47%
FG LARGE BOWL,FEEL GOOD,FOOD,14,364,0,0.00%,364,0.15%,0.47%
Five a Day,Fresh Juices,BEVERAGE,15,360,0,0.00%,360,0.16%,0.47%
Side Salad,Salads,FOOD,90,356,0,0.00%,356,0.99%,0.46%
FRESH JUICE SMALL,Breakfast,FOOD,87,344,0,0.00%,344,0.95%,0.45%
4 OZ BURGER COMBO,Burgers,FOOD,9,342,0,0.00%,342,0.10%,0.44%
7 OZ DOUBLE SHOT ICED SHAKEN,Starbucks,FOOD,24,336,0,0.00%,336,0.26%,0.43%
CHICKEN STACK,Burgers,FOOD,11,330,0,0.00%,330,0.12%,0.43%
Yoghurt,Yogurt,FOOD,76,304,0,0.00%,304,0.83%,0.39%
Buffet Fruit Salad,Salads,FOOD,62,300,0,0.00%,300,0.68%,0.39%
FYO SHAWARMA,Main course,FOOD,20,300,0,0.00%,300,0.22%,0.39%
CROISSANT MEDIUM,PASTRIES,FOOD,42,294,0,0.00%,294,0.46%,0.38%
Chicken Steak,Grill,FOOD,12,288,0,0.00%,288,0.13%,0.37%
16 OZ CAPPUCHINO,Starbucks,FOOD,19,266,0,0.00%,266,0.21%,0.34%
SWEET CHILLI SALMON SALAD,Sandwiches,FOOD,7,266,0,0.00%,266,0.08%,0.34%
Dessert,Dessert,FOOD,61,244,0,0.00%,244,0.67%,0.32%
16 OZ CAFFE AMERICANO,Starbucks,FOOD,20,240,0,0.00%,240,0.22%,0.31%
16 OZ WHITE CHOCOLATE MOCHA,Starbucks,FOOD,14,238,0,0.00%,238,0.15%,0.31%
Open Food,Open Food,FOOD,7,230,0,0.00%,230,0.08%,0.30%
Cappuccino,Nespresso,FOOD,19,228,0,0.00%,228,0.21%,0.30%
Fruit Salad,Yoghurt Pots,FOOD,19,228,0,0.00%,228,0.21%,0.30%
16 OZ ICED CARAMEL MACCHIATO,Starbucks,FOOD,13,227,0,0.00%,227,0.14%,0.29%
Go Large,Pizza,FOOD,28,224,0,0.00%,224,0.31%,0.29%
Hawaiian,Pizza,FOOD,7,224,0,0.00%,224,0.08%,0.29%
Beef sausage,Breakfast,FOOD,45,220,0,0.00%,220,0.49%,0.28%
Homemade Beef Burger,Burgers,FOOD,11,220,0,0.00%,220,0.12%,0.28%
GALLON WATER COUPON,CS Water,BEVERAGE,31,217,0,0.00%,217,0.34%,0.28%
Extra Portion Grill,Main course,FOOD,18,216,0,0.00%,216,0.20%,0.28%
FRESH GREEN SALAD,Salads,FOOD,12,216,0,0.00%,216,0.13%,0.28%
FETA & ROAST VEG PANINI,Sandwiches,FOOD,8,208,0,0.00%,208,0.09%,0.27%
Grilled Halloumi(V),Sandwiches,FOOD,10,200,0,0.00%,200,0.11%,0.26%
Salmon Salad,Salads,FOOD,8,200,0,0.00%,200,0.09%,0.26%
Smoked Turkey Ham Pasta,Salads,FOOD,9,198,0,0.00%,198,0.10%,0.26%
AMERICAN 4 OZ,Burgers,FOOD,7,196,0,0.00%,196,0.08%,0.25%
Hash Browns,Breakfast,FOOD,49,192,0,0.00%,192,0.54%,0.25%
Soup,Extras,FOOD,34,192,0,0.00%,192,0.37%,0.25%
Cereal Portion,Breakfast,FOOD,27,189,0,0.00%,189,0.30%,0.24%
PEPSI DIET CAN,Softdrinks,BEVERAGE,47,184,0,0.00%,184,0.51%,0.24%
SIMPLE SHAWARMA,Main course,FOOD,23,184,0,0.00%,184,0.25%,0.24%
CROISSANT MINI,Dessert,FOOD,64,183,0,0.00%,183,0.70%,0.24%
Salmon Temaki (3 Pcs),Sushi,FOOD,7,182,0,0.00%,182,0.08%,0.24%
BRIE & BACON S/W,Sandwiches,FOOD,5,180,0,0.00%,180,0.05%,0.23%
BUTTERNUT & GOAT CHEESE SALAD ,Sandwiches,FOOD,5,180,0,0.00%,180,0.05%,0.23%
LACNOR MILK CHOCOLATE,Flavoured Milk,BEVERAGE,45,180,0,0.00%,180,0.49%,0.23%
Yogurt Blueberry,Yoghurt Pots,FOOD,10,180,0,0.00%,180,0.11%,0.23%
California Rolls(6Pcs),Sushi,FOOD,8,176,0,0.00%,176,0.09%,0.23%
BAYARA 1KG ALMOND,CS Nuts & Seeds,FOOD,3,173.25,0,0.00%,173.25,0.03%,0.22%
Double Trouble,Milk Shake,BEVERAGE,7,168,0,0.00%,168,0.08%,0.22%
12OZ WHITE CHOCOLATE MOCHA,Starbucks,FOOD,11,165,0,0.00%,165,0.12%,0.21%
16 OZ ICED CAFFE LATTE,Starbucks,FOOD,11,164,0,0.00%,164,0.12%,0.21%
COCA COLA CAN,Softdrinks,BEVERAGE,41,164,0,0.00%,164,0.45%,0.21%
Digest dark200,Biscuit & Cookies,FOOD,12,162,0,0.00%,162,0.13%,0.21%
Pesto Roasted Chicken,Sandwiches,FOOD,7,161,0,0.00%,161,0.08%,0.21%
Buffalo Chicken,Grill,FOOD,10,160,0,0.00%,160,0.11%,0.21%
JOCCA KRAFT COTTAGE CHEESE 200GM,CS Dairy ,FOOD,13,156,0,0.00%,156,0.14%,0.20%
LACNOR COCKTAIL 180ML,Fresh Juices,BEVERAGE,39,156,0,0.00%,156,0.43%,0.20%
CLASSIC FRIES,Main course,FOOD,31,155,0,0.00%,155,0.34%,0.20%
Meat Feast,Pizza,FOOD,4,152,0,0.00%,152,0.04%,0.20%
SALMON NICOISE,Salads,FOOD,4,152,0,0.00%,152,0.04%,0.20%
Filter Coffee,Tea,FOOD,32,150,0,0.00%,150,0.35%,0.19%
Filter Tea,Tea,FOOD,30,150,0,0.00%,150,0.33%,0.19%
Grilled Chicken Burger,Burgers,FOOD,6,144,0,0.00%,144,0.07%,0.19%
Yogurt Muesli Honey,Yoghurt Pots,FOOD,9,144,0,0.00%,144,0.10%,0.19%
AL AIN FRESH MILK LOW FAT 2L,CS Dairy ,FOOD,14,140,0,0.00%,140,0.15%,0.18%
Isabella(V),Pizza,FOOD,4,140,0,0.00%,140,0.04%,0.18%
Open Beverage,Open Beverage,BEVERAGE,1,140,0,0.00%,140,0.01%,0.18%
Steamed Vegetables,Main course,FOOD,5,140,0,0.00%,140,0.05%,0.18%
12 OZ VANILLA LATTE,Starbucks,FOOD,8,136,0,0.00%,136,0.09%,0.18%
FG Juice Bottled,FEEL GOOD,FOOD,17,136,0,0.00%,136,0.19%,0.18%
DOUBLE ESSPRESSO,Starbucks,FOOD,11,132,0,0.00%,132,0.12%,0.17%
Latte Macchiato,Nespresso,FOOD,11,132,0,0.00%,132,0.12%,0.17%
VEGGIE MEAL,Veggie,FOOD,6,132,0,0.00%,132,0.07%,0.17%
LACNOR ORANGE 180ML,Fresh Juices,BEVERAGE,35,131.75,0,0.00%,131.75,0.38%,0.17%
Tuna Sweetcorn,Pre Packed Sandwiches,FOOD,8,128,0,0.00%,128,0.09%,0.17%
Bagel S. Salmon,Sandwiches,FOOD,5,125,0,0.00%,125,0.05%,0.16%
12 OZ CAFFE MOCHA,Starbucks,FOOD,8,120,0,0.00%,120,0.09%,0.16%
12 OZ CARAMEL MACCHIATO,Starbucks,FOOD,8,120,0,0.00%,120,0.09%,0.16%
FG SMALL BOWL,FEEL GOOD,FOOD,10,120,0,0.00%,120,0.11%,0.16%
WALK IN LUNCH,WALK IN LUNCH,FOOD,8,120,0,0.00%,120,0.09%,0.16%
12 OZ TOFFEE NUT LATTE,Coffee,FOOD,7,119,0,0.00%,119,0.08%,0.15%
CLEARLY SCRUMPTIOUS STRAWBERRY 3,CS Dry Fruits,FOOD,9,114.75,0,0.00%,114.75,0.10%,0.15%
Alain Small Wtr500ml,Water,BEVERAGE,114,114,0,0.00%,114,1.25%,0.15%
PRO BAR MEAL PEANUT BUTTER CHOCO,CS Cereal,FOOD,5,113.75,0,0.00%,113.75,0.05%,0.15%
ARIEL BLUE 1.5KG,CS Laundry Care,NON FOOD,4,113,0,0.00%,113,0.04%,0.15%
PERSIL LIQUID GREEN POWER GEL 3L,CS Laundry Care,NON FOOD,2,112.5,0,0.00%,112.5,0.02%,0.15%
COCONUT WATER CAN,Packet Juice,BEVERAGE,28,112,0,0.00%,112,0.31%,0.14%
16 OZ HOT CHOCOLATE,Starbucks,FOOD,6,110,0,0.00%,110,0.07%,0.14%
FALAFEL BURGER,Burgers,FOOD,5,110,0,0.00%,110,0.05%,0.14%
Meal Buffet GK,Main course,FOOD,5,110,0,0.00%,110,0.05%,0.14%
Portion Protein,Main course,FOOD,11,110,0,0.00%,110,0.12%,0.14%
Tandoori Chicken,Pizza,FOOD,3,108,0,0.00%,108,0.03%,0.14%
Yoghurt,Yogurt,FOOD,9,108,0,0.00%,108,0.10%,0.14%
Croissant,Breakfast,FOOD,15,105,0,0.00%,105,0.16%,0.14%
16 OZ ICED CAFE AMERICANO,Starbucks,FOOD,8,104,0,0.00%,104,0.09%,0.13%
12 OZ CARAMEL LATTE,Starbucks,FOOD,6,102,0,0.00%,102,0.07%,0.13%
12 OZ HOT CHOCOLATE,Starbucks,FOOD,6,102,0,0.00%,102,0.07%,0.13%
French Fries,Extras,FOOD,17,102,0,0.00%,102,0.19%,0.13%
AL AIN FRESH MILK FULL FAT 2L,CS Dairy ,FOOD,10,100,0,0.00%,100,0.11%,0.13%
AL AIN WATER 500ml,CS Water,BEVERAGE,100,100,0,0.00%,100,1.09%,0.13%
Chicken Noodle Suop,Soup ,FOOD,7,98,0,0.00%,98,0.08%,0.13%
Battered Fish Chips,Main course,FOOD,2,96,0,0.00%,96,0.02%,0.12%
CHOCOLATE BROWNIE ,Dessert,FOOD,8,96,0,0.00%,96,0.09%,0.12%
CHUNKY MONKEY,Milk Shake,BEVERAGE,4,96,0,0.00%,96,0.04%,0.12%
PEACH & BASIL SMOOTHIE,Smoothies,BEVERAGE,4,96,0,0.00%,96,0.04%,0.12%
THE 3RD DATE,Milk Shake,BEVERAGE,4,96,0,0.00%,96,0.04%,0.12%
16 OZ VANILLA LATTE,Starbucks,FOOD,5,95,0,0.00%,95,0.05%,0.12%
FANTA APPLE CAN,Softdrinks,BEVERAGE,25,95,0,0.00%,95,0.27%,0.12%
GILLETTE VENUS BREEZE RAZOR 3UP,CS Mens Care,NON FOOD,2,95,0,0.00%,95,0.02%,0.12%
AL AIN WATER 1.5L,CS Water,BEVERAGE,62,93,0,0.00%,93,0.68%,0.12%
PAPER BAG,BAGS,NON FOOD,93,93,0,0.00%,93,1.02%,0.12%
LACNOR APPLE 180ML,Fresh Juices,BEVERAGE,23,92,0,0.00%,92,0.25%,0.12%
SAINT AGUR CHEESE 125G,CS Dairy ,FOOD,4,92,0,0.00%,92,0.04%,0.12%
PRO BAR MEAL WHOLEBERRY BLAST 85,CS Cereal,FOOD,4,91,0,0.00%,91,0.04%,0.12%
Baked beans,Breakfast,FOOD,18,90,0,0.00%,90,0.20%,0.12%
BLUE BERRY MUFFIN,Dessert,FOOD,9,90,0,0.00%,90,0.10%,0.12%
Chicken Chirashi,Sushi,FOOD,5,90,0,0.00%,90,0.05%,0.12%
Chicken Sweetcorn,Pre Packed Sandwiches,FOOD,9,90,0,0.00%,90,0.10%,0.12%
Go Green,Milk Shake,BEVERAGE,5,90,0,0.00%,90,0.05%,0.12%
Lungo,Nespresso,FOOD,9,90,0,0.00%,90,0.10%,0.12%
Tropical Maki (6 Pcs),Sushi,FOOD,5,90,0,0.00%,90,0.05%,0.12%
Yogurt Mango,Yoghurt Pots,FOOD,9,90,0,0.00%,90,0.10%,0.12%
16 OZ ICED CAFFE MOCHA,Starbucks,FOOD,6,89,0,0.00%,89,0.07%,0.12%
POKKA LEMON ICED TEA CAN,Packet Juice,BEVERAGE,22,88,0,0.00%,88,0.24%,0.11%
MATESERES 37GM,CS Chocolate ,FOOD,25,86.5,0,0.00%,86.5,0.27%,0.11%
BAYARA 1KG WALNUT PEELED,CS Dry Fruits,FOOD,1,86,0,0.00%,86,0.01%,0.11%
MARKOS TOP BANANA,Smoothies,BEVERAGE,3,84,0,0.00%,84,0.03%,0.11%
Salmon Chirashi,Sushi,FOOD,4,84,0,0.00%,84,0.04%,0.11%
ALPRO ALMOND MILK 1L,CS Dairy ,FOOD,4,82,0,0.00%,82,0.04%,0.11%
ANCHOR BUTTER UNSALTED 454G,CS Dairy ,FOOD,4,82,0,0.00%,82,0.04%,0.11%
Walkers Short Bread40g,Biscuits,FOOD,23,80.5,0,0.00%,80.5,0.25%,0.10%
16 OZ FRAPPUCINO VANILA,Starbucks,FOOD,4,80,0,0.00%,80,0.04%,0.10%
LARGE SPARKLING WATER PREMIUM,Water,BEVERAGE,4,80,0,0.00%,80,0.04%,0.10%
SWEET POTATO WEDGES,Main course,FOOD,8,80,0,0.00%,80,0.09%,0.10%
KELLOGS BARS MILK CHOCO 04PCX1PK,CS Cereal,FOOD,5,78.75,0,0.00%,78.75,0.05%,0.10%
Crab Cakes,Main course,FOOD,3,78,0,0.00%,78,0.03%,0.10%
SUNNY BIO AGAVE SYRUP 250G,CS Can & Jar Food,FOOD,3,77.25,0,0.00%,77.25,0.03%,0.10%
CHICKEN WRAP COMBO,Burgers,FOOD,2,76,0,0.00%,76,0.02%,0.10%
Lemon,CS Fresh Vegatables,FOOD,38,76,0,0.00%,76,0.42%,0.10%
Portion Vegetable,Main course,FOOD,15,75,0,0.00%,75,0.16%,0.10%
VEGGIE MAIN,Main course,FOOD,5,75,0,0.00%,75,0.05%,0.10%
PRINGLES HOT & SPICY 165GM,CS Chips & Snacks,FOOD,8,74,0,0.00%,74,0.09%,0.10%
FINE TOILET ROLLS 2PLY X 10 PCS ,CS Tissue & Toilet Rolls,NON FOOD,5,73.75,0,0.00%,73.75,0.05%,0.10%
RACHELS GREEK YOGHURT NATURAL 45,CS Dairy ,FOOD,3,73.5,0,0.00%,73.5,0.03%,0.10%
NESCAFE RED MUG COFFEE 200GM,CS Coffee,FOOD,2,73,0,0.00%,73,0.02%,0.09%
OAT KING BAR MILK HONEY 95GM,CS Cereal,FOOD,5,72.5,0,0.00%,72.5,0.05%,0.09%
French Toast,Breakfast,FOOD,19,72,0,0.00%,72,0.21%,0.09%
LACNOR MANGO 180ML,Fresh Juices,BEVERAGE,18,72,0,0.00%,72,0.20%,0.09%
Pepperoni,Pizza,FOOD,12,72,0,0.00%,72,0.13%,0.09%
PEPSI CAN,Softdrinks,BEVERAGE,18,72,0,0.00%,72,0.20%,0.09%
Veg Noodle Soup,Soup ,FOOD,6,72,0,0.00%,72,0.07%,0.09%
Berry Tart,Dessert,FOOD,5,70,0,0.00%,70,0.05%,0.09%
Chicken Tandoori,Pre Packed Sandwiches,FOOD,7,70,0,0.00%,70,0.08%,0.09%
Guest Meal Combo,Main course,FOOD,7,70,0,0.00%,70,0.08%,0.09%
PEPPERMEIN LOOSE TEA,Tea,FOOD,7,70,0,0.00%,70,0.08%,0.09%
Three Cheese Spring Onion,Pre Packed Sandwiches,FOOD,7,70,0,0.00%,70,0.08%,0.09%
16 OZ SOYA CAPPUCCINO,Coffee,FOOD,3,69,0,0.00%,69,0.03%,0.09%
LACNOR MILK STRAWBERRY,Flavoured Milk,BEVERAGE,17,68,0,0.00%,68,0.19%,0.09%
Oatmeal Porridge,Breakfast,FOOD,22,66,0,0.00%,66,0.24%,0.09%
Tuna Cheese Melt,Sandwiches,FOOD,3,66,0,0.00%,66,0.03%,0.09%
BAYARA 1KG CASHEW NUT,CS Nuts & Seeds,FOOD,1,64.75,0,0.00%,64.75,0.01%,0.08%
CERES RUBY GRAPE FRUIT JUICE 1L,CS Packet Juice,BEVERAGE,7,64.75,0,0.00%,64.75,0.08%,0.08%
12 OZ SOYA CAFFE LATTE,Coffee,FOOD,4,64,0,0.00%,64,0.04%,0.08%
Egg Cress Mayonnaise,Pre Packed Sandwiches,FOOD,8,64,0,0.00%,64,0.09%,0.08%
FRIED CHICKEN WRAP,Burgers,FOOD,2,64,0,0.00%,64,0.02%,0.08%
LISTERINE MW COOL MINT 250ML,CS Oral Care,NON FOOD,3,63,0,0.00%,63,0.03%,0.08%
VITA COCO PEACH & MANGO 330ML,Convenience Beverages,BEVERAGE,6,63,0,0.00%,63,0.07%,0.08%
SELPAK TOILET PAPER 4 ROLLS,CS Tissue & Toilet Rolls,NON FOOD,5,62.5,0,0.00%,62.5,0.05%,0.08%
GILLETE MACH 3 POWER RAZOR 1UP,CS Mens Care,NON FOOD,1,61,0,0.00%,61,0.01%,0.08%
RED BULL 250ML,CS Sports & Energy Drinks,BEVERAGE,8,61,0,0.00%,61,0.09%,0.08%
B.BAG OAK SMOK150g,CS Chips & Snacks,FOOD,5,60,0,0.00%,60,0.05%,0.08%
CheseTurkeyHamCrossiant,Sandwiches,FOOD,3,60,0,0.00%,60,0.03%,0.08%
Chicken Nuggets,Extras,FOOD,6,60,0,0.00%,60,0.07%,0.08%
DAN'S TOPICAL BLAST,Smoothies,BEVERAGE,3,60,0,0.00%,60,0.03%,0.08%
GLAD GARBAGE BAG MEDIUM 35L X 30,CS Tissue & Toilet Rolls,NON FOOD,5,60,0,0.00%,60,0.05%,0.08%
LARGE STILL WATER PREMIUM,Water,BEVERAGE,3,60,0,0.00%,60,0.03%,0.08%
MINUTE STEAK,Grill,FOOD,3,60,0,0.00%,60,0.03%,0.08%
NIVEA WIPES REFRESHING CLEANSING,CS Tissue & Toilet Rolls,NON FOOD,2,60,0,0.00%,60,0.02%,0.08%
Pancakes,Breakfast,FOOD,20,60,0,0.00%,60,0.22%,0.08%
PEAR DRAGON LOOSE TEA,Tea,FOOD,6,60,0,0.00%,60,0.07%,0.08%
Veg Sushi 6 pcs,Sushi,FOOD,3,60,0,0.00%,60,0.03%,0.08%
VOCHELLE TIN I LOVE DUBAI 205GM,CS Chocolate ,FOOD,2,60,0,0.00%,60,0.02%,0.08%
ACORSA EXTRA VIRGIN OLIVE OIL 75,CS Coocking & Baking,FOOD,2,57.5,0,0.00%,57.5,0.02%,0.07%
16 OZ SIGNATURE HOT CHOCOLATE,Starbucks,FOOD,3,57,0,0.00%,57,0.03%,0.07%
16 OZ ICED VANILLA LATTE,Starbucks,FOOD,3,56,0,0.00%,56,0.03%,0.07%
16 OZ ICED WHITE CHOCOLATE MOCHA,Starbucks,FOOD,3,56,0,0.00%,56,0.03%,0.07%
JAYS POM PUNCH,Smoothies,BEVERAGE,2,56,0,0.00%,56,0.02%,0.07%
LACNOR MILK BANANA,Flavoured Milk,BEVERAGE,14,56,0,0.00%,56,0.15%,0.07%
Masafi Water1.5Ltr,Water,BEVERAGE,28,56,0,0.00%,56,0.31%,0.07%
TEA BAG JASMINE GREEN,Tea,FOOD,7,56,0,0.00%,56,0.08%,0.07%
PRINGLES ORIGINAL 165GM,CS Chips & Snacks,FOOD,6,55.5,0,0.00%,55.5,0.07%,0.07%
BarillaPestoSml,CS Sauce,FOOD,2,55,0,0.00%,55,0.02%,0.07%
Cold Cuts,Breakfast,FOOD,11,55,0,0.00%,55,0.12%,0.07%
Best SaltedCashew30g,Peannuts,FOOD,18,54,0,0.00%,54,0.20%,0.07%
CheseTomatoCrossiant,Sandwiches,FOOD,3,54,0,0.00%,54,0.03%,0.07%
Eggplant Maki(6pcs),Sushi,FOOD,3,54,0,0.00%,54,0.03%,0.07%
Large Salad,Salads,FOOD,3,54,0,0.00%,54,0.03%,0.07%
Manakeesh(V),Pizza,FOOD,3,54,0,0.00%,54,0.03%,0.07%
DR OETKER FUNGHI PIZZA,CS Frozen Food,FOOD,2,52.5,0,0.00%,52.5,0.02%,0.07%
GATORADE GRAPE PET 500ML,CS Sports & Energy Drinks,BEVERAGE,11,52.25,0,0.00%,52.25,0.12%,0.07%
GATORADE TOPICL FRUIT PET 500ML,CS Sports & Energy Drinks,BEVERAGE,11,52.25,0,0.00%,52.25,0.12%,0.07%
COCA COLA ZERO CAN,Softdrinks,BEVERAGE,13,52,0,0.00%,52,0.14%,0.07%
D Coke,Softdrinks,BEVERAGE,13,52,0,0.00%,52,0.14%,0.07%
SENSODYNE GEL 100M,CS Oral Care,NON FOOD,2,52,0,0.00%,52,0.02%,0.07%
16 OZ CARAMEL MACCHIATO,Starbucks,FOOD,3,51,0,0.00%,51,0.03%,0.07%
ALPRO SOYAMilkVanilaFlvr1L,CS Packet Juice,BEVERAGE,3,50.25,0,0.00%,50.25,0.03%,0.07%
Orange Pcs,CS Fresh Fruit,FOOD,25,50,0,0.00%,50,0.27%,0.06%
SCONES,Dessert,FOOD,5,50,0,0.00%,50,0.05%,0.06%
ALPEN MUESLI ORIGINAL 375GM,CS Cereal,FOOD,3,49.5,0,0.00%,49.5,0.03%,0.06%
AL AIN FRESH PINEAPPLE JUICE 330,CS Packet Juice,BEVERAGE,5,48.75,0,0.00%,48.75,0.05%,0.06%
PERSIL LIQUID BLACK ABAYA OUD 3L,CS Laundry Care,NON FOOD,1,48.75,0,0.00%,48.75,0.01%,0.06%
PERSIL LIQUID SENSATIVE AUTOMATI,CS Laundry Care,NON FOOD,1,48.75,0,0.00%,48.75,0.01%,0.06%
B.BAG SALTED150g,CS Chips & Snacks,FOOD,4,48,0,0.00%,48,0.04%,0.06%
Carrot Cake,Dessert,FOOD,4,48,0,0.00%,48,0.04%,0.06%
HIT THE ROOF,Milk Shake,BEVERAGE,2,48,0,0.00%,48,0.02%,0.06%
MINI CARROT CAKE,Dessert,FOOD,4,48,0,0.00%,48,0.04%,0.06%
Mixed Juice,Fresh Juices,BEVERAGE,3,48,0,0.00%,48,0.03%,0.06%
Mushrooms,Pizza,FOOD,8,48,0,0.00%,48,0.09%,0.06%
NECTAFLOR PREMIUM RAISINS 200GM,CS Dry Fruits,FOOD,4,48,0,0.00%,48,0.04%,0.06%
Pain an Raisin,Dessert,FOOD,6,48,0,0.00%,48,0.07%,0.06%
WELL SH MOISTURE 500ML,CS Shampoo & Conditioner,NON FOOD,2,47,0,0.00%,47,0.02%,0.06%
BOURSIN CHEESE GARLIC & HERBS 15,CS Dairy ,FOOD,2,46.5,0,0.00%,46.5,0.02%,0.06%
CERES CRANBERRY KIWI JUICE 1L,CS Packet Juice,BEVERAGE,5,46.25,0,0.00%,46.25,0.05%,0.06%
PERRIER WATER 750ML,Water,BEVERAGE,7,45.5,0,0.00%,45.5,0.08%,0.06%
PRO BAR ORGANIC BOLT BERRY BLAST,CS Cereal,FOOD,2,45.5,0,0.00%,45.5,0.02%,0.06%
TIDE ORIGINAL SCENT 1.5KG,CS Laundry Care,NON FOOD,2,45.5,0,0.00%,45.5,0.02%,0.06%
HARIBO WORMS PACKET 160GM,CS Mint & Gum,FOOD,5,45,0,0.00%,45,0.05%,0.06%
Banana Shake,Milk Shake,BEVERAGE,2,44,0,0.00%,44,0.02%,0.06%
CADBURY DM CHOCOLATE 230GM,CS Chocolate ,FOOD,4,44,0,0.00%,44,0.04%,0.06%
California Rolls,Sushi,FOOD,2,44,0,0.00%,44,0.02%,0.06%
Coke,Softdrinks,BEVERAGE,11,44,0,0.00%,44,0.12%,0.06%
CROISSANT HI BUTTER CHOCOLATE,CS Bakery,FOOD,11,44,0,0.00%,44,0.12%,0.06%
FARM FRESH EGGS WHITE 15PCS,CS Eggs,FOOD,4,44,0,0.00%,44,0.04%,0.06%
MEAN GREEN,Fresh Juices,BEVERAGE,2,44,0,0.00%,44,0.02%,0.06%
PPPPLEASE ME,Fresh Juices,BEVERAGE,2,44,0,0.00%,44,0.02%,0.06%
SNAPPLE KIWI STRAWBERRY JUICE,CS Packet Juice,BEVERAGE,8,44,0,0.00%,44,0.09%,0.06%
AL AIN FRESH MILK 1L SKIMMED,CS Dairy ,FOOD,6,42,0,0.00%,42,0.07%,0.05%
Asst. Rolls Two,Breakfast,FOOD,21,42,0,0.00%,42,0.23%,0.05%
AXE SHOWER GEL EXCITE 250ML,CS Bath & Shower,NON FOOD,3,42,0,0.00%,42,0.03%,0.05%
CADBURY DM CHOCOLATE 37GM,CS Chocolate ,FOOD,14,42,0,0.00%,42,0.15%,0.05%
Fountain Drink,Softdrinks,BEVERAGE,14,42,0,0.00%,42,0.15%,0.05%
LINDT EXCELLENCE CARAMEL 100G,CS Chocolate ,FOOD,3,41.25,0,0.00%,41.25,0.03%,0.05%
BONNE MANAM BLACK BEERY PRESERVE,CS Can & Jar Food,FOOD,2,41,0,0.00%,41,0.02%,0.05%
COCO POPS KELLOGS 375GM,CS Cereal,FOOD,2,41,0,0.00%,41,0.02%,0.05%
16 OZ FRAPPUCINO WHITE MOCHA,Starbucks,FOOD,2,40,0,0.00%,40,0.02%,0.05%
7 UP CAN,Softdrinks,BEVERAGE,10,40,0,0.00%,40,0.11%,0.05%
ADD ESPRESSO SHOT,Starbucks,FOOD,10,40,0,0.00%,40,0.11%,0.05%
ADD ESPRESSO SHOT,Starbucks,FOOD,10,40,0,0.00%,40,0.11%,0.05%
Chicken Maki(6pcs),Sushi,FOOD,2,40,0,0.00%,40,0.02%,0.05%
COCA COLA DIET CAN,Softdrinks,BEVERAGE,10,40,0,0.00%,40,0.11%,0.05%
EARL GREY LOOSE TEA,Tea,FOOD,4,40,0,0.00%,40,0.04%,0.05%
GLASS OF SOYA MILK,Soya Milk,FOOD,6,40,0,0.00%,40,0.07%,0.05%
Granola,Dessert,FOOD,5,40,0,0.00%,40,0.05%,0.05%
LEMON DRIZZLE CAKE,Dessert,FOOD,5,40,0,0.00%,40,0.05%,0.05%
Mixed Green Salad(V),Salads,FOOD,2,40,0,0.00%,40,0.02%,0.05%
Plum Red,CS Fresh Fruit,FOOD,20,40,0,0.00%,40,0.22%,0.05%
Portion Starch,Main course,FOOD,5,40,0,0.00%,40,0.05%,0.05%
SINGLE ESSPRESSO,Starbucks,FOOD,4,40,0,0.00%,40,0.04%,0.05%
Tamago Nigiri,Sushi,FOOD,8,40,0,0.00%,40,0.09%,0.05%
TEA BAG EARL GREY,Tea,FOOD,5,40,0,0.00%,40,0.05%,0.05%
THE BERRY CO CRANBERRY JUICE,Packet Juice,BEVERAGE,5,40,0,0.00%,40,0.05%,0.05%
Toast,Breakfast,FOOD,40,40,0,0.00%,40,0.44%,0.05%
VEG BURGER,Burgers,FOOD,2,40,0,0.00%,40,0.02%,0.05%
Veg Fried Rice,Main course,FOOD,5,40,0,0.00%,40,0.05%,0.05%
AL AIN FRESH MILK 1L FULL CREAM,CS Dairy ,FOOD,6,39,0,0.00%,39,0.07%,0.05%
BISQUINI TIN BUTTER COOKIES 150G,Biscuit & Cookies,FOOD,3,39,0,0.00%,39,0.03%,0.05%
BJORG ORGANIC FOURRES CHOCOLAT L,CS Organic Food,FOOD,1,38.75,0,0.00%,38.75,0.01%,0.05%
DOVE SHOWER POMEGRANTE & LEMON 2,CS Bath & Shower,NON FOOD,2,38.5,0,0.00%,38.5,0.02%,0.05%
EGG Mayo & Spring Onion,Sandwiches,FOOD,2,38,0,0.00%,38,0.02%,0.05%
kellogsFros500g,CS Cereal,FOOD,2,38,0,0.00%,38,0.02%,0.05%
Pear,CS Fresh Fruit,FOOD,19,38,0,0.00%,38,0.21%,0.05%
STREPSILS PLUS PACKET,CS Chocolate ,FOOD,2,38,0,0.00%,38,0.02%,0.05%
STREPSILS REGULAR PACKET,CS Chocolate ,FOOD,2,38,0,0.00%,38,0.02%,0.05%
MAGNUM I/C ALMOND,CS Ice Cream,FOOD,5,37.5,0,0.00%,37.5,0.05%,0.05%
PAPILLON ROQUEFORT RED LABEL 100,CS Dairy ,FOOD,2,37,0,0.00%,37,0.02%,0.05%
PRINGLES KETCHUP 165GM,CS Chips & Snacks,FOOD,4,37,0,0.00%,37,0.04%,0.05%
BAHLSEN LEIBNIZ MINIS BUTTER 100,Biscuit & Cookies,FOOD,7,36.75,0,0.00%,36.75,0.08%,0.05%
MCVITIES DIGESTIVE 250GM LIGHT,Biscuit & Cookies,FOOD,3,36.75,0,0.00%,36.75,0.03%,0.05%
Add Cheese,Extras,FOOD,13,36,0,0.00%,36,0.14%,0.05%
Apple Green,CS Fresh Fruit,FOOD,18,36,0,0.00%,36,0.20%,0.05%
Beef Noodle Soup,Soup ,FOOD,3,36,0,0.00%,36,0.03%,0.05%
Choc Caramel Eclair,Dessert,FOOD,3,36,0,0.00%,36,0.03%,0.05%
CHOCOLATE CHIP COOKIE,Dessert,FOOD,6,36,0,0.00%,36,0.07%,0.05%
Extra Cheese,Cheese,FOOD,12,36,0,0.00%,36,0.13%,0.05%
FARM FRESH EGGS WHITE 6PCS,CS Eggs,FOOD,8,36,0,0.00%,36,0.09%,0.05%
FOUNTAIN SODA LARGE,Softdrinks,BEVERAGE,12,36,0,0.00%,36,0.13%,0.05%
Glazed Veg,Sandwiches,FOOD,2,36,0,0.00%,36,0.02%,0.05%
MAGNUM I/C DOUBLE CHOCOLATE,CS Ice Cream,FOOD,4,36,0,0.00%,36,0.04%,0.05%
SCHWEPPES TONIC WATER CAN 300M,CS Soft Drinks,BEVERAGE,24,36,0,0.00%,36,0.26%,0.05%
SLICED BREAD MULTI GRAIN MEDIUM,CS Bakery,FOOD,6,36,0,0.00%,36,0.07%,0.05%
GILLETTE RAZOR FUSION 1UP ,CS Mens Care,NON FOOD,1,35.75,0,0.00%,35.75,0.01%,0.05%
Extra Topping,Pizza,FOOD,7,35,0,0.00%,35,0.08%,0.05%
Full Breakfast,Breakfast,FOOD,1,35,0,0.00%,35,0.01%,0.05%
KAGI SWISS WAFERS CHOCOLATE 50G,CS Mint & Gum,FOOD,7,35,0,0.00%,35,0.08%,0.05%
RED BULL SUGAR FREE 250ML,CS Sports & Energy Drinks,BEVERAGE,5,35,0,0.00%,35,0.05%,0.05%
Rocco,Pizza,FOOD,1,35,0,0.00%,35,0.01%,0.05%
CstaniaMixSuperNuts350G,CS Nuts & Seeds,FOOD,1,34.5,0,0.00%,34.5,0.01%,0.04%
FRUIT & FIBRE KELLOGS 375GM,CS Cereal,FOOD,2,34.5,0,0.00%,34.5,0.02%,0.04%
SELPAK KITCHEN ROLL 2 PCS,CS Tissue & Toilet Rolls,NON FOOD,3,34.5,0,0.00%,34.5,0.03%,0.04%
16 OZ CAFFE MOCHA,Starbucks,FOOD,2,34,0,0.00%,34,0.02%,0.04%
BrilaArabiata400g,CS Sauce,FOOD,2,34,0,0.00%,34,0.02%,0.04%
G S Frid Noodls W chicken,Noodles,FOOD,1,34,0,0.00%,34,0.01%,0.04%
PHILADELPHIA CHEESE SPREAD 200GM,CS Dairy ,FOOD,3,33.75,0,0.00%,33.75,0.03%,0.04%
AL AIN WATER 500ML,Water,BEVERAGE,33,33,0,0.00%,33,0.36%,0.04%
Panadol96 ,CS Others,NON FOOD,33,33,0,0.00%,33,0.36%,0.04%
Sugar Granul2Kg ,CS Coocking & Baking,FOOD,3,33,0,0.00%,33,0.03%,0.04%
AL AIN FRESH MILK 1L LOW FAT,CS Dairy ,FOOD,5,32.5,0,0.00%,32.5,0.05%,0.04%
AL AIN YOGHURT FULL CREAM 170GM,CS Dairy ,FOOD,26,32.5,0,0.00%,32.5,0.28%,0.04%
BUNALUN ORGANIC CHOPPED TOMATOES,CS Organic Food,FOOD,2,32.5,0,0.00%,32.5,0.02%,0.04%
Lunch Box Token,CS Others,NON FOOD,1,32.5,0,0.00%,32.5,0.01%,0.04%
ALL BRAN ORIGINAL 500GM,CS Cereal,FOOD,2,32,0,0.00%,32,0.02%,0.04%
EARL GREY ICED TEA,Tea,FOOD,4,32,0,0.00%,32,0.04%,0.04%
FALAFEL & HUMUS,Wraps,FOOD,2,32,0,0.00%,32,0.02%,0.04%
FANTA STRAWBERRY CAN,Softdrinks,BEVERAGE,8,32,0,0.00%,32,0.09%,0.04%
Lahmacun,Pizza,FOOD,1,32,0,0.00%,32,0.01%,0.04%
LIPTON LEMON ICED TEA,Tea,BEVERAGE,8,32,0,0.00%,32,0.09%,0.04%
Moroccan Green Tea,Tea,FOOD,4,32,0,0.00%,32,0.04%,0.04%
SUBSTITUTE SOYA,Soya Milk,FOOD,8,32,0,0.00%,32,0.09%,0.04%
HARIBO CUP PEACHES 175GM,CS Mint & Gum,FOOD,3,31.5,0,0.00%,31.5,0.03%,0.04%
JDS APPLE THINS,Biscuit & Cookies,FOOD,2,31.5,0,0.00%,31.5,0.02%,0.04%
BAYARA 1KG PRUNES DRIED,CS Dry Fruits,FOOD,1,31.25,0,0.00%,31.25,0.01%,0.04%
BJORG ORGANIC PAIN DEPICES AU MI,CS Organic Food,FOOD,1,31,0,0.00%,31,0.01%,0.04%
BOUNTY BAR 57GM,CS Chocolate ,FOOD,9,31,0,0.00%,31,0.10%,0.04%
COMFORT BABY CONCENTRATE 750ML,CS Laundry Care,NON FOOD,2,30.5,0,0.00%,30.5,0.02%,0.04%
12 OZ PUMPKIN SPICED LATTE ,Coffee,FOOD,2,30,0,0.00%,30,0.02%,0.04%
BBQ or CurrySouce,Pizza,FOOD,1,30,0,0.00%,30,0.01%,0.04%
CHICKEN MAIN,Main course,FOOD,2,30,0,0.00%,30,0.02%,0.04%
CORN FLAKES KELLOGS 500GM,CS Cereal,FOOD,2,30,0,0.00%,30,0.02%,0.04%
DOUGHNUT CHOCOLATE,CS Bakery,FOOD,12,30,0,0.00%,30,0.13%,0.04%
DR OETKER H.B PICK STICK CANDLE,CS Disposable,NON FOOD,2,30,0,0.00%,30,0.02%,0.04%
JASMINE GREEN LOOSE TEA,Tea,FOOD,3,30,0,0.00%,30,0.03%,0.04%
Kit Kat,Chocolate,FOOD,6,30,0,0.00%,30,0.07%,0.04%
LABELLO SUN PROTECTION SPF 30 4.,CS Facial Care,NON FOOD,3,30,0,0.00%,30,0.03%,0.04%
Lays Chips,Extras,FOOD,15,30,0,0.00%,30,0.16%,0.04%
MAGNUM I/C WHITE,CS Ice Cream,FOOD,4,30,0,0.00%,30,0.04%,0.04%
MOROCCAN LOOSE TEA,Tea,FOOD,3,30,0,0.00%,30,0.03%,0.04%
NIVEA AFTER SUN MOISTURE 200ML,CS Body Care,NON FOOD,1,30,0,0.00%,30,0.01%,0.04%
NIVEA SHOWER WATERLILY 250ML,CS Bath & Shower,NON FOOD,2,30,0,0.00%,30,0.02%,0.04%
NIVEA WIPES GENTLE CLEANSING 25P,CS Tissue & Toilet Rolls,NON FOOD,1,30,0,0.00%,30,0.01%,0.04%
PERRIER WATER 330ML,Water,BEVERAGE,5,30,0,0.00%,30,0.05%,0.04%
Pesto,Pizza,FOOD,1,30,0,0.00%,30,0.01%,0.04%
SNICKERS BAR,Chocolate,FOOD,6,30,0,0.00%,30,0.07%,0.04%
BJORG ORGANIC MUESLI NO SUGAR 37,CS Organic Food,FOOD,1,29.25,0,0.00%,29.25,0.01%,0.04%
WASA CRISPBREAD FIBRE 200GM,Biscuit & Cookies,FOOD,2,29,0,0.00%,29,0.02%,0.04%
CastaniaExtMixNuts350G,CS Nuts & Seeds,FOOD,1,28.5,0,0.00%,28.5,0.01%,0.04%
GATORADE ORANGE PET 500ML,CS Sports & Energy Drinks,BEVERAGE,6,28.5,0,0.00%,28.5,0.07%,0.04%
SCHWEPPES GINGER ALE 300M,CS Soft Drinks,BEVERAGE,19,28.5,0,0.00%,28.5,0.21%,0.04%
AL AIN PINEAPPLE YOGHURT 125GM,CS Dairy ,FOOD,16,28,0,0.00%,28,0.18%,0.04%
ALO ALLURE MANGO JUICE,Fresh Juices,FOOD,2,28,0,0.00%,28,0.02%,0.04%
AXE SHOWER GEL DARK TEMPTATION 2,CS Bath & Shower,NON FOOD,2,28,0,0.00%,28,0.02%,0.04%
Castania Peanuts60g,Peannuts,FOOD,4,28,0,0.00%,28,0.04%,0.04%
CHUCKS MAN OH MANGO,Smoothies,BEVERAGE,1,28,0,0.00%,28,0.01%,0.04%
FALAFEL COMBO,Burgers,FOOD,1,28,0,0.00%,28,0.01%,0.04%
Green Jasmine Flowers,Tea,BEVERAGE,2,28,0,0.00%,28,0.02%,0.04%
MIRINDA ORANGE CAN,Softdrinks,BEVERAGE,7,28,0,0.00%,28,0.08%,0.04%
MUFFIN BLUEBERRY,CS Bakery,FOOD,8,28,0,0.00%,28,0.09%,0.04%
ROASTED TOMATO,Wraps,FOOD,1,28,0,0.00%,28,0.01%,0.04%
SMALL GREEN SALAD ,Salads,FOOD,4,28,0,0.00%,28,0.04%,0.04%
SPRITE CAN,Softdrinks,BEVERAGE,7,28,0,0.00%,28,0.08%,0.04%
VANIAS SPRING GREEN,Smoothies,BEVERAGE,1,28,0,0.00%,28,0.01%,0.04%
AL SHIFA 400GM SQUEEZE HONEY,CS Can & Jar Food,FOOD,1,27.75,0,0.00%,27.75,0.01%,0.04%
JOHN WEST WHITE TUNA SUNFLOWER O,CS Coocking & Baking,FOOD,3,27.75,0,0.00%,27.75,0.03%,0.04%
LINDT EXCELLENCE MINT INTENSE 10,CS Chocolate ,FOOD,2,27.5,0,0.00%,27.5,0.02%,0.04%
BEST 13GM ALMOND,CS Nuts & Seeds,FOOD,18,27,0,0.00%,27,0.20%,0.03%
HARIBO HAPPY COLA PACKET 160GM,CS Mint & Gum,FOOD,3,27,0,0.00%,27,0.03%,0.03%
HARIBO PHANTASIA PACKET 160GM,CS Mint & Gum,FOOD,3,27,0,0.00%,27,0.03%,0.03%
HARIBO TROPIFRUTTI PACKET 160GM,CS Mint & Gum,FOOD,3,27,0,0.00%,27,0.03%,0.03%
C&C MAKEUP REMOVER DEEP CLEAN 15,CS Facial Care,NON FOOD,1,26.75,0,0.00%,26.75,0.01%,0.03%
AL AIN MANGO YOGHURT 125GM,CS Dairy ,FOOD,15,26.25,0,0.00%,26.25,0.16%,0.03%
DDR OETKER PEPPRONI PIZZA,CS Frozen Food,FOOD,1,26.25,0,0.00%,26.25,0.01%,0.03%
BERRY CO BLUEBERRY JUICE 1L,CS Packet Juice,BEVERAGE,2,26,0,0.00%,26,0.02%,0.03%
BERRY CO CRANBERRY 1L,CS Packet Juice,BEVERAGE,2,26,0,0.00%,26,0.02%,0.03%
BERRY CO POMEGRANTE JUICE 1L,CS Packet Juice,BEVERAGE,2,26,0,0.00%,26,0.02%,0.03%
BRIGHT BREAKFAST,Smoothies,BEVERAGE,1,26,0,0.00%,26,0.01%,0.03%
H&S SH EXTRA VOLUME 200ML,CS Shampoo & Conditioner,NON FOOD,2,26,0,0.00%,26,0.02%,0.03%
SENSODYNE FRESH MINT 100GM,CS Oral Care,NON FOOD,1,26,0,0.00%,26,0.01%,0.03%
TUNA NICOISE SALAD,Salads,FOOD,1,26,0,0.00%,26,0.01%,0.03%
BEST CAN PECAN SALTED 110GM,CS Nuts & Seeds,FOOD,1,25.5,0,0.00%,25.5,0.01%,0.03%
BJORG ORGANIC OAT FLAKES 500GM,CS Organic Food,FOOD,1,25.5,0,0.00%,25.5,0.01%,0.03%
ENERGIZER AA 2 PCS,CS Others,NON FOOD,3,25.5,0,0.00%,25.5,0.03%,0.03%
FA SHOWER CREAM YOGHURT ALOE VER,CS Hair Styling & Spray,NON FOOD,2,25.5,0,0.00%,25.5,0.02%,0.03%
1 Scoop Protein Powder,TOPPINGS,FOOD,5,25,0,0.00%,25,0.05%,0.03%
Beef Bacon,Breakfast,FOOD,5,25,0,0.00%,25,0.05%,0.03%
Delivery Charges,Delivery charge,LABOR CHARGE,5,25,0,0.00%,25,0.05%,0.03%
LAYS SALT VINEGAR 185GM,CS Chips & Snacks,FOOD,4,25,0,0.00%,25,0.04%,0.03%
SELPAK FACIAL TISSUE 100 SHEET,CS Tissue & Toilet Rolls,NON FOOD,4,25,0,0.00%,25,0.04%,0.03%
BJORG ORGANIC LE P'TIT NATURE 20,CS Organic Food,FOOD,1,24.75,0,0.00%,24.75,0.01%,0.03%
VOCHELLE TIN ALMONDS 205GM,CS Chocolate ,FOOD,1,24.75,0,0.00%,24.75,0.01%,0.03%
WELLA CD REPAIR 500ML,CS Shampoo & Conditioner,NON FOOD,1,24.75,0,0.00%,24.75,0.01%,0.03%
NUTELLA 400GM,CS Can & Jar Food,FOOD,1,24.5,0,0.00%,24.5,0.01%,0.03%
AL AIN FRESH MANGO JUICE 330ML,CS Packet Juice,BEVERAGE,3,24,0,0.00%,24,0.03%,0.03%
B.BAG CHEDDAR150g,CS Chips & Snacks,FOOD,2,24,0,0.00%,24,0.02%,0.03%
B.BAG SEA SALT150g,CS Chips & Snacks,FOOD,2,24,0,0.00%,24,0.02%,0.03%
BEST 30GM SALTED CASHEWS,CS Nuts & Seeds,FOOD,4,24,0,0.00%,24,0.04%,0.03%
Brownie,Dessert,FOOD,2,24,0,0.00%,24,0.02%,0.03%
CHAMOMILE TEA BAG,Tea,FOOD,3,24,0,0.00%,24,0.03%,0.03%
Fruit Platter,Dessert,FOOD,1,24,0,0.00%,24,0.01%,0.03%
JASMINE ICED TEA,Tea,FOOD,3,24,0,0.00%,24,0.03%,0.03%
Lemon Drizzle,Dessert,FOOD,3,24,0,0.00%,24,0.03%,0.03%
MilkHalfCrem1Ltr ,CS Dairy ,FOOD,6,24,0,0.00%,24,0.07%,0.03%
Mixed Salad&Pitta,Extras,FOOD,3,24,0,0.00%,24,0.03%,0.03%
MY THAI,Milk Shake,BEVERAGE,1,24,0,0.00%,24,0.01%,0.03%
PERRIER WATER 330ML,CS Water,BEVERAGE,6,24,0,0.00%,24,0.07%,0.03%
Small Salad,Salads,FOOD,2,24,0,0.00%,24,0.02%,0.03%
SNAPPLES KIWI & STRAWBERRY,Fresh Juices,BEVERAGE,2,24,0,0.00%,24,0.02%,0.03%
THE BERRY CO BLUEBERRY JUICE,Packet Juice,BEVERAGE,3,24,0,0.00%,24,0.03%,0.03%
WELLA SH REPAIR 500ML,CS Shampoo & Conditioner,NON FOOD,1,23.5,0,0.00%,23.5,0.01%,0.03%
FANTA ORANGE CAN,Softdrinks,BEVERAGE,7,23,0,0.00%,23,0.08%,0.03%
LIFEBUOY HW NATURE 200ML,CS Soap & Handwash,NON FOOD,2,23,0,0.00%,23,0.02%,0.03%
SCHIK RAZOR QUATTRO 4 TITANIUM +,CS Mens Care,NON FOOD,1,23,0,0.00%,23,0.01%,0.03%
EXTRA PROFESSIONAL WHITE GUM,CS Mint & Gum,FOOD,7,22.75,0,0.00%,22.75,0.08%,0.03%
MENTOS JAR MINT,CS Mint & Gum,FOOD,1,22.75,0,0.00%,22.75,0.01%,0.03%
PRO BAR STRAWBERRY BLISS 85G,CS Chocolate ,FOOD,1,22.75,0,0.00%,22.75,0.01%,0.03%
CROISSANT CHOCOLATE,CS Bakery,FOOD,9,22.5,0,0.00%,22.5,0.10%,0.03%
Lacnor Low Fat Milk 1L,CS Dairy ,BEVERAGE,5,22.5,0,0.00%,22.5,0.05%,0.03%
NESCAFE CAPPUCINO PACKET 10PCS,CS Coffee,FOOD,1,22.5,0,0.00%,22.5,0.01%,0.03%
TAMPAX REGULAR,CS Sanitary Care,NON FOOD,2,22.5,0,0.00%,22.5,0.02%,0.03%
DOCTOR'S ORDERS,Fresh Juices,BEVERAGE,1,22,0,0.00%,22,0.01%,0.03%
Greek Salad,Salads,FOOD,1,22,0,0.00%,22,0.01%,0.03%
HANSAPLAST AQUA PROTECT 100% 20 ,CS Others,NON FOOD,2,22,0,0.00%,22,0.02%,0.03%
LUX HW SILK SENSATION 250ML,CS Shampoo & Conditioner,NON FOOD,2,22,0,0.00%,22,0.02%,0.03%
LUX HW SWEET EMBRACE 250ML,CS Shampoo & Conditioner,NON FOOD,2,22,0,0.00%,22,0.02%,0.03%
LUX HW VELVET TOUCH 250ML,CS Soap & Handwash,NON FOOD,2,22,0,0.00%,22,0.02%,0.03%
ORAL B FLOSS WAXED,CS Oral Care,NON FOOD,2,22,0,0.00%,22,0.02%,0.03%
Pure Honey Acasia250g,CS Can & Jar Food,FOOD,1,22,0,0.00%,22,0.01%,0.03%
Roast Beef,Sandwiches,FOOD,1,22,0,0.00%,22,0.01%,0.03%
BROWN BAG CHIPS 40GM SMOKED CHIL,CS Chips & Snacks,FOOD,5,21.25,0,0.00%,21.25,0.05%,0.03%
12 OZ SOYA HOT CHOCOLATE,Coffee,FOOD,1,21,0,0.00%,21,0.01%,0.03%
16 OZ SOYA CAFFE LATTE,Coffee,FOOD,1,21,0,0.00%,21,0.01%,0.03%
AL AIN FRESH GRAPEFRUIT JUICE330,CS Packet Juice,BEVERAGE,3,21,0,0.00%,21,0.03%,0.03%
AL MARAI FRESH MILK LOW FAT 1L,CS Dairy ,FOOD,3,21,0,0.00%,21,0.03%,0.03%
Bagels w/Cr.Cheese,Breakfast,FOOD,3,21,0,0.00%,21,0.03%,0.03%
BRESSE BLEU CHEESE 150G ,CS Dairy ,FOOD,1,21,0,0.00%,21,0.01%,0.03%
CAPRISUN ORANGE,CS Packet Juice,BEVERAGE,21,21,0,0.00%,21,0.23%,0.03%
CROISSANT HI BUTTER CHEESE,CS Bakery,FOOD,7,21,0,0.00%,21,0.08%,0.03%
CROISSANT HI BUTTER PLAIN,CS Bakery,FOOD,6,21,0,0.00%,21,0.07%,0.03%
KOKA CUP CHICKEN,CS Pasta & Noodles,FOOD,6,21,0,0.00%,21,0.07%,0.03%
MANI PISTACHIOS SALT PEPPER 40G,CS Dry Fruits,FOOD,4,21,0,0.00%,21,0.04%,0.03%
MODERN BAKE PEANUT PEACAN ENERGY,CS Cereal,FOOD,4,21,0,0.00%,21,0.04%,0.03%
MUFFIN CHOCOLATE,CS Bakery,FOOD,6,21,0,0.00%,21,0.07%,0.03%
NATURE VALLEY ROASTED ALMOND,CS Cereal,FOOD,7,21,0,0.00%,21,0.08%,0.03%
SENSODYNE TP TOTAL CARE 100GM,CS Oral Care,NON FOOD,1,21,0,0.00%,21,0.01%,0.03%
Tuna Mayo,Sandwiches,FOOD,1,21,0,0.00%,21,0.01%,0.03%
Valley Crunchy,Cereal Bar,FOOD,7,21,0,0.00%,21,0.08%,0.03%
ACORSA EXTRA VIRGIN OLIVE OIL 50,CS Can & Jar Food,FOOD,1,20.25,0,0.00%,20.25,0.01%,0.03%
16 OZ FRAPPUCINO CARAMEL,Starbucks,FOOD,1,20,0,0.00%,20,0.01%,0.03%
ADD FLAVOURED SYRUP,Starbucks,FOOD,5,20,0,0.00%,20,0.05%,0.03%
AL AIN WATER 5 LTR,CS Water,BEVERAGE,8,20,0,0.00%,20,0.09%,0.03%
Alrabi PineApple/Coconut330M,Fresh Juices,FOOD,8,20,0,0.00%,20,0.09%,0.03%
ARIEL 260GM GREEN,CS Laundry Care,NON FOOD,4,20,0,0.00%,20,0.04%,0.03%
BEEF MAIN,Main course,FOOD,1,20,0,0.00%,20,0.01%,0.03%
BRILLIANT BREAKFAST LOOSE TEA,Tea,FOOD,2,20,0,0.00%,20,0.02%,0.03%
CEYLON GINGER LOOSE TEA,Tea,FOOD,2,20,0,0.00%,20,0.02%,0.03%
COKE LIGHT LARGE 2.25L,CS Soft Drinks,BEVERAGE,4,20,0,0.00%,20,0.04%,0.03%
Cookie,Dessert,FOOD,4,20,0,0.00%,20,0.04%,0.03%
EBI NIGIRI,Sushi,FOOD,4,20,0,0.00%,20,0.04%,0.03%
EXTRA PROTEIN,TOPPINGS,FOOD,5,20,0,0.00%,20,0.05%,0.03%
ICED SOYA CAFFE LATTE 16 OZ,Coffee,FOOD,1,20,0,0.00%,20,0.01%,0.03%
Mars,Chocolate,FOOD,4,20,0,0.00%,20,0.04%,0.03%
MOUNTAIN DEW,Softdrinks,BEVERAGE,5,20,0,0.00%,20,0.05%,0.03%
NYU RE-USABLE BAG,BAGS,NON FOOD,1,20,0,0.00%,20,0.01%,0.03%
Pepsi,Softdrinks,BEVERAGE,5,20,0,0.00%,20,0.05%,0.03%
SCHOGETTEN HAZELNUT100G,CS Chocolate ,FOOD,4,20,0,0.00%,20,0.04%,0.03%
SILVER SWAN JASMINE RICE 1KG,CS Coocking & Baking,FOOD,2,20,0,0.00%,20,0.02%,0.03%
SPRITE LARGE 2.25L,CS Soft Drinks,BEVERAGE,4,20,0,0.00%,20,0.04%,0.03%
Tamago Maki,Sushi,FOOD,1,20,0,0.00%,20,0.01%,0.03%
TANG,BOTANICAL SODAS,BEVERAGE,1,20,0,0.00%,20,0.01%,0.03%
Tuna Sushi,Sushi,FOOD,1,20,0,0.00%,20,0.01%,0.03%
UNCLE BENS RICE 2KG,CS Coocking & Baking,FOOD,1,20,0,0.00%,20,0.01%,0.03%
Veg Sushi,Sushi,FOOD,1,20,0,0.00%,20,0.01%,0.03%
OB TAMPONS SUPER 16PCS,CS Sanitary Care,NON FOOD,1,19.75,0,0.00%,19.75,0.01%,0.03%
M&M CHOCOLATE 45GM,CS Chocolate ,FOOD,6,19.5,0,0.00%,19.5,0.07%,0.03%
M&M MINIS TUBE 30GM,CS Chocolate ,FOOD,6,19.5,0,0.00%,19.5,0.07%,0.03%
M&M PEANUT 45GM,CS Chocolate ,FOOD,6,19.5,0,0.00%,19.5,0.07%,0.03%
PRINGLES 40GM ORIGINAL,CS Chips & Snacks,FOOD,6,19.5,0,0.00%,19.5,0.07%,0.03%
SMACKS HONEY KELLOGS 375GM,CS Cereal,FOOD,1,19.5,0,0.00%,19.5,0.01%,0.03%
AL AIN KIWI APPLE YOGHURT 125GM,CS Dairy ,FOOD,11,19.25,0,0.00%,19.25,0.12%,0.02%
16 OZ CARAMEL LATTE,Starbucks,FOOD,1,19,0,0.00%,19,0.01%,0.02%
DOVE BODY LOTION CUCUMBER GREEN ,CS Body Care,NON FOOD,1,19,0,0.00%,19,0.01%,0.02%
DOVE BODY LOTION ESSENTIAL NOURI,CS Body Care,NON FOOD,1,19,0,0.00%,19,0.01%,0.02%
DOVE HW FRESH TOUCH CUCUM & G.TE,CS Soap & Handwash,NON FOOD,1,19,0,0.00%,19,0.01%,0.02%
DOVE HW MOISTURISING 500ML ,CS Soap & Handwash,NON FOOD,1,19,0,0.00%,19,0.01%,0.02%
GATORADE PINK LEMONDAE PET 500ML,CS Sports & Energy Drinks,BEVERAGE,4,19,0,0.00%,19,0.04%,0.02%
PERRIER WATER LEMON 330ML,CS Water,BEVERAGE,4,19,0,0.00%,19,0.04%,0.02%
SCRUMMIES BLACKCURRANT CRANBERRI,CS Dry Fruits,FOOD,4,19,0,0.00%,19,0.04%,0.02%
SCRUMMIES CHERRY CRANBERRIES 20G,CS Dry Fruits,FOOD,4,19,0,0.00%,19,0.04%,0.02%
STREPSILS LEMON SUGAR FREE PACKE,CS Chocolate ,FOOD,1,19,0,0.00%,19,0.01%,0.02%
TAMRAH CHOCO MILK ZIPPER BAG 100,CS Dry Fruits,FOOD,2,19,0,0.00%,19,0.02%,0.02%
EXTRA TABS SPEARMINT GUM,CS Mint & Gum,FOOD,5,18.75,0,0.00%,18.75,0.05%,0.02%
LUX SUNLIGHT LEMON 400ML,CS Dishwashing,NON FOOD,3,18.75,0,0.00%,18.75,0.03%,0.02%
CRUNCHOS EGYPTIAN SEEDS 200GM,CS Dry Fruits,FOOD,2,18.5,0,0.00%,18.5,0.02%,0.02%
GLAD GARBAGE BAG SMALL 20L X 30,CS Bags/Foil/Wraps,NON FOOD,2,18.5,0,0.00%,18.5,0.02%,0.02%
PRINGLES SALT VINEGAR 165GM,CS Chips & Snacks,FOOD,2,18.5,0,0.00%,18.5,0.02%,0.02%
AXE DEO ANARCHY 4 HIM 150ML,CS Deodrants,NON FOOD,1,18.25,0,0.00%,18.25,0.01%,0.02%
AXE DEO APOLLO 150ML,CS Deodrants,NON FOOD,1,18.25,0,0.00%,18.25,0.01%,0.02%
MARS BAR 51GM,CS Chocolate ,FOOD,5,18.25,0,0.00%,18.25,0.05%,0.02%
NECTAFLOR SOFT CRANBERRIES 200GM,CS Dry Fruits,FOOD,1,18.25,0,0.00%,18.25,0.01%,0.02%
16 OZ SOYA AMERICANO,Coffee,FOOD,1,18,0,0.00%,18,0.01%,0.02%
AL AIN MORNING CRANBERRY MUSELI ,CS Dairy ,FOOD,6,18,0,0.00%,18,0.07%,0.02%
BRIE PORT CHEESE COEUR DE LION 1,CS Dairy ,FOOD,1,18,0,0.00%,18,0.01%,0.02%
CocoPopsCMB20g,CS Cereal,FOOD,6,18,0,0.00%,18,0.07%,0.02%
COKE PET 500ML,CS Soft Drinks,BEVERAGE,9,18,0,0.00%,18,0.10%,0.02%
DR OETKER H.B MUSICAL CANDLE,CS Disposable,NON FOOD,1,18,0,0.00%,18,0.01%,0.02%
Espresso,Nespresso,FOOD,2,18,0,0.00%,18,0.02%,0.02%
FrostiesCMB25g,CS Cereal,FOOD,6,18,0,0.00%,18,0.07%,0.02%
HARIBO STAR MIX PACKET 160GM,CS Mint & Gum,FOOD,2,18,0,0.00%,18,0.02%,0.02%
MCVITIES DIGESTIVE LIGHT 400GM,Biscuit & Cookies,FOOD,1,18,0,0.00%,18,0.01%,0.02%
Muture Cheddar(V),Sandwiches,FOOD,1,18,0,0.00%,18,0.01%,0.02%
OAT & RAISIN COOKIE,Dessert,FOOD,3,18,0,0.00%,18,0.03%,0.02%
SNICKERS SINGLE BAR,CS Chocolate ,FOOD,6,18,0,0.00%,18,0.07%,0.02%
ALWAYS DIAMOND ULTRA THIN 14 PCS,CS Sanitary Care,NON FOOD,1,17.75,0,0.00%,17.75,0.01%,0.02%
A/G POP CORN MICROWAVE BUTTER 29,CS Can & Jar Food,FOOD,2,17.5,0,0.00%,17.5,0.02%,0.02%
A/G POP CORN MICROWAVE NATURAL 2,CS Can & Jar Food,FOOD,2,17.5,0,0.00%,17.5,0.02%,0.02%
AL MARAI APPLE JUICE 300ML,CS Packet Juice,BEVERAGE,7,17.5,0,0.00%,17.5,0.08%,0.02%
ALWAYS MEGAPACK LARGE WINGS 30 P,CS Sanitary Care,NON FOOD,1,17.5,0,0.00%,17.5,0.01%,0.02%
ORAL B BRUSH CLASSIC,CS Oral Care,NON FOOD,5,17.5,0,0.00%,17.5,0.05%,0.02%
JDS BUTTER CRISPS,Biscuit & Cookies,FOOD,1,17.25,0,0.00%,17.25,0.01%,0.02%
KAGI SWISS WAFERS ORIGINAL MINI ,CS Mint & Gum,FOOD,1,17.25,0,0.00%,17.25,0.01%,0.02%
NESTLE COFFEE MATE 400GM,CS Coffee,FOOD,1,17.25,0,0.00%,17.25,0.01%,0.02%
12 OZ SIGNATURE HOT CHOCOLATE,Starbucks,FOOD,1,17,0,0.00%,17,0.01%,0.02%
AUSLESE MELITTA CLASSIC COFFEE 2,CS Coffee,FOOD,1,17,0,0.00%,17,0.01%,0.02%
BROWN BAG CHIPS 40GM LIGHTLY SAL,CS Chips & Snacks,FOOD,4,17,0,0.00%,17,0.04%,0.02%
HEINZ TIN BEANS TOMOTO 50% SUGAR,CS Can & Jar Food,FOOD,2,17,0,0.00%,17,0.02%,0.02%
JDS ALMOND THINS,Biscuit & Cookies,FOOD,1,17,0,0.00%,17,0.01%,0.02%
Energy Bar,Energy Bar,FOOD,3,16.5,0,0.00%,16.5,0.03%,0.02%
LIFEBUOY BODYWASH LEMON FRESH 30,CS Bath & Shower,NON FOOD,1,16.5,0,0.00%,16.5,0.01%,0.02%
V SOY ORIGINAL SOYA MILK 1L,Convenience Beverages,BEVERAGE,2,16.5,0,0.00%,16.5,0.02%,0.02%
COCO TREE JUICE 330ML,CS Packet Juice,BEVERAGE,5,16.25,0,0.00%,16.25,0.05%,0.02%
FUN PLASTIC PLATE WHITE 25PCS 26,CS Disposable,NON FOOD,1,16.25,0,0.00%,16.25,0.01%,0.02%
PRINGLES 40GM BBQ,CS Chips & Snacks,FOOD,5,16.25,0,0.00%,16.25,0.05%,0.02%
12 OZ SOYA CAPPUCCINO,Coffee,FOOD,1,16,0,0.00%,16,0.01%,0.02%
7 UP DIET CAN,Softdrinks,BEVERAGE,4,16,0,0.00%,16,0.04%,0.02%
ABC Chilli Sauce395g,CS Sauce,FOOD,2,16,0,0.00%,16,0.02%,0.02%
ADD FLAVOURED SYRUP,Starbucks,FOOD,4,16,0,0.00%,16,0.04%,0.02%
CORN ON THE COB,Salads,FOOD,2,16,0,0.00%,16,0.02%,0.02%
CROISSANT HI BUTTER ALMOND,CS Bakery,FOOD,4,16,0,0.00%,16,0.04%,0.02%
Espresso Doppio,Coffee,BEVERAGE,1,16,0,0.00%,16,0.01%,0.02%
Fanta,Softdrinks,BEVERAGE,4,16,0,0.00%,16,0.04%,0.02%
Fresh Orange Juice,Fresh Juices,BEVERAGE,2,16,0,0.00%,16,0.02%,0.02%
HEINZ TUNA CHUNKS OIL TIN 185GM,CS Can & Jar Food,FOOD,2,16,0,0.00%,16,0.02%,0.02%
JDS BELGIAN COCOLATE THINS,Biscuit & Cookies,FOOD,1,16,0,0.00%,16,0.01%,0.02%
Peanut Butter & Jelly(V),Sandwiches,FOOD,1,16,0,0.00%,16,0.01%,0.02%
THE BERRY CO ACAI BERRY JUICE,Packet Juice,BEVERAGE,2,16,0,0.00%,16,0.02%,0.02%
BEST CAN CASHEWS SALTED 110GM,CS Nuts & Seeds,FOOD,1,15.75,0,0.00%,15.75,0.01%,0.02%
KIT KAT 4 FINGERS,CS Chocolate ,FOOD,7,15.75,0,0.00%,15.75,0.08%,0.02%
WEETABIX ORIGINAL 430GM,CS Cereal,FOOD,1,15.75,0,0.00%,15.75,0.01%,0.02%
ALPRO SOYA ORIGINAL1L,CS Dairy ,BEVERAGE,1,15.5,0,0.00%,15.5,0.01%,0.02%
BAHLSEN RED HIT CACAO 220GM,Biscuit & Cookies,FOOD,2,15.5,0,0.00%,15.5,0.02%,0.02%
COMFORT LAVENDER MAGNOLIA CONCEN,CS Laundry Care,NON FOOD,1,15.25,0,0.00%,15.25,0.01%,0.02%
AL AIN MORNING BLACKBERRY MUSELI,CS Dairy ,FOOD,5,15,0,0.00%,15,0.05%,0.02%
AL MARAI LABAN FULL FAT 360ML,CS Dairy ,FOOD,5,15,0,0.00%,15,0.05%,0.02%
AL RABIE LIME KIWI 330ML,CS Packet Juice,BEVERAGE,6,15,0,0.00%,15,0.07%,0.02%
Best Salted Peanut30g,Peannuts,FOOD,5,15,0,0.00%,15,0.05%,0.02%
ENERGIZER AA 4 PCS,CS Others,NON FOOD,1,15,0,0.00%,15,0.01%,0.02%
ENERGIZER AAA 4 PCS,CS Others,NON FOOD,1,15,0,0.00%,15,0.01%,0.02%
HNZ FZ MIX VEG450g,CS Can & Jar Food,FOOD,1,15,0,0.00%,15,0.01%,0.02%
KIT KAT 2 FINGERS,CS Chocolate ,FOOD,12,15,0,0.00%,15,0.13%,0.02%
MIRINDA LARGE 2.25L,CS Soft Drinks,BEVERAGE,3,15,0,0.00%,15,0.03%,0.02%
NIVEA MEN SHOWER COOL KICK 250ML,CS Bath & Shower,NON FOOD,1,15,0,0.00%,15,0.01%,0.02%
NIVEA MEN SHOWER ENERGY 250ML,CS Bath & Shower,NON FOOD,1,15,0,0.00%,15,0.01%,0.02%
NIVEA MEN SHOWER ORIGINAL CARE 2,CS Bath & Shower,NON FOOD,1,15,0,0.00%,15,0.01%,0.02%
NIVEA SHOWER CR�ME SOFT 250ML,CS Bath & Shower,NON FOOD,1,15,0,0.00%,15,0.01%,0.02%
PEPSI CAN 355ML ,CS Soft Drinks,BEVERAGE,10,15,0,0.00%,15,0.11%,0.02%
REXONA DEO WOMEN B&W DIAMOND ,CS Deodrants,NON FOOD,1,15,0,0.00%,15,0.01%,0.02%
RiceKrispiesCMB20g,CS Cereal,FOOD,5,15,0,0.00%,15,0.05%,0.02%
TOBLERONE 50GM,CS Chocolate ,FOOD,3,15,0,0.00%,15,0.03%,0.02%
DR OETKER BAKING POWDER 170GM,CS Coocking & Baking,FOOD,1,14.5,0,0.00%,14.5,0.01%,0.02%
OAT KING BAR APPLE STRUDEL 95GM,CS Cereal,FOOD,1,14.5,0,0.00%,14.5,0.01%,0.02%
BETTY CROCKER BROWNIE DARK CHOCO,CS Coocking & Baking,FOOD,1,14.25,0,0.00%,14.25,0.01%,0.02%
12 OZ ICED CAFFE LATTE,Coffee,FOOD,1,14,0,0.00%,14,0.01%,0.02%
7 UP PET 500ML,Softdrinks,BEVERAGE,5,14,0,0.00%,14,0.05%,0.02%
BLUEBERRY MUFFIN,PASTRIES,FOOD,1,14,0,0.00%,14,0.01%,0.02%
Espresso Doppio,Nespresso,FOOD,1,14,0,0.00%,14,0.01%,0.02%
EXTRA PELLET WHITE GUM,CS Mint & Gum,FOOD,7,14,0,0.00%,14,0.08%,0.02%
Green Morocan Mint,Tea,BEVERAGE,1,14,0,0.00%,14,0.01%,0.02%
Khubus Bread,Breakfast,FOOD,7,14,0,0.00%,14,0.08%,0.02%
Orange & Carrot,Fresh Juices,BEVERAGE,1,14,0,0.00%,14,0.01%,0.02%
PEPSI PET 500M,CS Soft Drinks,BEVERAGE,7,14,0,0.00%,14,0.08%,0.02%
CLEAR SH MEN HAIRFALL DEFENSE 20,CS Shampoo & Conditioner,NON FOOD,1,13.75,0,0.00%,13.75,0.01%,0.02%
LINDT EXCELLENCE 70% CACOA 100GM,CS Chocolate ,FOOD,1,13.75,0,0.00%,13.75,0.01%,0.02%
LINDT EXCELLENCE BLACK CURRANT 1,CS Chocolate ,FOOD,1,13.75,0,0.00%,13.75,0.01%,0.02%
LINDT EXCELLENCE LIME INTENSE 10,CS Chocolate ,FOOD,1,13.75,0,0.00%,13.75,0.01%,0.02%
LINDT EXCELLENCE SEA SALT 100GM,CS Chocolate ,FOOD,1,13.75,0,0.00%,13.75,0.01%,0.02%
DAWAT EXTRA LONG GRAIN BASMATI R,CS Coocking & Baking,FOOD,1,13.5,0,0.00%,13.5,0.01%,0.02%
EMMENTHAL CHEESE PORTION 150G,CS Dairy ,FOOD,1,13.5,0,0.00%,13.5,0.01%,0.02%
POCARI SWEAT PET 500ML,CS Sports & Energy Drinks,BEVERAGE,3,13.5,0,0.00%,13.5,0.03%,0.02%
SCHWEPPES BITTER LEMON 300M,CS Soft Drinks,BEVERAGE,9,13.5,0,0.00%,13.5,0.10%,0.02%
SCHWEPPES SODA CAN 300M,CS Soft Drinks,BEVERAGE,9,13.5,0,0.00%,13.5,0.10%,0.02%
SIGNAL TOOTHPASTE FRESH GREEN 12,CS Oral Care,NON FOOD,2,13.5,0,0.00%,13.5,0.02%,0.02%
SLICED BREAD BROWN JUMBO,CS Bakery,FOOD,3,13.5,0,0.00%,13.5,0.03%,0.02%
BERRY CO GOJI BERRY JUICE 1L,CS Packet Juice,BEVERAGE,1,13,0,0.00%,13,0.01%,0.02%
BERRY CO SUPERBERRY RED 1L,CS Packet Juice,BEVERAGE,1,13,0,0.00%,13,0.01%,0.02%
BISQUINI TIN CHOCOLATE COOKIES 1,Biscuit & Cookies,FOOD,1,13,0,0.00%,13,0.01%,0.02%
BISQUINI TIN CRANBERRY COOKIES 1,Biscuit & Cookies,FOOD,1,13,0,0.00%,13,0.01%,0.02%
BOGUTTI AMERICAN COOKIES HAZELNU,Biscuit & Cookies,FOOD,2,13,0,0.00%,13,0.02%,0.02%
DR OETKER NO.4 CANDLE,CS Disposable,NON FOOD,2,13,0,0.00%,13,0.02%,0.02%
EXTRA PROFESSIONAL FRESH MINT GU,CS Mint & Gum,FOOD,4,13,0,0.00%,13,0.04%,0.02%
FUN32OZMLTI,CS Disposable,NON FOOD,2,13,0,0.00%,13,0.02%,0.02%
LADY CHOICE CHUNKY PEANUT BUTTER,CS Can & Jar Food,FOOD,1,13,0,0.00%,13,0.01%,0.02%
LADY CHOICE CREAMY PEANUT BUTTER,CS Can & Jar Food,FOOD,1,13,0,0.00%,13,0.01%,0.02%
LIPTON GREEN TEA LEMON TEA BAG 2,CS Tea,FOOD,2,13,0,0.00%,13,0.02%,0.02%
REXONA ROLLON MEN INVISIBLE ICE ,CS Deodrants,NON FOOD,1,13,0,0.00%,13,0.01%,0.02%
DR OETKER CELEBRATION CANDLE,CS Disposable,NON FOOD,1,12.75,0,0.00%,12.75,0.01%,0.02%
LIPTON PYRAMID FOREST FRUIT TEA,CS Tea,FOOD,1,12.75,0,0.00%,12.75,0.01%,0.02%
AL AIN YOGHURT LOW FAT 170GM,CS Dairy ,FOOD,10,12.5,0,0.00%,12.5,0.11%,0.02%
CROISSANT ZATAR,CS Bakery,FOOD,5,12.5,0,0.00%,12.5,0.05%,0.02%
DeoDryrollfemale,CS Deodrants,NON FOOD,1,12.5,0,0.00%,12.5,0.01%,0.02%
EXTRA BIG BOTTLE PEPPERMINT,CS Mint & Gum,FOOD,1,12.5,0,0.00%,12.5,0.01%,0.02%
LAYS CHILI 185GM,CS Chips & Snacks,FOOD,2,12.5,0,0.00%,12.5,0.02%,0.02%
LAYS FRENCH CHEESE 185GM,CS Chips & Snacks,FOOD,2,12.5,0,0.00%,12.5,0.02%,0.02%
7 Up,Softdrinks,BEVERAGE,3,12,0,0.00%,12,0.03%,0.02%
AL AIN MORNING PEACH MUSELI 250G,CS Dairy ,FOOD,4,12,0,0.00%,12,0.04%,0.02%
AL MARAI LABAN FULL FAT 360ML,CS Dairy ,FOOD,4,12,0,0.00%,12,0.04%,0.02%
BAYARA CINNAMON POWDER BOTTLE 10,CS Spices & Herbs,FOOD,3,12,0,0.00%,12,0.03%,0.02%
BLUEBERRY MUFFINS,Dessert,FOOD,1,12,0,0.00%,12,0.01%,0.02%
Cappuccino,Coffee,BEVERAGE,1,12,0,0.00%,12,0.01%,0.02%
CROISSANT HI BUTTER ZATAR,CS Bakery,FOOD,3,12,0,0.00%,12,0.03%,0.02%
CROISSANT PLAIN,CS Bakery,FOOD,8,12,0,0.00%,12,0.09%,0.02%
DOVE SH DAMAGE INTENSIVE REPAIR ,CS Shampoo & Conditioner,NON FOOD,1,12,0,0.00%,12,0.01%,0.02%
ESPRESSO MACCHIATO,Starbucks,FOOD,1,12,0,0.00%,12,0.01%,0.02%
ESPRESSO MACCHIATO DOUBLE,Coffee,FOOD,1,12,0,0.00%,12,0.01%,0.02%
FUN WOODEN SPOON 25PCS,CS Disposable,NON FOOD,3,12,0,0.00%,12,0.03%,0.02%
GATORADE TROPICAL,Energy Drinks,BEVERAGE,1,12,0,0.00%,12,0.01%,0.02%
GLASS OF MILK,Milk,FOOD,3,12,0,0.00%,12,0.03%,0.02%
GranAppleCunch,CS Cereal,FOOD,4,12,0,0.00%,12,0.04%,0.02%
Grilled Veg Olives,Pizza,FOOD,2,12,0,0.00%,12,0.02%,0.02%
HARIBO MINIS GOLD BEARS 200GM,CS Mint & Gum,FOOD,1,12,0,0.00%,12,0.01%,0.02%
Jalapenos,Pizza,FOOD,2,12,0,0.00%,12,0.02%,0.02%
Latte Macchiato,Coffee,BEVERAGE,1,12,0,0.00%,12,0.01%,0.02%
MANI PEANUTS SPICY PAPRIKA 45G,CS Dry Fruits,FOOD,3,12,0,0.00%,12,0.03%,0.02%
Pepsi Light,Softdrinks,BEVERAGE,3,12,0,0.00%,12,0.03%,0.02%
SMINT CANDY GUM MINT 14.2G,CS Mint & Gum,FOOD,3,12,0,0.00%,12,0.03%,0.02%
SPRITE LIGHT CAN,Softdrinks,BEVERAGE,3,12,0,0.00%,12,0.03%,0.02%
STRAIGHT DUTCH,Smoothies,BEVERAGE,1,12,0,0.00%,12,0.01%,0.02%
TOBLETOBLERONE MILK 35GM,CS Chocolate ,FOOD,4,12,0,0.00%,12,0.04%,0.02%
signalwhite120ml,CS Oral Care,NON FOOD,1,11.75,0,0.00%,11.75,0.01%,0.02%
DOLMIO BOLOGNESE ORIGINAL SAUCE ,CS Sauce,FOOD,1,11.5,0,0.00%,11.5,0.01%,0.01%
DOMESTOS BLEACH MOUNTAIN BREEZE ,CS Cleaning Supplies,NON FOOD,1,11.5,0,0.00%,11.5,0.01%,0.01%
JOHNSONS BABY POWDER 100GM,CS Baby Care,NON FOOD,1,11.5,0,0.00%,11.5,0.01%,0.01%
M&M 180GM PEANUT,CS Chocolate ,FOOD,1,11.25,0,0.00%,11.25,0.01%,0.01%
GROWERS PACKET HONEY PEANUTS,CS Nuts & Seeds,FOOD,2,11,0,0.00%,11,0.02%,0.01%
LUX HW SOFT TOUCH 250ML,CS Soap & Handwash,NON FOOD,1,11,0,0.00%,11,0.01%,0.01%
ORAL B FLOSS UNWAXED,CS Oral Care,NON FOOD,1,11,0,0.00%,11,0.01%,0.01%
PANTENE SH ANTI HAIR FALL 200ML,CS Shampoo & Conditioner,NON FOOD,1,11,0,0.00%,11,0.01%,0.01%
PANTENE SH DAILY CARE 200ML,CS Shampoo & Conditioner,NON FOOD,1,11,0,0.00%,11,0.01%,0.01%
MENTOS BOTTLE JUICE BLAST WATERM,CS Mint & Gum,FOOD,1,10.75,0,0.00%,10.75,0.01%,0.01%
YUM YUM CRUNCHY PEANUT BUTTER 40,CS Dairy ,FOOD,1,10.75,0,0.00%,10.75,0.01%,0.01%
YUM YUM SMOOTH PEANUT BUTTER 400,CS Can & Jar Food,FOOD,1,10.75,0,0.00%,10.75,0.01%,0.01%
EMMENTHAL CHEESE GRATED 150G,CS Dairy ,FOOD,1,10.5,0,0.00%,10.5,0.01%,0.01%
FAMILIA 50GM MUESLI CHOCO,CS Cereal,FOOD,3,10.5,0,0.00%,10.5,0.03%,0.01%
HARIBO CUP HAPPY CHERRIES 175GM,CS Mint & Gum,FOOD,1,10.5,0,0.00%,10.5,0.01%,0.01%
LACNOR PEACH 180ML,CS Packet Juice,BEVERAGE,7,10.5,0,0.00%,10.5,0.08%,0.01%
LUX BAR CREAMY PERFECTION 120GM,CS Soap & Handwash,NON FOOD,3,10.5,0,0.00%,10.5,0.03%,0.01%
MODERN BAKE MANGO PISTA ENERGY B,CS Cereal,FOOD,2,10.5,0,0.00%,10.5,0.02%,0.01%
SPRITE CAN 330ML ,CS Soft Drinks,BEVERAGE,7,10.5,0,0.00%,10.5,0.08%,0.01%
Tide HS MB260g ,CS Laundry Care,NON FOOD,3,10.5,0,0.00%,10.5,0.03%,0.01%
VITA COCO PINEAPPLE 330ML,Convenience Beverages,BEVERAGE,1,10.5,0,0.00%,10.5,0.01%,0.01%
SLIM NOODLES READY TO WOK 270GM,CS Pasta & Noodles,FOOD,1,10.25,0,0.00%,10.25,0.01%,0.01%
7UP LARGE 2.25L,CS Soft Drinks,BEVERAGE,2,10,0,0.00%,10,0.02%,0.01%
AL AIN WATER 1.5 LITER,Water,BEVERAGE,5,10,0,0.00%,10,0.05%,0.01%
ALGIDA I/C CLASSICS VANILLA,CS Chocolate ,FOOD,4,10,0,0.00%,10,0.04%,0.01%
Al R. p.apple & Guava,CS Packet Juice,BEVERAGE,4,10,0,0.00%,10,0.04%,0.01%
Espresso,Coffee,BEVERAGE,1,10,0,0.00%,10,0.01%,0.01%
ESPRESSO MACCHIATO SINGLE,Starbucks,FOOD,1,10,0,0.00%,10,0.01%,0.01%
EXTRA PELLET LIME,Biscuit & Cookies,FOOD,5,10,0,0.00%,10,0.05%,0.01%
EXTRA PELLET PEPPERMINT GUM,CS Mint & Gum,FOOD,5,10,0,0.00%,10,0.05%,0.01%
Ice Cream Scoop,Ice cream,FOOD,2,10,0,0.00%,10,0.02%,0.01%
MIXED NUT & CEREAL 8 OZ,Peannuts,FOOD,1,10,0,0.00%,10,0.01%,0.01%
WHOLE FRUIT,Dessert,FOOD,2,10,0,0.00%,10,0.02%,0.01%
EXTRA PROFESSIONAL STRONG MINT G,CS Mint & Gum,FOOD,3,9.75,0,0.00%,9.75,0.03%,0.01%
TOBLERONE WHITE 35GM,CS Chocolate ,FOOD,3,9.75,0,0.00%,9.75,0.03%,0.01%
VOCHELLE BLOCK HAZELNUT 180G,CS Chocolate ,FOOD,1,9.75,0,0.00%,9.75,0.01%,0.01%
GATORADE BLUE BOLT PET 500ML,CS Sports & Energy Drinks,BEVERAGE,2,9.5,0,0.00%,9.5,0.02%,0.01%
GATORADE LEMON PET 500ML,CS Sports & Energy Drinks,BEVERAGE,2,9.5,0,0.00%,9.5,0.02%,0.01%
TAMRAH CHOCO CARAMEL ZIPPER BAG ,CS Dry Fruits,FOOD,1,9.5,0,0.00%,9.5,0.01%,0.01%
TAMRAH CHOCO DARK ZIPPER BAG 100,CS Dry Fruits,FOOD,1,9.5,0,0.00%,9.5,0.01%,0.01%
ZWAN HOT DOG CHICKEN SAUSAGE 400,CS Can & Jar Food,FOOD,1,9.5,0,0.00%,9.5,0.01%,0.01%
CERES PEAR JUICE 1L,CS Packet Juice,BEVERAGE,1,9.25,0,0.00%,9.25,0.01%,0.01%
CRUNCHOS PUMPKIN SEEDS 200GM,CS Dry Fruits,FOOD,1,9.25,0,0.00%,9.25,0.01%,0.01%
CRUNCHOS SUNFLOWER SEEDS 200GM,CS Dry Fruits,FOOD,1,9.25,0,0.00%,9.25,0.01%,0.01%
COKE ZERO CAN 300M,CS Soft Drinks,BEVERAGE,6,9,0,0.00%,9,0.07%,0.01%
HANSAPLAST 20 STRIPS ELASTIC 2 S,CS Others,NON FOOD,1,9,0,0.00%,9,0.01%,0.01%
HARIBO GOLD BEARS PACKET 160GM,CS Mint & Gum,FOOD,1,9,0,0.00%,9,0.01%,0.01%
NATURE VALLEY CANADIAN MAPLE SYR,CS Cereal,FOOD,3,9,0,0.00%,9,0.03%,0.01%
NATURE VALLEY OATS & HONEY,CS Cereal,FOOD,3,9,0,0.00%,9,0.03%,0.01%
ALPEN BAR FRUIT NUT 28GM,CS Cereal,FOOD,2,8.5,0,0.00%,8.5,0.02%,0.01%
HEINZ TUNA LIGHT SOLID OIL TIN 1,CS Can & Jar Food,FOOD,1,8.5,0,0.00%,8.5,0.01%,0.01%
VOLVIC WATER 500ML,CS Water,BEVERAGE,2,8.5,0,0.00%,8.5,0.02%,0.01%
MANI 20G ALMONDS SMOKED BBQ,CS Dry Fruits,FOOD,3,8.25,0,0.00%,8.25,0.03%,0.01%
AL MARAI WHIPPING CREAM 250ML,CS Dairy ,FOOD,1,8,0,0.00%,8,0.01%,0.01%
AlwaysUltrThin,CS Sanitary Care,NON FOOD,1,8,0,0.00%,8,0.01%,0.01%
BAYARA EXTRA NUTS 50GM,CS Nuts & Seeds,FOOD,2,8,0,0.00%,8,0.02%,0.01%
BOGUTTI CHOCOFIT CHOCO CRANBERRY,Biscuit & Cookies,FOOD,1,8,0,0.00%,8,0.01%,0.01%
BREAKFAST TEA BAG,Tea,FOOD,1,8,0,0.00%,8,0.01%,0.01%
Brilliant B-Tea,Tea,FOOD,1,8,0,0.00%,8,0.01%,0.01%
Coke Zero,Softdrinks,BEVERAGE,2,8,0,0.00%,8,0.02%,0.01%
Extra Cheese,Cheese,FOOD,2,8,0,0.00%,8,0.02%,0.01%
EXTRA FRUIT FLVR 14PCS,CS Mint & Gum,FOOD,2,8,0,0.00%,8,0.02%,0.01%
FERRARELLE WATER 500ML,Water,BEVERAGE,1,8,0,0.00%,8,0.01%,0.01%
FUN WOODEN FORK 25PCS,CS Disposable,NON FOOD,2,8,0,0.00%,8,0.02%,0.01%
HIBISCUS ICED TEA,Tea,FOOD,1,8,0,0.00%,8,0.01%,0.01%
LIPTON PEACH ICED TEA,Tea,BEVERAGE,2,8,0,0.00%,8,0.02%,0.01%
NutroLemon90g,Biscuit & Cookies,FOOD,4,8,0,0.00%,8,0.04%,0.01%
PEPPERMINT TEA BAG,Tea,FOOD,1,8,0,0.00%,8,0.01%,0.01%
PEPSI DIET PET 500M,CS Soft Drinks,BEVERAGE,4,8,0,0.00%,8,0.04%,0.01%
PORTION FRIES,Condiments,FOOD,1,8,0,0.00%,8,0.01%,0.01%
SMINT CANDY GUM PEPPERMINT 14.2G,CS Mint & Gum,FOOD,2,8,0,0.00%,8,0.02%,0.01%
SMINT CANDY GUM STRAWBERRY 14.2G,CS Mint & Gum,FOOD,2,8,0,0.00%,8,0.02%,0.01%
Sprite,Softdrinks,BEVERAGE,2,8,0,0.00%,8,0.02%,0.01%
Steamed Rice,Main course,FOOD,1,8,0,0.00%,8,0.01%,0.01%
SUBSTITUTE SOYA ALMOND,Soya Milk,FOOD,2,8,0,0.00%,8,0.02%,0.01%
THE BERRY CO BLACK TEA ELDERFLOW,Packet Juice,BEVERAGE,1,8,0,0.00%,8,0.01%,0.01%
THE BERRY CO GOJI BERRY JUICE,Packet Juice,BEVERAGE,1,8,0,0.00%,8,0.01%,0.01%
THE BERRY CO POMEGRANTE JUICE,Packet Juice,BEVERAGE,1,8,0,0.00%,8,0.01%,0.01%
Vegetable Noodles,Main course,FOOD,1,8,0,0.00%,8,0.01%,0.01%
FUN PLASTIC SPOON PLUM 18PCS,CS Disposable,NON FOOD,1,7.75,0,0.00%,7.75,0.01%,0.01%
MENTOS BOTTLE WHITE TUTTI FRUTTI,CS Mint & Gum,FOOD,1,7.75,0,0.00%,7.75,0.01%,0.01%
SMINT POCKET PEPPERMINT,CS Mint & Gum,FOOD,1,7.75,0,0.00%,7.75,0.01%,0.01%
AL MARAI MIXED FRUIT 300ML,CS Packet Juice,BEVERAGE,3,7.5,0,0.00%,7.5,0.03%,0.01%
AM Chd Sli 200,CS Dairy ,FOOD,1,7.5,0,0.00%,7.5,0.01%,0.01%
BAYARA SALTED PISTACHIOS 50GM,CS Dry Fruits,FOOD,2,7.5,0,0.00%,7.5,0.02%,0.01%
DOUGHNUT JAM,CS Bakery,FOOD,5,7.5,0,0.00%,7.5,0.05%,0.01%
MAGNUM I/C CLASSIC,CS Ice Cream,FOOD,1,7.5,0,0.00%,7.5,0.01%,0.01%
MENTOS MINIS ASSORTED PACKET 250,CS Mint & Gum,FOOD,1,7.5,0,0.00%,7.5,0.01%,0.01%
BARILLA PASTA SPAGHETTI NO.3 500,CS Pasta & Noodles,FOOD,1,7.25,0,0.00%,7.25,0.01%,0.01%
BARILLA PASTA SPAGHETTI NO.5 500,CS Pasta & Noodles,FOOD,1,7.25,0,0.00%,7.25,0.01%,0.01%
CLOROX SUPER WIPES 5PCS,CS Tissue & Toilet Rolls,NON FOOD,1,7.25,0,0.00%,7.25,0.01%,0.01%
"BUN BREAD SEASAME 4"" 6 PCS",CS Bakery,FOOD,2,7,0,0.00%,7,0.02%,0.01%
CORNETTO I/C LOVE VANILLA RASPBE,CS Ice Cream,FOOD,1,7,0,0.00%,7,0.01%,0.01%
KOKA CUP SEAFOOD,CS Pasta & Noodles,FOOD,2,7,0,0.00%,7,0.02%,0.01%
LARGE GLASS FRESH MILK,Coffee,FOOD,1,7,0,0.00%,7,0.01%,0.01%
LUX BAR DREAM DELIGHT 120GM,CS Soap & Handwash,NON FOOD,2,7,0,0.00%,7,0.02%,0.01%
MENTOS 38GM CHEWY FRUIT,CS Mint & Gum,FOOD,4,7,0,0.00%,7,0.04%,0.01%
PEPSODENT TP GERMICHECK+BRUSH 15,CS Oral Care,NON FOOD,1,7,0,0.00%,7,0.01%,0.01%
WALKERS SB FINGERS 40G,Biscuit & Cookies,FOOD,2,7,0,0.00%,7,0.02%,0.01%
POKKA LEMON ICED TEA 330ML,CS Soft Drinks,BEVERAGE,3,6.75,0,0.00%,6.75,0.03%,0.01%
BOGUTTI AMERICAN COOKIES RAISINS,Biscuit & Cookies,FOOD,1,6.5,0,0.00%,6.5,0.01%,0.01%
CARTE D'OR SMALL CUP STRAWBERRY,CS Chocolate ,FOOD,1,6.5,0,0.00%,6.5,0.01%,0.01%
CARTE D'OR SMALL CUP VANILLA,CS Chocolate ,FOOD,1,6.5,0,0.00%,6.5,0.01%,0.01%
CLOROX PINT FOR COLORS 470ML,CS Cleaning Supplies,NON FOOD,1,6.5,0,0.00%,6.5,0.01%,0.01%
DESIAM THAI YELLOW CURRY PASTE 7,CS Sauce,FOOD,1,6.5,0,0.00%,6.5,0.01%,0.01%
DR OETKER NO.7 CANDLE,CS Disposable,NON FOOD,1,6.5,0,0.00%,6.5,0.01%,0.01%
GALAXY FRUIT & NUT 40GM,CS Chocolate ,FOOD,2,6.5,0,0.00%,6.5,0.02%,0.01%
INDOMIE CUP VEGETABLE,CS Pasta & Noodles,FOOD,2,6.5,0,0.00%,6.5,0.02%,0.01%
PRINGLES 40GM HOT & SPICY,CS Chips & Snacks,FOOD,2,6.5,0,0.00%,6.5,0.02%,0.01%
LACNOR MILK STRAWBERRY 180ML,CS Packet Juice,BEVERAGE,5,6.25,0,0.00%,6.25,0.05%,0.01%
LAYS TOMATO KETCHUP 185GM,CS Chips & Snacks,FOOD,1,6.25,0,0.00%,6.25,0.01%,0.01%
COCA COAL LIGHT PET 500ML,Softdrinks,BEVERAGE,1,6,0,0.00%,6,0.01%,0.01%
COKE DIET CAN 330ML ,CS Soft Drinks,BEVERAGE,4,6,0,0.00%,6,0.04%,0.01%
COKE LIGHT PET 500ML,CS Soft Drinks,BEVERAGE,3,6,0,0.00%,6,0.03%,0.01%
EXTRA PELLET SPEARMINT GUM,CS Mint & Gum,FOOD,3,6,0,0.00%,6,0.03%,0.01%
EXTRA PELLET WATERMELON GUM ,CS Mint & Gum,FOOD,3,6,0,0.00%,6,0.03%,0.01%
FANTA PET 500ML,CS Soft Drinks,BEVERAGE,3,6,0,0.00%,6,0.03%,0.01%
Grilled Chicken,Pizza,FOOD,1,6,0,0.00%,6,0.01%,0.01%
LAYS 40GM FRENCH CHEESE,CS Chips & Snacks,FOOD,3,6,0,0.00%,6,0.03%,0.01%
LIP MAGIC AROMA 25TB,CS Tea,FOOD,1,6,0,0.00%,6,0.01%,0.01%
Mash and Gravy,Extras,FOOD,1,6,0,0.00%,6,0.01%,0.01%
Peppers,Pizza,FOOD,1,6,0,0.00%,6,0.01%,0.01%
BEST 30GM SALTED PISTACHIO,CS Nuts & Seeds,FOOD,2,5.75,0,0.00%,5.75,0.02%,0.01%
SMINT POCKET WILDBERRY,CS Mint & Gum,FOOD,1,5.75,0,0.00%,5.75,0.01%,0.01%
JOHNSONS BABY SKIN CARE WIPES 20,CS Baby Care,NON FOOD,1,5.5,0,0.00%,5.5,0.01%,0.01%
ORAL B BRUSH KIDS,CS Oral Care,NON FOOD,1,5.5,0,0.00%,5.5,0.01%,0.01%
SNAPPLE FRUIT PUNCH JUICE,CS Packet Juice,BEVERAGE,1,5.5,0,0.00%,5.5,0.01%,0.01%
VOCHELLE DARK CHOC ALMOND 90G,CS Chocolate ,FOOD,1,5.5,0,0.00%,5.5,0.01%,0.01%
VOCHELLE DARK CHOC PLAIN 90G,CS Chocolate ,FOOD,1,5.5,0,0.00%,5.5,0.01%,0.01%
A/G Red Grape Vinegar 16oz,CS Can & Jar Food,FOOD,1,5.25,0,0.00%,5.25,0.01%,0.01%
BAHLSEN LEIBNIZ ZOO 100GM,Biscuit & Cookies,FOOD,1,5.25,0,0.00%,5.25,0.01%,0.01%
BAHLSEN RED HIT MINIS MILK 130GM,Biscuit & Cookies,FOOD,1,5.25,0,0.00%,5.25,0.01%,0.01%
SCHOGETTEN MILK CHOCOLATE 100GM,CS Chocolate ,FOOD,1,5.25,0,0.00%,5.25,0.01%,0.01%
CARTE DOR CHOCOLATE 1 SCOOP,Ice cream,FOOD,1,5,0,0.00%,5,0.01%,0.01%
FUN WHISTLE BALOON 6PCS,CS Disposable,NON FOOD,1,5,0,0.00%,5,0.01%,0.01%
Granola Bar,CS Cereal,FOOD,1,5,0,0.00%,5,0.01%,0.01%
MentoGmWatrMelon,CS Mint & Gum,FOOD,1,5,0,0.00%,5,0.01%,0.01%
MENTOS CHEWY MINT 30GM,CS Mint & Gum,FOOD,4,5,0,0.00%,5,0.04%,0.01%
NUTRO GLUCOSE MILK HONEY BISCUIT,Biscuit & Cookies,FOOD,5,5,0,0.00%,5,0.05%,0.01%
PEPSI LARGE 2.25L,CS Soft Drinks,BEVERAGE,1,5,0,0.00%,5,0.01%,0.01%
SLICED BREAD WHITE JUMBO,CS Bakery,FOOD,1,5,0,0.00%,5,0.01%,0.01%
COKE LIGHT CAN 300ML,CS Soft Drinks,BEVERAGE,3,4.5,0,0.00%,4.5,0.03%,0.01%
DOUGHNUT ICING WHITE,CS Bakery,FOOD,3,4.5,0,0.00%,4.5,0.03%,0.01%
FANTA STRAWBERRY 355M,CS Soft Drinks,BEVERAGE,3,4.5,0,0.00%,4.5,0.03%,0.01%
GILLETTE BLUE 2 PCS DISPOSABLE,CS Mens Care,NON FOOD,2,4.5,0,0.00%,4.5,0.02%,0.01%
Lacnor Cocktail180ML,Fresh Juices,FOOD,3,4.5,0,0.00%,4.5,0.03%,0.01%
Lacnor Full Fat Milk 1L ,CS Dairy ,BEVERAGE,1,4.5,0,0.00%,4.5,0.01%,0.01%
LAYS FORNO CHEESE 43GM,CS Chips & Snacks,FOOD,2,4.5,0,0.00%,4.5,0.02%,0.01%
MANI 20G PEANUTS SPICY PAPRIKA,CS Dry Fruits,FOOD,3,4.5,0,0.00%,4.5,0.03%,0.01%
MOUNTAIN DEW CAN 335ML ,CS Soft Drinks,BEVERAGE,3,4.5,0,0.00%,4.5,0.03%,0.01%
OISHI SPICY PRAWN CRACKERS 60GM,CS Chips & Snacks,FOOD,2,4.5,0,0.00%,4.5,0.02%,0.01%
PEPSI DIET CAN 335ML ,CS Soft Drinks,BEVERAGE,3,4.5,0,0.00%,4.5,0.03%,0.01%
THAI CHOICE BEEF ,CS Pasta & Noodles,FOOD,1,4.5,0,0.00%,4.5,0.01%,0.01%
ALPEN BAR FRUIT NUT MILK CHOCOLA,CS Cereal,FOOD,1,4.25,0,0.00%,4.25,0.01%,0.01%
ADD CARAMEL DRIZZLE,Starbucks,FOOD,1,4,0,0.00%,4,0.01%,0.01%
ADD SOYA MILK,Starbucks,FOOD,2,4,0,0.00%,4,0.02%,0.01%
ADD WHIPPED CREAM,Starbucks,FOOD,1,4,0,0.00%,4,0.01%,0.01%
AL AIN FRUIT FOREST YOGHURT 125G,CS Dairy ,FOOD,2,4,0,0.00%,4,0.02%,0.01%
Apple Red,CS Fresh Fruit,FOOD,2,4,0,0.00%,4,0.02%,0.01%
CROISSANT CHEESE,CS Bakery,FOOD,2,4,0,0.00%,4,0.02%,0.01%
D Sprite,Softdrinks,BEVERAGE,1,4,0,0.00%,4,0.01%,0.01%
FUN WOODEN KNIFE 25PCS,CS Disposable,NON FOOD,1,4,0,0.00%,4,0.01%,0.01%
LAYS SALT 40G,CHIPS,FOOD,1,4,0,0.00%,4,0.01%,0.01%
Mountain Dew,Softdrinks,BEVERAGE,1,4,0,0.00%,4,0.01%,0.01%
SMINT CANDY GUM BLACKBERRY 14.2G,CS Mint & Gum,FOOD,1,4,0,0.00%,4,0.01%,0.01%
STILL WATER REG,Water,BEVERAGE,2,4,0,0.00%,4,0.02%,0.01%
"BUN BREAD PLAIN 4"" 6 PCS",CS Bakery,FOOD,1,3.5,0,0.00%,3.5,0.01%,0.00%
FRUIT TELLA ORANGE 36G,CS Mint & Gum,FOOD,2,3.5,0,0.00%,3.5,0.02%,0.00%
FRUIT TELLA STRAWBERRY 39G,CS Mint & Gum,FOOD,2,3.5,0,0.00%,3.5,0.02%,0.00%
KOKA CUP BEEF,CS Pasta & Noodles,FOOD,1,3.5,0,0.00%,3.5,0.01%,0.00%
KOKA CUP CHICKEN CORN,CS Pasta & Noodles,FOOD,1,3.5,0,0.00%,3.5,0.01%,0.00%
MENTOS 38GM CHEWY COLA,CS Mint & Gum,FOOD,2,3.5,0,0.00%,3.5,0.02%,0.00%
WalkersChocolate Chips40g,Biscuits,FOOD,1,3.5,0,0.00%,3.5,0.01%,0.00%
GALAXY CARAMEL 40GM,CS Chocolate ,FOOD,1,3.25,0,0.00%,3.25,0.01%,0.00%
TWIX TWIN BAR 50GM,CS Chocolate ,FOOD,1,3.25,0,0.00%,3.25,0.01%,0.00%
VOLVIC WATER 330ML,CS Water,BEVERAGE,1,3.25,0,0.00%,3.25,0.01%,0.00%
AL MARAI CHEESE 8 TRIANGLES 120G,CS Dairy ,FOOD,1,3,0,0.00%,3,0.01%,0.00%
BEST 30GM SALTED PEANUTS,CS Nuts & Seeds,FOOD,2,3,0,0.00%,3,0.02%,0.00%
CADBURY DM HAZELNUT 37GM,CS Chocolate ,FOOD,1,3,0,0.00%,3,0.01%,0.00%
COKE CAN 300ML,CS Soft Drinks,BEVERAGE,2,3,0,0.00%,3,0.02%,0.00%
NATURE VALLEY APPLE CRIS,CS Cereal,FOOD,1,3,0,0.00%,3,0.01%,0.00%
POKKA ICED TEA PEACH 500ML,CS Packet Juice,BEVERAGE,1,3,0,0.00%,3,0.01%,0.00%
SLICED BREAD WHITE MEDIUM,CS Bakery,FOOD,1,3,0,0.00%,3,0.01%,0.00%
PERRIER WATER SLIM CAN 250ML,Convenience Beverages,BEVERAGE,1,2.75,0,0.00%,2.75,0.01%,0.00%
CLOROX HEAVY DUTY SCOURER 1PCS,CS Cleaning Supplies,NON FOOD,1,2.5,0,0.00%,2.5,0.01%,0.00%
LACNOR MILK BANANA 180ML,CS Packet Juice,BEVERAGE,2,2.5,0,0.00%,2.5,0.02%,0.00%
MANI 20G SWEET COCKTAIL NUTS FRU,CS Dry Fruits,FOOD,1,2.5,0,0.00%,2.5,0.01%,0.00%
Nail Cutter ,CS Others,NON FOOD,1,2.5,0,0.00%,2.5,0.01%,0.00%
NESCAFE CAPPUCINO SACHET 1PCS,CS Coffee,FOOD,1,2.25,0,0.00%,2.25,0.01%,0.00%
Add Mini PastryCombo,Dessert,FOOD,2,2,0,0.00%,2,0.02%,0.00%
BBQ SAUCE,Extras,FOOD,1,2,0,0.00%,2,0.01%,0.00%
DOUGHNUT PLAIN,CS Bakery,FOOD,1,2,0,0.00%,2,0.01%,0.00%
EXTRA PELLET STRAWBERRY GUM,Biscuit & Cookies,FOOD,1,2,0,0.00%,2,0.01%,0.00%
FOUNTAIN SODA SMALL,Softdrinks,BEVERAGE,1,2,0,0.00%,2,0.01%,0.00%
HONEY & MUSTARD SAUCE,Extras,FOOD,1,2,0,0.00%,2,0.01%,0.00%
SPRITE PET 500ML,CS Soft Drinks,BEVERAGE,1,2,0,0.00%,2,0.01%,0.00%
WRIGLEYS JUICY FRUIT STICK BANAN,CS Mint & Gum,FOOD,2,2,0,0.00%,2,0.02%,0.00%
MIRINDA ORANGE CAN 335ML ,CS Soft Drinks,BEVERAGE,1,1.5,0,0.00%,1.5,0.01%,0.00%
SAFETY MATCH STICK BOX 2PCS,CS Others,NON FOOD,3,1.5,0,0.00%,1.5,0.03%,0.00%
SPRITE LIGHT CAN 330ML ,CS Soft Drinks,BEVERAGE,1,1.5,0,0.00%,1.5,0.01%,0.00%
MENTOS ICE PEPPERMINT 10G,CS Mint & Gum,FOOD,1,1.25,0,0.00%,1.25,0.01%,0.00%
MENTOS ICE SPEARMINT 10G,CS Mint & Gum,FOOD,1,1.25,0,0.00%,1.25,0.01%,0.00%
CAPRISUN MIXED FRUIT,CS Packet Juice,BEVERAGE,1,1,0,0.00%,1,0.01%,0.00%
MAGGI STOCK CUBE VEGETABLE,CS Sauce,FOOD,1,1,0,0.00%,1,0.01%,0.00%
TOTAL*,,,"7,772","77,280.50",0,0.00%,"77,280.50",85.07%,100.00%
,,,,,,,,,
