Menu Engineering Items Summary,,,,,,,,,
,,,,,,,,,
Business Dates,2/11/2016,,,,,,,,
Locations,"DEMO,UAE",,,,,,,,
Revenue Centers,All,,,,,,,,
Menu Items,All,,,,,,,,
,,,,,,,,,
Menu Item Name,Family Group,Major Group,Qty Sold,Net Sales,Prep Cost,Cost %,Margin Less Item Disc,% Qty,% Margin
Stud Meal Combo,Main course,FOOD,144,"4,290.00",0,0.00%,"4,290.00",1.59%,5.71%
Student Breakfast,Breakfast,FOOD,118,"3,540.00",0,0.00%,"3,540.00",1.30%,4.71%
MARINATED SALMON STEAK,Grill,FOOD,66,"1,980.00",0,0.00%,"1,980.00",0.73%,2.63%
GLOBAL STREET MAIN,Main course,FOOD,63,"1,638.00",0,0.00%,"1,638.00",0.69%,2.18%
SERCO LUNCH,SERCO LUNCH,FOOD,93,"1,395.00",0,0.00%,"1,395.00",1.02%,1.86%
Buffet Meal,Main course,FOOD,65,"1,364.00",0,0.00%,"1,364.00",0.72%,1.81%
Tenderloin Steak,Burgers,FOOD,43,"1,290.00",0,0.00%,"1,290.00",0.47%,1.72%
Slice of the Day,Pizza,FOOD,204,"1,005.00",0,0.00%,"1,005.00",2.25%,1.34%
SERCO DINNER,SERCO DINNER,FOOD,63,945,0,0.00%,945,0.69%,1.26%
Classic Angus Burger,Burgers,FOOD,31,930,0,0.00%,930,0.34%,1.24%
CHICKEN MEAL ,Main course,FOOD,37,900,0,0.00%,900,0.41%,1.20%
BLACK ANGUS CLUB 6 OZ,Burgers,FOOD,26,832,0,0.00%,832,0.29%,1.11%
BBQ Glazed Chicken,Sandwiches,FOOD,38,798,0,0.00%,798,0.42%,1.06%
Chicken Caesar,Salads,FOOD,30,750,0,0.00%,750,0.33%,1.00%
BEEF MEAL,Main course,FOOD,29,700,0,0.00%,700,0.32%,0.93%
Margherita(V),Pizza,FOOD,27,675,0,0.00%,675,0.30%,0.90%
Massaman Chicken,Main course,FOOD,28,672,0,0.00%,672,0.31%,0.89%
Rose flower,Flowers,NON FOOD,66,660,0,0.00%,660,0.73%,0.88%
BUTTER FLY CHICKEN BREAST ,Grill,FOOD,27,648,0,0.00%,648,0.30%,0.86%
12 OZ CAFFE AMERICANO,Starbucks,FOOD,64,640,0,0.00%,640,0.70%,0.85%
Falafel Tomato & Hummus(V),Sandwiches,FOOD,35,630,0,0.00%,630,0.39%,0.84%
Battered Chicken,Main course,FOOD,22,616,0,0.00%,616,0.24%,0.82%
Open Food,Open Food,FOOD,2,596,0,0.00%,596,0.02%,0.79%
12 OZ CAFFE LATTE,Starbucks,FOOD,49,588,0,0.00%,588,0.54%,0.78%
Chicken Steak,Grill,FOOD,24,576,0,0.00%,576,0.26%,0.77%
Five a Day,Fresh Juices,BEVERAGE,23,552,0,0.00%,552,0.25%,0.73%
Take Away Box,Take Away Boxes,NON FOOD,183,549,0,0.00%,549,2.01%,0.73%
Grilled Chicken Burger,Burgers,FOOD,23,528,0,0.00%,528,0.25%,0.70%
16 OZ CAFFE LATTE,Starbucks,FOOD,37,518,0,0.00%,518,0.41%,0.69%
12 OZ CAPPUCHINO,Starbucks,FOOD,42,504,0,0.00%,504,0.46%,0.67%
CHICKEN CEASAR SALAD,Salads,FOOD,15,480,0,0.00%,480,0.17%,0.64%
Two Eggs ,Breakfast,FOOD,94,470,0,0.00%,470,1.03%,0.63%
FG LARGE BOWL,FEEL GOOD,FOOD,17,442,0,0.00%,442,0.19%,0.59%
Extra Portion Grill,Main course,FOOD,35,420,0,0.00%,420,0.39%,0.56%
SWEET CHILLI SALMON SALAD,Sandwiches,FOOD,11,418,0,0.00%,418,0.12%,0.56%
FG MEDIUM BOWL,FEEL GOOD,FOOD,23,414,0,0.00%,414,0.25%,0.55%
Pesto Roasted Chicken,Sandwiches,FOOD,18,414,0,0.00%,414,0.20%,0.55%
Masafi Water500ml,Water,BEVERAGE,413,411,0,0.00%,411,4.55%,0.55%
Fresh Fruit Pcs,Extras,FOOD,137,408,0,0.00%,408,1.51%,0.54%
Chicken Tikka,Sandwiches,FOOD,16,384,0,0.00%,384,0.18%,0.51%
CHICKEN WRAP COMBO,Burgers,FOOD,10,380,0,0.00%,380,0.11%,0.51%
BRIE & TOMATO S/W,Sandwiches,FOOD,11,374,0,0.00%,374,0.12%,0.50%
7 OZ DOUBLE SHOT ICED SHAKEN,Starbucks,FOOD,26,364,0,0.00%,364,0.29%,0.48%
REUBENS S/W,Sandwiches,FOOD,12,360,0,0.00%,360,0.13%,0.48%
SERCO BREAKFAST,SERCO BREAKFAST,FOOD,23,345,0,0.00%,345,0.25%,0.46%
Side Salad,Salads,FOOD,86,344,0,0.00%,344,0.95%,0.46%
SMOKED TURKEY S/W,Sandwiches,FOOD,10,340,0,0.00%,340,0.11%,0.45%
AMERICAN 4 OZ,Burgers,FOOD,12,336,0,0.00%,336,0.13%,0.45%
FRESH JUICE SMALL,Breakfast,FOOD,74,296,0,0.00%,296,0.81%,0.39%
Buffet Fruit Salad,Salads,FOOD,59,295,0,0.00%,295,0.65%,0.39%
16 OZ CAPPUCHINO,Starbucks,FOOD,20,280,0,0.00%,280,0.22%,0.37%
CEASAR CHICKEN WRAP,Wraps,FOOD,8,272,0,0.00%,272,0.09%,0.36%
CHICKEN ROCQUET CHEESE S/W,Sandwiches,FOOD,9,270,0,0.00%,270,0.10%,0.36%
Banana Pcs,CS Fresh Fruit,FOOD,130,260,0,0.00%,260,1.43%,0.35%
Homemade Beef Burger,Burgers,FOOD,13,260,0,0.00%,260,0.14%,0.35%
FRIED CHICKEN WRAP,Burgers,FOOD,8,256,0,0.00%,256,0.09%,0.34%
12OZ WHITE CHOCOLATE MOCHA,Starbucks,FOOD,17,255,0,0.00%,255,0.19%,0.34%
16 OZ CAFFE AMERICANO,Starbucks,FOOD,21,252,0,0.00%,252,0.23%,0.34%
FRESH GREEN SALAD,Salads,FOOD,14,252,0,0.00%,252,0.15%,0.34%
Salmon Salad,Salads,FOOD,10,250,0,0.00%,250,0.11%,0.33%
Guest Meal Combo,Main course,FOOD,13,245,0,0.00%,245,0.14%,0.33%
CHICKEN STACK,Burgers,FOOD,8,240,0,0.00%,240,0.09%,0.32%
Double Trouble,Milk Shake,BEVERAGE,10,240,0,0.00%,240,0.11%,0.32%
Smoked Salmon,Sandwiches,FOOD,9,225,0,0.00%,225,0.10%,0.30%
16 OZ ICED CAFE AMERICANO,Starbucks,FOOD,17,222,0,0.00%,222,0.19%,0.30%
California Rolls(6Pcs),Sushi,FOOD,10,220,0,0.00%,220,0.11%,0.29%
LACNOR MILK CHOCOLATE,Flavoured Milk,BEVERAGE,55,220,0,0.00%,220,0.61%,0.29%
VEGGIE MEAL,Veggie,FOOD,10,220,0,0.00%,220,0.11%,0.29%
Yoghurt,Yogurt,FOOD,54,216,0,0.00%,216,0.59%,0.29%
GRILLED CHICKEN & BACON S/W,Sandwiches,FOOD,6,210,0,0.00%,210,0.07%,0.28%
Rocco,Pizza,FOOD,6,210,0,0.00%,210,0.07%,0.28%
Fruit Salad,Yoghurt Pots,FOOD,17,204,0,0.00%,204,0.19%,0.27%
FRESH JUICE LARGE,Fresh Juices,FOOD,29,203,0,0.00%,203,0.32%,0.27%
VEG BURGER,Burgers,FOOD,10,200,0,0.00%,200,0.11%,0.27%
Smoked Turkey Ham Pasta,Salads,FOOD,9,198,0,0.00%,198,0.10%,0.26%
16 OZ ICED CAFFE LATTE,Starbucks,FOOD,13,196,0,0.00%,196,0.14%,0.26%
Steamed Vegetables,Main course,FOOD,7,196,0,0.00%,196,0.08%,0.26%
16 OZ ICED CARAMEL MACCHIATO,Starbucks,FOOD,11,195,0,0.00%,195,0.12%,0.26%
Chocolate Bar,Extras,FOOD,39,195,0,0.00%,195,0.43%,0.26%
CLASSIC FRIES,Main course,FOOD,38,190,0,0.00%,190,0.42%,0.25%
12 OZ VANILLA LATTE,Starbucks,FOOD,11,187,0,0.00%,187,0.12%,0.25%
Grilled Halloumi(V),Sandwiches,FOOD,9,180,0,0.00%,180,0.10%,0.24%
LACNOR COCKTAIL 180ML,Fresh Juices,BEVERAGE,45,180,0,0.00%,180,0.50%,0.24%
LACNOR MANGO 180ML,Fresh Juices,BEVERAGE,44,176,0,0.00%,176,0.48%,0.23%
Meal Buffet GK,Main course,FOOD,8,176,0,0.00%,176,0.09%,0.23%
RACHELS GREEK YOGHURT NATURAL 45,CS Dairy ,FOOD,7,171.5,0,0.00%,171.5,0.08%,0.23%
Filter Tea,Tea,FOOD,34,170,0,0.00%,170,0.37%,0.23%
COCA COLA CAN,Softdrinks,BEVERAGE,42,168,0,0.00%,168,0.46%,0.22%
Go Large,Pizza,FOOD,21,168,0,0.00%,168,0.23%,0.22%
Salmon Chirashi,Sushi,FOOD,8,168,0,0.00%,168,0.09%,0.22%
Chicken Nuggets,Extras,FOOD,16,160,0,0.00%,160,0.18%,0.21%
Tamago Nigiri,Sushi,FOOD,32,160,0,0.00%,160,0.35%,0.21%
Yogurt Muesli Honey,Yoghurt Pots,FOOD,10,160,0,0.00%,160,0.11%,0.21%
DOUBLE ESSPRESSO,Starbucks,FOOD,13,156,0,0.00%,156,0.14%,0.21%
FETA & ROAST VEG PANINI,Sandwiches,FOOD,6,156,0,0.00%,156,0.07%,0.21%
16 OZ CARAMEL MACCHIATO,Starbucks,FOOD,9,153,0,0.00%,153,0.10%,0.20%
4 OZ BURGER COMBO,Burgers,FOOD,4,152,0,0.00%,152,0.04%,0.20%
FG Juice Bottled,FEEL GOOD,FOOD,19,152,0,0.00%,152,0.21%,0.20%
Bagel S. Salmon,Sandwiches,FOOD,6,150,0,0.00%,150,0.07%,0.20%
CROISSANT MEDIUM,PASTRIES,FOOD,21,147,0,0.00%,147,0.23%,0.20%
CROISSANT MINI,Dessert,FOOD,51,147,0,0.00%,147,0.56%,0.20%
RACHELS BLUEBERRY YOGHURT 450G,CS Organic Food,FOOD,6,147,0,0.00%,147,0.07%,0.20%
EBI NIGIRI,Sushi,FOOD,29,145,0,0.00%,145,0.32%,0.19%
Battered Fish Chips,Main course,FOOD,3,144,0,0.00%,144,0.03%,0.19%
BRIE & BACON S/W,Sandwiches,FOOD,4,144,0,0.00%,144,0.04%,0.19%
CHUNKY MONKEY,Milk Shake,BEVERAGE,6,144,0,0.00%,144,0.07%,0.19%
Dessert,Dessert,FOOD,36,144,0,0.00%,144,0.40%,0.19%
HIT THE ROOF,Milk Shake,BEVERAGE,6,144,0,0.00%,144,0.07%,0.19%
MOROCCAN LAMB BURGER,Burgers,FOOD,4,144,0,0.00%,144,0.04%,0.19%
ROASTED BUTTERNUT,Salads,FOOD,4,144,0,0.00%,144,0.04%,0.19%
Tandoori Chicken,Pizza,FOOD,4,144,0,0.00%,144,0.04%,0.19%
Yogurt Blueberry,Yoghurt Pots,FOOD,8,144,0,0.00%,144,0.09%,0.19%
Filter Coffee,Tea,FOOD,29,140,0,0.00%,140,0.32%,0.19%
Soup,Extras,FOOD,25,138,0,0.00%,138,0.28%,0.18%
Cereal Portion,Breakfast,FOOD,19,133,0,0.00%,133,0.21%,0.18%
SPRITE CAN,Softdrinks,BEVERAGE,33,132,0,0.00%,132,0.36%,0.18%
Tuna Cheese Melt,Sandwiches,FOOD,6,132,0,0.00%,132,0.07%,0.18%
Beef sausage,Breakfast,FOOD,26,130,0,0.00%,130,0.29%,0.17%
Salmon Temaki (3 Pcs),Sushi,FOOD,5,130,0,0.00%,130,0.06%,0.17%
Yasai Itame,Main course,FOOD,5,130,0,0.00%,130,0.06%,0.17%
AL AIN WATER 500ml,CS Water,BEVERAGE,126,126,0,0.00%,126,1.39%,0.17%
Croissant,Breakfast,FOOD,18,126,0,0.00%,126,0.20%,0.17%
Digest dark200,Biscuit & Cookies,FOOD,9,121.5,0,0.00%,121.5,0.10%,0.16%
MAGNUM I/C CLASSIC,CS Ice Cream,FOOD,16,120,0,0.00%,120,0.18%,0.16%
Manakeesh,Breakfast,FOOD,30,120,0,0.00%,120,0.33%,0.16%
Open Beverage,Open Beverage,BEVERAGE,1,120,0,0.00%,120,0.01%,0.16%
Tamago Maki,Sushi,FOOD,6,120,0,0.00%,120,0.07%,0.16%
COCA COLA DIET CAN,Softdrinks,BEVERAGE,29,116,0,0.00%,116,0.32%,0.15%
LACNOR MILK STRAWBERRY,Flavoured Milk,BEVERAGE,29,116,0,0.00%,116,0.32%,0.15%
Meat Feast,Pizza,FOOD,3,114,0,0.00%,114,0.03%,0.15%
Alkhaleejia Lasagne,Veggie,FOOD,8,112,0,0.00%,112,0.09%,0.15%
Buffalo Chicken,Grill,FOOD,7,112,0,0.00%,112,0.08%,0.15%
Hash Browns,Breakfast,FOOD,28,112,0,0.00%,112,0.31%,0.15%
Tuna Sweetcorn,Pre Packed Sandwiches,FOOD,7,112,0,0.00%,112,0.08%,0.15%
16 OZ ICED WHITE CHOCOLATE MOCHA,Starbucks,FOOD,6,110,0,0.00%,110,0.07%,0.15%
FALAFEL BURGER,Burgers,FOOD,5,110,0,0.00%,110,0.06%,0.15%
CHICKEN CAESAR,Salads,FOOD,3,108,0,0.00%,108,0.03%,0.14%
COCONUT WATER CAN,Packet Juice,BEVERAGE,27,108,0,0.00%,108,0.30%,0.14%
Latte Macchiato,Nespresso,FOOD,9,108,0,0.00%,108,0.10%,0.14%
RED BULL 250ML,CS Sports & Energy Drinks,BEVERAGE,15,105,0,0.00%,105,0.17%,0.14%
VEGGIE MAIN,Main course,FOOD,7,105,0,0.00%,105,0.08%,0.14%
Orange Pcs,CS Fresh Fruit,FOOD,51,102,0,0.00%,102,0.56%,0.14%
GILLETTE BLADE MACH 3 TURBO 4PCS,CS Mens Care,NON FOOD,2,100.5,0,0.00%,100.5,0.02%,0.13%
Mixed Green Salad(V),Salads,FOOD,5,100,0,0.00%,100,0.06%,0.13%
SWEET POTATO WEDGES,Main course,FOOD,10,100,0,0.00%,100,0.11%,0.13%
Three Cheese Spring Onion,Pre Packed Sandwiches,FOOD,10,100,0,0.00%,100,0.11%,0.13%
Hawaiian,Pizza,FOOD,3,96,0,0.00%,96,0.03%,0.13%
JOCCA KRAFT COTTAGE CHEESE 200GM,CS Dairy ,FOOD,8,96,0,0.00%,96,0.09%,0.13%
Super Food Salad (V),Salads,FOOD,4,96,0,0.00%,96,0.04%,0.13%
THE 3RD DATE,Milk Shake,BEVERAGE,4,96,0,0.00%,96,0.04%,0.13%
Yoghurt,Yogurt,FOOD,8,96,0,0.00%,96,0.09%,0.13%
BAYARA 1KG PRUNES DRIED,CS Dry Fruits,FOOD,3,93.75,0,0.00%,93.75,0.03%,0.12%
PEPSI CAN,Softdrinks,BEVERAGE,23,92,0,0.00%,92,0.25%,0.12%
BERRY CO BLUEBERRY JUICE 1L,CS Packet Juice,BEVERAGE,7,91,0,0.00%,91,0.08%,0.12%
PRO BAR MEAL WHOLEBERRY BLAST 85,CS Cereal,FOOD,4,91,0,0.00%,91,0.04%,0.12%
GILLETTE RAZOR FUSION 2UP ,CS Mens Care,NON FOOD,2,90.5,0,0.00%,90.5,0.02%,0.12%
12 OZ CAFFE MOCHA,Starbucks,FOOD,6,90,0,0.00%,90,0.07%,0.12%
12 OZ CARAMEL MACCHIATO,Starbucks,FOOD,6,90,0,0.00%,90,0.07%,0.12%
AL AIN FRESH MILK FULL FAT 2L,CS Dairy ,FOOD,9,90,0,0.00%,90,0.10%,0.12%
Apple Red,CS Fresh Fruit,FOOD,45,90,0,0.00%,90,0.50%,0.12%
BRILLIANT BREAKFAST LOOSE TEA,Tea,FOOD,9,90,0,0.00%,90,0.10%,0.12%
Chicken Sweetcorn,Pre Packed Sandwiches,FOOD,9,90,0,0.00%,90,0.10%,0.12%
Chicken Tandoori,Pre Packed Sandwiches,FOOD,9,90,0,0.00%,90,0.10%,0.12%
FISH MAIN,Main course,FOOD,6,90,0,0.00%,90,0.07%,0.12%
Glazed Veg,Sandwiches,FOOD,5,90,0,0.00%,90,0.06%,0.12%
Portion Protein,Main course,FOOD,9,90,0,0.00%,90,0.10%,0.12%
Yogurt Mango,Yoghurt Pots,FOOD,9,90,0,0.00%,90,0.10%,0.12%
PAPER BAG,BAGS,NON FOOD,89,89,0,0.00%,89,0.98%,0.12%
C&C EXFOLIATING DAILY WASH 150ML,CS Facial Care,NON FOOD,3,88.5,0,0.00%,88.5,0.03%,0.12%
California Rolls,Sushi,FOOD,4,88,0,0.00%,88,0.04%,0.12%
LACNOR APPLE 180ML,Fresh Juices,BEVERAGE,22,88,0,0.00%,88,0.24%,0.12%
POKKA LEMON ICED TEA CAN,Packet Juice,BEVERAGE,22,88,0,0.00%,88,0.24%,0.12%
PPPPLEASE ME,Fresh Juices,BEVERAGE,4,88,0,0.00%,88,0.04%,0.12%
Roast Beef,Sandwiches,FOOD,4,88,0,0.00%,88,0.04%,0.12%
French Fries,Extras,FOOD,14,84,0,0.00%,84,0.15%,0.11%
JAMIES BERRY BURST,Smoothies,BEVERAGE,3,84,0,0.00%,84,0.03%,0.11%
MARKOS TOP BANANA,Smoothies,BEVERAGE,3,84,0,0.00%,84,0.03%,0.11%
Pure VitaminC,Fresh Juices,BEVERAGE,3,84,0,0.00%,84,0.03%,0.11%
Small Salad,Salads,FOOD,7,84,0,0.00%,84,0.08%,0.11%
WASA CRISPBREAD ORIGINAL 275GM,Biscuit & Cookies,FOOD,5,83.75,0,0.00%,83.75,0.06%,0.11%
ALPRO ALMOND MILK 1L,CS Dairy ,FOOD,4,82,0,0.00%,82,0.04%,0.11%
MAGNUM I/C DOUBLE CHOCOLATE,CS Ice Cream,FOOD,9,81,0,0.00%,81,0.10%,0.11%
SELPAK KITCHEN ROLL 2 PCS,CS Tissue & Toilet Rolls,NON FOOD,7,80.5,0,0.00%,80.5,0.08%,0.11%
12 OZ SOYA CAFFE LATTE,Coffee,FOOD,5,80,0,0.00%,80,0.06%,0.11%
16 OZ FRAPPUCINO WHITE MOCHA,Starbucks,FOOD,4,80,0,0.00%,80,0.04%,0.11%
AL AIN FRESH MILK LOW FAT 2L,CS Dairy ,FOOD,8,80,0,0.00%,80,0.09%,0.11%
BLUE BERRY MUFFIN,Dessert,FOOD,8,80,0,0.00%,80,0.09%,0.11%
LARGE STILL WATER PREMIUM,Water,BEVERAGE,4,80,0,0.00%,80,0.04%,0.11%
DR OETKER FORMAGGI & POMODORI PI,CS Frozen Food,FOOD,3,78.75,0,0.00%,78.75,0.03%,0.10%
BASKIN ROBBINS CUP VANILLA 120ML,CS Ice Cream,FOOD,12,78,0,0.00%,78,0.13%,0.10%
Bagels w/Cr.Cheese,Breakfast,FOOD,11,77,0,0.00%,77,0.12%,0.10%
CLEARLY SCRUMPTIOUS STRAWBERRY 3,CS Dry Fruits,FOOD,6,76.5,0,0.00%,76.5,0.07%,0.10%
16 OZ VANILLA LATTE,Starbucks,FOOD,4,76,0,0.00%,76,0.04%,0.10%
PEPSI DIET CAN,Softdrinks,BEVERAGE,19,76,0,0.00%,76,0.21%,0.10%
SALMON NICOISE,Salads,FOOD,2,76,0,0.00%,76,0.02%,0.10%
SPRITE LIGHT CAN,Softdrinks,BEVERAGE,19,76,0,0.00%,76,0.21%,0.10%
Portion Vegetable,Main course,FOOD,15,75,0,0.00%,75,0.17%,0.10%
TURKEY HAM,Wraps,FOOD,3,75,0,0.00%,75,0.03%,0.10%
FINE TOILET ROLLS 2PLY X 10 PCS ,CS Tissue & Toilet Rolls,NON FOOD,5,73.75,0,0.00%,73.75,0.06%,0.10%
FANTA APPLE CAN,Softdrinks,BEVERAGE,19,73.5,0,0.00%,73.5,0.21%,0.10%
B.BAG SEA SALT150g,CS Chips & Snacks,FOOD,6,72,0,0.00%,72,0.07%,0.10%
BUTTERNUT & GOAT CHEESE SALAD ,Sandwiches,FOOD,2,72,0,0.00%,72,0.02%,0.10%
Chicken Chirashi,Sushi,FOOD,4,72,0,0.00%,72,0.04%,0.10%
LACNOR MILK BANANA,Flavoured Milk,BEVERAGE,18,72,0,0.00%,72,0.20%,0.10%
The Big Apple,Milk Shake,BEVERAGE,3,72,0,0.00%,72,0.03%,0.10%
BASKIN ROBBINS CUP PARALINES 120,CS Ice Cream,FOOD,11,71.5,0,0.00%,71.5,0.12%,0.10%
AL AIN WATER 1.5L,CS Water,BEVERAGE,46,69,0,0.00%,69,0.51%,0.09%
LINDT EXCELLENCE CARAMEL 100G,CS Chocolate ,FOOD,5,68.75,0,0.00%,68.75,0.06%,0.09%
12 OZ HOT CHOCOLATE,Starbucks,FOOD,4,68,0,0.00%,68,0.04%,0.09%
12 OZ SIGNATURE HOT CHOCOLATE,Starbucks,FOOD,4,68,0,0.00%,68,0.04%,0.09%
12 OZ TOFFEE NUT LATTE,Coffee,FOOD,4,68,0,0.00%,68,0.04%,0.09%
16 OZ WHITE CHOCOLATE MOCHA,Starbucks,FOOD,4,68,0,0.00%,68,0.04%,0.09%
COCA COLA ZERO CAN,Softdrinks,BEVERAGE,17,68,0,0.00%,68,0.19%,0.09%
TAMRAH CHOCO MILK ZIPPER BAG 100,CS Dry Fruits,FOOD,7,66.5,0,0.00%,66.5,0.08%,0.09%
BEST CAN SUPER MIX NUTS 110GM,CS Nuts & Seeds,FOOD,4,66,0,0.00%,66,0.04%,0.09%
WASA CRISPBREAD DELIKATESS 270GM,Biscuit & Cookies,FOOD,4,65,0,0.00%,65,0.04%,0.09%
C&C FACIAL SCRUB MORNING SKIN EN,CS Facial Care,NON FOOD,2,64.5,0,0.00%,64.5,0.02%,0.09%
C&C FOAM WASH DEEP CLEANSING 150,CS Facial Care,NON FOOD,2,64.5,0,0.00%,64.5,0.02%,0.09%
BBQ CHICKEN,Wraps,FOOD,2,64,0,0.00%,64,0.02%,0.09%
Crab Sushi,Sushi,FOOD,2,64,0,0.00%,64,0.02%,0.09%
Egg Cress Mayonnaise,Pre Packed Sandwiches,FOOD,8,64,0,0.00%,64,0.09%,0.09%
Mixed Juice,Fresh Juices,BEVERAGE,4,64,0,0.00%,64,0.04%,0.09%
Baked beans,Breakfast,FOOD,12,60,0,0.00%,60,0.13%,0.08%
BBQ or CurrySouce,Pizza,FOOD,2,60,0,0.00%,60,0.02%,0.08%
Cappuccino,Coffee,BEVERAGE,5,60,0,0.00%,60,0.06%,0.08%
CheseTurkeyHamCrossiant,Sandwiches,FOOD,3,60,0,0.00%,60,0.03%,0.08%
Chicken Maki(6pcs),Sushi,FOOD,3,60,0,0.00%,60,0.03%,0.08%
DAN'S TOPICAL BLAST,Smoothies,BEVERAGE,3,60,0,0.00%,60,0.03%,0.08%
Extra Topping,Pizza,FOOD,12,60,0,0.00%,60,0.13%,0.08%
FG SMALL BOWL,FEEL GOOD,FOOD,5,60,0,0.00%,60,0.06%,0.08%
KIT KAT 2 FINGERS,CS Chocolate ,FOOD,48,60,0,0.00%,60,0.53%,0.08%
MAGNUM I/C ALMOND,CS Ice Cream,FOOD,8,60,0,0.00%,60,0.09%,0.08%
Masafi Water1.5Ltr,Water,BEVERAGE,31,60,0,0.00%,60,0.34%,0.08%
MINUTE STEAK,Grill,FOOD,3,60,0,0.00%,60,0.03%,0.08%
NIVEA PURIFYING FACE WASH 150ML,CS Facial Care,NON FOOD,2,60,0,0.00%,60,0.02%,0.08%
PEAR DRAGON LOOSE TEA,Tea,FOOD,6,60,0,0.00%,60,0.07%,0.08%
PERRIER WATER 330ML,Water,BEVERAGE,10,60,0,0.00%,60,0.11%,0.08%
BASKIN ROBBINS CUP CHOCOLATE 120,CS Ice Cream,FOOD,9,58.5,0,0.00%,58.5,0.10%,0.08%
BASKIN ROBBINS CUP COOKIES 120ML,CS Ice Cream,FOOD,9,58.5,0,0.00%,58.5,0.10%,0.08%
FARM FRESH EGGS WHITE 6PCS,CS Eggs,FOOD,13,58.5,0,0.00%,58.5,0.14%,0.08%
M&M PEANUT 45GM,CS Chocolate ,FOOD,18,58.5,0,0.00%,58.5,0.20%,0.08%
Alain Small Wtr500ml,Water,BEVERAGE,58,58,0,0.00%,58,0.64%,0.08%
BJORG ORGANIC CHOCOLATE SOYA MIL,CS Organic Food,FOOD,2,57.5,0,0.00%,57.5,0.02%,0.08%
TAMRAH COCO DATES ZIPPER BAG 100,CS Dry Fruits,FOOD,6,57,0,0.00%,57,0.07%,0.08%
Berry Tart,Dessert,FOOD,4,56,0,0.00%,56,0.04%,0.07%
JAYS POM PUNCH,Smoothies,BEVERAGE,2,56,0,0.00%,56,0.02%,0.07%
ROASTED TOMATO,Wraps,FOOD,2,56,0,0.00%,56,0.02%,0.07%
16 OZ ICED VANILLA LATTE,Starbucks,FOOD,3,55,0,0.00%,55,0.03%,0.07%
BarillaPestoSml,CS Sauce,FOOD,2,55,0,0.00%,55,0.02%,0.07%
OREO ORIGINAL 16 PACK 44GM,Biscuit & Cookies,FOOD,3,54.75,0,0.00%,54.75,0.03%,0.07%
MAGNUM I/C CR�ME BRULEE,CS Chocolate ,FOOD,7,54.25,0,0.00%,54.25,0.08%,0.07%
Eggplant Maki(6pcs),Sushi,FOOD,3,54,0,0.00%,54,0.03%,0.07%
Muture Cheddar(V),Sandwiches,FOOD,3,54,0,0.00%,54,0.03%,0.07%
Tropical Maki (6 Pcs),Sushi,FOOD,3,54,0,0.00%,54,0.03%,0.07%
16 OZ ICED CHOCOLATE,Starbucks,FOOD,3,53,0,0.00%,53,0.03%,0.07%
EMMENTHAL CHEESE GRATED 150G,CS Dairy ,FOOD,5,52.5,0,0.00%,52.5,0.06%,0.07%
MUFFIN BLUEBERRY,CS Bakery,FOOD,15,52.5,0,0.00%,52.5,0.17%,0.07%
SWISS DELICE BRASILIA BISCUITS 1,CS Chocolate ,FOOD,3,52.5,0,0.00%,52.5,0.03%,0.07%
7 UP DIET CAN,Softdrinks,BEVERAGE,13,52,0,0.00%,52,0.14%,0.07%
AL MAZRAAFoulMedams400G,Breakfast,FOOD,13,52,0,0.00%,52,0.14%,0.07%
BERRY CO GOJI BERRY JUICE 1L,CS Packet Juice,BEVERAGE,4,52,0,0.00%,52,0.04%,0.07%
D Coke,Softdrinks,BEVERAGE,13,52,0,0.00%,52,0.14%,0.07%
French Toast,Breakfast,FOOD,13,52,0,0.00%,52,0.14%,0.07%
JDS BUTTER CRISPS,Biscuit & Cookies,FOOD,3,51.75,0,0.00%,51.75,0.03%,0.07%
12 OZ CARAMEL LATTE,Starbucks,FOOD,3,51,0,0.00%,51,0.03%,0.07%
12 OZ Hazel Nut Latte,Starbucks,FOOD,3,51,0,0.00%,51,0.03%,0.07%
16 OZ CAFFE MOCHA,Starbucks,FOOD,3,51,0,0.00%,51,0.03%,0.07%
AUSLESE MELITTA CLASSIC COFFEE 2,CS Coffee,FOOD,3,51,0,0.00%,51,0.03%,0.07%
NECTAFLOR PREMIUM FRUIT MIX 200G,CS Dry Fruits,FOOD,3,51,0,0.00%,51,0.03%,0.07%
ALPRO SOYAMilkVanilaFlvr1L,CS Packet Juice,BEVERAGE,3,50.25,0,0.00%,50.25,0.03%,0.07%
Apple Green,CS Fresh Fruit,FOOD,25,50,0,0.00%,50,0.28%,0.07%
COKE LARGE 2.25L,CS Soft Drinks,BEVERAGE,10,50,0,0.00%,50,0.11%,0.07%
Cold Cuts,Breakfast,FOOD,10,50,0,0.00%,50,0.11%,0.07%
FISH & SHRIMP MEAL,Main course,FOOD,2,50,0,0.00%,50,0.02%,0.07%
SCONES,Dessert,FOOD,5,50,0,0.00%,50,0.06%,0.07%
SELPAK FACIAL TISSUE 100 SHEET,CS Tissue & Toilet Rolls,NON FOOD,8,50,0,0.00%,50,0.09%,0.07%
SELPAK TOILET PAPER 4 ROLLS,CS Tissue & Toilet Rolls,NON FOOD,4,50,0,0.00%,50,0.04%,0.07%
SILVER SWAN JASMINE RICE 1KG,CS Coocking & Baking,FOOD,5,50,0,0.00%,50,0.06%,0.07%
SINGLE ESSPRESSO,Starbucks,FOOD,5,50,0,0.00%,50,0.06%,0.07%
CORNETTO I/C LOVE COOKIE,CS Ice Cream,FOOD,7,49,0,0.00%,49,0.08%,0.07%
RACHELS GREEK LEMON YOGHURT 450G,CS Organic Food,FOOD,2,49,0,0.00%,49,0.02%,0.07%
RACHELS HONEY YOGHURT 450G,CS Organic Food,FOOD,2,49,0,0.00%,49,0.02%,0.07%
RACHELS NATURAL LOW FAT YOUGHURT,CS Organic Food,FOOD,2,49,0,0.00%,49,0.02%,0.07%
12 OZ SOYA CAPPUCCINO,Coffee,FOOD,3,48,0,0.00%,48,0.03%,0.06%
Cappuccino,Nespresso,FOOD,4,48,0,0.00%,48,0.04%,0.06%
Carrot Cake,Dessert,FOOD,4,48,0,0.00%,48,0.04%,0.06%
MOUNTAIN DEW,Softdrinks,BEVERAGE,12,48,0,0.00%,48,0.13%,0.06%
PEACH & BASIL SMOOTHIE,Smoothies,BEVERAGE,2,48,0,0.00%,48,0.02%,0.06%
Peanut Butter & Jelly(V),Sandwiches,FOOD,3,48,0,0.00%,48,0.03%,0.06%
Portion Starch,Main course,FOOD,6,48,0,0.00%,48,0.07%,0.06%
TEA BAG JASMINE GREEN,Tea,FOOD,6,48,0,0.00%,48,0.07%,0.06%
KELLOGS BARS DARK CHOCO 04PCX1PK,CS Cereal,FOOD,3,47.25,0,0.00%,47.25,0.03%,0.06%
MODERN BAKE CRANBERRY ENERGY BAR,CS Cereal,FOOD,9,47.25,0,0.00%,47.25,0.10%,0.06%
ALPRO SOYA ORIGINAL1L,CS Dairy ,BEVERAGE,3,46.5,0,0.00%,46.5,0.03%,0.06%
JOHNSONS WIPES TUB 56PCS,CS Baby Care,NON FOOD,2,46.5,0,0.00%,46.5,0.02%,0.06%
SELPAK TOILET ROLL 7+2,CS Tissue & Toilet Rolls,NON FOOD,2,46.5,0,0.00%,46.5,0.02%,0.06%
LACNOR ORANGE 180ML,Fresh Juices,BEVERAGE,15,46.25,0,0.00%,46.25,0.17%,0.06%
16 OZ SOYA VANILLA LATTE,Coffee,FOOD,2,46,0,0.00%,46,0.02%,0.06%
LUX MACHINE WASH TABLET 28PCS,CS Cleaning Supplies,NON FOOD,1,45.5,0,0.00%,45.5,0.01%,0.06%
TIDE JASMINE 1.5KG,CS Laundry Care,NON FOOD,2,45.5,0,0.00%,45.5,0.02%,0.06%
HARIBO TROPIFRUTTI PACKET 160GM,CS Mint & Gum,FOOD,5,45,0,0.00%,45,0.06%,0.06%
TORCH CLUB STEAK S/W,Sandwiches,FOOD,1,45,0,0.00%,45,0.01%,0.06%
ADD ESPRESSO SHOT,Starbucks,FOOD,11,44,0,0.00%,44,0.12%,0.06%
FARM FRESH EGGS WHITE 15PCS,CS Eggs,FOOD,4,44,0,0.00%,44,0.04%,0.06%
Greek Salad,Salads,FOOD,2,44,0,0.00%,44,0.02%,0.06%
MEAN GREEN,Fresh Juices,BEVERAGE,2,44,0,0.00%,44,0.02%,0.06%
SNAPPLE FRUIT PUNCH JUICE,CS Packet Juice,BEVERAGE,8,44,0,0.00%,44,0.09%,0.06%
SUBSTITUTE SOYA,Soya Milk,FOOD,11,44,0,0.00%,44,0.12%,0.06%
Toast,Breakfast,FOOD,44,44,0,0.00%,44,0.48%,0.06%
LAYS CHILI 185GM,CS Chips & Snacks,FOOD,7,43.75,0,0.00%,43.75,0.08%,0.06%
BOUNTY BAR 57GM,CS Chocolate ,FOOD,13,43,0,0.00%,43,0.14%,0.06%
BEST CAN MACADEMIA 110G,CS Dry Fruits,FOOD,2,42.5,0,0.00%,42.5,0.02%,0.06%
BROWN BAG CHIPS 40GM CHEDAAR ONI,CS Chips & Snacks,FOOD,10,42.5,0,0.00%,42.5,0.11%,0.06%
PRINGLES 40GM SOUR CREAM,CS Chips & Snacks,FOOD,13,42.25,0,0.00%,42.25,0.14%,0.06%
FOUNTAIN SODA LARGE,Softdrinks,BEVERAGE,14,42,0,0.00%,42,0.15%,0.06%
HARIBO CUP HAPPY CHERRIES 175GM,CS Mint & Gum,FOOD,4,42,0,0.00%,42,0.04%,0.06%
LISTERINE MW COOL MINT 250ML,CS Oral Care,NON FOOD,2,42,0,0.00%,42,0.02%,0.06%
Oatmeal Porridge,Breakfast,FOOD,14,42,0,0.00%,42,0.15%,0.06%
Pepperoni,Pizza,FOOD,7,42,0,0.00%,42,0.08%,0.06%
RED BULL SUGAR FREE 250ML,CS Sports & Energy Drinks,BEVERAGE,6,42,0,0.00%,42,0.07%,0.06%
SNICKERS SINGLE BAR,CS Chocolate ,FOOD,14,42,0,0.00%,42,0.15%,0.06%
TAFT POWER IN TOUCH 150ML,CS Hair Styling & Spray,NON FOOD,2,42,0,0.00%,42,0.02%,0.06%
BEST CAN PISTACHIOS SALTED 110GM,CS Nuts & Seeds,FOOD,3,41.25,0,0.00%,41.25,0.03%,0.05%
LINDT EXCELLENCE 85% CACOA 100GM,CS Chocolate ,FOOD,3,41.25,0,0.00%,41.25,0.03%,0.05%
AL AIN WATER 500ML,Water,BEVERAGE,41,41,0,0.00%,41,0.45%,0.05%
ANCHOR BUTTER UNSALTED 454G,CS Dairy ,FOOD,2,41,0,0.00%,41,0.02%,0.05%
1 Scoop Protein Powder,TOPPINGS,FOOD,8,40,0,0.00%,40,0.09%,0.05%
7 UP CAN,Softdrinks,BEVERAGE,10,40,0,0.00%,40,0.11%,0.05%
CROISSANT HI BUTTER CHOCOLATE,CS Bakery,FOOD,10,40,0,0.00%,40,0.11%,0.05%
Granola,Dessert,FOOD,5,40,0,0.00%,40,0.06%,0.05%
Lungo,Coffee,BEVERAGE,4,40,0,0.00%,40,0.04%,0.05%
NYU RE-USABLE BAG,BAGS,NON FOOD,2,40,0,0.00%,40,0.02%,0.05%
Pain an Raisin,Dessert,FOOD,5,40,0,0.00%,40,0.06%,0.05%
PEPPERMEIN LOOSE TEA,Tea,FOOD,4,40,0,0.00%,40,0.04%,0.05%
Steamed Rice,Main course,FOOD,5,40,0,0.00%,40,0.06%,0.05%
UNCLE BENS RICE 2KG,CS Coocking & Baking,FOOD,2,40,0,0.00%,40,0.02%,0.05%
Veg Sushi 6 pcs,Sushi,FOOD,2,40,0,0.00%,40,0.02%,0.05%
BASKIN ROBBINS CUP STARWBERRY 12,CS Ice Cream,FOOD,6,39,0,0.00%,39,0.07%,0.05%
BERRY CO WHITE TEA PEACH 1L,CS Packet Juice,BEVERAGE,3,39,0,0.00%,39,0.03%,0.05%
BISQUINI TIN BUTTER COOKIES 150G,Biscuit & Cookies,FOOD,3,39,0,0.00%,39,0.03%,0.05%
MUFFIN CHOCOLATE,CS Bakery,FOOD,11,38.5,0,0.00%,38.5,0.12%,0.05%
16 OZ HOT CHOCOLATE,Starbucks,FOOD,2,38,0,0.00%,38,0.02%,0.05%
16 OZ ICED CARAMEL LATTE,Starbucks,FOOD,2,38,0,0.00%,38,0.02%,0.05%
16 OZ SIGNATURE HOT CHOCOLATE,Starbucks,FOOD,2,38,0,0.00%,38,0.02%,0.05%
Angus Beef Burger,Burgers,FOOD,1,38,0,0.00%,38,0.01%,0.05%
PERRIER WATER LEMON 330ML,CS Water,BEVERAGE,8,38,0,0.00%,38,0.09%,0.05%
AL MARAI MIXED FRUIT 300ML,CS Packet Juice,BEVERAGE,15,37.5,0,0.00%,37.5,0.17%,0.05%
HEINZ TUNA FLAKES OIL TIN 185GM,CS Can & Jar Food,FOOD,5,37.5,0,0.00%,37.5,0.06%,0.05%
KAGI SWISS WAFERS MINI GIFT BOX ,CS Mint & Gum,FOOD,1,37.25,0,0.00%,37.25,0.01%,0.05%
NECTAFLOR SOFT PRUNES 200GM,CS Dry Fruits,FOOD,2,36.5,0,0.00%,36.5,0.02%,0.05%
B.BAG CHEDDAR150g,CS Chips & Snacks,FOOD,3,36,0,0.00%,36,0.03%,0.05%
Brownie,Dessert,FOOD,3,36,0,0.00%,36,0.03%,0.05%
CheseTomatoCrossiant,Sandwiches,FOOD,2,36,0,0.00%,36,0.02%,0.05%
Choc Caramel Eclair,Dessert,FOOD,3,36,0,0.00%,36,0.03%,0.05%
Go Green,Milk Shake,BEVERAGE,2,36,0,0.00%,36,0.02%,0.05%
HARIBO BERRIES PACKET 160GM,CS Mint & Gum,FOOD,4,36,0,0.00%,36,0.04%,0.05%
HARIBO HAPPY CHERRIES PACKET 160,CS Mint & Gum,FOOD,4,36,0,0.00%,36,0.04%,0.05%
Large Salad,Salads,FOOD,2,36,0,0.00%,36,0.02%,0.05%
MCVITIES DIGESTIVE LIGHT 400GM,Biscuit & Cookies,FOOD,2,36,0,0.00%,36,0.02%,0.05%
POCARI SWEAT CAN 330ML,CS Soft Drinks,BEVERAGE,12,36,0,0.00%,36,0.13%,0.05%
Veg Noodle Soup,Soup ,FOOD,3,36,0,0.00%,36,0.03%,0.05%
HONEY MOON SQUEEZY HONEY 500G,CS Can & Jar Food,FOOD,1,35.75,0,0.00%,35.75,0.01%,0.05%
ALWAYS DIAMOND ULTRA THIN 14 PCS,CS Sanitary Care,NON FOOD,2,35.5,0,0.00%,35.5,0.02%,0.05%
A/G POP CORN MICROWAVE BUTTER 29,CS Can & Jar Food,FOOD,4,35,0,0.00%,35,0.04%,0.05%
A/G POP CORN MICROWAVE NATURAL 2,CS Can & Jar Food,FOOD,4,35,0,0.00%,35,0.04%,0.05%
AL AIN MANGO YOGHURT 125GM,CS Dairy ,FOOD,20,35,0,0.00%,35,0.22%,0.05%
Cookie,Dessert,FOOD,7,35,0,0.00%,35,0.08%,0.05%
GALLON WATER COUPON,CS Water,BEVERAGE,5,35,0,0.00%,35,0.06%,0.05%
MEZZE,Main course,FOOD,1,35,0,0.00%,35,0.01%,0.05%
PHILADELPHIA LIGHT CHEESE SPREAD,CS Dairy ,FOOD,3,34.5,0,0.00%,34.5,0.03%,0.05%
SIBLOU 10 FISH FINGERS 250GM,CS Frozen Food,FOOD,2,34.5,0,0.00%,34.5,0.02%,0.05%
12 OZ ICED HAZELNUT LATTE,Coffee,FOOD,2,34,0,0.00%,34,0.02%,0.05%
16 OZ PUMPKIN SPICED LATTE ,Coffee,FOOD,2,34,0,0.00%,34,0.02%,0.05%
Lays Chips,Extras,FOOD,17,34,0,0.00%,34,0.19%,0.05%
Temaki 3 pcs,Sushi,FOOD,1,34,0,0.00%,34,0.01%,0.05%
ALPROSoyaMilkUnswtnd1L,CS Packet Juice,BEVERAGE,2,33.5,0,0.00%,33.5,0.02%,0.04%
GATORADE ORANGE PET 500ML,CS Sports & Energy Drinks,BEVERAGE,7,33.25,0,0.00%,33.25,0.08%,0.04%
SNAPPLE KIWI STRAWBERRY JUICE,CS Packet Juice,BEVERAGE,6,33,0,0.00%,33,0.07%,0.04%
GILLETTE RAZOR MACH 3 2UP,CS Mens Care,NON FOOD,1,32.75,0,0.00%,32.75,0.01%,0.04%
AL AIN FRESH MILK 1L LOW FAT,CS Dairy ,FOOD,5,32.5,0,0.00%,32.5,0.06%,0.04%
ILE DE FRANCE CHEESE PETIT BRIE ,CS Dairy ,FOOD,2,32.5,0,0.00%,32.5,0.02%,0.04%
ADD ESPRESSO SHOT,Starbucks,FOOD,8,32,0,0.00%,32,0.09%,0.04%
EXTRA PELLET PEPPERMINT GUM,CS Mint & Gum,FOOD,16,32,0,0.00%,32,0.18%,0.04%
FAMILIA CHAMPION CRISP 750GM,CS Cereal,FOOD,1,32,0,0.00%,32,0.01%,0.04%
THE BERRY CO POMEGRANTE JUICE,Packet Juice,BEVERAGE,4,32,0,0.00%,32,0.04%,0.04%
WALKERS SB FINGERS 40G,Biscuit & Cookies,FOOD,9,31.5,0,0.00%,31.5,0.10%,0.04%
LAYS TOMATO KETCHUP 185GM,CS Chips & Snacks,FOOD,5,31.25,0,0.00%,31.25,0.06%,0.04%
Extra Cheese,Cheese,FOOD,10,30,0,0.00%,30,0.11%,0.04%
Lungo,Nespresso,FOOD,3,30,0,0.00%,30,0.03%,0.04%
MATESERES 37GM,CS Chocolate ,FOOD,6,30,0,0.00%,30,0.07%,0.04%
Mushrooms,Pizza,FOOD,5,30,0,0.00%,30,0.06%,0.04%
NIVEA REFRESHING FACE WASH 150ML,CS Facial Care,NON FOOD,1,30,0,0.00%,30,0.01%,0.04%
NIVEA SHOWER POWERFRUIT 250ML,CS Bath & Shower,NON FOOD,2,30,0,0.00%,30,0.02%,0.04%
NIVEA WIPES GENTLE CLEANSING 25P,CS Tissue & Toilet Rolls,NON FOOD,1,30,0,0.00%,30,0.01%,0.04%
NIVEA WIPES PURE CLEANSING 25PCS,CS Tissue & Toilet Rolls,NON FOOD,1,30,0,0.00%,30,0.01%,0.04%
Pancakes,Breakfast,FOOD,10,30,0,0.00%,30,0.11%,0.04%
Sweet Potato Wedges,Extras,FOOD,3,30,0,0.00%,30,0.03%,0.04%
WALK IN LUNCH,WALK IN LUNCH,FOOD,2,30,0,0.00%,30,0.02%,0.04%
GATORADE BLUE BOLT PET 500ML,CS Sports & Energy Drinks,BEVERAGE,6,28.5,0,0.00%,28.5,0.07%,0.04%
AL AIN FRESH MILK 1L SKIMMED,CS Dairy ,FOOD,4,28,0,0.00%,28,0.04%,0.04%
Chicken Noodle Suop,Soup ,FOOD,2,28,0,0.00%,28,0.02%,0.04%
CHUCKS MAN OH MANGO,Smoothies,BEVERAGE,1,28,0,0.00%,28,0.01%,0.04%
Green Jasmine Flowers,Tea,BEVERAGE,2,28,0,0.00%,28,0.02%,0.04%
MUFFIN APPLE,CS Bakery,FOOD,8,28,0,0.00%,28,0.09%,0.04%
Pineapple & Beetroot,Fresh Juices,BEVERAGE,2,28,0,0.00%,28,0.02%,0.04%
AL SHIFA 400GM SQUEEZE HONEY,CS Can & Jar Food,FOOD,1,27.75,0,0.00%,27.75,0.01%,0.04%
PRINGLES HOT & SPICY 165GM,CS Chips & Snacks,FOOD,3,27.75,0,0.00%,27.75,0.03%,0.04%
SYOSS HAIR SPRAY STRONG HOLD 400,CS Soap & Handwash,NON FOOD,1,27.75,0,0.00%,27.75,0.01%,0.04%
AL AIN YOGHURT LOW FAT 170GM,CS Dairy ,FOOD,22,27.5,0,0.00%,27.5,0.24%,0.04%
MANI 20G ALMONDS SMOKED BBQ,CS Dry Fruits,FOOD,10,27.5,0,0.00%,27.5,0.11%,0.04%
EMMENTHAL CHEESE PORTION 150G,CS Dairy ,FOOD,2,27,0,0.00%,27,0.02%,0.04%
NATURE VALLEY OATS & HONEY,CS Cereal,FOOD,9,27,0,0.00%,27,0.10%,0.04%
SIGNALC8AWHITE120M,CS Oral Care,NON FOOD,3,27,0,0.00%,27,0.03%,0.04%
MODERN BAKE PEANUT PEACAN ENERGY,CS Cereal,FOOD,5,26.25,0,0.00%,26.25,0.06%,0.03%
BERRY CO SUPERBERRY RED 1L,CS Packet Juice,BEVERAGE,2,26,0,0.00%,26,0.02%,0.03%
Berry Sparkler,Mocktails,BEVERAGE,1,26,0,0.00%,26,0.01%,0.03%
BRIGHT BREAKFAST,Smoothies,BEVERAGE,1,26,0,0.00%,26,0.01%,0.03%
CLOSEUP TP ICY WHITE WINTER BLAS,CS Oral Care,NON FOOD,2,26,0,0.00%,26,0.02%,0.03%
"FALCON PAPER PLATES 7"" 100PCS",CS Disposable,NON FOOD,4,26,0,0.00%,26,0.04%,0.03%
PRINGLES 40GM ORIGINAL,CS Chips & Snacks,FOOD,8,26,0,0.00%,26,0.09%,0.03%
HEINZ TUNA LIGHT SOLID OIL TIN 1,CS Can & Jar Food,FOOD,3,25.5,0,0.00%,25.5,0.03%,0.03%
AL RABIE LIME KIWI 330ML,CS Packet Juice,BEVERAGE,10,25,0,0.00%,25,0.11%,0.03%
CROISSANT CHOCOLATE,CS Bakery,FOOD,10,25,0,0.00%,25,0.11%,0.03%
SAN PELLEGRINO WATER 500ML,CS Water,BEVERAGE,4,25,0,0.00%,25,0.04%,0.03%
SNICKERS BAR,Chocolate,FOOD,5,25,0,0.00%,25,0.06%,0.03%
BJORG ORGANIC LE P'TIT NATURE 20,CS Organic Food,FOOD,1,24.75,0,0.00%,24.75,0.01%,0.03%
VOCHELLE TIN FRUIT NUTS 205GM,CS Chocolate ,FOOD,1,24.75,0,0.00%,24.75,0.01%,0.03%
NUTELLA 400GM,CS Can & Jar Food,FOOD,1,24.5,0,0.00%,24.5,0.01%,0.03%
ADD FLAVOURED SYRUP,Starbucks,FOOD,6,24,0,0.00%,24,0.07%,0.03%
AlpenMuslie625g,CS Cereal,FOOD,1,24,0,0.00%,24,0.01%,0.03%
AlwaysUltrThin,CS Sanitary Care,NON FOOD,3,24,0,0.00%,24,0.03%,0.03%
Beef Noodle Soup,Soup ,FOOD,2,24,0,0.00%,24,0.02%,0.03%
CHOCOLATE BROWNIE ,Dessert,FOOD,2,24,0,0.00%,24,0.02%,0.03%
CHOCOLATE CHIP COOKIE,Dessert,FOOD,4,24,0,0.00%,24,0.04%,0.03%
CROISSANT HI BUTTER ALMOND,CS Bakery,FOOD,6,24,0,0.00%,24,0.07%,0.03%
EXTRA PROTEIN,TOPPINGS,FOOD,6,24,0,0.00%,24,0.07%,0.03%
"FALCON PAPER PLATES 9"" 100PCS",CS Disposable,NON FOOD,3,24,0,0.00%,24,0.03%,0.03%
Grilled Veg Olives,Pizza,FOOD,4,24,0,0.00%,24,0.04%,0.03%
HEINZ TUNA CHUNKS OIL TIN 185GM,CS Can & Jar Food,FOOD,3,24,0,0.00%,24,0.03%,0.03%
KPS COOL COCONUT,Smoothies,BEVERAGE,1,24,0,0.00%,24,0.01%,0.03%
Lemon,CS Fresh Vegatables,FOOD,12,24,0,0.00%,24,0.13%,0.03%
LEMON INFUSION ICED TEA,Tea,FOOD,3,24,0,0.00%,24,0.03%,0.03%
Mash and Gravy,Extras,FOOD,4,24,0,0.00%,24,0.04%,0.03%
MilkHalfCrem1Ltr ,CS Dairy ,FOOD,6,24,0,0.00%,24,0.07%,0.03%
MY THAI,Milk Shake,BEVERAGE,1,24,0,0.00%,24,0.01%,0.03%
SLICED BREAD MULTI GRAIN MEDIUM,CS Bakery,FOOD,4,24,0,0.00%,24,0.04%,0.03%
STRAIGHT DUTCH,Smoothies,BEVERAGE,2,24,0,0.00%,24,0.02%,0.03%
TEA BAG EARL GREY,Tea,FOOD,3,24,0,0.00%,24,0.03%,0.03%
THE BERRY CO BLACK TEA ELDERFLOW,Packet Juice,BEVERAGE,3,24,0,0.00%,24,0.03%,0.03%
THE BERRY CO BLUEBERRY JUICE,Packet Juice,BEVERAGE,3,24,0,0.00%,24,0.03%,0.03%
Valley Crunchy,Cereal Bar,FOOD,8,24,0,0.00%,24,0.09%,0.03%
Veg Fried Rice,Main course,FOOD,3,24,0,0.00%,24,0.03%,0.03%
SCRUMMIES BLUEBERRY CRANBERRIES ,CS Dry Fruits,FOOD,5,23.75,0,0.00%,23.75,0.06%,0.03%
WELL SH MOISTURE 500ML,CS Shampoo & Conditioner,NON FOOD,1,23.5,0,0.00%,23.5,0.01%,0.03%
16 OZ SOYA CAPPUCCINO,Coffee,FOOD,1,23,0,0.00%,23,0.01%,0.03%
CLEAR WOMEN INTENSE HYDRATION 40,CS Shampoo & Conditioner,NON FOOD,1,23,0,0.00%,23,0.01%,0.03%
LIFEBUOY HW NATURE 200ML,CS Soap & Handwash,NON FOOD,2,23,0,0.00%,23,0.02%,0.03%
LIFEBUOY HW TOTAL 10 200ML,CS Soap & Handwash,NON FOOD,2,23,0,0.00%,23,0.02%,0.03%
SAINT AGUR CHEESE 125G,CS Dairy ,FOOD,1,23,0,0.00%,23,0.01%,0.03%
SMINT POCKET WILDBERRY,CS Mint & Gum,FOOD,4,23,0,0.00%,23,0.04%,0.03%
COCO TREE JUICE 330ML,CS Packet Juice,BEVERAGE,7,22.75,0,0.00%,22.75,0.08%,0.03%
PRINGLES 40GM BBQ,CS Chips & Snacks,FOOD,7,22.75,0,0.00%,22.75,0.08%,0.03%
PRO BAR STRAWBERRY BLISS 85G,CS Chocolate ,FOOD,1,22.75,0,0.00%,22.75,0.01%,0.03%
TIDE ORIGINAL SCENT 1.5KG,CS Laundry Care,NON FOOD,1,22.75,0,0.00%,22.75,0.01%,0.03%
NESCAFE CAPPUCINO PACKET 10PCS,CS Coffee,FOOD,1,22.5,0,0.00%,22.5,0.01%,0.03%
PHILADELPHIA CHEESE SPREAD 200GM,CS Dairy ,FOOD,2,22.5,0,0.00%,22.5,0.02%,0.03%
SYOSS HAIR MASK REPAIR THERAPY 2,CS Soap & Handwash,NON FOOD,1,22.5,0,0.00%,22.5,0.01%,0.03%
ANTIDOTE,Fresh Juices,BEVERAGE,1,22,0,0.00%,22,0.01%,0.03%
Banana Shake,Milk Shake,BEVERAGE,1,22,0,0.00%,22,0.01%,0.03%
C&C GEL CLEANSER DEEP ACTION 150,CS Facial Care,NON FOOD,1,22,0,0.00%,22,0.01%,0.03%
GLASS OF SOYA MILK,Soya Milk,FOOD,3,22,0,0.00%,22,0.03%,0.03%
GROWERS PACKET HONEY PEANUTS,CS Nuts & Seeds,FOOD,4,22,0,0.00%,22,0.04%,0.03%
LUX HW MAGICAL BEAUTY 250ML,CS Soap & Handwash,NON FOOD,2,22,0,0.00%,22,0.02%,0.03%
PANTENE SH MILKY DAMAGE REPAIR 2,CS Shampoo & Conditioner,NON FOOD,2,22,0,0.00%,22,0.02%,0.03%
Pear,CS Fresh Fruit,FOOD,11,22,0,0.00%,22,0.12%,0.03%
YUM YUM SMOOTH PEANUT BUTTER 400,CS Can & Jar Food,FOOD,2,21.5,0,0.00%,21.5,0.02%,0.03%
DR.OETKER CUPCAKE CENTRE CHOCOLA,CS Coocking & Baking,FOOD,1,21.25,0,0.00%,21.25,0.01%,0.03%
TAFT STANDUP LOOK 150ML,CS Hair Styling & Spray,NON FOOD,1,21.25,0,0.00%,21.25,0.01%,0.03%
TAFT TITANE POWER GEL 150ML,CS Hair Styling & Spray,NON FOOD,1,21.25,0,0.00%,21.25,0.01%,0.03%
12 OZ SOYA HAZELNUT LATTE,Coffee,FOOD,1,21,0,0.00%,21,0.01%,0.03%
12 OZ SOYA HOT CHOCOLATE,Coffee,FOOD,1,21,0,0.00%,21,0.01%,0.03%
16 OZ SOYA CAFFE LATTE,Coffee,FOOD,1,21,0,0.00%,21,0.01%,0.03%
BAHLSEN LEIBNIZ ZOO 100GM,Biscuit & Cookies,FOOD,4,21,0,0.00%,21,0.04%,0.03%
BETTY CROCKER TRIPLE CHOCOLATE R,CS Coocking & Baking,FOOD,1,21,0,0.00%,21,0.01%,0.03%
BISCUITSDIGES250 ,Biscuit & Cookies,FOOD,2,21,0,0.00%,21,0.02%,0.03%
BRESSE BLEU CHEESE 150G ,CS Dairy ,FOOD,1,21,0,0.00%,21,0.01%,0.03%
CASTANIA CASHEW 60G,CS Nuts & Seeds,FOOD,2,21,0,0.00%,21,0.02%,0.03%
Castania Peanuts60g,Peannuts,FOOD,3,21,0,0.00%,21,0.03%,0.03%
FAMILIA 50GM MUESLI CHOCO,CS Cereal,FOOD,6,21,0,0.00%,21,0.07%,0.03%
HARIBO CUP BERRIES 175GM,CS Mint & Gum,FOOD,2,21,0,0.00%,21,0.02%,0.03%
LISTERINE MW FRESH BURST 250ML,CS Oral Care,NON FOOD,1,21,0,0.00%,21,0.01%,0.03%
MUFFIN DOUBLE CHOCOLATE,CS Bakery,FOOD,6,21,0,0.00%,21,0.07%,0.03%
SCHWEPPES TONIC WATER CAN 300M,CS Soft Drinks,BEVERAGE,14,21,0,0.00%,21,0.15%,0.03%
INA PAARMAN FETA GARLIC DRESSING,CS Sauce,FOOD,1,20.75,0,0.00%,20.75,0.01%,0.03%
BORGES EXRA VIRGIN OLIVE OIL 500,CS Coocking & Baking,FOOD,1,20.5,0,0.00%,20.5,0.01%,0.03%
FITA 600G,Biscuit & Cookies,FOOD,1,20.5,0,0.00%,20.5,0.01%,0.03%
karimOilCorn1.8L,CS Coocking & Baking,FOOD,1,20.5,0,0.00%,20.5,0.01%,0.03%
CAREFREE ALOE 32PCS,CS Sanitary Care,NON FOOD,1,20.25,0,0.00%,20.25,0.01%,0.03%
CAREFREE COTTON EXTRACT FRESH 34,CS Sanitary Care,NON FOOD,1,20.25,0,0.00%,20.25,0.01%,0.03%
16 OZ FRAPPUCINO CARAMEL,Starbucks,FOOD,1,20,0,0.00%,20,0.01%,0.03%
AL AIN WATER 1.5 LITER,Water,BEVERAGE,10,20,0,0.00%,20,0.11%,0.03%
ARIEL 260GM GREEN,CS Laundry Care,NON FOOD,4,20,0,0.00%,20,0.04%,0.03%
BEEF MAIN,Main course,FOOD,1,20,0,0.00%,20,0.01%,0.03%
Delivery Charges,Delivery charge,LABOR CHARGE,4,20,0,0.00%,20,0.04%,0.03%
DOUGHNUT CHOCOLATE,CS Bakery,FOOD,8,20,0,0.00%,20,0.09%,0.03%
LARGE SPARKLING WATER PREMIUM,Water,BEVERAGE,1,20,0,0.00%,20,0.01%,0.03%
MOROCCAN LOOSE TEA,Tea,FOOD,2,20,0,0.00%,20,0.02%,0.03%
ORAL B BRUSH NATURAL FRESH,CS Oral Care,NON FOOD,2,20,0,0.00%,20,0.02%,0.03%
PERRIER WATER 330ML,CS Water,BEVERAGE,5,20,0,0.00%,20,0.06%,0.03%
ROSE MIX,BOTANICAL SODAS,BEVERAGE,1,20,0,0.00%,20,0.01%,0.03%
DOVE SHOWER MEN AQUA IMPACT 250M,CS Bath & Shower,NON FOOD,1,19.5,0,0.00%,19.5,0.01%,0.03%
GILLETTE FOAM REGULAR,CS Mens Care,NON FOOD,2,19.5,0,0.00%,19.5,0.02%,0.03%
HEINZ TIN SOUP LENTIL 400GM,CS Can & Jar Food,FOOD,2,19.5,0,0.00%,19.5,0.02%,0.03%
SUNSILK SH EXPERT OBEDIENT CURLS,CS Shampoo & Conditioner,NON FOOD,2,19.5,0,0.00%,19.5,0.02%,0.03%
TOBLERONE WHITE 35GM,CS Chocolate ,FOOD,6,19.5,0,0.00%,19.5,0.07%,0.03%
12 OZ SOYA WHITE CHOCO MOCHA,Coffee,FOOD,1,19,0,0.00%,19,0.01%,0.03%
16 OZ ICED CAFFE MOCHA,Starbucks,FOOD,1,19,0,0.00%,19,0.01%,0.03%
DOVE BODY LOTION CUCUMBER GREEN ,CS Body Care,NON FOOD,1,19,0,0.00%,19,0.01%,0.03%
DOVE HW MOISTURISING 500ML ,CS Soap & Handwash,NON FOOD,1,19,0,0.00%,19,0.01%,0.03%
EGG Mayo & Spring Onion,Sandwiches,FOOD,1,19,0,0.00%,19,0.01%,0.03%
GATORADE PINK LEMONDAE PET 500ML,CS Sports & Energy Drinks,BEVERAGE,4,19,0,0.00%,19,0.04%,0.03%
LIPTON EARL GREY 25 TB,CS Tea,FOOD,2,19,0,0.00%,19,0.02%,0.03%
SCRUMMIES STRAWBERRY CRANBERRIES,CS Dry Fruits,FOOD,4,19,0,0.00%,19,0.04%,0.03%
STREPSILS ORANGE PACKET,CS Chocolate ,FOOD,1,19,0,0.00%,19,0.01%,0.03%
ALL BRAN FLAKES KELLOGS 500GM,CS Cereal,FOOD,1,18.75,0,0.00%,18.75,0.01%,0.02%
LUX SUNLIGHT LEMON 400ML,CS Dishwashing,NON FOOD,3,18.75,0,0.00%,18.75,0.03%,0.02%
ORAL B BRUSH MAXI CLEAN,CS Oral Care,NON FOOD,3,18.75,0,0.00%,18.75,0.03%,0.02%
CERES PEAR JUICE 1L,CS Packet Juice,BEVERAGE,2,18.5,0,0.00%,18.5,0.02%,0.02%
CRUNCHOS SUNFLOWER SEEDS 200GM,CS Dry Fruits,FOOD,2,18.5,0,0.00%,18.5,0.02%,0.02%
GLAD GARBAGE BAG SMALL 20L X 30,CS Bags/Foil/Wraps,NON FOOD,2,18.5,0,0.00%,18.5,0.02%,0.02%
AXE DEO GOLD TEMPTATION 150ML,CS Deodrants,NON FOOD,1,18.25,0,0.00%,18.25,0.01%,0.02%
AXE DEO MARINE 150ML,CS Deodrants,NON FOOD,1,18.25,0,0.00%,18.25,0.01%,0.02%
NECTAFLOR SOFT CRANBERRIES 200GM,CS Dry Fruits,FOOD,1,18.25,0,0.00%,18.25,0.01%,0.02%
16 OZ ICED PUMPKIN SPICED LATTE,Coffee,FOOD,1,18,0,0.00%,18,0.01%,0.02%
AL MARAI FRESH MILK LOW FAT 500M,CS Dairy ,FOOD,6,18,0,0.00%,18,0.07%,0.02%
BEST CAN SUPER PISTACHIO 110GM,CS Nuts & Seeds,FOOD,1,18,0,0.00%,18,0.01%,0.02%
COKE PET 500ML,CS Soft Drinks,BEVERAGE,9,18,0,0.00%,18,0.10%,0.02%
CROISSANT HI BUTTER CHEESE,CS Bakery,FOOD,6,18,0,0.00%,18,0.07%,0.02%
DOVECCMBER&GRNTEA250ml,CS Bath & Shower,NON FOOD,1,18,0,0.00%,18,0.01%,0.02%
Peppers,Pizza,FOOD,3,18,0,0.00%,18,0.03%,0.02%
Rainbow Low Fat 160ml,CS Dairy ,FOOD,6,18,0,0.00%,18,0.07%,0.02%
SPRITE PET 500ML,CS Soft Drinks,BEVERAGE,9,18,0,0.00%,18,0.10%,0.02%
NIVEA DEO PEARL & BEAUTY 200ML,CS Deodrants,NON FOOD,1,17.75,0,0.00%,17.75,0.01%,0.02%
FITA CRACKERS 150G,Biscuit & Cookies,FOOD,5,17.5,0,0.00%,17.5,0.06%,0.02%
MANI 20G SWEET COCKTAIL NUTS FRU,CS Dry Fruits,FOOD,7,17.5,0,0.00%,17.5,0.08%,0.02%
FRUIT & FIBRE KELLOGS 375GM,CS Cereal,FOOD,1,17.25,0,0.00%,17.25,0.01%,0.02%
JDS BUTTER WAFFLES,Biscuit & Cookies,FOOD,1,17.25,0,0.00%,17.25,0.01%,0.02%
NESTLE COFFEE MATE 400GM,CS Coffee,FOOD,1,17.25,0,0.00%,17.25,0.01%,0.02%
12 OZ ICED CARAMEL MACHIATO,Coffee,FOOD,1,17,0,0.00%,17,0.01%,0.02%
AL AIN FRESH ORANGE JUICE 330ML,CS Packet Juice,BEVERAGE,4,17,0,0.00%,17,0.04%,0.02%
BARILA BASILICO400g,CS Pasta & Noodles,FOOD,1,17,0,0.00%,17,0.01%,0.02%
CAPRISUN APPLE,CS Packet Juice,BEVERAGE,17,17,0,0.00%,17,0.19%,0.02%
DR.OETKER CAKE BOARD ROUND,CS Disposable,NON FOOD,1,16.75,0,0.00%,16.75,0.01%,0.02%
LIFEBUOY BODYWASH NATURE 300ML,CS Bath & Shower,NON FOOD,1,16.5,0,0.00%,16.5,0.01%,0.02%
MamanWildBlubryPrsrv,CS Can & Jar Food,FOOD,1,16.5,0,0.00%,16.5,0.01%,0.02%
SCHWEPPES BITTER LEMON 300M,CS Soft Drinks,BEVERAGE,11,16.5,0,0.00%,16.5,0.12%,0.02%
SCHWEPPES GINGER ALE 300M,CS Soft Drinks,BEVERAGE,11,16.5,0,0.00%,16.5,0.12%,0.02%
BEST 30GM SALTED CASHEWS,CS Nuts & Seeds,FOOD,5,16.25,0,0.00%,16.25,0.06%,0.02%
JUNGLE OAT CHOCOLATE 500G,CS Cereal,FOOD,1,16.25,0,0.00%,16.25,0.01%,0.02%
M&M CHOCOLATE 45GM,CS Chocolate ,FOOD,5,16.25,0,0.00%,16.25,0.06%,0.02%
Asst. Rolls Two,Breakfast,FOOD,8,16,0,0.00%,16,0.09%,0.02%
CHAMOMILE TEA BAG,Tea,FOOD,2,16,0,0.00%,16,0.02%,0.02%
CROISSANT HI BUTTER ZATAR,CS Bakery,FOOD,4,16,0,0.00%,16,0.04%,0.02%
EXTRA PELLET LIME,Biscuit & Cookies,FOOD,8,16,0,0.00%,16,0.09%,0.02%
FANTA ORANGE CAN,Softdrinks,BEVERAGE,4,16,0,0.00%,16,0.04%,0.02%
INDOMIE PILLOW 5 PCS PANCIT CANT,CS Pasta & Noodles,FOOD,2,16,0,0.00%,16,0.02%,0.02%
JDS BELGIAN COCOLATE THINS,Biscuit & Cookies,FOOD,1,16,0,0.00%,16,0.01%,0.02%
LAYS 40GM FRENCH CHEESE,CS Chips & Snacks,FOOD,8,16,0,0.00%,16,0.09%,0.02%
Lemon Drizzle,Dessert,FOOD,2,16,0,0.00%,16,0.02%,0.02%
LIPTON PEACH ICED TEA,Tea,BEVERAGE,4,16,0,0.00%,16,0.04%,0.02%
MANI PEANUTS SPICY PAPRIKA 45G,CS Dry Fruits,FOOD,4,16,0,0.00%,16,0.04%,0.02%
Pepsi,Softdrinks,BEVERAGE,4,16,0,0.00%,16,0.04%,0.02%
RASPBERRY ICED TEA,Tea,FOOD,2,16,0,0.00%,16,0.02%,0.02%
SMINT CANDY GUM BLACKBERRY 14.2G,CS Mint & Gum,FOOD,4,16,0,0.00%,16,0.04%,0.02%
THE BERRY CO ACAI BERRY JUICE,Packet Juice,BEVERAGE,2,16,0,0.00%,16,0.02%,0.02%
THE BERRY CO CRANBERRY JUICE,Packet Juice,BEVERAGE,2,16,0,0.00%,16,0.02%,0.02%
BAHLSEN LEIBNIZ MINIS BUTTER 100,Biscuit & Cookies,FOOD,3,15.75,0,0.00%,15.75,0.03%,0.02%
JOHNSONS BABY BATH 200ML,CS Baby Care,NON FOOD,1,15.75,0,0.00%,15.75,0.01%,0.02%
KELLOGS BARS MILK CHOCO 04PCX1PK,CS Cereal,FOOD,1,15.75,0,0.00%,15.75,0.01%,0.02%
MODERN BAKE MANGO PISTA ENERGY B,CS Cereal,FOOD,3,15.75,0,0.00%,15.75,0.03%,0.02%
WEETABIX ORIGINAL 430GM,CS Cereal,FOOD,1,15.75,0,0.00%,15.75,0.01%,0.02%
ALWAYS NIGHT WINGS 8 PCS,CS Sanitary Care,NON FOOD,2,15.5,0,0.00%,15.5,0.02%,0.02%
AXE STICK DARK TEMPTATION 40GM,CS Deodrants,NON FOOD,1,15.5,0,0.00%,15.5,0.01%,0.02%
DOVE+MCCCDS150ML,CS Shampoo & Conditioner,NON FOOD,1,15.5,0,0.00%,15.5,0.01%,0.02%
SAFETY MATCH STICK BOX 2PCS,CS Others,NON FOOD,31,15.5,0,0.00%,15.5,0.34%,0.02%
COMFORT LAVENDER MAGNOLIA CONCEN,CS Laundry Care,NON FOOD,1,15.25,0,0.00%,15.25,0.01%,0.02%
COMFORT ORANGE ALOE VERA CONCENT,CS Laundry Care,NON FOOD,1,15.25,0,0.00%,15.25,0.01%,0.02%
LIPTON PYRAMID MILD CEYLON TEA B,CS Tea,FOOD,1,15.25,0,0.00%,15.25,0.01%,0.02%
AL AIN FRESH WATERMELON JUICE 33,CS Packet Juice,BEVERAGE,2,15,0,0.00%,15,0.02%,0.02%
AlwaysUltraNightFresh6,CS Sanitary Care,NON FOOD,2,15,0,0.00%,15,0.02%,0.02%
Best Salted Peanut30g,Peannuts,FOOD,5,15,0,0.00%,15,0.06%,0.02%
CARTE DOR CHOCOLATE 1 SCOOP,Ice cream,FOOD,3,15,0,0.00%,15,0.03%,0.02%
CastaniaMixedNuts125G,CS Nuts & Seeds,FOOD,2,15,0,0.00%,15,0.02%,0.02%
CHICKEN MAIN,Main course,FOOD,1,15,0,0.00%,15,0.01%,0.02%
DR OETKER H.B PICK STICK CANDLE,CS Disposable,NON FOOD,1,15,0,0.00%,15,0.01%,0.02%
ENERGIZER AA 4 PCS,CS Others,NON FOOD,1,15,0,0.00%,15,0.01%,0.02%
KOKA BOWL BEEF,CS Pasta & Noodles,FOOD,3,15,0,0.00%,15,0.03%,0.02%
KOKA BOWL TOM YUM,CS Pasta & Noodles,FOOD,3,15,0,0.00%,15,0.03%,0.02%
MentoGmWatrMelon,CS Mint & Gum,FOOD,3,15,0,0.00%,15,0.03%,0.02%
NIVEA MEN SHOWER ENERGY 250ML,CS Bath & Shower,NON FOOD,1,15,0,0.00%,15,0.01%,0.02%
NIVEA MEN SHOWER VITALITY FRESH ,CS Bath & Shower,NON FOOD,1,15,0,0.00%,15,0.01%,0.02%
NIVEA SHOWER CR�ME SOFT 250ML,CS Bath & Shower,NON FOOD,1,15,0,0.00%,15,0.01%,0.02%
BETTY CROCKER COOKIE DOUBLE CHOC,CS Coocking & Baking,FOOD,1,14.25,0,0.00%,14.25,0.01%,0.02%
REXONA STICK MEN QUANTUM 40GM,CS Deodrants,NON FOOD,1,14.25,0,0.00%,14.25,0.01%,0.02%
AL AIN FRESH GRAPEFRUIT JUICE330,CS Packet Juice,BEVERAGE,2,14,0,0.00%,14,0.02%,0.02%
AL MARAI FRESH MILK FULL FAT 1L,CS Dairy ,FOOD,2,14,0,0.00%,14,0.02%,0.02%
ALO ALLURE MANGO JUICE,Fresh Juices,FOOD,1,14,0,0.00%,14,0.01%,0.02%
ALO ENRICH POMEGRANATE JUICE,Fresh Juices,FOOD,1,14,0,0.00%,14,0.01%,0.02%
ALO EXPOSED ALO JUICE,Fresh Juices,FOOD,1,14,0,0.00%,14,0.01%,0.02%
AXE SHOWER GEL DARK TEMPTATION 2,CS Bath & Shower,NON FOOD,1,14,0,0.00%,14,0.01%,0.02%
COKE LIGHT PET 500ML,CS Soft Drinks,BEVERAGE,7,14,0,0.00%,14,0.08%,0.02%
CROISSANT HI BUTTER PLAIN,CS Bakery,FOOD,4,14,0,0.00%,14,0.04%,0.02%
Espresso Doppio,Nespresso,FOOD,1,14,0,0.00%,14,0.01%,0.02%
FIREFLY RECHARGE POMEGRANATE,Tea,BEVERAGE,1,14,0,0.00%,14,0.01%,0.02%
FOUNTAIN SODA SMALL,Softdrinks,BEVERAGE,7,14,0,0.00%,14,0.08%,0.02%
JIF CREAM LEMON 250ML,CS Dishwashing,NON FOOD,2,14,0,0.00%,14,0.02%,0.02%
LAYS 40GM SALT VINEGAR,CS Chips & Snacks,FOOD,7,14,0,0.00%,14,0.08%,0.02%
Lemon & Mint,Fresh Juices,BEVERAGE,1,14,0,0.00%,14,0.01%,0.02%
Plum Red,CS Fresh Fruit,FOOD,7,14,0,0.00%,14,0.08%,0.02%
DESIAM OYSTER SAUCE 200ML,CS Sauce,FOOD,1,13.75,0,0.00%,13.75,0.01%,0.02%
LIFEBUOY HW COLOUR CHANGING 200M,CS Soap & Handwash,NON FOOD,1,13.75,0,0.00%,13.75,0.01%,0.02%
LIND CHERRY INTENSE100G,CS Chocolate ,FOOD,1,13.75,0,0.00%,13.75,0.01%,0.02%
LINDT EXCELLENCE 70% CACOA 100GM,CS Chocolate ,FOOD,1,13.75,0,0.00%,13.75,0.01%,0.02%
LINDT EXCELLENCE BLACK CURRANT 1,CS Chocolate ,FOOD,1,13.75,0,0.00%,13.75,0.01%,0.02%
LINDT EXCELLENCE MINT INTENSE 10,CS Chocolate ,FOOD,1,13.75,0,0.00%,13.75,0.01%,0.02%
CLEAR SH WOMEN SOFT SHINY 200ML,CS Shampoo & Conditioner,NON FOOD,1,13.5,0,0.00%,13.5,0.01%,0.02%
COKE ZERO CAN 300M,CS Soft Drinks,BEVERAGE,9,13.5,0,0.00%,13.5,0.10%,0.02%
DgstiveBiscuits400g,Biscuit & Cookies,FOOD,1,13.5,0,0.00%,13.5,0.01%,0.02%
NIVEA ROLLON MEN STRESS PROTECT ,CS Deodrants,NON FOOD,1,13.5,0,0.00%,13.5,0.01%,0.02%
DOVE SH MEN CARE ANTI HAIRFALL 2,CS Shampoo & Conditioner,NON FOOD,1,13.25,0,0.00%,13.25,0.01%,0.02%
SIGNAL TP CENTER FRESH MOUTHWASH,CS Oral Care,NON FOOD,1,13.25,0,0.00%,13.25,0.01%,0.02%
AL AIN FRESH MILK 1L FULL CREAM,CS Dairy ,FOOD,2,13,0,0.00%,13,0.02%,0.02%
BERRY CO POMEGRANTE JUICE 1L,CS Packet Juice,BEVERAGE,1,13,0,0.00%,13,0.01%,0.02%
BISQUINI TIN BLUEBERRY COOKIES 1,Biscuit & Cookies,FOOD,1,13,0,0.00%,13,0.01%,0.02%
BISQUINI TIN CHOCOLATE COOKIES 1,Biscuit & Cookies,FOOD,1,13,0,0.00%,13,0.01%,0.02%
CAPRISUN MIXED FRUIT,CS Packet Juice,BEVERAGE,13,13,0,0.00%,13,0.14%,0.02%
CARTE D'OR SMALL CUP STRAWBERRY,CS Chocolate ,FOOD,2,13,0,0.00%,13,0.02%,0.02%
JOHNSONS WIPES PACKET 24PCS,CS Baby Care,NON FOOD,2,13,0,0.00%,13,0.02%,0.02%
PRINGLES 40GM HOT & SPICY,CS Chips & Snacks,FOOD,4,13,0,0.00%,13,0.04%,0.02%
FA SHOWER CREAM CACAO BUTTER OIL,CS Hair Styling & Spray,NON FOOD,1,12.75,0,0.00%,12.75,0.01%,0.02%
DORITOS 180GM SWEET CHILI PEPPER,CS Chips & Snacks,FOOD,2,12.5,0,0.00%,12.5,0.02%,0.02%
ENERGIZER 9V BATTERY,CS Others,NON FOOD,1,12.5,0,0.00%,12.5,0.01%,0.02%
JOHNSONS BABY 2 IN 1 200ML,CS Baby Care,NON FOOD,1,12.5,0,0.00%,12.5,0.01%,0.02%
LAYS SALT VINEGAR 185GM,CS Chips & Snacks,FOOD,2,12.5,0,0.00%,12.5,0.02%,0.02%
MCVITIES DIGESTIVE 250GM LIGHT,Biscuit & Cookies,FOOD,1,12.25,0,0.00%,12.25,0.01%,0.02%
ADD CARAMEL DRIZZLE,Starbucks,FOOD,3,12,0,0.00%,12,0.03%,0.02%
ADD FLAVOURED SYRUP,Starbucks,FOOD,3,12,0,0.00%,12,0.03%,0.02%
B.BAG OAK SMOK150g,CS Chips & Snacks,FOOD,1,12,0,0.00%,12,0.01%,0.02%
CAKE OF THE DAY,Dessert,FOOD,1,12,0,0.00%,12,0.01%,0.02%
Coke,Softdrinks,BEVERAGE,3,12,0,0.00%,12,0.03%,0.02%
DOVE SH NUTRITIVE DAILY CARE 200,CS Shampoo & Conditioner,NON FOOD,1,12,0,0.00%,12,0.01%,0.02%
ESPRESSO MACCHIATO,Starbucks,FOOD,1,12,0,0.00%,12,0.01%,0.02%
EXTRA PELLET WATERMELON GUM ,CS Mint & Gum,FOOD,6,12,0,0.00%,12,0.07%,0.02%
FAMILIA 50GM MUESLI ORIGINAL,CS Cereal,FOOD,3,12,0,0.00%,12,0.03%,0.02%
FrostiesCMB25g,CS Cereal,FOOD,4,12,0,0.00%,12,0.04%,0.02%
GATORADE BLUE BOLT,Energy Drinks,BEVERAGE,1,12,0,0.00%,12,0.01%,0.02%
GATORADE ORANGE,Energy Drinks,BEVERAGE,1,12,0,0.00%,12,0.01%,0.02%
GLAD GARBAGE BAG MEDIUM 35L X 30,CS Tissue & Toilet Rolls,NON FOOD,1,12,0,0.00%,12,0.01%,0.02%
Grilled Chicken,Pizza,FOOD,2,12,0,0.00%,12,0.02%,0.02%
JOHNSONS SHOWER GEL ENERGISE 250,CS Bath & Shower,NON FOOD,1,12,0,0.00%,12,0.01%,0.02%
JOHNSONS SHOWER GEL IMAGINE 250M,CS Bath & Shower,NON FOOD,1,12,0,0.00%,12,0.01%,0.02%
JOHNSONS SHOWER GEL INDULGE 250M,CS Bath & Shower,NON FOOD,1,12,0,0.00%,12,0.01%,0.02%
JOHNSONS SHOWER GEL UNWIND 250ML,CS Bath & Shower,NON FOOD,1,12,0,0.00%,12,0.01%,0.02%
LABELLO FRUITY SHINE 4.8GM,CS Facial Care,NON FOOD,1,12,0,0.00%,12,0.01%,0.02%
Latte Macchiato,Coffee,BEVERAGE,1,12,0,0.00%,12,0.01%,0.02%
LIP MAGIC AROMA 25TB,CS Tea,FOOD,2,12,0,0.00%,12,0.02%,0.02%
MINI CARROT CAKE,Dessert,FOOD,1,12,0,0.00%,12,0.01%,0.02%
MIRINDA ORANGE CAN,Softdrinks,BEVERAGE,4,12,0,0.00%,12,0.04%,0.02%
SNAPPLES KIWI & STRAWBERRY,Fresh Juices,BEVERAGE,1,12,0,0.00%,12,0.01%,0.02%
BEST CAN ALMONDS SALTED 110GM,CS Nuts & Seeds,FOOD,1,11.75,0,0.00%,11.75,0.01%,0.02%
DR.OETKER CHOCOLATE CHIPS DARK 1,CS Coocking & Baking,FOOD,1,11.75,0,0.00%,11.75,0.01%,0.02%
DOLMIO BOLOGNESE ORIGINAL SAUCE ,CS Sauce,FOOD,1,11.5,0,0.00%,11.5,0.01%,0.02%
DOMESTOS BLEACH MOUNTAIN BREEZE ,CS Cleaning Supplies,NON FOOD,1,11.5,0,0.00%,11.5,0.01%,0.02%
LIFEBUOY HW KITCHEN FRESH 200ML,CS Soap & Handwash,NON FOOD,1,11.5,0,0.00%,11.5,0.01%,0.02%
LIFEBUOY HW MILD CARE 200ML,CS Soap & Handwash,NON FOOD,1,11.5,0,0.00%,11.5,0.01%,0.02%
HEINZ TIN SOUP SPRING VEGETABLE ,CS Can & Jar Food,FOOD,1,11.25,0,0.00%,11.25,0.01%,0.01%
LUX HW SWEET EMBRACE 250ML,CS Shampoo & Conditioner,NON FOOD,1,11,0,0.00%,11,0.01%,0.01%
LUX HW VELVET TOUCH 250ML,CS Soap & Handwash,NON FOOD,1,11,0,0.00%,11,0.01%,0.01%
ORAL B BRUSH KIDS,CS Oral Care,NON FOOD,2,11,0,0.00%,11,0.02%,0.01%
PANTENE SH MOISTURE RENEWAL 200M,CS Shampoo & Conditioner,NON FOOD,1,11,0,0.00%,11,0.01%,0.01%
Soap Dove135 GM ,CS Soap & Handwash,NON FOOD,2,11,0,0.00%,11,0.02%,0.01%
YUM YUM CRUNCHY PEANUT BUTTER 40,CS Dairy ,FOOD,1,10.75,0,0.00%,10.75,0.01%,0.01%
CLOROX SUPER WIPES 3PCS,CS Tissue & Toilet Rolls,NON FOOD,2,10.5,0,0.00%,10.5,0.02%,0.01%
DOUGHNUT JAM,CS Bakery,FOOD,7,10.5,0,0.00%,10.5,0.08%,0.01%
Ferrarelle 330Ml ,CS Water,BEVERAGE,2,10.5,0,0.00%,10.5,0.02%,0.01%
SCHOGETTEN MILK CHOCOLATE 100GM,CS Chocolate ,FOOD,2,10.5,0,0.00%,10.5,0.02%,0.01%
AL AIN FRUIT FOREST YOGHURT 125G,CS Dairy ,FOOD,5,10,0,0.00%,10,0.06%,0.01%
AL AIN LABAN 250ML,CS Dairy ,FOOD,5,10,0,0.00%,10,0.06%,0.01%
AL RABIE MANGO 330ML,CS Packet Juice,BEVERAGE,4,10,0,0.00%,10,0.04%,0.01%
AL RABIE PINEAPPLE 330ML,CS Packet Juice,BEVERAGE,4,10,0,0.00%,10,0.04%,0.01%
Beef Bacon,Breakfast,FOOD,2,10,0,0.00%,10,0.02%,0.01%
COFFEE CUP CERAMIC,CS Others,NON FOOD,1,10,0,0.00%,10,0.01%,0.01%
COKE LIGHT LARGE 2.25L,CS Soft Drinks,BEVERAGE,2,10,0,0.00%,10,0.02%,0.01%
CROISSANT ZATAR,CS Bakery,FOOD,4,10,0,0.00%,10,0.04%,0.01%
FREE RANGE EGG,Sandwiches,FOOD,1,10,0,0.00%,10,0.01%,0.01%
FUN POLICE WHISTLE BALOON 4PCS,CS Disposable,NON FOOD,2,10,0,0.00%,10,0.02%,0.01%
KOKA BOWL CHICKEN,CS Pasta & Noodles,FOOD,2,10,0,0.00%,10,0.02%,0.01%
LACNOR MILK BANANA 180ML,CS Packet Juice,BEVERAGE,8,10,0,0.00%,10,0.09%,0.01%
SCHOGETTEN HAZELNUT100G,CS Chocolate ,FOOD,2,10,0,0.00%,10,0.02%,0.01%
SENCHA GREEN LOOSE TEA,Tea,FOOD,1,10,0,0.00%,10,0.01%,0.01%
SINGLE ASSAM LOOSE TEA,Tea,FOOD,1,10,0,0.00%,10,0.01%,0.01%
SUNSILK SHAMPOO STRAIGHT 200ML,CS Shampoo & Conditioner,NON FOOD,1,10,0,0.00%,10,0.01%,0.01%
AL AIN FRESH PINEAPPLE JUICE 330,CS Packet Juice,BEVERAGE,1,9.75,0,0.00%,9.75,0.01%,0.01%
GILLETTE FOAM MENTHOL,CS Mens Care,NON FOOD,1,9.75,0,0.00%,9.75,0.01%,0.01%
JIF WINDOW CLEANER SPRAY 500ML,CS Cleaning Supplies,NON FOOD,1,9.75,0,0.00%,9.75,0.01%,0.01%
SUNSILK SH STRONG GROWTH 200ML,CS Shampoo & Conditioner,NON FOOD,1,9.75,0,0.00%,9.75,0.01%,0.01%
VOCHELLE BLOCK ALMOND 180G,CS Chocolate ,FOOD,1,9.75,0,0.00%,9.75,0.01%,0.01%
VOCHELLE BLOCK FRUIT&NUTS 180G,CS Chocolate ,FOOD,1,9.75,0,0.00%,9.75,0.01%,0.01%
CERES RUBY GRAPE FRUIT JUICE 1L,CS Packet Juice,BEVERAGE,1,9.25,0,0.00%,9.25,0.01%,0.01%
CRUNCHOS EGYPTIAN SEEDS 200GM,CS Dry Fruits,FOOD,1,9.25,0,0.00%,9.25,0.01%,0.01%
CRUNCHOS PUMPKIN SEEDS 200GM,CS Dry Fruits,FOOD,1,9.25,0,0.00%,9.25,0.01%,0.01%
PRINGLES BBQ 165G ,CS Chips & Snacks,FOOD,1,9.25,0,0.00%,9.25,0.01%,0.01%
PRINGLES CHEESE 165GM,CS Chips & Snacks,FOOD,1,9.25,0,0.00%,9.25,0.01%,0.01%
PRINGLES KETCHUP 165GM,CS Chips & Snacks,FOOD,1,9.25,0,0.00%,9.25,0.01%,0.01%
AL AIN MORNING MANGO MUSELI 250G,CS Dairy ,FOOD,3,9,0,0.00%,9,0.03%,0.01%
Best SaltedCashew30g,Peannuts,FOOD,3,9,0,0.00%,9,0.03%,0.01%
CARTE DOR CHOCOLATE 2 SCOOP,Ice cream,FOOD,1,9,0,0.00%,9,0.01%,0.01%
DOUGHNUT ICING WHITE,CS Bakery,FOOD,6,9,0,0.00%,9,0.07%,0.01%
EXT BAR APPLE,CS Cereal,FOOD,1,9,0,0.00%,9,0.01%,0.01%
EXTRA VEGTABLES,Salads,FOOD,3,9,0,0.00%,9,0.03%,0.01%
GLADZprSandwichBg,CS Bags/Foil/Wraps,NON FOOD,1,9,0,0.00%,9,0.01%,0.01%
HANSAPLAST 20 STRIPS ELASTIC 2 S,CS Others,NON FOOD,1,9,0,0.00%,9,0.01%,0.01%
RAINBOWEvpMilk160ML ,CS Dairy ,FOOD,3,9,0,0.00%,9,0.03%,0.01%
AL AIN PINEAPPLE YOGHURT 125GM,CS Dairy ,FOOD,5,8.75,0,0.00%,8.75,0.06%,0.01%
FRUIT TELLA ORANGE 36G,CS Mint & Gum,FOOD,5,8.75,0,0.00%,8.75,0.06%,0.01%
MENTOS 38GM CHEWY MINT,CS Mint & Gum,FOOD,5,8.75,0,0.00%,8.75,0.06%,0.01%
BAYARA NUTMEG POWDER BOTTLE 100M,CS Spices & Herbs,FOOD,1,8.5,0,0.00%,8.5,0.01%,0.01%
BEST CAN PEANUTS SALTED 110GM,CS Nuts & Seeds,FOOD,1,8.25,0,0.00%,8.25,0.01%,0.01%
HP SAUCE BOTTLE,CS Sauce,FOOD,1,8.25,0,0.00%,8.25,0.01%,0.01%
ADD WHIPPED CREAM,Starbucks,FOOD,2,8,0,0.00%,8,0.02%,0.01%
AL AIN FRESH MANGO JUICE 330ML,CS Packet Juice,BEVERAGE,1,8,0,0.00%,8,0.01%,0.01%
BBQ SAUCE,Extras,FOOD,4,8,0,0.00%,8,0.04%,0.01%
BOGUTTI CHOCOFIT CHOCO CRANBERRY,Biscuit & Cookies,FOOD,1,8,0,0.00%,8,0.01%,0.01%
BREAD BASKET,Condiments,FOOD,1,8,0,0.00%,8,0.01%,0.01%
DOUGHNUT PLAIN,CS Bakery,FOOD,4,8,0,0.00%,8,0.04%,0.01%
Earl Grey Tea,Tea,FOOD,1,8,0,0.00%,8,0.01%,0.01%
EXTRA FRUIT FLVR 14PCS,CS Mint & Gum,FOOD,2,8,0,0.00%,8,0.02%,0.01%
FUN WOODEN SPOON 25PCS,CS Disposable,NON FOOD,2,8,0,0.00%,8,0.02%,0.01%
JASMINE ICED TEA,Tea,FOOD,1,8,0,0.00%,8,0.01%,0.01%
LAYS CHILLI 40G,CHIPS,FOOD,2,8,0,0.00%,8,0.02%,0.01%
LEMON DRIZZLE CAKE,Dessert,FOOD,1,8,0,0.00%,8,0.01%,0.01%
OAT COOKIE,PASTRIES,FOOD,1,8,0,0.00%,8,0.01%,0.01%
Peach Iced Tea,Tea,BEVERAGE,1,8,0,0.00%,8,0.01%,0.01%
SPARKLING WATER PREMIUM,Water,BEVERAGE,1,8,0,0.00%,8,0.01%,0.01%
SUBSTITUTE SOYA ALMOND,Soya Milk,FOOD,2,8,0,0.00%,8,0.02%,0.01%
SUNSILK SHINE & STRENGTH 200ML,CS Shampoo & Conditioner,NON FOOD,1,8,0,0.00%,8,0.01%,0.01%
SUNSILK SH NOURISHING SOFT & SMO,CS Shampoo & Conditioner,NON FOOD,1,8,0,0.00%,8,0.01%,0.01%
THE BERRY CO GOJI BERRY JUICE,Packet Juice,BEVERAGE,1,8,0,0.00%,8,0.01%,0.01%
BAHLSEN RED HIT CACAO 220GM,Biscuit & Cookies,FOOD,1,7.75,0,0.00%,7.75,0.01%,0.01%
TABASCO PEPPER SAUCE BOTTLE,CS Sauce,FOOD,1,7.75,0,0.00%,7.75,0.01%,0.01%
AL AIN WATER 5 LTR,CS Water,BEVERAGE,3,7.5,0,0.00%,7.5,0.03%,0.01%
AM Chd Sli 200,CS Dairy ,FOOD,1,7.5,0,0.00%,7.5,0.01%,0.01%
CLOROX HEAVY DUTY SCOURER 1PCS,CS Cleaning Supplies,NON FOOD,3,7.5,0,0.00%,7.5,0.03%,0.01%
COKE CAN 300ML,CS Soft Drinks,BEVERAGE,5,7.5,0,0.00%,7.5,0.06%,0.01%
MENTOS MINIS ASSORTED PACKET 250,CS Mint & Gum,FOOD,1,7.5,0,0.00%,7.5,0.01%,0.01%
SCHWEPPES SODA CAN 300M,CS Soft Drinks,BEVERAGE,5,7.5,0,0.00%,7.5,0.06%,0.01%
BARILLA PASTA SPAGHETTI NO.3 500,CS Pasta & Noodles,FOOD,1,7.25,0,0.00%,7.25,0.01%,0.01%
BARILLA PASTA SPAGHETTI NO.7 500,CS Pasta & Noodles,FOOD,1,7.25,0,0.00%,7.25,0.01%,0.01%
AL MARAI FRESH MILK FULL FAT 500,CS Dairy ,FOOD,2,7,0,0.00%,7,0.02%,0.01%
CORNETTO I/C LOVE VANILLA RASPBE,CS Ice Cream,FOOD,1,7,0,0.00%,7,0.01%,0.01%
Ginger Ale,Softdrinks,BEVERAGE,1,7,0,0.00%,7,0.01%,0.01%
GLADClingWrap100sqft,CS Bags/Foil/Wraps,NON FOOD,1,7,0,0.00%,7,0.01%,0.01%
LUX BAR SECRET BLISS 120GM,CS Soap & Handwash,NON FOOD,2,7,0,0.00%,7,0.02%,0.01%
SMALL GREEN SALAD ,Salads,FOOD,1,7,0,0.00%,7,0.01%,0.01%
BOGUTTI AMERICAN COOKIES HAZELNU,Biscuit & Cookies,FOOD,1,6.5,0,0.00%,6.5,0.01%,0.01%
CARTE D'OR SMALL CUP CHOCOLATE,CS Chocolate ,FOOD,1,6.5,0,0.00%,6.5,0.01%,0.01%
DESIAM THAI GREEN CURRY PASTE 70,CS Sauce,FOOD,1,6.5,0,0.00%,6.5,0.01%,0.01%
DESIAM THAI RED CURRY PASTE 70GM,CS Sauce,FOOD,1,6.5,0,0.00%,6.5,0.01%,0.01%
FUN32OZMLTI,CS Disposable,NON FOOD,1,6.5,0,0.00%,6.5,0.01%,0.01%
GALAXY HAZELNUT 40GM,CS Chocolate ,FOOD,2,6.5,0,0.00%,6.5,0.02%,0.01%
GALAXY SMOOTH MILK 40GM,CS Chocolate ,FOOD,2,6.5,0,0.00%,6.5,0.02%,0.01%
ICreamchoc120ml,CS Ice Cream,FOOD,1,6.5,0,0.00%,6.5,0.01%,0.01%
JACK LINKS STICK ORIGINAL BEEF J,CS Chips & Snacks,FOOD,2,6.5,0,0.00%,6.5,0.02%,0.01%
M&M MINIS TUBE 30GM,CS Chocolate ,FOOD,2,6.5,0,0.00%,6.5,0.02%,0.01%
PERRIER WATER 750ML,Water,BEVERAGE,1,6.5,0,0.00%,6.5,0.01%,0.01%
VOLVIC WATER 330ML,CS Water,BEVERAGE,2,6.5,0,0.00%,6.5,0.02%,0.01%
AL AIN YOGHURT FULL CREAM 170GM,CS Dairy ,FOOD,5,6.25,0,0.00%,6.25,0.06%,0.01%
LACNOR MILK STRAWBERRY 180ML,CS Packet Juice,BEVERAGE,5,6.25,0,0.00%,6.25,0.06%,0.01%
Add Cheese,Extras,FOOD,2,6,0,0.00%,6,0.02%,0.01%
AL AIN FRESH CARROT JUICE 330ML,CS Fresh Juice,BEVERAGE,1,6,0,0.00%,6,0.01%,0.01%
AL MARAI YOGHURT FULL CREAM 170G,CS Dairy ,FOOD,4,6,0,0.00%,6,0.04%,0.01%
CADBURY DM HAZELNUT 37GM,CS Chocolate ,FOOD,2,6,0,0.00%,6,0.02%,0.01%
Chicken Tikka,Pizza,FOOD,1,6,0,0.00%,6,0.01%,0.01%
COCA COLA PET 500ML,Softdrinks,BEVERAGE,1,6,0,0.00%,6,0.01%,0.01%
CocoPopsCMB20g,CS Cereal,FOOD,2,6,0,0.00%,6,0.02%,0.01%
CROISSANT CHEESE,CS Bakery,FOOD,3,6,0,0.00%,6,0.03%,0.01%
CROISSANT PLAIN,CS Bakery,FOOD,4,6,0,0.00%,6,0.04%,0.01%
EXTRA PELLET STRAWBERRY GUM,Biscuit & Cookies,FOOD,3,6,0,0.00%,6,0.03%,0.01%
Fountain Drink,Softdrinks,BEVERAGE,2,6,0,0.00%,6,0.02%,0.01%
GranAppleCunch,CS Cereal,FOOD,2,6,0,0.00%,6,0.02%,0.01%
Jalapenos,Pizza,FOOD,1,6,0,0.00%,6,0.01%,0.01%
LIP GREEN MINT 25 TB,CS Tea,FOOD,1,6,0,0.00%,6,0.01%,0.01%
NATURE VALLEY CANADIAN MAPLE SYR,CS Cereal,FOOD,2,6,0,0.00%,6,0.02%,0.01%
Perrier Water,Water,BEVERAGE,1,6,0,0.00%,6,0.01%,0.01%
SLICED BREAD WHITE MEDIUM,CS Bakery,FOOD,2,6,0,0.00%,6,0.02%,0.01%
SMINT POCKET LEMON ,CS Mint & Gum,FOOD,1,5.75,0,0.00%,5.75,0.01%,0.01%
GROWERS PACKET ORIENTAL PEANUTS,CS Nuts & Seeds,FOOD,1,5.5,0,0.00%,5.5,0.01%,0.01%
GYMA DIJON MUSTARD 200G,CS Sauce,FOOD,1,5.5,0,0.00%,5.5,0.01%,0.01%
KIWI TIN BROWN,CS Others,NON FOOD,1,5.5,0,0.00%,5.5,0.01%,0.01%
MARS BAR 51GM,CS Chocolate ,FOOD,2,5.5,0,0.00%,5.5,0.02%,0.01%
VOCHELLE DARK CHOC PLAIN 90G,CS Chocolate ,FOOD,1,5.5,0,0.00%,5.5,0.01%,0.01%
AL AIN KIWI APPLE YOGHURT 125GM,CS Dairy ,FOOD,3,5.25,0,0.00%,5.25,0.03%,0.01%
MENTOS 38GM CHEWY COLA,CS Mint & Gum,FOOD,3,5.25,0,0.00%,5.25,0.03%,0.01%
SCHOGETTEN PRALINE NOISETTES 100,CS Chocolate ,FOOD,1,5.25,0,0.00%,5.25,0.01%,0.01%
SCHOGETTEN TROLOGIA 100GM,CS Chocolate ,FOOD,1,5.25,0,0.00%,5.25,0.01%,0.01%
A/G IODIZED SALT 26OZ,CS Can & Jar Food,FOOD,2,5,0,0.00%,5,0.02%,0.01%
ALGIDA I/C CLASSICS VANILLA,CS Chocolate ,FOOD,2,5,0,0.00%,5,0.02%,0.01%
Cadburry,Chocolate,FOOD,1,5,0,0.00%,5,0.01%,0.01%
CARTE DOR KAYMAK 1 SCOOP,Ice cream,FOOD,1,5,0,0.00%,5,0.01%,0.01%
Castania Peanut 60g,CS Nuts & Seeds,FOOD,1,5,0,0.00%,5,0.01%,0.01%
Extra Fruit,TOPPINGS,FOOD,1,5,0,0.00%,5,0.01%,0.01%
FANTA LARGE 2.25L,CS Soft Drinks,BEVERAGE,1,5,0,0.00%,5,0.01%,0.01%
KIT KAT 4 FINGERS,CS Chocolate ,FOOD,1,5,0,0.00%,5,0.01%,0.01%
Mars,Chocolate,FOOD,1,5,0,0.00%,5,0.01%,0.01%
MentoFruitLime,CS Mint & Gum,FOOD,1,5,0,0.00%,5,0.01%,0.01%
MENTOS CHEWY MINT 30GM,CS Mint & Gum,FOOD,4,5,0,0.00%,5,0.04%,0.01%
GATORADE GRAPE PET 500ML,CS Sports & Energy Drinks,BEVERAGE,1,4.75,0,0.00%,4.75,0.01%,0.01%
GATORADE LEMON PET 500ML,CS Sports & Energy Drinks,BEVERAGE,1,4.75,0,0.00%,4.75,0.01%,0.01%
BEST 30GM SALTED PEANUTS,CS Nuts & Seeds,FOOD,3,4.5,0,0.00%,4.5,0.03%,0.01%
Lacnor Full Fat Milk 1L ,CS Dairy ,BEVERAGE,1,4.5,0,0.00%,4.5,0.01%,0.01%
Lacnor Low Fat Milk 1L,CS Dairy ,BEVERAGE,1,4.5,0,0.00%,4.5,0.01%,0.01%
Mirinda Orange355M,Softdrinks,FOOD,3,4.5,0,0.00%,4.5,0.03%,0.01%
POKKA LEMON ICED TEA 330ML,CS Soft Drinks,BEVERAGE,2,4.5,0,0.00%,4.5,0.02%,0.01%
SPRITE LIGHT CAN 330ML ,CS Soft Drinks,BEVERAGE,3,4.5,0,0.00%,4.5,0.03%,0.01%
THAI CHOICE SHRIMP,CS Pasta & Noodles,FOOD,1,4.5,0,0.00%,4.5,0.01%,0.01%
7 Up,Softdrinks,BEVERAGE,1,4,0,0.00%,4,0.01%,0.01%
ADD WHIPPED CREAM,Starbucks,FOOD,1,4,0,0.00%,4,0.01%,0.01%
BEACON MARSHMALLOWS PINK & WHITE,CS Packet Food,FOOD,1,4,0,0.00%,4,0.01%,0.01%
CAPRISUN MANGO,CS Packet Juice,BEVERAGE,4,4,0,0.00%,4,0.04%,0.01%
Coke Zero,Softdrinks,BEVERAGE,1,4,0,0.00%,4,0.01%,0.01%
FANTA STRAWBERRY CAN,Softdrinks,BEVERAGE,1,4,0,0.00%,4,0.01%,0.01%
FUN WOODEN FORK 25PCS,CS Disposable,NON FOOD,1,4,0,0.00%,4,0.01%,0.01%
GLASS OF MILK,Milk,FOOD,1,4,0,0.00%,4,0.01%,0.01%
HONEY & MUSTARD SAUCE,Extras,FOOD,2,4,0,0.00%,4,0.02%,0.01%
Khubus Bread,Breakfast,FOOD,2,4,0,0.00%,4,0.02%,0.01%
LAYS CHEESE & ONION 40G,CHIPS,FOOD,1,4,0,0.00%,4,0.01%,0.01%
LAYS SALT & VINEGAR 40G,CHIPS,FOOD,1,4,0,0.00%,4,0.01%,0.01%
MAGGI STOCK CUBE CHICKEN,CS Sauce,FOOD,4,4,0,0.00%,4,0.04%,0.01%
MAGGI STOCK CUBE VEGETABLE,CS Sauce,FOOD,4,4,0,0.00%,4,0.04%,0.01%
Pepsi Light,Softdrinks,BEVERAGE,1,4,0,0.00%,4,0.01%,0.01%
PEPSI PET 500M,CS Soft Drinks,BEVERAGE,2,4,0,0.00%,4,0.02%,0.01%
SMINT CANDY GUM STRAWBERRY 14.2G,CS Mint & Gum,FOOD,1,4,0,0.00%,4,0.01%,0.01%
Soda Water,Softdrinks,BEVERAGE,1,4,0,0.00%,4,0.01%,0.01%
Sprite,Softdrinks,BEVERAGE,1,4,0,0.00%,4,0.01%,0.01%
THOUSAND ISALND SAUCE,Extras,FOOD,2,4,0,0.00%,4,0.02%,0.01%
BREAD ROLL ENGLISH BROWN,CS Bakery,FOOD,1,3.5,0,0.00%,3.5,0.01%,0.00%
"BUN BREAD PLAIN 4"" 6 PCS",CS Bakery,FOOD,1,3.5,0,0.00%,3.5,0.01%,0.00%
"BUN BREAD SEASAME 4"" 6 PCS",CS Bakery,FOOD,1,3.5,0,0.00%,3.5,0.01%,0.00%
KOKA CUP CHICKEN,CS Pasta & Noodles,FOOD,1,3.5,0,0.00%,3.5,0.01%,0.00%
KOKA CUP CURRY,CS Pasta & Noodles,FOOD,1,3.5,0,0.00%,3.5,0.01%,0.00%
KOKA CUP NODLE VEG,CS Pasta & Noodles,FOOD,1,3.5,0,0.00%,3.5,0.01%,0.00%
KOKA CUP SPICY SHRIMP,CS Pasta & Noodles,FOOD,1,3.5,0,0.00%,3.5,0.01%,0.00%
TIDE 110GM ORIGINAL SCENT,CS Laundry Care,NON FOOD,2,3.5,0,0.00%,3.5,0.02%,0.00%
TwisterPineapple,CS Ice Cream,FOOD,1,3.5,0,0.00%,3.5,0.01%,0.00%
Walkers Short Bread40g,Biscuits,FOOD,1,3.5,0,0.00%,3.5,0.01%,0.00%
BAYARA CASHEW SALTED 50GM,CS Nuts & Seeds,FOOD,1,3.25,0,0.00%,3.25,0.01%,0.00%
GALAXY FRUIT & NUT 40GM,CS Chocolate ,FOOD,1,3.25,0,0.00%,3.25,0.01%,0.00%
INDOMIE CUP CURRY,CS Pasta & Noodles,FOOD,1,3.25,0,0.00%,3.25,0.01%,0.00%
AL MARAI CHEESE 8 TRIANGLES 120G,CS Dairy ,FOOD,1,3,0,0.00%,3,0.01%,0.00%
Canadian Maple Syrup,Cereal Bar,FOOD,1,3,0,0.00%,3,0.01%,0.00%
COKE DIET CAN 330ML ,CS Soft Drinks,BEVERAGE,2,3,0,0.00%,3,0.02%,0.00%
COKE LIGHT CAN 300ML,CS Soft Drinks,BEVERAGE,2,3,0,0.00%,3,0.02%,0.00%
MIRINDA GREEN APPLE CAN 355M,CS Soft Drinks,BEVERAGE,2,3,0,0.00%,3,0.02%,0.00%
PEPSI CAN 355ML ,CS Soft Drinks,BEVERAGE,2,3,0,0.00%,3,0.02%,0.00%
PEPSI DIET CAN 335ML ,CS Soft Drinks,BEVERAGE,2,3,0,0.00%,3,0.02%,0.00%
POKKA ICED TEA PEACH 500ML,CS Packet Juice,BEVERAGE,1,3,0,0.00%,3,0.01%,0.00%
RiceKrispiesCMB20g,CS Cereal,FOOD,1,3,0,0.00%,3,0.01%,0.00%
Salted Pistachios30g,Peannuts,FOOD,1,3,0,0.00%,3,0.01%,0.00%
SPRITE CAN 330ML ,CS Soft Drinks,BEVERAGE,2,3,0,0.00%,3,0.02%,0.00%
WRIGLEYS JUICY FRUIT STICK BANAN,CS Mint & Gum,FOOD,3,3,0,0.00%,3,0.03%,0.00%
BEST 30GM SALTED PISTACHIO,CS Nuts & Seeds,FOOD,1,2.75,0,0.00%,2.75,0.01%,0.00%
ALMARAI CUSTARD VANILLA 100G,CS Dairy ,FOOD,2,2.5,0,0.00%,2.5,0.02%,0.00%
BEST 40GM MIXED NUTS,CS Nuts & Seeds,FOOD,1,2.5,0,0.00%,2.5,0.01%,0.00%
CADBURY DM FRUIT & NUT 37GM,CS Chocolate ,FOOD,1,2.5,0,0.00%,2.5,0.01%,0.00%
LACNOR MILK CHOCOLATE 180ML,CS Packet Juice,BEVERAGE,2,2.5,0,0.00%,2.5,0.02%,0.00%
7 UP PET 500ML,Softdrinks,BEVERAGE,1,2,0,0.00%,2,0.01%,0.00%
Add Mini PastryCombo,Dessert,FOOD,2,2,0,0.00%,2,0.02%,0.00%
FANTA PET 500ML,CS Soft Drinks,BEVERAGE,1,2,0,0.00%,2,0.01%,0.00%
LAYS 40GM CHILLI,CS Chips & Snacks,FOOD,1,2,0,0.00%,2,0.01%,0.00%
Comb Large ,CS Others,NON FOOD,1,1.75,0,0.00%,1.75,0.01%,0.00%
MENTOS 38GM CHEWY FRUIT,CS Mint & Gum,FOOD,1,1.75,0,0.00%,1.75,0.01%,0.00%
7 UP CAN 355 ML,CS Soft Drinks,BEVERAGE,1,1.5,0,0.00%,1.5,0.01%,0.00%
AlmaPlainYog170g,CS Dairy ,FOOD,1,1.5,0,0.00%,1.5,0.01%,0.00%
MANI 20G PEANUTS SPICY PAPRIKA,CS Dry Fruits,FOOD,1,1.5,0,0.00%,1.5,0.01%,0.00%
MENTOS CHEWY RAINBOW 30GM,CS Mint & Gum,FOOD,1,1.25,0,0.00%,1.25,0.01%,0.00%
Mini Danish Pastry,Breakfast,FOOD,1,1,0,0.00%,1,0.01%,0.00%
COMB ROUND,CS Others,NON FOOD,1,0.75,0,0.00%,0.75,0.01%,0.00%
Al Ain 1.5 L,Water,BEVERAGE,1,0,0,0.00%,0,0.01%,0.00%
Coffee Filter,Tea,BEVERAGE,6,0,0,0.00%,0,0.07%,0.00%
FRUIT JUICE,Fresh Juices,BEVERAGE,8,0,0,0.00%,0,0.09%,0.00%
Tea Regular,Tea,BEVERAGE,2,0,0,0.00%,0,0.02%,0.00%
TOTAL*,,,"7,646","75,160.50",0,0.00%,"75,160.50",84.17%,100.00%
,,,,,,,,,
