Menu Engineering Items Summary,,,,,,,,,
,,,,,,,,,
Business Dates,2/3/2016,,,,,,,,
Locations,"DEMO,UAE",,,,,,,,
Revenue Centers,All,,,,,,,,
Menu Items,All,,,,,,,,
,,,,,,,,,
Menu Item Name,Family Group,Major Group,Qty Sold,Net Sales,Prep Cost,Cost %,Margin Less Item Disc,% Qty,% Margin
Stud Meal Combo,Main course,FOOD,290,"8,610.00",0,0.00%,"8,610.00",2.78%,10.05%
Student Breakfast,Breakfast,FOOD,134,"3,990.00",0,0.00%,"3,990.00",1.29%,4.66%
GLOBAL STREET MAIN,Main course,FOOD,109,"2,834.00",0,0.00%,"2,834.00",1.05%,3.31%
Buffet Meal,Main course,FOOD,124,"2,640.00",0,0.00%,"2,640.00",1.19%,3.08%
MARINATED SALMON STEAK,Grill,FOOD,56,"1,620.00",0,0.00%,"1,620.00",0.54%,1.89%
Open Food,Open Food,FOOD,3,"1,479.00",0,0.00%,"1,479.00",0.03%,1.73%
Slice of the Day,Pizza,FOOD,276,"1,375.00",0,0.00%,"1,375.00",2.65%,1.60%
SERCO LUNCH,SERCO LUNCH,FOOD,83,"1,245.00",0,0.00%,"1,245.00",0.80%,1.45%
Classic Angus Burger,Burgers,FOOD,38,"1,140.00",0,0.00%,"1,140.00",0.36%,1.33%
Buffet Lunch,Main course,FOOD,12,"1,080.00",0,0.00%,"1,080.00",0.12%,1.26%
Tenderloin Steak,Burgers,FOOD,36,"1,080.00",0,0.00%,"1,080.00",0.35%,1.26%
BBQ Glazed Chicken,Sandwiches,FOOD,47,987,0,0.00%,987,0.45%,1.15%
Chicken Caesar,Salads,FOOD,39,975,0,0.00%,975,0.37%,1.14%
FG MEDIUM BOWL,FEEL GOOD,FOOD,52,936,0,0.00%,936,0.50%,1.09%
BUTTER FLY CHICKEN BREAST ,Grill,FOOD,38,912,0,0.00%,912,0.36%,1.06%
SERCO DINNER,SERCO DINNER,FOOD,60,900,0,0.00%,900,0.58%,1.05%
Extra Portion Grill,Main course,FOOD,70,828,0,0.00%,828,0.67%,0.97%
Grilled Chicken Burger,Burgers,FOOD,34,816,0,0.00%,816,0.33%,0.95%
MEAT PLATTER,Main course,FOOD,27,810,0,0.00%,810,0.26%,0.95%
Chicken Tikka,Sandwiches,FOOD,31,744,0,0.00%,744,0.30%,0.87%
Thai Red Chkn Curry,Main course,FOOD,27,728,0,0.00%,728,0.26%,0.85%
Chicken Steak,Grill,FOOD,31,720,0,0.00%,720,0.30%,0.84%
Margherita(V),Pizza,FOOD,28,700,0,0.00%,700,0.27%,0.82%
Falafel Tomato & Hummus(V),Sandwiches,FOOD,38,684,0,0.00%,684,0.36%,0.80%
Open Beverage,Open Beverage,BEVERAGE,2,675,0,0.00%,675,0.02%,0.79%
Take Away Box,Take Away Boxes,NON FOOD,217,645,0,0.00%,645,2.08%,0.75%
12 OZ CAPPUCHINO,Starbucks,FOOD,53,636,0,0.00%,636,0.51%,0.74%
12 OZ CAFFE AMERICANO,Starbucks,FOOD,62,620,0,0.00%,620,0.59%,0.72%
16 OZ CAFFE LATTE,Starbucks,FOOD,46,602,0,0.00%,602,0.44%,0.70%
7 OZ DOUBLE SHOT ICED SHAKEN,Starbucks,FOOD,40,560,0,0.00%,560,0.38%,0.65%
Two Eggs ,Breakfast,FOOD,108,540,0,0.00%,540,1.04%,0.63%
Side Salad,Salads,FOOD,134,532,0,0.00%,532,1.29%,0.62%
FG LARGE BOWL,FEEL GOOD,FOOD,20,520,0,0.00%,520,0.19%,0.61%
CHICKEN CEASAR SALAD,Salads,FOOD,16,512,0,0.00%,512,0.15%,0.60%
12 OZ CAFFE LATTE,Starbucks,FOOD,41,492,0,0.00%,492,0.39%,0.57%
Masafi Water500ml,Water,BEVERAGE,472,467,0,0.00%,467,4.53%,0.54%
Pesto Roasted Chicken,Sandwiches,FOOD,21,460,0,0.00%,460,0.20%,0.54%
Open Miscellaneous,Open Miscellaneous,MISCELLANEOUS,1,420,0,0.00%,420,0.01%,0.49%
FRESH JUICE LARGE,Fresh Juices,FOOD,56,392,0,0.00%,392,0.54%,0.46%
CHICKEN ROCQUET CHEESE S/W,Sandwiches,FOOD,13,390,0,0.00%,390,0.12%,0.46%
Homemade Beef Burger,Burgers,FOOD,19,380,0,0.00%,380,0.18%,0.44%
SWEET CHILLI SALMON SALAD,Sandwiches,FOOD,10,380,0,0.00%,380,0.10%,0.44%
16 OZ CAPPUCHINO,Starbucks,FOOD,27,378,0,0.00%,378,0.26%,0.44%
Smoked Salmon,Sandwiches,FOOD,15,375,0,0.00%,375,0.14%,0.44%
SMOKED TURKEY S/W,Sandwiches,FOOD,11,374,0,0.00%,374,0.11%,0.44%
Green Thai Veg Curry,Main course,FOOD,14,364,0,0.00%,364,0.13%,0.42%
16 OZ CAFFE AMERICANO,Starbucks,FOOD,29,348,0,0.00%,348,0.28%,0.41%
SERCO BREAKFAST,SERCO BREAKFAST,FOOD,23,345,0,0.00%,345,0.22%,0.40%
Banana Pcs,CS Fresh Fruit,FOOD,168,336,0,0.00%,336,1.61%,0.39%
Mongolian Beef,Main course,FOOD,15,330,0,0.00%,330,0.14%,0.39%
CHICKEN MEAL ,Main course,FOOD,14,300,0,0.00%,300,0.13%,0.35%
Chocolate Bar,Extras,FOOD,62,290,0,0.00%,290,0.59%,0.34%
BLACK ANGUS CLUB 6 OZ,Burgers,FOOD,9,288,0,0.00%,288,0.09%,0.34%
Five a Day,Fresh Juices,BEVERAGE,12,288,0,0.00%,288,0.12%,0.34%
FRESH GREEN SALAD,Salads,FOOD,16,288,0,0.00%,288,0.15%,0.34%
FRIED CHICKEN WRAP,Burgers,FOOD,9,288,0,0.00%,288,0.09%,0.34%
Mie Goreng,Main course,FOOD,12,288,0,0.00%,288,0.12%,0.34%
Tandoori Chicken,Pizza,FOOD,9,288,0,0.00%,288,0.09%,0.34%
SIMPLE SHAWARMA,Main course,FOOD,35,280,0,0.00%,280,0.34%,0.33%
AL AIN WATER 1.5L,CS Water,BEVERAGE,182,273,0,0.00%,273,1.75%,0.32%
BRIE & TOMATO S/W,Sandwiches,FOOD,8,272,0,0.00%,272,0.08%,0.32%
Buffet Fruit Salad,Salads,FOOD,52,260,0,0.00%,260,0.50%,0.30%
CROISSANT MEDIUM,PASTRIES,FOOD,37,259,0,0.00%,259,0.35%,0.30%
FRESH JUICE SMALL,Breakfast,FOOD,70,256,0,0.00%,256,0.67%,0.30%
Bagel S. Salmon,Sandwiches,FOOD,10,250,0,0.00%,250,0.10%,0.29%
Filter Coffee,Tea,FOOD,50,245,0,0.00%,245,0.48%,0.29%
Fresh Fruit Pcs,Extras,FOOD,81,243,0,0.00%,243,0.78%,0.28%
12 OZ CARAMEL MACCHIATO,Starbucks,FOOD,16,240,0,0.00%,240,0.15%,0.28%
CHICKEN STACK,Burgers,FOOD,8,240,0,0.00%,240,0.08%,0.28%
CEASAR CHICKEN WRAP,Wraps,FOOD,7,238,0,0.00%,238,0.07%,0.28%
Filter Tea,Tea,FOOD,47,235,0,0.00%,235,0.45%,0.27%
FETA & ROAST VEG PANINI,Sandwiches,FOOD,9,234,0,0.00%,234,0.09%,0.27%
16 OZ ICED CARAMEL MACCHIATO,Starbucks,FOOD,13,227,0,0.00%,227,0.12%,0.26%
FYO SHAWARMA,Main course,FOOD,15,225,0,0.00%,225,0.14%,0.26%
Buffalo Chicken,Grill,FOOD,14,224,0,0.00%,224,0.13%,0.26%
California Rolls(6Pcs),Sushi,FOOD,10,220,0,0.00%,220,0.10%,0.26%
LACNOR MANGO 180ML,Fresh Juices,BEVERAGE,55,220,0,0.00%,220,0.53%,0.26%
Dessert,Dessert,FOOD,56,216,0,0.00%,216,0.54%,0.25%
Soup,Extras,FOOD,37,216,0,0.00%,216,0.35%,0.25%
Beef sausage,Breakfast,FOOD,44,210,0,0.00%,210,0.42%,0.25%
Portion Protein,Main course,FOOD,20,200,0,0.00%,200,0.19%,0.23%
Smoked Turkey Ham Pasta,Salads,FOOD,9,198,0,0.00%,198,0.09%,0.23%
Orange Pcs,CS Fresh Fruit,FOOD,98,196,0,0.00%,196,0.94%,0.23%
Super Food Salad (V),Salads,FOOD,8,192,0,0.00%,192,0.08%,0.22%
Mexican Melt,Pizza,FOOD,5,190,0,0.00%,190,0.05%,0.22%
Cereal Portion,Breakfast,FOOD,26,182,0,0.00%,182,0.25%,0.21%
GALLON WATER COUPON,CS Water,BEVERAGE,26,182,0,0.00%,182,0.25%,0.21%
BUTTERNUT & GOAT CHEESE SALAD ,Sandwiches,FOOD,5,180,0,0.00%,180,0.05%,0.21%
CLASSIC FRIES,Main course,FOOD,36,180,0,0.00%,180,0.35%,0.21%
MOROCCAN LAMB BURGER,Burgers,FOOD,5,180,0,0.00%,180,0.05%,0.21%
Yogurt Blueberry,Yoghurt Pots,FOOD,10,180,0,0.00%,180,0.10%,0.21%
16 OZ ICED CAFFE LATTE,Starbucks,FOOD,12,178,0,0.00%,178,0.12%,0.21%
Go Large,Pizza,FOOD,22,176,0,0.00%,176,0.21%,0.21%
Guest Meal Combo,Main course,FOOD,8,175,0,0.00%,175,0.08%,0.20%
16 OZ HOT CHOCOLATE,Starbucks,FOOD,10,174,0,0.00%,174,0.10%,0.20%
EGG Mayo & Spring Onion,Sandwiches,FOOD,9,171,0,0.00%,171,0.09%,0.20%
12OZ WHITE CHOCOLATE MOCHA,Starbucks,FOOD,11,165,0,0.00%,165,0.11%,0.19%
16 OZ ICED CAFE AMERICANO,Starbucks,FOOD,13,164,0,0.00%,164,0.12%,0.19%
Tuna Sweetcorn,Pre Packed Sandwiches,FOOD,10,160,0,0.00%,160,0.10%,0.19%
NIVEA DOUBLE EFFECT MAKEUP REMOV,CS Deodrants,NON FOOD,6,157.5,0,0.00%,157.5,0.06%,0.18%
Yoghurt,Yogurt,FOOD,13,156,0,0.00%,156,0.12%,0.18%
FALAFEL BURGER,Burgers,FOOD,7,154,0,0.00%,154,0.07%,0.18%
CLEARLY SCRUMPTIOUS STRAWBERRY 3,CS Dry Fruits,FOOD,12,153,0,0.00%,153,0.12%,0.18%
FG Juice Bottled,FEEL GOOD,FOOD,19,152,0,0.00%,152,0.18%,0.18%
LACNOR ORANGE 180ML,Fresh Juices,BEVERAGE,39,150.5,0,0.00%,150.5,0.37%,0.18%
CROISSANT MINI,Dessert,FOOD,57,150,0,0.00%,150,0.55%,0.18%
French Fries,Extras,FOOD,25,150,0,0.00%,150,0.24%,0.18%
REUBENS S/W,Sandwiches,FOOD,5,150,0,0.00%,150,0.05%,0.18%
COCA COLA CAN,Softdrinks,BEVERAGE,37,148,0,0.00%,148,0.35%,0.17%
AL AIN WATER 500ml,CS Water,BEVERAGE,144,144,0,0.00%,144,1.38%,0.17%
Yogurt Muesli Honey,Yoghurt Pots,FOOD,9,144,0,0.00%,144,0.09%,0.17%
12 OZ HOT CHOCOLATE,Starbucks,FOOD,8,142,0,0.00%,142,0.08%,0.17%
PRO BAR MEAL PEANUT BUTTER CHOCO,CS Cereal,FOOD,6,136.5,0,0.00%,136.5,0.06%,0.16%
12 OZ SIGNATURE HOT CHOCOLATE,Starbucks,FOOD,8,136,0,0.00%,136,0.08%,0.16%
DOUBLE ESSPRESSO,Starbucks,FOOD,11,132,0,0.00%,132,0.11%,0.15%
FG SMALL BOWL,FEEL GOOD,FOOD,11,132,0,0.00%,132,0.11%,0.15%
Fruit Salad,Yoghurt Pots,FOOD,11,132,0,0.00%,132,0.11%,0.15%
POKKA LEMON ICED TEA CAN,Packet Juice,BEVERAGE,33,132,0,0.00%,132,0.32%,0.15%
Tuna Cheese Melt,Sandwiches,FOOD,6,132,0,0.00%,132,0.06%,0.15%
16 OZ ICED WHITE CHOCOLATE MOCHA,Starbucks,FOOD,7,130,0,0.00%,130,0.07%,0.15%
Chicken Nuggets,Extras,FOOD,13,130,0,0.00%,130,0.12%,0.15%
PEPSI CAN,Softdrinks,BEVERAGE,32,128,0,0.00%,128,0.31%,0.15%
Large Salad,Salads,FOOD,7,126,0,0.00%,126,0.07%,0.15%
Salmon Salad,Salads,FOOD,5,125,0,0.00%,125,0.05%,0.15%
LACNOR COCKTAIL 180ML,Fresh Juices,BEVERAGE,35,124,0,0.00%,124,0.34%,0.14%
ALPRO ALMOND MILK 1L,CS Dairy ,FOOD,6,123,0,0.00%,123,0.06%,0.14%
ANCHOR BUTTER UNSALTED 454G,CS Dairy ,FOOD,6,123,0,0.00%,123,0.06%,0.14%
MATESERES 37GM,CS Chocolate ,FOOD,33,123,0,0.00%,123,0.32%,0.14%
AlpenMuslie625g,CS Cereal,FOOD,5,120,0,0.00%,120,0.05%,0.14%
Grilled Halloumi(V),Sandwiches,FOOD,6,120,0,0.00%,120,0.06%,0.14%
JOCCA KRAFT COTTAGE CHEESE 200GM,CS Dairy ,FOOD,10,120,0,0.00%,120,0.10%,0.14%
Portion Starch,Main course,FOOD,15,120,0,0.00%,120,0.14%,0.14%
12 OZ VANILLA LATTE,Starbucks,FOOD,7,119,0,0.00%,119,0.07%,0.14%
MAGNUM I/C DOUBLE CHOCOLATE,CS Ice Cream,FOOD,13,117,0,0.00%,117,0.12%,0.14%
SELPAK TOILET PAPER 4 ROLLS,CS Tissue & Toilet Rolls,NON FOOD,9,112.5,0,0.00%,112.5,0.09%,0.13%
Croissant,Breakfast,FOOD,17,112,0,0.00%,112,0.16%,0.13%
Chicken Sweetcorn,Pre Packed Sandwiches,FOOD,11,110,0,0.00%,110,0.11%,0.13%
SINGLE ESSPRESSO,Starbucks,FOOD,11,110,0,0.00%,110,0.11%,0.13%
BRIE & BACON S/W,Sandwiches,FOOD,3,108,0,0.00%,108,0.03%,0.13%
DR OETKER FUNGHI PIZZA,CS Frozen Food,FOOD,4,105,0,0.00%,105,0.04%,0.12%
Rocco,Pizza,FOOD,3,105,0,0.00%,105,0.03%,0.12%
COCONUT WATER CAN,Packet Juice,BEVERAGE,26,104,0,0.00%,104,0.25%,0.12%
Plum Red,CS Fresh Fruit,FOOD,52,104,0,0.00%,104,0.50%,0.12%
AL AIN FRESH MILK LOW FAT 2L,CS Dairy ,FOOD,10,100,0,0.00%,100,0.10%,0.12%
BEEF MEAL,Main course,FOOD,4,100,0,0.00%,100,0.04%,0.12%
LACNOR MILK CHOCOLATE,Flavoured Milk,BEVERAGE,26,100,0,0.00%,100,0.25%,0.12%
VEG BURGER,Burgers,FOOD,5,100,0,0.00%,100,0.05%,0.12%
16 OZ VANILLA LATTE,Starbucks,FOOD,5,95,0,0.00%,95,0.05%,0.11%
Cold Cuts,Breakfast,FOOD,19,95,0,0.00%,95,0.18%,0.11%
STREPSILS REGULAR PACKET,CS Chocolate ,FOOD,5,95,0,0.00%,95,0.05%,0.11%
KELLOGS BARS MILK CHOCO 04PCX1PK,CS Cereal,FOOD,6,94.5,0,0.00%,94.5,0.06%,0.11%
16 OZ ICED CHOCOLATE,Starbucks,FOOD,5,93,0,0.00%,93,0.05%,0.11%
PRO BAR STRAWBERRY BLISS 85G,CS Chocolate ,FOOD,4,91,0,0.00%,91,0.04%,0.11%
12 OZ CAFFE MOCHA,Starbucks,FOOD,6,90,0,0.00%,90,0.06%,0.11%
Chicken Tandoori,Pre Packed Sandwiches,FOOD,9,90,0,0.00%,90,0.09%,0.11%
HARIBO PHANTASIA PACKET 160GM,CS Mint & Gum,FOOD,10,90,0,0.00%,90,0.10%,0.11%
NIVEA WIPES REFRESHING CLEANSING,CS Tissue & Toilet Rolls,NON FOOD,3,90,0,0.00%,90,0.03%,0.11%
OREO 704g,Biscuit & Cookies,FOOD,4,90,0,0.00%,90,0.04%,0.11%
PEAR DRAGON LOOSE TEA,Tea,FOOD,9,90,0,0.00%,90,0.09%,0.11%
Yogurt Mango,Yoghurt Pots,FOOD,9,90,0,0.00%,90,0.09%,0.11%
Meal Buffet GK,Main course,FOOD,5,88,0,0.00%,88,0.05%,0.10%
JDS BUTTER CRISPS,Biscuit & Cookies,FOOD,5,86.25,0,0.00%,86.25,0.05%,0.10%
BAYARA 1KG WALNUT PEELED,CS Dry Fruits,FOOD,1,86,0,0.00%,86,0.01%,0.10%
12 OZ CARAMEL LATTE,Starbucks,FOOD,5,85,0,0.00%,85,0.05%,0.10%
12 OZ TOFFEE NUT LATTE,Coffee,FOOD,5,85,0,0.00%,85,0.05%,0.10%
16 OZ WHITE CHOCOLATE MOCHA,Starbucks,FOOD,5,85,0,0.00%,85,0.05%,0.10%
Tamago Nigiri,Sushi,FOOD,17,85,0,0.00%,85,0.16%,0.10%
AL AIN FRESH MILK 1L FULL CREAM,CS Dairy ,FOOD,13,84.5,0,0.00%,84.5,0.12%,0.10%
AMERICAN 4 OZ,Burgers,FOOD,3,84,0,0.00%,84,0.03%,0.10%
Chicken Noodle Suop,Soup ,FOOD,6,84,0,0.00%,84,0.06%,0.10%
CHUCKS MAN OH MANGO,Smoothies,BEVERAGE,3,84,0,0.00%,84,0.03%,0.10%
Small Salad,Salads,FOOD,7,84,0,0.00%,84,0.07%,0.10%
LINDT EXCELLENCE 90% CACOA 100GM,CS Chocolate ,FOOD,6,82.5,0,0.00%,82.5,0.06%,0.10%
PAPER BAG,BAGS,NON FOOD,82,82,0,0.00%,82,0.79%,0.10%
16 OZ FRAPPUCINO WHITE MOCHA,Starbucks,FOOD,4,80,0,0.00%,80,0.04%,0.09%
AL AIN FRESH MILK FULL FAT 2L,CS Dairy ,FOOD,8,80,0,0.00%,80,0.08%,0.09%
CEYLON GINGER LOOSE TEA,Tea,FOOD,8,80,0,0.00%,80,0.08%,0.09%
Egg Cress Mayonnaise,Pre Packed Sandwiches,FOOD,10,80,0,0.00%,80,0.10%,0.09%
Tuna Maki(6pcs),Sushi,FOOD,6,80,0,0.00%,80,0.06%,0.09%
MODERN BAKE PEANUT PEACAN ENERGY,CS Cereal,FOOD,15,78.75,0,0.00%,78.75,0.14%,0.09%
Salmon Temaki (3 Pcs),Sushi,FOOD,3,78,0,0.00%,78,0.03%,0.09%
TUNA NICOISE SALAD,Salads,FOOD,3,78,0,0.00%,78,0.03%,0.09%
KIT KAT 4 FINGERS,CS Chocolate ,FOOD,32,77.5,0,0.00%,77.5,0.31%,0.09%
7 UP CAN,Softdrinks,BEVERAGE,19,76,0,0.00%,76,0.18%,0.09%
CHICKEN WRAP COMBO,Burgers,FOOD,2,76,0,0.00%,76,0.02%,0.09%
LACNOR MILK STRAWBERRY,Flavoured Milk,BEVERAGE,19,76,0,0.00%,76,0.18%,0.09%
Meat Feast,Pizza,FOOD,2,76,0,0.00%,76,0.02%,0.09%
PEPSI DIET CAN,Softdrinks,BEVERAGE,20,76,0,0.00%,76,0.19%,0.09%
SALMON NICOISE,Salads,FOOD,2,76,0,0.00%,76,0.02%,0.09%
Baked beans,Breakfast,FOOD,16,75,0,0.00%,75,0.15%,0.09%
Apple Green,CS Fresh Fruit,FOOD,37,74,0,0.00%,74,0.35%,0.09%
FARM FRESH EGGS WHITE 6PCS,CS Eggs,FOOD,16,72,0,0.00%,72,0.15%,0.08%
HIT THE ROOF,Milk Shake,BEVERAGE,3,72,0,0.00%,72,0.03%,0.08%
CARTE D'OR PINT STRAWBERRY,CS Ice Cream,FOOD,4,70,0,0.00%,70,0.04%,0.08%
GRILLED CHICKEN & BACON S/W,Sandwiches,FOOD,2,70,0,0.00%,70,0.02%,0.08%
Portion Vegetable,Main course,FOOD,14,70,0,0.00%,70,0.13%,0.08%
SWEET POTATO WEDGES,Main course,FOOD,7,70,0,0.00%,70,0.07%,0.08%
Three Cheese Spring Onion,Pre Packed Sandwiches,FOOD,7,70,0,0.00%,70,0.07%,0.08%
PRO BAR MEAL WHOLEBERRY BLAST 85,CS Cereal,FOOD,3,68.25,0,0.00%,68.25,0.03%,0.08%
Masafi Water1.5Ltr,Water,BEVERAGE,34,68,0,0.00%,68,0.33%,0.08%
GILLETTE PACK VENUS SPA BREEZE 1,CS Womens Care,NON FOOD,1,67.75,0,0.00%,67.75,0.01%,0.08%
WASA CRISPBREAD ORIGINAL 275GM,Biscuit & Cookies,FOOD,4,67,0,0.00%,67,0.04%,0.08%
California Rolls,Sushi,FOOD,3,66,0,0.00%,66,0.03%,0.08%
Lemon,CS Fresh Vegatables,FOOD,33,66,0,0.00%,66,0.32%,0.08%
PPPPLEASE ME,Fresh Juices,BEVERAGE,3,66,0,0.00%,66,0.03%,0.08%
Roast Beef,Sandwiches,FOOD,3,66,0,0.00%,66,0.03%,0.08%
SLICED BREAD MULTI GRAIN MEDIUM,CS Bakery,FOOD,11,66,0,0.00%,66,0.11%,0.08%
GILLETTE RAZOR MACH 3 2UP,CS Mens Care,NON FOOD,2,65.5,0,0.00%,65.5,0.02%,0.08%
WASA CRISPBREAD DELIKATESS 270GM,Biscuit & Cookies,FOOD,4,65,0,0.00%,65,0.04%,0.08%
7 UP DIET CAN,Softdrinks,BEVERAGE,16,64,0,0.00%,64,0.15%,0.07%
COCA COLA DIET CAN,Softdrinks,BEVERAGE,21,64,0,0.00%,64,0.20%,0.07%
Crab Sushi,Sushi,FOOD,2,64,0,0.00%,64,0.02%,0.07%
Mixed Juice,Fresh Juices,BEVERAGE,4,64,0,0.00%,64,0.04%,0.07%
MOUNTAIN DEW,Softdrinks,BEVERAGE,16,64,0,0.00%,64,0.15%,0.07%
ALPEN BAR RASPBERRY YOGURT 29GM,CS Cereal,FOOD,15,63.75,0,0.00%,63.75,0.14%,0.07%
Extra Cheese,Cheese,FOOD,21,63,0,0.00%,63,0.20%,0.07%
FAMILIA C.M PLUS ORIGINAL 600GM,CS Cereal,FOOD,2,62.5,0,0.00%,62.5,0.02%,0.07%
SNAPPLE KIWI STRAWBERRY JUICE,CS Packet Juice,BEVERAGE,11,60.5,0,0.00%,60.5,0.11%,0.07%
BRILLIANT BREAKFAST LOOSE TEA,Tea,FOOD,6,60,0,0.00%,60,0.06%,0.07%
Brownie,Dessert,FOOD,5,60,0,0.00%,60,0.05%,0.07%
CheseTurkeyHamCrossiant,Sandwiches,FOOD,3,60,0,0.00%,60,0.03%,0.07%
COCA COLA ZERO CAN,Softdrinks,BEVERAGE,15,60,0,0.00%,60,0.14%,0.07%
French Toast,Breakfast,FOOD,16,60,0,0.00%,60,0.15%,0.07%
Latte Macchiato,Nespresso,FOOD,5,60,0,0.00%,60,0.05%,0.07%
MINUTE STEAK,Grill,FOOD,3,60,0,0.00%,60,0.03%,0.07%
MOROCCAN LOOSE TEA,Tea,FOOD,6,60,0,0.00%,60,0.06%,0.07%
WALK IN LUNCH,WALK IN LUNCH,FOOD,4,60,0,0.00%,60,0.04%,0.07%
BAYARA 1KG APRICOT DRIED,CS Dry Fruits,FOOD,1,59.5,0,0.00%,59.5,0.01%,0.07%
BAYARA 1KG ALMOND,CS Nuts & Seeds,FOOD,1,57.75,0,0.00%,57.75,0.01%,0.07%
CastaniaExtMixNuts350G,CS Nuts & Seeds,FOOD,2,57,0,0.00%,57,0.02%,0.07%
OREO MINI CUP 115GM,CS Food,FOOD,6,57,0,0.00%,57,0.06%,0.07%
Toast,Breakfast,FOOD,58,57,0,0.00%,57,0.56%,0.07%
JAMIES BERRY BURST,Smoothies,BEVERAGE,2,56,0,0.00%,56,0.02%,0.07%
JAYS POM PUNCH,Smoothies,BEVERAGE,2,56,0,0.00%,56,0.02%,0.07%
MARKOS TOP BANANA,Smoothies,BEVERAGE,2,56,0,0.00%,56,0.02%,0.07%
Pain an Raisin,Dessert,FOOD,7,56,0,0.00%,56,0.07%,0.07%
Pure VitaminC,Fresh Juices,BEVERAGE,2,56,0,0.00%,56,0.02%,0.07%
Yoghurt,Yogurt,FOOD,14,56,0,0.00%,56,0.13%,0.07%
OREO GOLDEN 16 PACK 44GM,Biscuit & Cookies,FOOD,3,54.75,0,0.00%,54.75,0.03%,0.06%
16 OZ ICED CARAMEL LATTE,Starbucks,FOOD,3,54,0,0.00%,54,0.03%,0.06%
Eggplant Maki(6pcs),Sushi,FOOD,3,54,0,0.00%,54,0.03%,0.06%
Glazed Veg,Sandwiches,FOOD,3,54,0,0.00%,54,0.03%,0.06%
KAGI SWISS WAFERS SINGLE MINI 25,CS Mint & Gum,FOOD,18,54,0,0.00%,54,0.17%,0.06%
Pear,CS Fresh Fruit,FOOD,27,54,0,0.00%,54,0.26%,0.06%
Tropical Maki (6 Pcs),Sushi,FOOD,3,54,0,0.00%,54,0.03%,0.06%
DR OETKER QUATTRO FORMAGI PIZZA,CS Frozen Food,FOOD,2,52.5,0,0.00%,52.5,0.02%,0.06%
VITA COCO LEMONADE COCONUT 330ML,CS Packet Juice,BEVERAGE,5,52.5,0,0.00%,52.5,0.05%,0.06%
ADD FLAVOURED SYRUP,Starbucks,FOOD,13,52,0,0.00%,52,0.12%,0.06%
AL AIN FRESH MILK 1L LOW FAT,CS Dairy ,FOOD,8,52,0,0.00%,52,0.08%,0.06%
SENSODYNE ORIGINAL 100GM,CS Oral Care,NON FOOD,2,52,0,0.00%,52,0.02%,0.06%
16 OZ CAFFE MOCHA,Starbucks,FOOD,3,51,0,0.00%,51,0.03%,0.06%
JDS ALMOND THINS,Biscuit & Cookies,FOOD,3,51,0,0.00%,51,0.03%,0.06%
Pancakes,Breakfast,FOOD,17,51,0,0.00%,51,0.16%,0.06%
Lungo,Nespresso,FOOD,5,50,0,0.00%,50,0.05%,0.06%
BEST CAN SUPER MIX NUTS 110GM,CS Nuts & Seeds,FOOD,3,49.5,0,0.00%,49.5,0.03%,0.06%
M&M CHOCOLATE 45GM,CS Chocolate ,FOOD,15,48.75,0,0.00%,48.75,0.14%,0.06%
M&M PEANUT 45GM,CS Chocolate ,FOOD,15,48.75,0,0.00%,48.75,0.14%,0.06%
B.BAG CHEDDAR150g,CS Chips & Snacks,FOOD,4,48,0,0.00%,48,0.04%,0.06%
Battered Fish Chips,Main course,FOOD,1,48,0,0.00%,48,0.01%,0.06%
CHUNKY MONKEY,Milk Shake,BEVERAGE,2,48,0,0.00%,48,0.02%,0.06%
Double Trouble,Milk Shake,BEVERAGE,2,48,0,0.00%,48,0.02%,0.06%
MY THAI,Milk Shake,BEVERAGE,2,48,0,0.00%,48,0.02%,0.06%
PEACH & BASIL SMOOTHIE,Smoothies,BEVERAGE,2,48,0,0.00%,48,0.02%,0.06%
Peanut Butter & Jelly(V),Sandwiches,FOOD,3,48,0,0.00%,48,0.03%,0.06%
Pepperoni,Pizza,FOOD,8,48,0,0.00%,48,0.08%,0.06%
Valley Crunchy,Cereal Bar,FOOD,17,48,0,0.00%,48,0.16%,0.06%
TAMRAH CHOCO MILK ZIPPER BAG 100,CS Dry Fruits,FOOD,5,47.5,0,0.00%,47.5,0.05%,0.06%
BEST CAN CASHEWS SALTED 110GM,CS Nuts & Seeds,FOOD,3,47.25,0,0.00%,47.25,0.03%,0.06%
16 OZ ICED CAFFE MOCHA,Starbucks,FOOD,3,47,0,0.00%,47,0.03%,0.05%
BEST CAN ALMONDS SALTED 110GM,CS Nuts & Seeds,FOOD,4,47,0,0.00%,47,0.04%,0.05%
BAHLSEN RED HIT CACAO 220GM,Biscuit & Cookies,FOOD,6,46.5,0,0.00%,46.5,0.06%,0.05%
GLAD GARBAGE BAG SMALL 20L X 30,CS Bags/Foil/Wraps,NON FOOD,5,46.25,0,0.00%,46.25,0.05%,0.05%
PRINGLES HOT & SPICY 165GM,CS Chips & Snacks,FOOD,5,46.25,0,0.00%,46.25,0.05%,0.05%
16 OZ SOYA CAPPUCCINO,Coffee,FOOD,2,46,0,0.00%,46,0.02%,0.05%
Alain Small Wtr500ml,Water,BEVERAGE,46,46,0,0.00%,46,0.44%,0.05%
SELPAK KITCHEN ROLL 2 PCS,CS Tissue & Toilet Rolls,NON FOOD,4,46,0,0.00%,46,0.04%,0.05%
GILLETTE RAZOR FUSION 2UP ,CS Mens Care,NON FOOD,1,45.25,0,0.00%,45.25,0.01%,0.05%
HARIBO HAPPY CHERRIES PACKET 160,CS Mint & Gum,FOOD,5,45,0,0.00%,45,0.05%,0.05%
Oatmeal Porridge,Breakfast,FOOD,15,45,0,0.00%,45,0.14%,0.05%
PHILADELPHIA CHEESE SPREAD 200GM,CS Dairy ,FOOD,4,45,0,0.00%,45,0.04%,0.05%
RICE KRISPIES KELLOGS 510GM,CS Cereal,FOOD,2,45,0,0.00%,45,0.02%,0.05%
VEGGIE MAIN,Main course,FOOD,4,45,0,0.00%,45,0.04%,0.05%
Apple Red,CS Fresh Fruit,FOOD,22,44,0,0.00%,44,0.21%,0.05%
Banana Shake,Milk Shake,BEVERAGE,2,44,0,0.00%,44,0.02%,0.05%
FARM FRESH EGGS WHITE 15PCS,CS Eggs,FOOD,4,44,0,0.00%,44,0.04%,0.05%
Greek Salad,Salads,FOOD,2,44,0,0.00%,44,0.02%,0.05%
SAN PELLEGRINO WATER 500ML,CS Water,BEVERAGE,7,43.75,0,0.00%,43.75,0.07%,0.05%
SELPAK FACIAL TISSUE 100 SHEET,CS Tissue & Toilet Rolls,NON FOOD,7,43.75,0,0.00%,43.75,0.07%,0.05%
GATORADE BLUE BOLT PET 500ML,CS Sports & Energy Drinks,BEVERAGE,9,42.75,0,0.00%,42.75,0.09%,0.05%
PERRIER WATER LEMON 330ML,CS Water,BEVERAGE,9,42.75,0,0.00%,42.75,0.09%,0.05%
HEINZ TUNA LIGHT SOLID OIL TIN 1,CS Can & Jar Food,FOOD,5,42.5,0,0.00%,42.5,0.05%,0.05%
AL AIN FRESH MILK 1L SKIMMED,CS Dairy ,FOOD,6,42,0,0.00%,42,0.06%,0.05%
BOUNTY BAR 57GM,CS Chocolate ,FOOD,12,42,0,0.00%,42,0.12%,0.05%
EMMENTHAL CHEESE GRATED 150G,CS Dairy ,FOOD,4,42,0,0.00%,42,0.04%,0.05%
RED BULL SUGAR FREE 250ML,CS Sports & Energy Drinks,BEVERAGE,6,42,0,0.00%,42,0.06%,0.05%
SNICKERS SINGLE BAR,CS Chocolate ,FOOD,14,42,0,0.00%,42,0.13%,0.05%
Tuna Mayo,Sandwiches,FOOD,2,42,0,0.00%,42,0.02%,0.05%
LINDT EXCELLENCE CARAMEL 100G,CS Chocolate ,FOOD,3,41.25,0,0.00%,41.25,0.03%,0.05%
karimOilCorn1.8L,CS Coocking & Baking,FOOD,2,41,0,0.00%,41,0.02%,0.05%
Chicken Maki(6pcs),Sushi,FOOD,2,40,0,0.00%,40,0.02%,0.05%
CROISSANT HI BUTTER ZATAR,CS Bakery,FOOD,10,40,0,0.00%,40,0.10%,0.05%
DAN'S TOPICAL BLAST,Smoothies,BEVERAGE,2,40,0,0.00%,40,0.02%,0.05%
D Coke,Softdrinks,BEVERAGE,10,40,0,0.00%,40,0.10%,0.05%
LARGE STILL WATER PREMIUM,Water,BEVERAGE,2,40,0,0.00%,40,0.02%,0.05%
REDBULL REGULAR,Energy Drinks,BEVERAGE,5,40,0,0.00%,40,0.05%,0.05%
SCONES,Dessert,FOOD,4,40,0,0.00%,40,0.04%,0.05%
SPRITE CAN,Softdrinks,BEVERAGE,10,40,0,0.00%,40,0.10%,0.05%
CAPRICE DE DIEUX CHEESE 200G,CS Dairy ,FOOD,1,39,0,0.00%,39,0.01%,0.05%
TWIX TWIN BAR 50GM,CS Chocolate ,FOOD,12,39,0,0.00%,39,0.12%,0.05%
BJORG ORGANIC FOURRES CHOCOLAT L,CS Organic Food,FOOD,1,38.75,0,0.00%,38.75,0.01%,0.05%
GILLETTE VENUS RAZOR 3UP,CS Mens Care,NON FOOD,1,38.75,0,0.00%,38.75,0.01%,0.05%
SIBLOU BEACH NUGGETS 250G,CS Frozen Food,FOOD,2,38.5,0,0.00%,38.5,0.02%,0.04%
CLEARLY SCRUMPTIOUS CRANBERRY 30,CS Dry Fruits,FOOD,3,38.25,0,0.00%,38.25,0.03%,0.04%
4 OZ BURGER COMBO,Burgers,FOOD,1,38,0,0.00%,38,0.01%,0.04%
Angus Beef Burger,Burgers,FOOD,1,38,0,0.00%,38,0.01%,0.04%
GATORADE TOPICL FRUIT PET 500ML,CS Sports & Energy Drinks,BEVERAGE,8,38,0,0.00%,38,0.08%,0.04%
CHIABIA CHIA CRANBERRY MIX 100GM,CS Cereal,FOOD,1,37.75,0,0.00%,37.75,0.01%,0.04%
DR.OETKER LIQUID GLUCOSE 140GM,CS Coocking & Baking,FOOD,2,37.5,0,0.00%,37.5,0.02%,0.04%
MAGNUM I/C ALMOND,CS Ice Cream,FOOD,5,37.5,0,0.00%,37.5,0.05%,0.04%
MODERN BAKE MANGO PISTA ENERGY B,CS Cereal,FOOD,7,36.75,0,0.00%,36.75,0.07%,0.04%
FANTA APPLE CAN,Softdrinks,BEVERAGE,11,36.5,0,0.00%,36.5,0.11%,0.04%
NESCAFE RED MUG COFFEE 200GM,CS Coffee,FOOD,1,36.5,0,0.00%,36.5,0.01%,0.04%
16 OZ ICED PUMPKIN SPICED LATTE,Coffee,FOOD,2,36,0,0.00%,36,0.02%,0.04%
BRIE PORT CHEESE COEUR DE LION 1,CS Dairy ,FOOD,2,36,0,0.00%,36,0.02%,0.04%
CheseTomatoCrossiant,Sandwiches,FOOD,2,36,0,0.00%,36,0.02%,0.04%
Chicken Chirashi,Sushi,FOOD,2,36,0,0.00%,36,0.02%,0.04%
CHOCOLATE BROWNIE ,Dessert,FOOD,3,36,0,0.00%,36,0.03%,0.04%
FANTA ORANGE CAN,Softdrinks,BEVERAGE,9,36,0,0.00%,36,0.09%,0.04%
HARIBO BERRIES PACKET 160GM,CS Mint & Gum,FOOD,4,36,0,0.00%,36,0.04%,0.04%
HARIBO TROPIFRUTTI PACKET 160GM,CS Mint & Gum,FOOD,4,36,0,0.00%,36,0.04%,0.04%
MilkHalfCrem1Ltr ,CS Dairy ,FOOD,9,36,0,0.00%,36,0.09%,0.04%
Muture Cheddar(V),Sandwiches,FOOD,2,36,0,0.00%,36,0.02%,0.04%
PERRIER WATER 330ML,CS Water,BEVERAGE,9,36,0,0.00%,36,0.09%,0.04%
ROASTED BUTTERNUT,Salads,FOOD,1,36,0,0.00%,36,0.01%,0.04%
AL AIN MANGO YOGHURT 125GM,CS Dairy ,FOOD,20,35,0,0.00%,35,0.19%,0.04%
AL AIN WATER 500ML,Water,BEVERAGE,35,35,0,0.00%,35,0.34%,0.04%
Castania Peanuts60g,Peannuts,FOOD,5,35,0,0.00%,35,0.05%,0.04%
Delivery Charges,Delivery charge,LABOR CHARGE,7,35,0,0.00%,35,0.07%,0.04%
MUFFIN CHOCOLATE,CS Bakery,FOOD,10,35,0,0.00%,35,0.10%,0.04%
Walkers Short Bread40g,Biscuits,FOOD,10,35,0,0.00%,35,0.10%,0.04%
BAHLSEN LEIBNIZ MINIS CHOCO 100G,Biscuit & Cookies,FOOD,6,34.5,0,0.00%,34.5,0.06%,0.04%
CstaniaMixSuperNuts350G,CS Nuts & Seeds,FOOD,1,34.5,0,0.00%,34.5,0.01%,0.04%
FRUIT & FIBRE KELLOGS 375GM,CS Cereal,FOOD,2,34.5,0,0.00%,34.5,0.02%,0.04%
KAGI SWISS WAFERS ORIGINAL MINI ,CS Mint & Gum,FOOD,2,34.5,0,0.00%,34.5,0.02%,0.04%
LIFEBUOY HW NATURE 200ML,CS Soap & Handwash,NON FOOD,3,34.5,0,0.00%,34.5,0.03%,0.04%
16 OZ CARAMEL MACCHIATO,Starbucks,FOOD,2,34,0,0.00%,34,0.02%,0.04%
16 OZ PUMPKIN SPICED LATTE ,Coffee,FOOD,2,34,0,0.00%,34,0.02%,0.04%
NECTAFLOR PREMIUM FRUIT MIX 200G,CS Dry Fruits,FOOD,2,34,0,0.00%,34,0.02%,0.04%
ALPRO SOYAMilkVanilaFlvr1L,CS Packet Juice,BEVERAGE,2,33.5,0,0.00%,33.5,0.02%,0.04%
DR.OETKER CAKE BOARD ROUND,CS Disposable,NON FOOD,2,33.5,0,0.00%,33.5,0.02%,0.04%
Sugar Granul2Kg ,CS Coocking & Baking,FOOD,3,33,0,0.00%,33,0.03%,0.04%
BAYARA CASHEW SALTED 50GM,CS Nuts & Seeds,FOOD,10,32.5,0,0.00%,32.5,0.10%,0.04%
JUNGLE OAT APPLE & CINAMON 500G,CS Cereal,FOOD,2,32.5,0,0.00%,32.5,0.02%,0.04%
12 OZ SOYA CAFFE LATTE,Coffee,FOOD,2,32,0,0.00%,32,0.02%,0.04%
Asst. Rolls Two,Breakfast,FOOD,16,32,0,0.00%,32,0.15%,0.04%
Granola,Dessert,FOOD,4,32,0,0.00%,32,0.04%,0.04%
Hawaiian,Pizza,FOOD,2,32,0,0.00%,32,0.02%,0.04%
JASMINE ICED TEA,Tea,FOOD,4,32,0,0.00%,32,0.04%,0.04%
Lahmacun,Pizza,FOOD,1,32,0,0.00%,32,0.01%,0.04%
MIRINDA ORANGE CAN,Softdrinks,BEVERAGE,8,32,0,0.00%,32,0.08%,0.04%
SUBSTITUTE SOYA,Soya Milk,FOOD,8,32,0,0.00%,32,0.08%,0.04%
TEA BAG JASMINE GREEN,Tea,FOOD,4,32,0,0.00%,32,0.04%,0.04%
THE BERRY CO BLUEBERRY JUICE,Packet Juice,BEVERAGE,4,32,0,0.00%,32,0.04%,0.04%
THE BERRY CO CRANBERRY JUICE,Packet Juice,BEVERAGE,4,32,0,0.00%,32,0.04%,0.04%
MODERN BAKE CRANBERRY ENERGY BAR,CS Cereal,FOOD,6,31.5,0,0.00%,31.5,0.06%,0.04%
AL AIN YOGHURT LOW FAT 170GM,CS Dairy ,FOOD,25,31.25,0,0.00%,31.25,0.24%,0.04%
BAYARA 1KG PRUNES DRIED,CS Dry Fruits,FOOD,1,31.25,0,0.00%,31.25,0.01%,0.04%
CAREFREE PLUS FRESH LARGE 20PCS,CS Sanitary Care,NON FOOD,2,31,0,0.00%,31,0.02%,0.04%
Cheddar or cheese,Pizza,FOOD,1,30,0,0.00%,30,0.01%,0.04%
FOUNTAIN SODA LARGE,Softdrinks,BEVERAGE,10,30,0,0.00%,30,0.10%,0.04%
FOUNTAIN SODA SMALL,Softdrinks,BEVERAGE,15,30,0,0.00%,30,0.14%,0.04%
HEINZ TUNA FLAKES OIL TIN 185GM,CS Can & Jar Food,FOOD,4,30,0,0.00%,30,0.04%,0.04%
PERRIER WATER 330ML,Water,BEVERAGE,5,30,0,0.00%,30,0.05%,0.04%
Sweet Potato Wedges,Extras,FOOD,3,30,0,0.00%,30,0.03%,0.04%
VOCHELLE TIN DUBAI MARINA 205GM,CS Chocolate ,FOOD,1,30,0,0.00%,30,0.01%,0.04%
NESCAFE PACKET SACHET RED MUG 50,CS Coffee,FOOD,1,29.5,0,0.00%,29.5,0.01%,0.03%
AL AIN FRESH PINEAPPLE JUICE 330,CS Packet Juice,BEVERAGE,3,29.25,0,0.00%,29.25,0.03%,0.03%
BETTY CROCKER MOLTEN CHOCOLATE C,CS Coocking & Baking,FOOD,2,28.5,0,0.00%,28.5,0.02%,0.03%
TAMRAH CHOCO DARK ZIPPER BAG 100,CS Dry Fruits,FOOD,3,28.5,0,0.00%,28.5,0.03%,0.03%
12 OZ ICED CAFFE LATTE,Coffee,FOOD,2,28,0,0.00%,28,0.02%,0.03%
ALO EXPOSED ALO JUICE,Fresh Juices,FOOD,2,28,0,0.00%,28,0.02%,0.03%
CROISSANT HI BUTTER ALMOND,CS Bakery,FOOD,7,28,0,0.00%,28,0.07%,0.03%
FIREFLY RECHARGE POMEGRANATE,Tea,BEVERAGE,2,28,0,0.00%,28,0.02%,0.03%
MUFFIN BLUEBERRY,CS Bakery,FOOD,8,28,0,0.00%,28,0.08%,0.03%
RED BULL 250ML,CS Sports & Energy Drinks,BEVERAGE,4,28,0,0.00%,28,0.04%,0.03%
ROASTED TOMATO,Wraps,FOOD,1,28,0,0.00%,28,0.01%,0.03%
SMALL GREEN SALAD ,Salads,FOOD,4,28,0,0.00%,28,0.04%,0.03%
CAPRICE DES DIEUX CHEESE 125G,CS Dairy ,FOOD,1,27.5,0,0.00%,27.5,0.01%,0.03%
DESIAM OYSTER SAUCE 200ML,CS Sauce,FOOD,2,27.5,0,0.00%,27.5,0.02%,0.03%
KIT KAT 2 FINGERS,CS Chocolate ,FOOD,22,27.5,0,0.00%,27.5,0.21%,0.03%
LIND CHERRY INTENSE100G,CS Chocolate ,FOOD,2,27.5,0,0.00%,27.5,0.02%,0.03%
LINDT EXCELLENCE 70% CACOA 100GM,CS Chocolate ,FOOD,2,27.5,0,0.00%,27.5,0.02%,0.03%
LINDT EXCELLENCE BLACK CURRANT 1,CS Chocolate ,FOOD,2,27.5,0,0.00%,27.5,0.02%,0.03%
LINDT EXCELLENCE MINT INTENSE 10,CS Chocolate ,FOOD,2,27.5,0,0.00%,27.5,0.02%,0.03%
CROISSANT HI BUTTER CHEESE,CS Bakery,FOOD,9,27,0,0.00%,27,0.09%,0.03%
EMMENTHAL CHEESE PORTION 150G,CS Dairy ,FOOD,2,27,0,0.00%,27,0.02%,0.03%
RAINBOWEvpMilk160ML ,CS Dairy ,FOOD,9,27,0,0.00%,27,0.09%,0.03%
RiceKrispiesCMB20g,CS Cereal,FOOD,9,27,0,0.00%,27,0.09%,0.03%
BAHLSEN RED HIT MINIS MILK 130GM,Biscuit & Cookies,FOOD,5,26.25,0,0.00%,26.25,0.05%,0.03%
BERRY CO GOJI BERRY JUICE 1L,CS Packet Juice,BEVERAGE,2,26,0,0.00%,26,0.02%,0.03%
CAPRISUN ORANGE,CS Packet Juice,BEVERAGE,26,26,0,0.00%,26,0.25%,0.03%
CARTE D'OR SMALL CUP STRAWBERRY,CS Chocolate ,FOOD,4,26,0,0.00%,26,0.04%,0.03%
COKE PET 500ML,CS Soft Drinks,BEVERAGE,13,26,0,0.00%,26,0.12%,0.03%
SENSODYNE GEL 100M,CS Oral Care,NON FOOD,1,26,0,0.00%,26,0.01%,0.03%
SENSODYNE TP 100GM,CS Oral Care,NON FOOD,1,26,0,0.00%,26,0.01%,0.03%
SENSODYNE TP TOTAL CARE 100GM,CS Oral Care,NON FOOD,1,26,0,0.00%,26,0.01%,0.03%
SUNNY BIO AGAVE SYRUP 250G,CS Can & Jar Food,FOOD,1,25.75,0,0.00%,25.75,0.01%,0.03%
ALPEN BAR FRUIT NUT MILK CHOCOLA,CS Cereal,FOOD,6,25.5,0,0.00%,25.5,0.06%,0.03%
AL MARAI APPLE JUICE 300ML,CS Packet Juice,BEVERAGE,10,25,0,0.00%,25,0.10%,0.03%
ASPARAGUS 500M PACKET,CS Fresh Vegatables,FOOD,1,25,0,0.00%,25,0.01%,0.03%
Cookie,Dessert,FOOD,5,25,0,0.00%,25,0.05%,0.03%
GALLON WATER DEPOSIT,CS Others,BEVERAGE,1,25,0,0.00%,25,0.01%,0.03%
KOKA BOWL MUSHROOM,CS Pasta & Noodles,FOOD,5,25,0,0.00%,25,0.05%,0.03%
LAYS FRENCH CHEESE 185GM,CS Chips & Snacks,FOOD,4,25,0,0.00%,25,0.04%,0.03%
DR.OETKER BAKING POWDER 200GM,CS Coocking & Baking,FOOD,1,24.5,0,0.00%,24.5,0.01%,0.03%
MCVITIES DIGESTIVE 250GM LIGHT,Biscuit & Cookies,FOOD,2,24.5,0,0.00%,24.5,0.02%,0.03%
MUFFIN APPLE,CS Bakery,FOOD,7,24.5,0,0.00%,24.5,0.07%,0.03%
NUTELLA 400GM,CS Can & Jar Food,FOOD,1,24.5,0,0.00%,24.5,0.01%,0.03%
PURELL REFRESHING HAND SANITIZER,CS Soap & Handwash,NON FOOD,2,24.5,0,0.00%,24.5,0.02%,0.03%
MARS BAR 51GM,CS Chocolate ,FOOD,8,24.25,0,0.00%,24.25,0.08%,0.03%
AL AIN LABAN 250ML,CS Dairy ,FOOD,12,24,0,0.00%,24,0.12%,0.03%
AL MARAI LABAN FULL FAT 360ML,CS Dairy ,FOOD,8,24,0,0.00%,24,0.08%,0.03%
Best Salted Peanut30g,Peannuts,FOOD,8,24,0,0.00%,24,0.08%,0.03%
BOGUTTI CHOCOFIT CHOCO HAZELNUT,Biscuit & Cookies,FOOD,3,24,0,0.00%,24,0.03%,0.03%
Cappuccino,Nespresso,FOOD,2,24,0,0.00%,24,0.02%,0.03%
Carrot Cake,Dessert,FOOD,2,24,0,0.00%,24,0.02%,0.03%
CHOCOLATE CHIP COOKIE,Dessert,FOOD,4,24,0,0.00%,24,0.04%,0.03%
CocoPopsCMB20g,CS Cereal,FOOD,8,24,0,0.00%,24,0.08%,0.03%
CROISSANT HI BUTTER CHOCOLATE,CS Bakery,FOOD,6,24,0,0.00%,24,0.06%,0.03%
Extra Cheese,Cheese,FOOD,6,24,0,0.00%,24,0.06%,0.03%
EXTRA PELLET PEPPERMINT GUM,CS Mint & Gum,FOOD,12,24,0,0.00%,24,0.12%,0.03%
EXTRA PROTEIN,TOPPINGS,FOOD,6,24,0,0.00%,24,0.06%,0.03%
FUN PLASTIC PLATE FUCHSIA 10PCS ,CS Disposable,NON FOOD,3,24,0,0.00%,24,0.03%,0.03%
Gatorade,Softdrinks,BEVERAGE,2,24,0,0.00%,24,0.02%,0.03%
GATORADE PINK LEMONADE,Energy Drinks,BEVERAGE,2,24,0,0.00%,24,0.02%,0.03%
GLAD GARBAGE BAG MEDIUM 35L X 30,CS Tissue & Toilet Rolls,NON FOOD,2,24,0,0.00%,24,0.02%,0.03%
HARIBO MINIS HAPPY COLA PACKET 2,CS Mint & Gum,FOOD,2,24,0,0.00%,24,0.02%,0.03%
LACNOR MILK BANANA,Flavoured Milk,BEVERAGE,6,24,0,0.00%,24,0.06%,0.03%
MINI CARROT CAKE,Dessert,FOOD,2,24,0,0.00%,24,0.02%,0.03%
Mushrooms,Pizza,FOOD,4,24,0,0.00%,24,0.04%,0.03%
PEPPERMINT TEA BAG,Tea,FOOD,3,24,0,0.00%,24,0.03%,0.03%
POCARI SWEAT CAN 330ML,CS Soft Drinks,BEVERAGE,8,24,0,0.00%,24,0.08%,0.03%
POMEGRANATE PACKET,CS Fresh Fruit,FOOD,3,24,0,0.00%,24,0.03%,0.03%
TEA BAG EARL GREY,Tea,FOOD,3,24,0,0.00%,24,0.03%,0.03%
THE 3RD DATE,Milk Shake,BEVERAGE,1,24,0,0.00%,24,0.01%,0.03%
The Big Apple,Milk Shake,BEVERAGE,1,24,0,0.00%,24,0.01%,0.03%
Veg Noodle Soup,Soup ,FOOD,2,24,0,0.00%,24,0.02%,0.03%
TWININGS PURE GREEN TEA 25 BAGS,CS Tea,FOOD,2,23.5,0,0.00%,23.5,0.02%,0.03%
WELLA SH REPAIR 500ML,CS Shampoo & Conditioner,NON FOOD,1,23.5,0,0.00%,23.5,0.01%,0.03%
BOURSIN CHEESE GARLIC & HERBS 15,CS Dairy ,FOOD,1,23.25,0,0.00%,23.25,0.01%,0.03%
SMINT POCKET PEPPERMINT,CS Mint & Gum,FOOD,3,23.25,0,0.00%,23.25,0.03%,0.03%
BARILA FETTUCINE500g,CS Pasta & Noodles,FOOD,1,23,0,0.00%,23,0.01%,0.03%
ICED SOYA VANILLA LATTE 16 OZ,Coffee,FOOD,1,23,0,0.00%,23,0.01%,0.03%
SAINT AGUR CHEESE 125G,CS Dairy ,FOOD,1,23,0,0.00%,23,0.01%,0.03%
SCHIK RAZOR QUATTRO 4 TITANIUM +,CS Mens Care,NON FOOD,1,23,0,0.00%,23,0.01%,0.03%
EXTRA PROFESSIONAL STRONG MINT G,CS Mint & Gum,FOOD,7,22.75,0,0.00%,22.75,0.07%,0.03%
MAGNUM I/C WHITE,CS Ice Cream,FOOD,3,22.5,0,0.00%,22.5,0.03%,0.03%
NESCAFE CAPPUCINO PACKET 10PCS,CS Coffee,FOOD,1,22.5,0,0.00%,22.5,0.01%,0.03%
TAMPAX REGULAR,CS Sanitary Care,NON FOOD,2,22.5,0,0.00%,22.5,0.02%,0.03%
16 OZ ICED SOYA PUMPKIN SPICED L,Coffee,FOOD,1,22,0,0.00%,22,0.01%,0.03%
AL AIN WATER 1.5 LITER,Water,BEVERAGE,11,22,0,0.00%,22,0.11%,0.03%
ANTIDOTE,Fresh Juices,BEVERAGE,1,22,0,0.00%,22,0.01%,0.03%
HANSAPLAST AQUA PROTECT 100% 20 ,CS Others,NON FOOD,2,22,0,0.00%,22,0.02%,0.03%
LAYS 40GM FRENCH CHEESE,CS Chips & Snacks,FOOD,11,22,0,0.00%,22,0.11%,0.03%
MANI 20G ALMONDS SMOKED BBQ,CS Dry Fruits,FOOD,8,22,0,0.00%,22,0.08%,0.03%
PANTENE SH MOISTURE RENEWAL 200M,CS Shampoo & Conditioner,NON FOOD,2,22,0,0.00%,22,0.02%,0.03%
SNAPPLE FRUIT PUNCH JUICE,CS Packet Juice,BEVERAGE,4,22,0,0.00%,22,0.04%,0.03%
AL AIN YOGHURT FULL CREAM 170GM,CS Dairy ,FOOD,17,21.25,0,0.00%,21.25,0.16%,0.02%
12 OZ SOYA HAZELNUT LATTE,Coffee,FOOD,1,21,0,0.00%,21,0.01%,0.02%
16 OZ SOYA CAFFE LATTE,Coffee,FOOD,1,21,0,0.00%,21,0.01%,0.02%
BAHLSEN LEIBNIZ ZOO 100GM,Biscuit & Cookies,FOOD,4,21,0,0.00%,21,0.04%,0.02%
BETTY CROCKER CHEESECAKE BLUEBER,CS Coocking & Baking,FOOD,1,21,0,0.00%,21,0.01%,0.02%
BETTY CROCKER TRIPLE CHOCOLATE R,CS Coocking & Baking,FOOD,1,21,0,0.00%,21,0.01%,0.02%
HARIBO CUP BERRIES 175GM,CS Mint & Gum,FOOD,2,21,0,0.00%,21,0.02%,0.02%
Salmon Chirashi,Sushi,FOOD,1,21,0,0.00%,21,0.01%,0.02%
INA PAARMAN HERB DRESSING 300ML,CS Sauce,FOOD,1,20.75,0,0.00%,20.75,0.01%,0.02%
BONNE MANAM APRICOT PRESERVE 370,CS Can & Jar Food,FOOD,1,20.5,0,0.00%,20.5,0.01%,0.02%
BONNE MANAM RASPBERRY PRESERVE 3,CS Can & Jar Food,FOOD,1,20.5,0,0.00%,20.5,0.01%,0.02%
16 OZ FRAPPUCINO CARAMEL,Starbucks,FOOD,1,20,0,0.00%,20,0.01%,0.02%
ADD ESPRESSO SHOT,Starbucks,FOOD,5,20,0,0.00%,20,0.05%,0.02%
Beef Bacon,Breakfast,FOOD,4,20,0,0.00%,20,0.04%,0.02%
BLUE BERRY MUFFIN,Dessert,FOOD,2,20,0,0.00%,20,0.02%,0.02%
Brownie,Dessert,FOOD,1,20,0,0.00%,20,0.01%,0.02%
COFFEE CUP CERAMIC,CS Others,NON FOOD,2,20,0,0.00%,20,0.02%,0.02%
DOUGHNUT CHOCOLATE,CS Bakery,FOOD,8,20,0,0.00%,20,0.08%,0.02%
EARL GREY LOOSE TEA,Tea,FOOD,2,20,0,0.00%,20,0.02%,0.02%
Extra Topping,Pizza,FOOD,4,20,0,0.00%,20,0.04%,0.02%
ICED SOYA CAFFE LATTE 16 OZ,Coffee,FOOD,1,20,0,0.00%,20,0.01%,0.02%
JASMINE GREEN LOOSE TEA,Tea,FOOD,2,20,0,0.00%,20,0.02%,0.02%
LARGE SPARKLING WATER PREMIUM,Water,BEVERAGE,1,20,0,0.00%,20,0.01%,0.02%
MIXED NUT & CEREAL 8 OZ,Peannuts,FOOD,2,20,0,0.00%,20,0.02%,0.02%
PEPPERMEIN LOOSE TEA,Tea,FOOD,2,20,0,0.00%,20,0.02%,0.02%
ROSE MIX,BOTANICAL SODAS,BEVERAGE,1,20,0,0.00%,20,0.01%,0.02%
SENCHA GREEN LOOSE TEA,Tea,FOOD,2,20,0,0.00%,20,0.02%,0.02%
Tamago Maki,Sushi,FOOD,1,20,0,0.00%,20,0.01%,0.02%
Veg Sushi,Sushi,FOOD,1,20,0,0.00%,20,0.01%,0.02%
Veg Sushi 6 pcs,Sushi,FOOD,1,20,0,0.00%,20,0.01%,0.02%
ALWAYS LARGE 10 PCS,CS Sanitary Care,NON FOOD,3,19.5,0,0.00%,19.5,0.03%,0.02%
PRINGLES 40GM BBQ,CS Chips & Snacks,FOOD,6,19.5,0,0.00%,19.5,0.06%,0.02%
SMACKS HONEY KELLOGS 375GM,CS Cereal,FOOD,1,19.5,0,0.00%,19.5,0.01%,0.02%
VOCHELLE BLOCK HAZELNUT 180G,CS Chocolate ,FOOD,2,19.5,0,0.00%,19.5,0.02%,0.02%
16 OZ SIGNATURE HOT CHOCOLATE,Starbucks,FOOD,1,19,0,0.00%,19,0.01%,0.02%
TAMRAH COCO DATES ZIPPER BAG 100,CS Dry Fruits,FOOD,2,19,0,0.00%,19,0.02%,0.02%
PRINGLES KETCHUP 165GM,CS Chips & Snacks,FOOD,2,18.5,0,0.00%,18.5,0.02%,0.02%
16 OZ ICED VANILLA LATTE,Starbucks,FOOD,1,18,0,0.00%,18,0.01%,0.02%
Add Cheese,Extras,FOOD,6,18,0,0.00%,18,0.06%,0.02%
BEST 13GM ALMOND,CS Nuts & Seeds,FOOD,6,18,0,0.00%,18,0.06%,0.02%
Canadian Maple Syrup,Cereal Bar,FOOD,6,18,0,0.00%,18,0.06%,0.02%
Espresso,Nespresso,FOOD,2,18,0,0.00%,18,0.02%,0.02%
Go Green,Milk Shake,BEVERAGE,1,18,0,0.00%,18,0.01%,0.02%
HARIBO STAR MIX PACKET 160GM,CS Mint & Gum,FOOD,2,18,0,0.00%,18,0.02%,0.02%
Manakeesh(V),Pizza,FOOD,1,18,0,0.00%,18,0.01%,0.02%
NATURE VALLEY ROASTED ALMOND,CS Cereal,FOOD,6,18,0,0.00%,18,0.06%,0.02%
POKKA ICED TEA PEACH 500ML,CS Packet Juice,BEVERAGE,6,18,0,0.00%,18,0.06%,0.02%
A/G POP CORN MICROWAVE NATURAL 2,CS Can & Jar Food,FOOD,2,17.5,0,0.00%,17.5,0.02%,0.02%
AL AIN WATER 5 LTR,CS Water,BEVERAGE,7,17.5,0,0.00%,17.5,0.07%,0.02%
ALWAYS MEGAPACK NORMAL WINGS 30 ,CS Sanitary Care,NON FOOD,1,17.5,0,0.00%,17.5,0.01%,0.02%
AM KIWI & LIME 300ml,CS Packet Juice,BEVERAGE,7,17.5,0,0.00%,17.5,0.07%,0.02%
CROISSANT ZATAR,CS Bakery,FOOD,7,17.5,0,0.00%,17.5,0.07%,0.02%
FITA CRACKERS 150G,Biscuit & Cookies,FOOD,5,17.5,0,0.00%,17.5,0.05%,0.02%
MANI 20G SWEET COCKTAIL NUTS FRU,CS Dry Fruits,FOOD,7,17.5,0,0.00%,17.5,0.07%,0.02%
AUSLESE MELITTA CLASSIC COFFEE 2,CS Coffee,FOOD,1,17,0,0.00%,17,0.01%,0.02%
DAWAT TRADITIONAL BASMATI RICE 1,CS Coocking & Baking,FOOD,1,17,0,0.00%,17,0.01%,0.02%
BASKIN ROBBINS CUP STARWBERRY 12,CS Ice Cream,FOOD,2,16.5,0,0.00%,16.5,0.02%,0.02%
BEST CAN PEANUTS SALTED 110GM,CS Nuts & Seeds,FOOD,2,16.5,0,0.00%,16.5,0.02%,0.02%
HP SAUCE BOTTLE,CS Sauce,FOOD,2,16.5,0,0.00%,16.5,0.02%,0.02%
LIFEBUOY BODYWASH NATURE 300ML,CS Bath & Shower,NON FOOD,1,16.5,0,0.00%,16.5,0.01%,0.02%
DOVE DEO BEAUTY FINISH 150ML,CS Deodrants,NON FOOD,1,16.25,0,0.00%,16.25,0.01%,0.02%
OB TAMPONS LIGHT DAYS 16PCS,CS Sanitary Care,NON FOOD,1,16.25,0,0.00%,16.25,0.01%,0.02%
OB TAMPONS NORMAL 16PCS,CS Sanitary Care,NON FOOD,1,16.25,0,0.00%,16.25,0.01%,0.02%
PRINGLES 40GM HOT & SPICY,CS Chips & Snacks,FOOD,5,16.25,0,0.00%,16.25,0.05%,0.02%
PRINGLES 40GM ORIGINAL,CS Chips & Snacks,FOOD,5,16.25,0,0.00%,16.25,0.05%,0.02%
ADD ESPRESSO SHOT,Starbucks,FOOD,4,16,0,0.00%,16,0.04%,0.02%
BOGUTTI CHOCOFIT GOJI CRAN WHITE,Biscuit & Cookies,FOOD,2,16,0,0.00%,16,0.02%,0.02%
Espresso Doppio,Coffee,BEVERAGE,1,16,0,0.00%,16,0.01%,0.02%
EXTRA PELLET WHITE GUM,CS Mint & Gum,FOOD,8,16,0,0.00%,16,0.08%,0.02%
GLASS OF SOYA MILK,Soya Milk,FOOD,2,16,0,0.00%,16,0.02%,0.02%
JDS BELGIAN COCOLATE THINS,Biscuit & Cookies,FOOD,1,16,0,0.00%,16,0.01%,0.02%
LAYS 40GM SALT VINEGAR,CS Chips & Snacks,FOOD,8,16,0,0.00%,16,0.08%,0.02%
Lemon Drizzle,Dessert,FOOD,2,16,0,0.00%,16,0.02%,0.02%
Pepsi Light,Softdrinks,BEVERAGE,4,16,0,0.00%,16,0.04%,0.02%
REDBULL SUGAR FREE,Energy Drinks,BEVERAGE,2,16,0,0.00%,16,0.02%,0.02%
Steamed Rice,Main course,FOOD,2,16,0,0.00%,16,0.02%,0.02%
THE BERRY CO ACAI BERRY JUICE,Packet Juice,BEVERAGE,2,16,0,0.00%,16,0.02%,0.02%
THE BERRY CO GOJI BERRY JUICE,Packet Juice,BEVERAGE,2,16,0,0.00%,16,0.02%,0.02%
BAHLSEN LEIBNIZ MINIS BUTTER 100,Biscuit & Cookies,FOOD,3,15.75,0,0.00%,15.75,0.03%,0.02%
GALLO RISOTTO ARBORIO 500GM,CS Coocking & Baking,FOOD,1,15.75,0,0.00%,15.75,0.01%,0.02%
LAYS FORNO CHEESE 43GM,CS Chips & Snacks,FOOD,7,15.75,0,0.00%,15.75,0.07%,0.02%
ALPRO SOYA ORIGINAL1L,CS Dairy ,BEVERAGE,1,15.5,0,0.00%,15.5,0.01%,0.02%
DOVEM+CIDDS150ML,CS Shampoo & Conditioner,NON FOOD,1,15.5,0,0.00%,15.5,0.01%,0.02%
GLAD HANDLE GARBAGE BAG LARGE 11,CS Bags/Foil/Wraps,NON FOOD,1,15.5,0,0.00%,15.5,0.01%,0.02%
1 Scoop Protein Powder,TOPPINGS,FOOD,3,15,0,0.00%,15,0.03%,0.02%
AL RABIE LIME KIWI 330ML,CS Packet Juice,BEVERAGE,6,15,0,0.00%,15,0.06%,0.02%
APRICOT PACKET,CS Fresh Fruit,FOOD,1,15,0,0.00%,15,0.01%,0.02%
BEETROOT PACKET,CS Fresh Vegatables,FOOD,3,15,0,0.00%,15,0.03%,0.02%
CARTE DOR CHOCOLATE 1 SCOOP,Ice cream,FOOD,3,15,0,0.00%,15,0.03%,0.02%
CastaniaMixedNuts125G,CS Nuts & Seeds,FOOD,2,15,0,0.00%,15,0.02%,0.02%
CHICKEN MAIN,Main course,FOOD,1,15,0,0.00%,15,0.01%,0.02%
COKE LARGE 2.25L,CS Soft Drinks,BEVERAGE,3,15,0,0.00%,15,0.03%,0.02%
CROISSANT PLAIN,CS Bakery,FOOD,10,15,0,0.00%,15,0.10%,0.02%
KAGI SWISS WAFERS CHOCOLATE 50G,CS Mint & Gum,FOOD,3,15,0,0.00%,15,0.03%,0.02%
NIVEA MEN SHOWER ENERGY 250ML,CS Bath & Shower,NON FOOD,1,15,0,0.00%,15,0.01%,0.02%
SCHWEPPES TONIC WATER CAN 300M,CS Soft Drinks,BEVERAGE,10,15,0,0.00%,15,0.10%,0.02%
SLICED BREAD WHITE MEDIUM,CS Bakery,FOOD,5,15,0,0.00%,15,0.05%,0.02%
SNICKERS BAR,Chocolate,FOOD,3,15,0,0.00%,15,0.03%,0.02%
TOBLERONE 50GM,CS Chocolate ,FOOD,3,15,0,0.00%,15,0.03%,0.02%
FINE TOILET ROLLS 2PLY X 10 PCS ,CS Tissue & Toilet Rolls,NON FOOD,1,14.75,0,0.00%,14.75,0.01%,0.02%
BARILLA PASTA SPAGHETTI NO.3 500,CS Pasta & Noodles,FOOD,2,14.5,0,0.00%,14.5,0.02%,0.02%
DOVE HAND CREAM ESSENTIAL NOURIS,CS Shampoo & Conditioner,NON FOOD,1,14.25,0,0.00%,14.25,0.01%,0.02%
JIF EASY CLEAN FLOWER BREEZE 1LI,CS Cleaning Supplies,NON FOOD,1,14.25,0,0.00%,14.25,0.01%,0.02%
SCRUMMIES RASPBERRY CRANBERRIES ,CS Dry Fruits,FOOD,3,14.25,0,0.00%,14.25,0.03%,0.02%
AL AIN FRESH GRAPEFRUIT JUICE330,CS Packet Juice,BEVERAGE,2,14,0,0.00%,14,0.02%,0.02%
AL MARAI FRESH MILK FULL FAT 1L,CS Dairy ,FOOD,2,14,0,0.00%,14,0.02%,0.02%
AL MARAI FRESH MILK LOW FAT 1L,CS Dairy ,FOOD,2,14,0,0.00%,14,0.02%,0.02%
ALO APPEAL POMELO JUICE,Fresh Juices,FOOD,1,14,0,0.00%,14,0.01%,0.02%
ALO ENRICH POMEGRANATE JUICE,Fresh Juices,FOOD,1,14,0,0.00%,14,0.01%,0.02%
Bagels w/Cr.Cheese,Breakfast,FOOD,2,14,0,0.00%,14,0.02%,0.02%
"BUN BREAD PLAIN 4"" 6 PCS",CS Bakery,FOOD,4,14,0,0.00%,14,0.04%,0.02%
CORNETTO I/C LOVE COOKIE,CS Ice Cream,FOOD,2,14,0,0.00%,14,0.02%,0.02%
CORNETTO I/C LOVE TOFFEE,CS Ice Cream,FOOD,2,14,0,0.00%,14,0.02%,0.02%
CROISSANT CHEESE,CS Bakery,FOOD,7,14,0,0.00%,14,0.07%,0.02%
Earl Grey,Tea,BEVERAGE,1,14,0,0.00%,14,0.01%,0.02%
FERRARELLE WATER 330ML,Water,BEVERAGE,2,14,0,0.00%,14,0.02%,0.02%
FIRE FLY GRAPE FRUIT,Packet Juice,BEVERAGE,1,14,0,0.00%,14,0.01%,0.02%
Khubus Bread,Breakfast,FOOD,7,14,0,0.00%,14,0.07%,0.02%
LAYS 40GM CHILLI,CS Chips & Snacks,FOOD,7,14,0,0.00%,14,0.07%,0.02%
Lemon & Mint,Fresh Juices,BEVERAGE,1,14,0,0.00%,14,0.01%,0.02%
ORAL B BRUSH CLASSIC,CS Oral Care,NON FOOD,4,14,0,0.00%,14,0.04%,0.02%
Pineapple & Beetroot,Fresh Juices,BEVERAGE,1,14,0,0.00%,14,0.01%,0.02%
WALKERS SB FINGERS 40G,Biscuit & Cookies,FOOD,4,14,0,0.00%,14,0.04%,0.02%
LACNOR MILK STRAWBERRY 180ML,CS Packet Juice,BEVERAGE,11,13.75,0,0.00%,13.75,0.11%,0.02%
LIFEBUOY HW COLOUR CHANGING 200M,CS Soap & Handwash,NON FOOD,1,13.75,0,0.00%,13.75,0.01%,0.02%
LINDT EXCELLENCE LIME INTENSE 10,CS Chocolate ,FOOD,1,13.75,0,0.00%,13.75,0.01%,0.02%
COKE LIGHT CAN 300ML,CS Soft Drinks,BEVERAGE,9,13.5,0,0.00%,13.5,0.09%,0.02%
FAIR & LOVELY FW ANTI MARKS 100G,CS Facial Care,NON FOOD,1,13.5,0,0.00%,13.5,0.01%,0.02%
HANSAPLAST DISNEY PRINCESS 16 ST,CS Others,NON FOOD,1,13.5,0,0.00%,13.5,0.01%,0.02%
Lacnor Full Fat Milk 1L ,CS Dairy ,BEVERAGE,3,13.5,0,0.00%,13.5,0.03%,0.02%
LIPTON GREEN TEA CLASSIC TEA BAG,CS Tea,FOOD,2,13.5,0,0.00%,13.5,0.02%,0.02%
BASKIN ROBBINS CUP VANILLA 120ML,CS Ice Cream,FOOD,2,13,0,0.00%,13,0.02%,0.02%
BERRY CO SUPERBERRY RED 1L,CS Packet Juice,BEVERAGE,1,13,0,0.00%,13,0.01%,0.02%
DR OETKER NO.3 CANDLE,CS Disposable,NON FOOD,2,13,0,0.00%,13,0.02%,0.02%
INDOMIE CUP VEGETABLE,CS Pasta & Noodles,FOOD,4,13,0,0.00%,13,0.04%,0.02%
LADY CHOICE CHUNKY PEANUT BUTTER,CS Can & Jar Food,FOOD,1,13,0,0.00%,13,0.01%,0.02%
TOBLERONE WHITE 35GM,CS Chocolate ,FOOD,4,13,0,0.00%,13,0.04%,0.02%
AL AIN FRESH KIWI JUICE 330ML,CS Packet Juice,BEVERAGE,1,12.75,0,0.00%,12.75,0.01%,0.01%
FA SHOWER CREAM YOGHURT ALOE VER,CS Hair Styling & Spray,NON FOOD,1,12.75,0,0.00%,12.75,0.01%,0.01%
LIPTON PYRAMID FOREST FRUIT TEA,CS Tea,FOOD,1,12.75,0,0.00%,12.75,0.01%,0.01%
LIPTON PYRAMID LEMON GINGER TEA ,CS Tea,FOOD,1,12.75,0,0.00%,12.75,0.01%,0.01%
AL MARAI MIXED FRUIT 300ML,CS Packet Juice,BEVERAGE,5,12.5,0,0.00%,12.5,0.05%,0.01%
CROISSANT CHOCOLATE,CS Bakery,FOOD,5,12.5,0,0.00%,12.5,0.05%,0.01%
EXTRA BIG BOTTLE WATERMELON,CS Mint & Gum,FOOD,1,12.5,0,0.00%,12.5,0.01%,0.01%
HEINZ ORGANIC TIN SOUP TOMATO 40,CS Can & Jar Food,FOOD,1,12.5,0,0.00%,12.5,0.01%,0.01%
LACNOR MILK CHOCOLATE 180ML,CS Packet Juice,BEVERAGE,10,12.5,0,0.00%,12.5,0.10%,0.01%
LAYS CHILI 185GM,CS Chips & Snacks,FOOD,2,12.5,0,0.00%,12.5,0.02%,0.01%
ADD WHIPPED CREAM,Starbucks,FOOD,3,12,0,0.00%,12,0.03%,0.01%
B.BAG SEA SALT150g,CS Chips & Snacks,FOOD,1,12,0,0.00%,12,0.01%,0.01%
Beef Noodle Soup,Soup ,FOOD,1,12,0,0.00%,12,0.01%,0.01%
Cappuccino,Coffee,BEVERAGE,1,12,0,0.00%,12,0.01%,0.01%
CAPRISUN MIXED FRUIT,CS Packet Juice,BEVERAGE,12,12,0,0.00%,12,0.12%,0.01%
Choc Caramel Eclair,Dessert,FOOD,1,12,0,0.00%,12,0.01%,0.01%
COCA COAL LIGHT PET 500ML,Softdrinks,BEVERAGE,2,12,0,0.00%,12,0.02%,0.01%
DOUGHNUT PLAIN,CS Bakery,FOOD,6,12,0,0.00%,12,0.06%,0.01%
ESPRESSO MACCHIATO,Starbucks,FOOD,1,12,0,0.00%,12,0.01%,0.01%
ESPRESSO MACCHIATO DOUBLE,Coffee,FOOD,1,12,0,0.00%,12,0.01%,0.01%
FrostiesCMB25g,CS Cereal,FOOD,4,12,0,0.00%,12,0.04%,0.01%
GLASS OF MILK,Milk,FOOD,3,12,0,0.00%,12,0.03%,0.01%
Grilled Veg Olives,Pizza,FOOD,2,12,0,0.00%,12,0.02%,0.01%
LACNOR APPLE 180ML,Fresh Juices,BEVERAGE,3,12,0,0.00%,12,0.03%,0.01%
Latte Macchiato,Coffee,BEVERAGE,1,12,0,0.00%,12,0.01%,0.01%
LAYS SALT 40G,CHIPS,FOOD,3,12,0,0.00%,12,0.03%,0.01%
Mash and Gravy,Extras,FOOD,3,12,0,0.00%,12,0.03%,0.01%
Mountain Dew,Softdrinks,BEVERAGE,3,12,0,0.00%,12,0.03%,0.01%
Pepsi,Softdrinks,BEVERAGE,3,12,0,0.00%,12,0.03%,0.01%
PEPSI PET 500M,CS Soft Drinks,BEVERAGE,6,12,0,0.00%,12,0.06%,0.01%
SMINT CANDY GUM PEPPERMINT 14.2G,CS Mint & Gum,FOOD,3,12,0,0.00%,12,0.03%,0.01%
SNAPPLES FRUIT PUNCH,Fresh Juices,BEVERAGE,1,12,0,0.00%,12,0.01%,0.01%
SPRITE LIGHT CAN,Softdrinks,BEVERAGE,3,12,0,0.00%,12,0.03%,0.01%
STRAIGHT DUTCH,Smoothies,BEVERAGE,1,12,0,0.00%,12,0.01%,0.01%
Dolmio Bolognaise Sauce 500g,CS Sauce,FOOD,1,11.5,0,0.00%,11.5,0.01%,0.01%
DOLMIO BOLOGNESE ORIGINAL SAUCE ,CS Sauce,FOOD,1,11.5,0,0.00%,11.5,0.01%,0.01%
JOHNSONS BABY POWDER 100GM,CS Baby Care,NON FOOD,1,11.5,0,0.00%,11.5,0.01%,0.01%
DOMESTOS BLEACH ULTRA WHITE 750M,CS Cleaning Supplies,NON FOOD,1,11.25,0,0.00%,11.25,0.01%,0.01%
DR.OETKER WHITE CHOCOLATE 26% BU,CS Coocking & Baking,FOOD,1,11,0,0.00%,11,0.01%,0.01%
ORAL B BRUSH KIDS,CS Oral Care,NON FOOD,2,11,0,0.00%,11,0.02%,0.01%
ORAL B FLOSS UNWAXED,CS Oral Care,NON FOOD,1,11,0,0.00%,11,0.01%,0.01%
ORAL B FLOSS WAXED,CS Oral Care,NON FOOD,1,11,0,0.00%,11,0.01%,0.01%
PANTENE SH ANTI DANDRUFF 200ML,CS Shampoo & Conditioner,NON FOOD,1,11,0,0.00%,11,0.01%,0.01%
YUM YUM NO SUGAR PEANUT BUTTER 4,CS Can & Jar Food,FOOD,1,10.75,0,0.00%,10.75,0.01%,0.01%
YUM YUM SMOOTH PEANUT BUTTER 400,CS Can & Jar Food,FOOD,1,10.75,0,0.00%,10.75,0.01%,0.01%
AL MARAI FRESH MILK FULL FAT 500,CS Dairy ,FOOD,3,10.5,0,0.00%,10.5,0.03%,0.01%
BISCUITSDIGES250 ,Biscuit & Cookies,FOOD,1,10.5,0,0.00%,10.5,0.01%,0.01%
COKE ZERO CAN 300M,CS Soft Drinks,BEVERAGE,7,10.5,0,0.00%,10.5,0.07%,0.01%
Ferrarelle 330Ml ,CS Water,BEVERAGE,2,10.5,0,0.00%,10.5,0.02%,0.01%
GalCaramlcak30g,CS Chocolate ,FOOD,1,10.5,0,0.00%,10.5,0.01%,0.01%
KOKA CUP SPICY SHRIMP,CS Pasta & Noodles,FOOD,3,10.5,0,0.00%,10.5,0.03%,0.01%
MANI PISTACHIOS SALT PEPPER 40G,CS Dry Fruits,FOOD,2,10.5,0,0.00%,10.5,0.02%,0.01%
PEPSI CAN 355ML ,CS Soft Drinks,BEVERAGE,7,10.5,0,0.00%,10.5,0.07%,0.01%
SCHOGETTEN STRAWBERRY YOGURT100G,CS Chocolate ,FOOD,2,10.5,0,0.00%,10.5,0.02%,0.01%
SLIM NOODLES READY TO WOK 270GM,CS Pasta & Noodles,FOOD,1,10.25,0,0.00%,10.25,0.01%,0.01%
Al R. p.apple & Guava,CS Packet Juice,BEVERAGE,4,10,0,0.00%,10,0.04%,0.01%
Cadburry,Chocolate,FOOD,2,10,0,0.00%,10,0.02%,0.01%
CAPRISUN APPLE,CS Packet Juice,BEVERAGE,10,10,0,0.00%,10,0.10%,0.01%
CARTE DOR S.BERRY 1 SCOOP,Ice cream,FOOD,2,10,0,0.00%,10,0.02%,0.01%
CORNETTO I/C CLASSICO CHOCOLATE,CS Ice Cream,FOOD,2,10,0,0.00%,10,0.02%,0.01%
DARJEELING LOOSE TEA,Tea,FOOD,1,10,0,0.00%,10,0.01%,0.01%
ESPRESSO MACCHIATO SINGLE,Starbucks,FOOD,1,10,0,0.00%,10,0.01%,0.01%
Fresh Pineapple Juice,Fresh Juices,BEVERAGE,1,10,0,0.00%,10,0.01%,0.01%
Fresh Water Melon,Fresh Juices,BEVERAGE,1,10,0,0.00%,10,0.01%,0.01%
GREEN TEA LOOSE ,Tea,FOOD,1,10,0,0.00%,10,0.01%,0.01%
Kit Kat,Chocolate,FOOD,2,10,0,0.00%,10,0.02%,0.01%
LACNOR MILK BANANA 180ML,CS Packet Juice,BEVERAGE,8,10,0,0.00%,10,0.08%,0.01%
MentoGmBerryLime,CS Mint & Gum,FOOD,2,10,0,0.00%,10,0.02%,0.01%
ORAL B BRUSH NATURAL FRESH,CS Oral Care,NON FOOD,1,10,0,0.00%,10,0.01%,0.01%
SLICED BREAD WHITE JUMBO,CS Bakery,FOOD,2,10,0,0.00%,10,0.02%,0.01%
SPRITE LARGE 2.25L,CS Soft Drinks,BEVERAGE,2,10,0,0.00%,10,0.02%,0.01%
HEINZ TIN SOUP LENTIL 400GM,CS Can & Jar Food,FOOD,1,9.75,0,0.00%,9.75,0.01%,0.01%
INDOMIE CUP BEEF,CS Pasta & Noodles,FOOD,3,9.75,0,0.00%,9.75,0.03%,0.01%
VOCHELLE BLOCK DAIRY MILK 180G,CS Chocolate ,FOOD,1,9.75,0,0.00%,9.75,0.01%,0.01%
BEST CAN MIXED NUTS 110GM,CS Nuts & Seeds,FOOD,1,9.5,0,0.00%,9.5,0.01%,0.01%
HNZ FZ SW CORN450g,CS Can & Jar Food,FOOD,1,9.5,0,0.00%,9.5,0.01%,0.01%
LIPTON EARL GREY 25 TB,CS Tea,FOOD,1,9.5,0,0.00%,9.5,0.01%,0.01%
LUX SUNLIGHT LEMON 750ML,CS Dishwashing,NON FOOD,1,9.5,0,0.00%,9.5,0.01%,0.01%
ZWAN HOT DOG CHICKEN SAUSAGE 400,CS Can & Jar Food,FOOD,1,9.5,0,0.00%,9.5,0.01%,0.01%
CERES PEAR JUICE 1L,CS Packet Juice,BEVERAGE,1,9.25,0,0.00%,9.25,0.01%,0.01%
CRUNCHOS SUNFLOWER SEEDS 200GM,CS Dry Fruits,FOOD,1,9.25,0,0.00%,9.25,0.01%,0.01%
PRINGLES SALT VINEGAR 165GM,CS Chips & Snacks,FOOD,1,9.25,0,0.00%,9.25,0.01%,0.01%
AL AIN MORNING PEACH MUSELI 250G,CS Dairy ,FOOD,3,9,0,0.00%,9,0.03%,0.01%
BEST 30GM SALTED PISTACHIO,CS Nuts & Seeds,FOOD,3,9,0,0.00%,9,0.03%,0.01%
EXT BAR BERRY,CS Cereal,FOOD,1,9,0,0.00%,9,0.01%,0.01%
Fountain Drink,Softdrinks,BEVERAGE,3,9,0,0.00%,9,0.03%,0.01%
FUNWDTOOTHPICK,CS Disposable,NON FOOD,2,9,0,0.00%,9,0.02%,0.01%
GLADZprSandwichBg,CS Bags/Foil/Wraps,NON FOOD,1,9,0,0.00%,9,0.01%,0.01%
GranAppleCunch,CS Cereal,FOOD,3,9,0,0.00%,9,0.03%,0.01%
HANSAPALST 20 STRIPS UNIVERSAL,CS Others,NON FOOD,1,9,0,0.00%,9,0.01%,0.01%
HANSAPLAST 20 STRIPS ELASTIC 2 S,CS Others,NON FOOD,1,9,0,0.00%,9,0.01%,0.01%
HARIBO PEACHES PACKET 160GM,CS Mint & Gum,FOOD,1,9,0,0.00%,9,0.01%,0.01%
Lacnor Low Fat Milk 1L,CS Dairy ,BEVERAGE,2,9,0,0.00%,9,0.02%,0.01%
LARGE GLASS OF SOYA MILK,Coffee,FOOD,1,9,0,0.00%,9,0.01%,0.01%
MARROW PACKET,CS Fresh Vegatables,FOOD,1,9,0,0.00%,9,0.01%,0.01%
NATURE VALLEY APPLE CRIS,CS Cereal,FOOD,3,9,0,0.00%,9,0.03%,0.01%
TOBLETOBLERONE MILK 35GM,CS Chocolate ,FOOD,3,9,0,0.00%,9,0.03%,0.01%
ALPEN BAR FRUIT NUT 28GM,CS Cereal,FOOD,2,8.5,0,0.00%,8.5,0.02%,0.01%
ENERGIZER AA 2 PCS,CS Others,NON FOOD,1,8.5,0,0.00%,8.5,0.01%,0.01%
PEPSODENT TP CENTER FRESH 150G,CS Oral Care,NON FOOD,1,8.5,0,0.00%,8.5,0.01%,0.01%
7 Up,Softdrinks,BEVERAGE,2,8,0,0.00%,8,0.02%,0.01%
ABC Chilli Sauce395g,CS Sauce,FOOD,1,8,0,0.00%,8,0.01%,0.01%
ADD CARAMEL DRIZZLE,Starbucks,FOOD,2,8,0,0.00%,8,0.02%,0.01%
ADD FLAVOURED SYRUP,Starbucks,FOOD,2,8,0,0.00%,8,0.02%,0.01%
BAYARA CHICK PEAS 400GM,CS Coocking & Baking,FOOD,2,8,0,0.00%,8,0.02%,0.01%
CAPSICUM GREEN PACKET,CS Fresh Vegatables,FOOD,1,8,0,0.00%,8,0.01%,0.01%
CHAMOMILE TEA BAG,Tea,FOOD,1,8,0,0.00%,8,0.01%,0.01%
CHILLI RED PACKET,CS Fresh Vegatables,FOOD,1,8,0,0.00%,8,0.01%,0.01%
Coke,Softdrinks,BEVERAGE,2,8,0,0.00%,8,0.02%,0.01%
COKE LIGHT PET 500ML,CS Soft Drinks,BEVERAGE,4,8,0,0.00%,8,0.04%,0.01%
Coke Zero,Softdrinks,BEVERAGE,2,8,0,0.00%,8,0.02%,0.01%
EARL GREY ICED TEA,Tea,FOOD,1,8,0,0.00%,8,0.01%,0.01%
EXTRA PELLET SPEARMINT GUM,CS Mint & Gum,FOOD,4,8,0,0.00%,8,0.04%,0.01%
Hash Browns,Breakfast,FOOD,2,8,0,0.00%,8,0.02%,0.01%
INDOMIE PILLOW 5 PCS VEGETABLE,CS Pasta & Noodles,FOOD,1,8,0,0.00%,8,0.01%,0.01%
LAYS CHEESE & ONION 40G,CHIPS,FOOD,2,8,0,0.00%,8,0.02%,0.01%
Lays Chips,Extras,FOOD,4,8,0,0.00%,8,0.04%,0.01%
LAYS SALT & VINEGAR 40G,CHIPS,FOOD,2,8,0,0.00%,8,0.02%,0.01%
LEMON DRIZZLE CAKE,Dessert,FOOD,1,8,0,0.00%,8,0.01%,0.01%
LifebyHndSnitzrHul55m,CS Soap & Handwash,NON FOOD,1,8,0,0.00%,8,0.01%,0.01%
LIPTON LEMON ICED TEA,Tea,BEVERAGE,2,8,0,0.00%,8,0.02%,0.01%
Panadol96 ,CS Others,NON FOOD,8,8,0,0.00%,8,0.08%,0.01%
RASPBERRY ICED TEA,Tea,FOOD,1,8,0,0.00%,8,0.01%,0.01%
SMINT CANDY GUM BLACKBERRY 14.2G,CS Mint & Gum,FOOD,2,8,0,0.00%,8,0.02%,0.01%
Sprite,Softdrinks,BEVERAGE,2,8,0,0.00%,8,0.02%,0.01%
SUNSILK SH NOURISHING SOFT & SMO,CS Shampoo & Conditioner,NON FOOD,1,8,0,0.00%,8,0.01%,0.01%
THE BERRY CO BLACK TEA ELDERFLOW,Packet Juice,BEVERAGE,1,8,0,0.00%,8,0.01%,0.01%
THE BERRY CO POMEGRANTE JUICE,Packet Juice,BEVERAGE,1,8,0,0.00%,8,0.01%,0.01%
Veg Fried Rice,Main course,FOOD,1,8,0,0.00%,8,0.01%,0.01%
AL AIN FRESH WATERMELON JUICE 33,CS Packet Juice,BEVERAGE,1,7.5,0,0.00%,7.5,0.01%,0.01%
AlwaysUltraNightFresh6,CS Sanitary Care,NON FOOD,1,7.5,0,0.00%,7.5,0.01%,0.01%
AM Chd Sli 200,CS Dairy ,FOOD,1,7.5,0,0.00%,7.5,0.01%,0.01%
DOUGHNUT JAM,CS Bakery,FOOD,5,7.5,0,0.00%,7.5,0.05%,0.01%
KOKA PILLOW 5 PCS MUSHROOM,CS Pasta & Noodles,FOOD,1,7.5,0,0.00%,7.5,0.01%,0.01%
SCHWEPPES BITTER LEMON 300M,CS Soft Drinks,BEVERAGE,5,7.5,0,0.00%,7.5,0.05%,0.01%
SPRITE LIGHT CAN 330ML ,CS Soft Drinks,BEVERAGE,5,7.5,0,0.00%,7.5,0.05%,0.01%
BARILLA PASTA SPAGHETTI NO.5 500,CS Pasta & Noodles,FOOD,1,7.25,0,0.00%,7.25,0.01%,0.01%
AL AIN PINEAPPLE YOGHURT 125GM,CS Dairy ,FOOD,4,7,0,0.00%,7,0.04%,0.01%
AMLacto Free Milk 1L,CS Dairy ,FOOD,1,7,0,0.00%,7,0.01%,0.01%
LARGE GLASS FRESH MILK,Coffee,FOOD,1,7,0,0.00%,7,0.01%,0.01%
MENTOS 38GM CHEWY FRUIT,CS Mint & Gum,FOOD,4,7,0,0.00%,7,0.04%,0.01%
PEPSODENT TP GERMICHECK+BRUSH 15,CS Oral Care,NON FOOD,1,7,0,0.00%,7,0.01%,0.01%
VOCHELLE MILK CRANBERRY CROWN SE,CS Chocolate ,FOOD,1,7,0,0.00%,7,0.01%,0.01%
WalkersChocolate Chips40g,Biscuits,FOOD,2,7,0,0.00%,7,0.02%,0.01%
ALMARAI BURGER SLICE CHEESE 200G,CS Dairy ,FOOD,1,6.75,0,0.00%,6.75,0.01%,0.01%
BASKIN ROBBINS CUP COOKIES 120ML,CS Ice Cream,FOOD,1,6.5,0,0.00%,6.5,0.01%,0.01%
BASKIN ROBBINS CUP PARALINES 120,CS Ice Cream,FOOD,1,6.5,0,0.00%,6.5,0.01%,0.01%
CLOROX PINT FOR COLORS 470ML,CS Cleaning Supplies,NON FOOD,1,6.5,0,0.00%,6.5,0.01%,0.01%
FUN24OZMLTI,CS Disposable,NON FOOD,1,6.5,0,0.00%,6.5,0.01%,0.01%
GALAXY HAZELNUT 40GM,CS Chocolate ,FOOD,2,6.5,0,0.00%,6.5,0.02%,0.01%
LAYS SALT VINEGAR 185GM,CS Chips & Snacks,FOOD,1,6.25,0,0.00%,6.25,0.01%,0.01%
LAYS TOMATO KETCHUP 185GM,CS Chips & Snacks,FOOD,1,6.25,0,0.00%,6.25,0.01%,0.01%
LUX SUNLIGHT LEMON 400ML,CS Dishwashing,NON FOOD,1,6.25,0,0.00%,6.25,0.01%,0.01%
Add Mini PastryCombo,Dessert,FOOD,8,6,0,0.00%,6,0.08%,0.01%
AL AIN FRESH CARROT JUICE 330ML,CS Fresh Juice,BEVERAGE,1,6,0,0.00%,6,0.01%,0.01%
CADBURY DM CHOCOLATE 37GM,CS Chocolate ,FOOD,2,6,0,0.00%,6,0.02%,0.01%
DOUGHNUT ICING WHITE,CS Bakery,FOOD,4,6,0,0.00%,6,0.04%,0.01%
EXTRA PELLET LIME,Biscuit & Cookies,FOOD,3,6,0,0.00%,6,0.03%,0.01%
Grilled Chicken,Pizza,FOOD,1,6,0,0.00%,6,0.01%,0.01%
OAT & RAISIN COOKIE,Dessert,FOOD,1,6,0,0.00%,6,0.01%,0.01%
Peppers,Pizza,FOOD,1,6,0,0.00%,6,0.01%,0.01%
Perrier Water,Water,BEVERAGE,1,6,0,0.00%,6,0.01%,0.01%
SPRITE PET 500ML,CS Soft Drinks,BEVERAGE,3,6,0,0.00%,6,0.03%,0.01%
SMINT POCKET WILDBERRY,CS Mint & Gum,FOOD,1,5.75,0,0.00%,5.75,0.01%,0.01%
GROWERS PACKET ORIENTAL PEANUTS,CS Nuts & Seeds,FOOD,1,5.5,0,0.00%,5.5,0.01%,0.01%
KIWI TIN BLACK,CS Others,NON FOOD,1,5.5,0,0.00%,5.5,0.01%,0.01%
VOCHELLE DARK CHOC PLAIN 90G,CS Chocolate ,FOOD,1,5.5,0,0.00%,5.5,0.01%,0.01%
AL AIN KIWI APPLE YOGHURT 125GM,CS Dairy ,FOOD,3,5.25,0,0.00%,5.25,0.03%,0.01%
SCHOGETTEN DARK CHOCOLATE 100GM,CS Chocolate ,FOOD,1,5.25,0,0.00%,5.25,0.01%,0.01%
SCHOGETTEN KIDS 100GM,CS Chocolate ,FOOD,1,5.25,0,0.00%,5.25,0.01%,0.01%
SCHOGETTEN TIRAMISU 100GM,CS Chocolate ,FOOD,1,5.25,0,0.00%,5.25,0.01%,0.01%
AL RABIE MANGO 330ML,CS Packet Juice,BEVERAGE,2,5,0,0.00%,5,0.02%,0.01%
ARIEL 260GM GREEN,CS Laundry Care,NON FOOD,1,5,0,0.00%,5,0.01%,0.01%
BEST 40GM MIXED NUTS,CS Nuts & Seeds,FOOD,2,5,0,0.00%,5,0.02%,0.01%
CARTE DOR KAYMAK 1 SCOOP,Ice cream,FOOD,1,5,0,0.00%,5,0.01%,0.01%
Castania Peanut 60g,CS Nuts & Seeds,FOOD,1,5,0,0.00%,5,0.01%,0.01%
CHILLI GREEN PACKET,CS Fresh Vegatables,FOOD,1,5,0,0.00%,5,0.01%,0.01%
COKE LIGHT LARGE 2.25L,CS Soft Drinks,BEVERAGE,1,5,0,0.00%,5,0.01%,0.01%
EBI NIGIRI,Sushi,FOOD,1,5,0,0.00%,5,0.01%,0.01%
FUN12OZMLTI,CS Disposable,NON FOOD,1,5,0,0.00%,5,0.01%,0.01%
Mars,Chocolate,FOOD,1,5,0,0.00%,5,0.01%,0.01%
MentoGmWatrMelon,CS Mint & Gum,FOOD,1,5,0,0.00%,5,0.01%,0.01%
PEPSI LARGE 2.25L,CS Soft Drinks,BEVERAGE,1,5,0,0.00%,5,0.01%,0.01%
RADISH PACKET,CS Fresh Vegatables,FOOD,1,5,0,0.00%,5,0.01%,0.01%
VOLVIC WATER 500ML,Water,BEVERAGE,1,5,0,0.00%,5,0.01%,0.01%
GATORADE GRAPE PET 500ML,CS Sports & Energy Drinks,BEVERAGE,1,4.75,0,0.00%,4.75,0.01%,0.01%
GATORADE PINK LEMONDAE PET 500ML,CS Sports & Energy Drinks,BEVERAGE,1,4.75,0,0.00%,4.75,0.01%,0.01%
SCRUMMIES BLACKCURRANT CRANBERRI,CS Dry Fruits,FOOD,1,4.75,0,0.00%,4.75,0.01%,0.01%
SCRUMMIES BLUEBERRY CRANBERRIES ,CS Dry Fruits,FOOD,1,4.75,0,0.00%,4.75,0.01%,0.01%
SCRUMMIES STRAWBERRY CRANBERRIES,CS Dry Fruits,FOOD,1,4.75,0,0.00%,4.75,0.01%,0.01%
COKE CAN 300ML,CS Soft Drinks,BEVERAGE,3,4.5,0,0.00%,4.5,0.03%,0.01%
MANI 20G PEANUTS SPICY PAPRIKA,CS Dry Fruits,FOOD,3,4.5,0,0.00%,4.5,0.03%,0.01%
POKKA LEMON ICED TEA 330ML,CS Soft Drinks,BEVERAGE,2,4.5,0,0.00%,4.5,0.02%,0.01%
SCHWEPPES GINGER ALE 300M,CS Soft Drinks,BEVERAGE,3,4.5,0,0.00%,4.5,0.03%,0.01%
SLICED BREAD BROWN JUMBO,CS Bakery,FOOD,1,4.5,0,0.00%,4.5,0.01%,0.01%
ALPEN BAR STRAWBERRY YOGURT 29GM,CS Cereal,FOOD,1,4.25,0,0.00%,4.25,0.01%,0.00%
BAYARA URID DAL 400GM,CS Coocking & Baking,FOOD,1,4.25,0,0.00%,4.25,0.01%,0.00%
BROOKBOND TEA BAG 25 PCS,CS Tea,FOOD,1,4.25,0,0.00%,4.25,0.01%,0.00%
BROWN BAG CHIPS 40GM LIGHTLY SAL,CS Chips & Snacks,FOOD,1,4.25,0,0.00%,4.25,0.01%,0.00%
BROWN BAG CHIPS 40GM SEA SALT VI,CS Chips & Snacks,FOOD,1,4.25,0,0.00%,4.25,0.01%,0.00%
ADD CARAMEL DRIZZLE,Starbucks,FOOD,1,4,0,0.00%,4,0.01%,0.00%
ADD WHIPPED CREAM,Starbucks,FOOD,1,4,0,0.00%,4,0.01%,0.00%
AL AAL AIN FRESH LEMON MINT JUIC,CS Fresh Juice,BEVERAGE,1,4,0,0.00%,4,0.01%,0.00%
BAYARA BAY LEAVES BOTTLE 100ML,CS Spices & Herbs,FOOD,1,4,0,0.00%,4,0.01%,0.00%
BAYARA EXTRA NUTS 50GM,CS Nuts & Seeds,FOOD,1,4,0,0.00%,4,0.01%,0.00%
BAYARA PARSLEY BOTTLE 100ML,CS Spices & Herbs,FOOD,1,4,0,0.00%,4,0.01%,0.00%
BEACON MARSHMALLOWS TWISTERS 150,CS Coffee,FOOD,1,4,0,0.00%,4,0.01%,0.00%
D Sprite,Softdrinks,BEVERAGE,1,4,0,0.00%,4,0.01%,0.00%
EXTRA FRUIT FLVR 14PCS,CS Mint & Gum,FOOD,1,4,0,0.00%,4,0.01%,0.00%
FAMILIA 50GM MUESLI ORIGINAL,CS Cereal,FOOD,1,4,0,0.00%,4,0.01%,0.00%
Fanta,Softdrinks,BEVERAGE,1,4,0,0.00%,4,0.01%,0.00%
LACNOR GUVAVA 180ML,Fresh Juices,BEVERAGE,1,4,0,0.00%,4,0.01%,0.00%
SMINT CANDY GUM STRAWBERRY 14.2G,CS Mint & Gum,FOOD,1,4,0,0.00%,4,0.01%,0.00%
SUBSTITUTE SOYA ALMOND,Soya Milk,FOOD,1,4,0,0.00%,4,0.01%,0.00%
BAYARA SALTED PISTACHIOS 50GM,CS Dry Fruits,FOOD,1,3.75,0,0.00%,3.75,0.01%,0.00%
MENTOS CHEWY MINT 30GM,CS Mint & Gum,FOOD,3,3.75,0,0.00%,3.75,0.03%,0.00%
BREAD ROLL ENGLISH BROWN,CS Bakery,FOOD,1,3.5,0,0.00%,3.5,0.01%,0.00%
CROISSANT HI BUTTER PLAIN,CS Bakery,FOOD,1,3.5,0,0.00%,3.5,0.01%,0.00%
KOKA CUP CHICKEN,CS Pasta & Noodles,FOOD,1,3.5,0,0.00%,3.5,0.01%,0.00%
KOKA CUP CHICKEN CORN,CS Pasta & Noodles,FOOD,1,3.5,0,0.00%,3.5,0.01%,0.00%
KOKA CUP CURRY,CS Pasta & Noodles,FOOD,1,3.5,0,0.00%,3.5,0.01%,0.00%
KOKA CUP NODLE VEG,CS Pasta & Noodles,FOOD,1,3.5,0,0.00%,3.5,0.01%,0.00%
LUX BAR MAGICAL BEAUTY 120GM,CS Oral Care,NON FOOD,1,3.5,0,0.00%,3.5,0.01%,0.00%
MENTOS 38GM CHEWY COLA,CS Mint & Gum,FOOD,2,3.5,0,0.00%,3.5,0.02%,0.00%
MUFFIN DOUBLE CHOCOLATE,CS Bakery,FOOD,1,3.5,0,0.00%,3.5,0.01%,0.00%
DAILY FRESH HOMMOS TAHINEH 400GM,CS Can & Jar Food,FOOD,1,3.25,0,0.00%,3.25,0.01%,0.00%
EXTRA PROFESSIONAL FRESH MINT GU,CS Mint & Gum,FOOD,1,3.25,0,0.00%,3.25,0.01%,0.00%
EXTRA PROFESSIONAL WHITE GUM,CS Mint & Gum,FOOD,1,3.25,0,0.00%,3.25,0.01%,0.00%
VOLVIC WATER 330ML,CS Water,BEVERAGE,1,3.25,0,0.00%,3.25,0.01%,0.00%
7 UP CAN 355 ML,CS Soft Drinks,BEVERAGE,2,3,0,0.00%,3,0.02%,0.00%
AL MARAI FRESH MILK LOW FAT 500M,CS Dairy ,FOOD,1,3,0,0.00%,3,0.01%,0.00%
AL MARAI KIWI LIME JUICE 300ML ,CS Packet Juice,BEVERAGE,1,3,0,0.00%,3,0.01%,0.00%
Best SaltedCashew30g,Peannuts,FOOD,1,3,0,0.00%,3,0.01%,0.00%
CADBURY DM HAZELNUT 37GM,CS Chocolate ,FOOD,1,3,0,0.00%,3,0.01%,0.00%
FANTA STRAWBERRY 355M,CS Soft Drinks,BEVERAGE,2,3,0,0.00%,3,0.02%,0.00%
LACNOR PEACH 180ML,CS Packet Juice,BEVERAGE,2,3,0,0.00%,3,0.02%,0.00%
NATURE VALLEY CANADIAN MAPLE SYR,CS Cereal,FOOD,1,3,0,0.00%,3,0.01%,0.00%
NATURE VALLEY OATS & HONEY,CS Cereal,FOOD,1,3,0,0.00%,3,0.01%,0.00%
Roasted Almond ,Cereal Bar,FOOD,1,3,0,0.00%,3,0.01%,0.00%
ALGIDA I/C CLASSICS VANILLA,CS Chocolate ,FOOD,1,2.5,0,0.00%,2.5,0.01%,0.00%
CADBURY DM FRUIT & NUT 37GM,CS Chocolate ,FOOD,1,2.5,0,0.00%,2.5,0.01%,0.00%
MENTOS ICE SPEARMINT 10G,CS Mint & Gum,FOOD,2,2.5,0,0.00%,2.5,0.02%,0.00%
SAFA BAKING PWDR100G,CS Coocking & Baking,FOOD,1,2.5,0,0.00%,2.5,0.01%,0.00%
NESCAFE CAPPUCINO SACHET 1PCS,CS Coffee,FOOD,1,2.25,0,0.00%,2.25,0.01%,0.00%
7 UP PET 500ML,Softdrinks,BEVERAGE,1,2,0,0.00%,2,0.01%,0.00%
ADD SOYA MILK,Starbucks,FOOD,1,2,0,0.00%,2,0.01%,0.00%
EXTRA PELLET WATERMELON GUM ,CS Mint & Gum,FOOD,1,2,0,0.00%,2,0.01%,0.00%
NUTRO GLUCOSE MILK HONEY BISCUIT,Biscuit & Cookies,FOOD,2,2,0,0.00%,2,0.02%,0.00%
PEPSI DIET PET 500M,CS Soft Drinks,BEVERAGE,1,2,0,0.00%,2,0.01%,0.00%
THOUSAND ISALND SAUCE,Extras,FOOD,1,2,0,0.00%,2,0.01%,0.00%
FRUIT TELLA ORANGE 36G,CS Mint & Gum,FOOD,1,1.75,0,0.00%,1.75,0.01%,0.00%
FRUIT TELLA STRAWBERRY 39G,CS Mint & Gum,FOOD,1,1.75,0,0.00%,1.75,0.01%,0.00%
SUPER GLUE 3G,CS Others,NON FOOD,1,1.75,0,0.00%,1.75,0.01%,0.00%
TIDE 110GM ORIGINAL SCENT,CS Laundry Care,NON FOOD,1,1.75,0,0.00%,1.75,0.01%,0.00%
AL MARAI YOGHURT FULL CREAM 170G,CS Dairy ,FOOD,1,1.5,0,0.00%,1.5,0.01%,0.00%
BEST 30GM SALTED PEANUTS,CS Nuts & Seeds,FOOD,1,1.5,0,0.00%,1.5,0.01%,0.00%
MOUNTAIN DEW CAN 335ML ,CS Soft Drinks,BEVERAGE,1,1.5,0,0.00%,1.5,0.01%,0.00%
SPRITE CAN 330ML ,CS Soft Drinks,BEVERAGE,1,1.5,0,0.00%,1.5,0.01%,0.00%
CAPRISUN MANGO,CS Packet Juice,BEVERAGE,1,1,0,0.00%,1,0.01%,0.00%
CAPRISUN STRAWBERY ,CS Packet Juice,BEVERAGE,1,1,0,0.00%,1,0.01%,0.00%
WRIGLEYS JUICY FRUIT STICK BANAN,CS Mint & Gum,FOOD,1,1,0,0.00%,1,0.01%,0.00%
SAFETY MATCH STICK BOX 2PCS,CS Others,NON FOOD,1,0.5,0,0.00%,0.5,0.01%,0.00%
Al Ain 1.5 L,Water,BEVERAGE,15,0,0,0.00%,0,0.14%,0.00%
Coffee Filter,Tea,BEVERAGE,17,0,0,0.00%,0,0.16%,0.00%
Diet Coke,Softdrinks,BEVERAGE,1,0,0,0.00%,0,0.01%,0.00%
Orange,Fresh Juices,BEVERAGE,14,0,0,0.00%,0,0.13%,0.00%
Orange & Carrot,Fresh Juices,BEVERAGE,15,0,0,0.00%,0,0.14%,0.00%
Tea Regular,Tea,BEVERAGE,11,0,0,0.00%,0,0.11%,0.00%
TOTAL*,,,"8,556","85,688.50",0,0.00%,"85,688.50",82.05%,100.00%
,,,,,,,,,
