Menu Engineering Items Summary,,,,,,,,,
,,,,,,,,,
Business Dates,2/7/2016,,,,,,,,
Locations,"DEMO,UAE",,,,,,,,
Revenue Centers,All,,,,,,,,
Menu Items,All,,,,,,,,
,,,,,,,,,
Menu Item Name,Family Group,Major Group,Qty Sold,Net Sales,Prep Cost,Cost %,Margin Less Item Disc,% Qty,% Margin
Stud Meal Combo,Main course,FOOD,206,"6,120.00",0,0.00%,"6,120.00",2.18%,8.02%
GLOBAL STREET MAIN,Main course,FOOD,110,"2,860.00",0,0.00%,"2,860.00",1.16%,3.75%
Student Breakfast,Breakfast,FOOD,91,"2,730.00",0,0.00%,"2,730.00",0.96%,3.58%
Buffet Meal,Main course,FOOD,105,"2,068.00",0,0.00%,"2,068.00",1.11%,2.71%
Buffet Lunch,Main course,FOOD,20,"1,800.00",0,0.00%,"1,800.00",0.21%,2.36%
MARINATED SALMON STEAK,Grill,FOOD,57,"1,710.00",0,0.00%,"1,710.00",0.60%,2.24%
BUTTER FLY CHICKEN BREAST ,Grill,FOOD,57,"1,368.00",0,0.00%,"1,368.00",0.60%,1.79%
SERCO LUNCH,SERCO LUNCH,FOOD,88,"1,320.00",0,0.00%,"1,320.00",0.93%,1.73%
Tenderloin Steak,Burgers,FOOD,36,"1,080.00",0,0.00%,"1,080.00",0.38%,1.42%
Classic Angus Burger,Burgers,FOOD,34,"1,020.00",0,0.00%,"1,020.00",0.36%,1.34%
MEAT PLATTER,Main course,FOOD,30,900,0,0.00%,900,0.32%,1.18%
Slice of the Day,Pizza,FOOD,171,855,0,0.00%,855,1.81%,1.12%
SERCO DINNER,SERCO DINNER,FOOD,52,780,0,0.00%,780,0.55%,1.02%
Chicken Caesar,Salads,FOOD,30,750,0,0.00%,750,0.32%,0.98%
Massaman Chicken,Main course,FOOD,28,672,0,0.00%,672,0.30%,0.88%
Take Away Box,Take Away Boxes,NON FOOD,216,648,0,0.00%,648,2.28%,0.85%
BBQ Glazed Chicken,Sandwiches,FOOD,30,630,0,0.00%,630,0.32%,0.83%
Two Eggs ,Breakfast,FOOD,127,630,0,0.00%,630,1.34%,0.83%
Margherita(V),Pizza,FOOD,25,625,0,0.00%,625,0.26%,0.82%
FG MEDIUM BOWL,FEEL GOOD,FOOD,34,612,0,0.00%,612,0.36%,0.80%
GALLON WATER COUPON,CS Water,BEVERAGE,83,581,0,0.00%,581,0.88%,0.76%
12 OZ CAFFE LATTE,Starbucks,FOOD,46,552,0,0.00%,552,0.49%,0.72%
STIR FRY CHICKEN,Main course,FOOD,19,551,0,0.00%,551,0.20%,0.72%
CHICKEN CEASAR SALAD,Salads,FOOD,17,544,0,0.00%,544,0.18%,0.71%
SMOKED TURKEY S/W,Sandwiches,FOOD,15,510,0,0.00%,510,0.16%,0.67%
Super Food Salad (V),Salads,FOOD,21,504,0,0.00%,504,0.22%,0.66%
12 OZ CAFFE AMERICANO,Starbucks,FOOD,49,490,0,0.00%,490,0.52%,0.64%
Falafel Tomato & Hummus(V),Sandwiches,FOOD,27,486,0,0.00%,486,0.29%,0.64%
FG LARGE BOWL,FEEL GOOD,FOOD,18,468,0,0.00%,468,0.19%,0.61%
16 OZ CAFFE AMERICANO,Starbucks,FOOD,38,456,0,0.00%,456,0.40%,0.60%
Five a Day,Fresh Juices,BEVERAGE,19,456,0,0.00%,456,0.20%,0.60%
CHICKEN ROCQUET CHEESE S/W,Sandwiches,FOOD,15,450,0,0.00%,450,0.16%,0.59%
12 OZ CAPPUCHINO,Starbucks,FOOD,38,432,0,0.00%,432,0.40%,0.57%
SWEET CHILLI SALMON SALAD,Sandwiches,FOOD,11,418,0,0.00%,418,0.12%,0.55%
Chicken Tikka,Sandwiches,FOOD,17,408,0,0.00%,408,0.18%,0.53%
Masafi Water500ml,Water,BEVERAGE,407,403,0,0.00%,403,4.30%,0.53%
Side Salad,Salads,FOOD,100,400,0,0.00%,400,1.06%,0.52%
16 OZ CAFFE LATTE,Starbucks,FOOD,28,392,0,0.00%,392,0.30%,0.51%
SIMPLE SHAWARMA,Main course,FOOD,49,392,0,0.00%,392,0.52%,0.51%
Smoked Salmon,Sandwiches,FOOD,15,375,0,0.00%,375,0.16%,0.49%
BLACK ANGUS CLUB 6 OZ,Burgers,FOOD,11,352,0,0.00%,352,0.12%,0.46%
CEASAR CHICKEN WRAP,Wraps,FOOD,10,340,0,0.00%,340,0.11%,0.45%
7 OZ DOUBLE SHOT ICED SHAKEN,Starbucks,FOOD,24,336,0,0.00%,336,0.25%,0.44%
Grilled Chicken Burger,Burgers,FOOD,14,336,0,0.00%,336,0.15%,0.44%
Banana Pcs,CS Fresh Fruit,FOOD,165,330,0,0.00%,330,1.74%,0.43%
Fresh Fruit Pcs,Extras,FOOD,110,327,0,0.00%,327,1.16%,0.43%
Yasai Itame,Main course,FOOD,11,286,0,0.00%,286,0.12%,0.37%
Beef sausage,Breakfast,FOOD,57,280,0,0.00%,280,0.60%,0.37%
Yoghurt,Yogurt,FOOD,65,260,0,0.00%,260,0.69%,0.34%
FRIED CHICKEN WRAP,Burgers,FOOD,8,256,0,0.00%,256,0.08%,0.34%
LACNOR COCKTAIL 180ML,Fresh Juices,BEVERAGE,64,256,0,0.00%,256,0.68%,0.34%
16 OZ CAPPUCHINO,Starbucks,FOOD,18,252,0,0.00%,252,0.19%,0.33%
FRESH GREEN SALAD,Salads,FOOD,14,252,0,0.00%,252,0.15%,0.33%
Buffet Fruit Salad,Salads,FOOD,52,250,0,0.00%,250,0.55%,0.33%
Salmon Salad,Salads,FOOD,10,250,0,0.00%,250,0.11%,0.33%
FRESH JUICE LARGE,Fresh Juices,FOOD,35,245,0,0.00%,245,0.37%,0.32%
GRILLED CHICKEN & BACON S/W,Sandwiches,FOOD,7,245,0,0.00%,245,0.07%,0.32%
SERCO BREAKFAST,SERCO BREAKFAST,FOOD,16,240,0,0.00%,240,0.17%,0.31%
Filter Tea,Tea,FOOD,46,230,0,0.00%,230,0.49%,0.30%
Hash Browns,Breakfast,FOOD,57,228,0,0.00%,228,0.60%,0.30%
FYO SHAWARMA,Main course,FOOD,15,225,0,0.00%,225,0.16%,0.29%
FRESH JUICE SMALL,Breakfast,FOOD,57,224,0,0.00%,224,0.60%,0.29%
CROISSANT MEDIUM,PASTRIES,FOOD,31,217,0,0.00%,217,0.33%,0.28%
Go Large,Pizza,FOOD,27,216,0,0.00%,216,0.29%,0.28%
CHICKEN STACK,Burgers,FOOD,7,210,0,0.00%,210,0.07%,0.28%
Pesto Roasted Chicken,Sandwiches,FOOD,9,207,0,0.00%,207,0.10%,0.27%
Cereal Portion,Breakfast,FOOD,29,203,0,0.00%,203,0.31%,0.27%
JACK LINKS STEAK BAR BBQ 25GM,CS Chips & Snacks,FOOD,30,202.5,0,0.00%,202.5,0.32%,0.27%
Manakeesh,Breakfast,FOOD,50,200,0,0.00%,200,0.53%,0.26%
12OZ WHITE CHOCOLATE MOCHA,Starbucks,FOOD,13,195,0,0.00%,195,0.14%,0.26%
Buffalo Chicken,Grill,FOOD,12,192,0,0.00%,192,0.13%,0.25%
4 OZ BURGER COMBO,Burgers,FOOD,5,190,0,0.00%,190,0.05%,0.25%
16 OZ ICED CARAMEL MACCHIATO,Starbucks,FOOD,10,180,0,0.00%,180,0.11%,0.24%
BUTTERNUT & GOAT CHEESE SALAD ,Sandwiches,FOOD,5,180,0,0.00%,180,0.05%,0.24%
Homemade Beef Burger,Burgers,FOOD,9,180,0,0.00%,180,0.10%,0.24%
Tandoori Chicken,Pizza,FOOD,5,180,0,0.00%,180,0.05%,0.24%
LACNOR ORANGE 180ML,Fresh Juices,BEVERAGE,48,178.25,0,0.00%,178.25,0.51%,0.23%
12 OZ VANILLA LATTE,Starbucks,FOOD,10,170,0,0.00%,170,0.11%,0.22%
16 OZ WHITE CHOCOLATE MOCHA,Starbucks,FOOD,10,170,0,0.00%,170,0.11%,0.22%
JACK LINKS STEAK BAR PEPPERED 25,CS Chips & Snacks,FOOD,25,168.75,0,0.00%,168.75,0.26%,0.22%
AMERICAN 4 OZ,Burgers,FOOD,6,168,0,0.00%,168,0.06%,0.22%
Double Trouble,Milk Shake,BEVERAGE,7,168,0,0.00%,168,0.07%,0.22%
Extra Portion Grill,Main course,FOOD,14,168,0,0.00%,168,0.15%,0.22%
JAYS POM PUNCH,Smoothies,BEVERAGE,6,168,0,0.00%,168,0.06%,0.22%
LACNOR MILK CHOCOLATE,Flavoured Milk,BEVERAGE,42,168,0,0.00%,168,0.44%,0.22%
AL AIN FRESH MILK LOW FAT 2L,CS Dairy ,FOOD,16,160,0,0.00%,160,0.17%,0.21%
Tamago Nigiri,Sushi,FOOD,32,160,0,0.00%,160,0.34%,0.21%
Yogurt Muesli Honey,Yoghurt Pots,FOOD,10,160,0,0.00%,160,0.11%,0.21%
JACK LINKS 50GM BBQ BEEF JERKY,CS Chips & Snacks,FOOD,12,159,0,0.00%,159,0.13%,0.21%
AL AIN WATER 1.5L,CS Water,BEVERAGE,104,156,0,0.00%,156,1.10%,0.20%
FALAFEL BURGER,Burgers,FOOD,7,154,0,0.00%,154,0.07%,0.20%
Angus Beef Burger,Burgers,FOOD,4,152,0,0.00%,152,0.04%,0.20%
JACK LINKS SWEET HOT BEEF JERKY ,CS Chips & Snacks,FOOD,20,150,0,0.00%,150,0.21%,0.20%
SELPAK TOILET PAPER 4 ROLLS,CS Tissue & Toilet Rolls,NON FOOD,12,150,0,0.00%,150,0.13%,0.20%
STIR FRY GREENS,Main course,FOOD,6,150,0,0.00%,150,0.06%,0.20%
CROISSANT MINI,Dessert,FOOD,51,147,0,0.00%,147,0.54%,0.19%
Fruit Salad,Yoghurt Pots,FOOD,12,144,0,0.00%,144,0.13%,0.19%
MOROCCAN LAMB BURGER,Burgers,FOOD,4,144,0,0.00%,144,0.04%,0.19%
ROASTED BUTTERNUT,Salads,FOOD,4,144,0,0.00%,144,0.04%,0.19%
The Big Apple,Milk Shake,BEVERAGE,6,144,0,0.00%,144,0.06%,0.19%
Yogurt Blueberry,Yoghurt Pots,FOOD,8,144,0,0.00%,144,0.08%,0.19%
Filter Coffee,Tea,FOOD,29,140,0,0.00%,140,0.31%,0.18%
Guest Meal Combo,Main course,FOOD,6,140,0,0.00%,140,0.06%,0.18%
Isabella(V),Pizza,FOOD,4,140,0,0.00%,140,0.04%,0.18%
Orange Pcs,CS Fresh Fruit,FOOD,70,140,0,0.00%,140,0.74%,0.18%
BRIE & TOMATO S/W,Sandwiches,FOOD,4,136,0,0.00%,136,0.04%,0.18%
California Rolls(6Pcs),Sushi,FOOD,6,132,0,0.00%,132,0.06%,0.17%
DOUBLE ESSPRESSO,Starbucks,FOOD,11,132,0,0.00%,132,0.12%,0.17%
Smoked Turkey Ham Pasta,Salads,FOOD,6,132,0,0.00%,132,0.06%,0.17%
BAYARA 1KG CASHEW NUT,CS Nuts & Seeds,FOOD,2,129.5,0,0.00%,129.5,0.02%,0.17%
16 OZ HOT CHOCOLATE,Starbucks,FOOD,7,129,0,0.00%,129,0.07%,0.17%
Hawaiian,Pizza,FOOD,4,128,0,0.00%,128,0.04%,0.17%
AL AIN WATER 500ml,CS Water,BEVERAGE,127,127,0,0.00%,127,1.34%,0.17%
Salmon Chirashi,Sushi,FOOD,6,126,0,0.00%,126,0.06%,0.17%
CHICKEN MEAL ,Main course,FOOD,5,125,0,0.00%,125,0.05%,0.16%
SELPAK FACIAL TISSUE 100 SHEET,CS Tissue & Toilet Rolls,NON FOOD,20,125,0,0.00%,125,0.21%,0.16%
12 OZ CARAMEL MACCHIATO,Starbucks,FOOD,8,120,0,0.00%,120,0.08%,0.16%
Chicken Steak,Grill,FOOD,5,120,0,0.00%,120,0.05%,0.16%
FG Juice Bottled,FEEL GOOD,FOOD,15,120,0,0.00%,120,0.16%,0.16%
NIVEA WIPES GENTLE CLEANSING 25P,CS Tissue & Toilet Rolls,NON FOOD,4,120,0,0.00%,120,0.04%,0.16%
12 OZ HOT CHOCOLATE,Starbucks,FOOD,7,119,0,0.00%,119,0.07%,0.16%
PAPER BAG,BAGS,NON FOOD,119,119,0,0.00%,119,1.26%,0.16%
CLASSIC FRIES,Main course,FOOD,23,115,0,0.00%,115,0.24%,0.15%
16 OZ VANILLA LATTE,Starbucks,FOOD,6,114,0,0.00%,114,0.06%,0.15%
12 OZ SOYA CAFFE LATTE,Coffee,FOOD,7,112,0,0.00%,112,0.07%,0.15%
16 OZ ICED WHITE CHOCOLATE MOCHA,Starbucks,FOOD,6,111,0,0.00%,111,0.06%,0.15%
Chicken Sweetcorn,Pre Packed Sandwiches,FOOD,11,110,0,0.00%,110,0.12%,0.14%
Dessert,Dessert,FOOD,28,108,0,0.00%,108,0.30%,0.14%
JOCCA KRAFT COTTAGE CHEESE 200GM,CS Dairy ,FOOD,9,108,0,0.00%,108,0.10%,0.14%
POKKA LEMON ICED TEA CAN,Packet Juice,BEVERAGE,27,108,0,0.00%,108,0.29%,0.14%
16 OZ ICED CAFFE LATTE,Starbucks,FOOD,7,106,0,0.00%,106,0.07%,0.14%
MAGNUM I/C ALMOND,CS Ice Cream,FOOD,14,105,0,0.00%,105,0.15%,0.14%
MAGNUM I/C CLASSIC,CS Ice Cream,FOOD,14,105,0,0.00%,105,0.15%,0.14%
Rocco,Pizza,FOOD,3,105,0,0.00%,105,0.03%,0.14%
16 OZ ICED CAFE AMERICANO,Starbucks,FOOD,8,104,0,0.00%,104,0.08%,0.14%
FETA & ROAST VEG PANINI,Sandwiches,FOOD,4,104,0,0.00%,104,0.04%,0.14%
TUNA NICOISE SALAD,Salads,FOOD,4,104,0,0.00%,104,0.04%,0.14%
Soup,Extras,FOOD,18,102,0,0.00%,102,0.19%,0.13%
Bagel S. Salmon,Sandwiches,FOOD,4,100,0,0.00%,100,0.04%,0.13%
Three Cheese Spring Onion,Pre Packed Sandwiches,FOOD,10,100,0,0.00%,100,0.11%,0.13%
Yogurt Mango,Yoghurt Pots,FOOD,10,100,0,0.00%,100,0.11%,0.13%
RACHELS GREEK YOGHURT NATURAL 45,CS Dairy ,FOOD,4,98,0,0.00%,98,0.04%,0.13%
B.BAG OAK SMOK150g,CS Chips & Snacks,FOOD,8,96,0,0.00%,96,0.08%,0.13%
FG SMALL BOWL,FEEL GOOD,FOOD,8,96,0,0.00%,96,0.08%,0.13%
PEACH & BASIL SMOOTHIE,Smoothies,BEVERAGE,4,96,0,0.00%,96,0.04%,0.13%
Yoghurt,Yogurt,FOOD,8,96,0,0.00%,96,0.08%,0.13%
Digest dark200,Biscuit & Cookies,FOOD,7,94.5,0,0.00%,94.5,0.07%,0.12%
ALPRO SOYA ORIGINAL1L,CS Dairy ,BEVERAGE,6,93,0,0.00%,93,0.06%,0.12%
PRO BAR MEAL WHOLEBERRY BLAST 85,CS Cereal,FOOD,4,91,0,0.00%,91,0.04%,0.12%
Chicken Chirashi,Sushi,FOOD,5,90,0,0.00%,90,0.05%,0.12%
MAGNUM I/C DOUBLE CHOCOLATE,CS Ice Cream,FOOD,10,90,0,0.00%,90,0.11%,0.12%
Pesto,Pizza,FOOD,3,90,0,0.00%,90,0.03%,0.12%
PPPPLEASE ME,Fresh Juices,BEVERAGE,4,88,0,0.00%,88,0.04%,0.12%
BAYARA 1KG WALNUT PEELED,CS Dry Fruits,FOOD,1,86,0,0.00%,86,0.01%,0.11%
Chocolate Bar,Extras,FOOD,17,85,0,0.00%,85,0.18%,0.11%
AL AIN FRESH MILK 1L FULL CREAM,CS Dairy ,FOOD,13,84.5,0,0.00%,84.5,0.14%,0.11%
Apple Red,CS Fresh Fruit,FOOD,42,84,0,0.00%,84,0.44%,0.11%
BLUEBERRY MUFFINS,Dessert,FOOD,7,84,0,0.00%,84,0.07%,0.11%
FALAFEL COMBO,Burgers,FOOD,3,84,0,0.00%,84,0.03%,0.11%
ROASTED TOMATO,Wraps,FOOD,3,84,0,0.00%,84,0.03%,0.11%
Sea Feast,Pizza,FOOD,2,84,0,0.00%,84,0.02%,0.11%
Small Salad,Salads,FOOD,7,84,0,0.00%,84,0.07%,0.11%
JACK LINKS PEPPERED BEEF JERKY 2,CS Chips & Snacks,FOOD,11,82.5,0,0.00%,82.5,0.12%,0.11%
JACK LINKS TERIYAKI BEEF JERKY 2,CS Chips & Snacks,FOOD,11,82.5,0,0.00%,82.5,0.12%,0.11%
ALPRO ALMOND MILK 1L,CS Dairy ,FOOD,4,82,0,0.00%,82,0.04%,0.11%
AL AIN FRESH MILK FULL FAT 2L,CS Dairy ,FOOD,8,80,0,0.00%,80,0.08%,0.10%
Chicken Tandoori,Pre Packed Sandwiches,FOOD,8,80,0,0.00%,80,0.08%,0.10%
COCONUT WATER CAN,Packet Juice,BEVERAGE,20,80,0,0.00%,80,0.21%,0.10%
JDS BELGIAN COCOLATE THINS,Biscuit & Cookies,FOOD,5,80,0,0.00%,80,0.05%,0.10%
Tuna Sweetcorn,Pre Packed Sandwiches,FOOD,5,80,0,0.00%,80,0.05%,0.10%
BEST CAN CASHEWS SALTED 110GM,CS Nuts & Seeds,FOOD,5,78.75,0,0.00%,78.75,0.05%,0.10%
DR OETKER QUATTRO FORMAGI PIZZA,CS Frozen Food,FOOD,3,78.75,0,0.00%,78.75,0.03%,0.10%
KELLOGS BARS MILK CHOCO 04PCX1PK,CS Cereal,FOOD,5,78.75,0,0.00%,78.75,0.05%,0.10%
BERRY CO SUPERBERRY RED 1L,CS Packet Juice,BEVERAGE,6,78,0,0.00%,78,0.06%,0.10%
Pancakes,Breakfast,FOOD,27,78,0,0.00%,78,0.29%,0.10%
PERRIER WATER 330ML,Water,BEVERAGE,13,78,0,0.00%,78,0.14%,0.10%
COCA COLA CAN,Softdrinks,BEVERAGE,19,76,0,0.00%,76,0.20%,0.10%
French Toast,Breakfast,FOOD,19,76,0,0.00%,76,0.20%,0.10%
LACNOR MILK BANANA,Flavoured Milk,BEVERAGE,19,76,0,0.00%,76,0.20%,0.10%
Lemon,CS Fresh Vegatables,FOOD,38,76,0,0.00%,76,0.40%,0.10%
Mexican Melt,Pizza,FOOD,2,76,0,0.00%,76,0.02%,0.10%
12 OZ CAFFE MOCHA,Starbucks,FOOD,5,75,0,0.00%,75,0.05%,0.10%
TURKEY HAM,Wraps,FOOD,3,75,0,0.00%,75,0.03%,0.10%
Plum Red,CS Fresh Fruit,FOOD,37,74,0,0.00%,74,0.39%,0.10%
BRIE & BACON S/W,Sandwiches,FOOD,2,72,0,0.00%,72,0.02%,0.09%
CHUNKY MONKEY,Milk Shake,BEVERAGE,3,72,0,0.00%,72,0.03%,0.09%
Egg Cress Mayonnaise,Pre Packed Sandwiches,FOOD,9,72,0,0.00%,72,0.10%,0.09%
Glazed Veg,Sandwiches,FOOD,4,72,0,0.00%,72,0.04%,0.09%
HARIBO HAPPY CHERRIES PACKET 160,CS Mint & Gum,FOOD,8,72,0,0.00%,72,0.08%,0.09%
HARIBO MINIS HAPPY COLA PACKET 2,CS Mint & Gum,FOOD,6,72,0,0.00%,72,0.06%,0.09%
HARIBO TROPIFRUTTI PACKET 160GM,CS Mint & Gum,FOOD,8,72,0,0.00%,72,0.08%,0.09%
HIT THE ROOF,Milk Shake,BEVERAGE,3,72,0,0.00%,72,0.03%,0.09%
Large Salad,Salads,FOOD,4,72,0,0.00%,72,0.04%,0.09%
TEA BAG JASMINE GREEN,Tea,FOOD,9,72,0,0.00%,72,0.10%,0.09%
TRIPLE CHOCOLATE MUFFIN,Dessert,FOOD,6,72,0,0.00%,72,0.06%,0.09%
AL AIN FRESH MILK 1L LOW FAT,CS Dairy ,FOOD,11,71.5,0,0.00%,71.5,0.12%,0.09%
Toast,Breakfast,FOOD,71,71,0,0.00%,71,0.75%,0.09%
MATESERES 37GM,CS Chocolate ,FOOD,18,70.75,0,0.00%,70.75,0.19%,0.09%
Portion Protein,Main course,FOOD,7,70,0,0.00%,70,0.07%,0.09%
LINDT EXCELLENCE 85% CACOA 100GM,CS Chocolate ,FOOD,5,68.75,0,0.00%,68.75,0.05%,0.09%
LINDT EXCELLENCE 90% CACOA 100GM,CS Chocolate ,FOOD,5,68.75,0,0.00%,68.75,0.05%,0.09%
12 OZ SIGNATURE HOT CHOCOLATE,Starbucks,FOOD,4,68,0,0.00%,68,0.04%,0.09%
LACNOR MILK STRAWBERRY,Flavoured Milk,BEVERAGE,17,68,0,0.00%,68,0.18%,0.09%
California Rolls,Sushi,FOOD,3,66,0,0.00%,66,0.03%,0.09%
FARM FRESH EGGS WHITE 15PCS,CS Eggs,FOOD,6,66,0,0.00%,66,0.06%,0.09%
French Fries,Extras,FOOD,11,66,0,0.00%,66,0.12%,0.09%
Tuna Cheese Melt,Sandwiches,FOOD,3,66,0,0.00%,66,0.03%,0.09%
BASKIN ROBBINS CUP CHOCOLATE 120,CS Ice Cream,FOOD,10,65,0,0.00%,65,0.11%,0.09%
Cold Cuts,Breakfast,FOOD,13,65,0,0.00%,65,0.14%,0.09%
Apple Green,CS Fresh Fruit,FOOD,32,64,0,0.00%,64,0.34%,0.08%
COCA COLA ZERO CAN,Softdrinks,BEVERAGE,16,64,0,0.00%,64,0.17%,0.08%
FAMILIA CHAMPION CRISP 750GM,CS Cereal,FOOD,2,64,0,0.00%,64,0.02%,0.08%
Frid Rice W Chicken,Fried Rice,FOOD,2,64,0,0.00%,64,0.02%,0.08%
CLEARLY SCRUMPTIOUS STRAWBERRY 3,CS Dry Fruits,FOOD,5,63.75,0,0.00%,63.75,0.05%,0.08%
HARIBO CUP HAPPY CHERRIES 175GM,CS Mint & Gum,FOOD,6,63,0,0.00%,63,0.06%,0.08%
ANCHOR BUTTER UNSALTED 454G,CS Dairy ,FOOD,3,61.5,0,0.00%,61.5,0.03%,0.08%
BORGES EXRA VIRGIN OLIVE OIL 500,CS Coocking & Baking,FOOD,3,61.5,0,0.00%,61.5,0.03%,0.08%
Asst. Rolls Two,Breakfast,FOOD,30,60,0,0.00%,60,0.32%,0.08%
Baked beans,Breakfast,FOOD,12,60,0,0.00%,60,0.13%,0.08%
BRILLIANT BREAKFAST LOOSE TEA,Tea,FOOD,6,60,0,0.00%,60,0.06%,0.08%
Carrot Cake,Dessert,FOOD,5,60,0,0.00%,60,0.05%,0.08%
CheseTurkeyHamCrossiant,Sandwiches,FOOD,3,60,0,0.00%,60,0.03%,0.08%
Chicken Nuggets,Extras,FOOD,6,60,0,0.00%,60,0.06%,0.08%
Grilled Halloumi(V),Sandwiches,FOOD,3,60,0,0.00%,60,0.03%,0.08%
LARGE SPARKLING WATER PREMIUM,Water,BEVERAGE,3,60,0,0.00%,60,0.03%,0.08%
Lungo,Nespresso,FOOD,6,60,0,0.00%,60,0.06%,0.08%
Mixed Green Salad(V),Salads,FOOD,3,60,0,0.00%,60,0.03%,0.08%
NIVEA PURIFYING FACE WASH 150ML,CS Facial Care,NON FOOD,2,60,0,0.00%,60,0.02%,0.08%
PEPPERMEIN LOOSE TEA,Tea,FOOD,6,60,0,0.00%,60,0.06%,0.08%
SWEET POTATO WEDGES,Main course,FOOD,6,60,0,0.00%,60,0.06%,0.08%
VEG BURGER,Burgers,FOOD,3,60,0,0.00%,60,0.03%,0.08%
BEST CAN ALMONDS SALTED 110GM,CS Nuts & Seeds,FOOD,5,58.75,0,0.00%,58.75,0.05%,0.08%
BASKIN ROBBINS CUP COOKIES 120ML,CS Ice Cream,FOOD,9,58.5,0,0.00%,58.5,0.10%,0.08%
DOMESTOS BLEACH MOUNTAIN BREEZE ,CS Cleaning Supplies,NON FOOD,5,57.5,0,0.00%,57.5,0.05%,0.08%
CastaniaExtMixNuts350G,CS Nuts & Seeds,FOOD,2,57,0,0.00%,57,0.02%,0.07%
STREPSILS REGULAR PACKET,CS Chocolate ,FOOD,3,57,0,0.00%,57,0.03%,0.07%
Valley Crunchy,Cereal Bar,FOOD,19,57,0,0.00%,57,0.20%,0.07%
16 OZ ICED VANILLA LATTE,Starbucks,FOOD,3,56,0,0.00%,56,0.03%,0.07%
ADD ESPRESSO SHOT,Starbucks,FOOD,14,56,0,0.00%,56,0.15%,0.07%
AL AIN FRESH MANGO JUICE 330ML,CS Packet Juice,BEVERAGE,7,56,0,0.00%,56,0.07%,0.07%
CHUCKS MAN OH MANGO,Smoothies,BEVERAGE,2,56,0,0.00%,56,0.02%,0.07%
Green Thai Veg Curry,Main course,FOOD,2,56,0,0.00%,56,0.02%,0.07%
Pure VitaminC,Fresh Juices,BEVERAGE,2,56,0,0.00%,56,0.02%,0.07%
PRINGLES HOT & SPICY 165GM,CS Chips & Snacks,FOOD,6,55.5,0,0.00%,55.5,0.06%,0.07%
BROWN BAG CHIPS 40GM SEA SALT VI,CS Chips & Snacks,FOOD,13,55.25,0,0.00%,55.25,0.14%,0.07%
BarillaPestoSml,CS Sauce,FOOD,2,55,0,0.00%,55,0.02%,0.07%
LINDT EXCELLENCE 70% CACOA 100GM,CS Chocolate ,FOOD,4,55,0,0.00%,55,0.04%,0.07%
CheseTomatoCrossiant,Sandwiches,FOOD,3,54,0,0.00%,54,0.03%,0.07%
Eggplant Maki(6pcs),Sushi,FOOD,3,54,0,0.00%,54,0.03%,0.07%
Go Green,Milk Shake,BEVERAGE,3,54,0,0.00%,54,0.03%,0.07%
DR OETKER VEGETABLE PIZZA,CS Frozen Food,FOOD,2,52.5,0,0.00%,52.5,0.02%,0.07%
MODERN BAKE PEANUT PEACAN ENERGY,CS Cereal,FOOD,10,52.5,0,0.00%,52.5,0.11%,0.07%
BASKIN ROBBINS CUP PARALINES 120,CS Ice Cream,FOOD,8,52,0,0.00%,52,0.08%,0.07%
BRIGHT BREAKFAST,Smoothies,BEVERAGE,2,52,0,0.00%,52,0.02%,0.07%
COCA COLA DIET CAN,Softdrinks,BEVERAGE,14,52,0,0.00%,52,0.15%,0.07%
Masafi Water1.5Ltr,Water,BEVERAGE,26,52,0,0.00%,52,0.27%,0.07%
MilkHalfCrem1Ltr ,CS Dairy ,FOOD,13,52,0,0.00%,52,0.14%,0.07%
Salmon Temaki (3 Pcs),Sushi,FOOD,2,52,0,0.00%,52,0.02%,0.07%
SENSODYNE GEL 100M,CS Oral Care,NON FOOD,2,52,0,0.00%,52,0.02%,0.07%
12 OZ CARAMEL LATTE,Starbucks,FOOD,3,51,0,0.00%,51,0.03%,0.07%
16 OZ CAFFE MOCHA,Starbucks,FOOD,3,51,0,0.00%,51,0.03%,0.07%
BJORG ORGANIC OAT FLAKES 500GM,CS Organic Food,FOOD,2,51,0,0.00%,51,0.02%,0.07%
CEYLON GINGER LOOSE TEA,Tea,FOOD,5,50,0,0.00%,50,0.05%,0.07%
DOUGHNUT CHOCOLATE,CS Bakery,FOOD,20,50,0,0.00%,50,0.21%,0.07%
Extra Topping,Pizza,FOOD,10,50,0,0.00%,50,0.11%,0.07%
JOHNSONS COTTON BALLS 50 PCS,CS Facial Care,NON FOOD,4,50,0,0.00%,50,0.04%,0.07%
ALPEN MUESLI ORIGINAL 375GM,CS Cereal,FOOD,3,49.5,0,0.00%,49.5,0.03%,0.06%
BLUE DIAMOND ALMOND MILK 1L,Convenience Beverages,BEVERAGE,2,49.5,0,0.00%,49.5,0.02%,0.06%
RACHELS GREEK LEMON YOGHURT 450G,CS Organic Food,FOOD,2,49,0,0.00%,49,0.02%,0.06%
M&M PEANUT 45GM,CS Chocolate ,FOOD,15,48.75,0,0.00%,48.75,0.16%,0.06%
PERSIL LIQUID SENSATIVE AUTOMATI,CS Laundry Care,NON FOOD,1,48.75,0,0.00%,48.75,0.01%,0.06%
Add Cheese,Extras,FOOD,16,48,0,0.00%,48,0.17%,0.06%
AL MAZRAAFoulMedams400G,Breakfast,FOOD,12,48,0,0.00%,48,0.13%,0.06%
BOUNTY BAR 57GM,CS Chocolate ,FOOD,14,48,0,0.00%,48,0.15%,0.06%
Cappuccino,Nespresso,FOOD,4,48,0,0.00%,48,0.04%,0.06%
Mushrooms,Pizza,FOOD,8,48,0,0.00%,48,0.08%,0.06%
Peanut Butter & Jelly(V),Sandwiches,FOOD,3,48,0,0.00%,48,0.03%,0.06%
Sangria,Mocktails,BEVERAGE,2,48,0,0.00%,48,0.02%,0.06%
GATORADE BLUE BOLT PET 500ML,CS Sports & Energy Drinks,BEVERAGE,10,47.5,0,0.00%,47.5,0.11%,0.06%
BOURSIN CHEESE BLACK PEPPER 150G,CS Dairy ,FOOD,2,47,0,0.00%,47,0.02%,0.06%
PRINGLES SALT VINEGAR 165GM,CS Chips & Snacks,FOOD,5,46.25,0,0.00%,46.25,0.05%,0.06%
P.BAR CHOCO 85,CS Cereal,FOOD,2,46,0,0.00%,46,0.02%,0.06%
PRO BAR STRAWBERRY BLISS 85G,CS Chocolate ,FOOD,2,45.5,0,0.00%,45.5,0.02%,0.06%
GILLETTE RAZOR FUSION 2UP ,CS Mens Care,NON FOOD,1,45.25,0,0.00%,45.25,0.01%,0.06%
ENERGIZER AA 4 PCS,CS Others,NON FOOD,3,45,0,0.00%,45,0.03%,0.06%
ANTIDOTE,Fresh Juices,BEVERAGE,2,44,0,0.00%,44,0.02%,0.06%
Pear,CS Fresh Fruit,FOOD,22,44,0,0.00%,44,0.23%,0.06%
LAYS SALT VINEGAR 185GM,CS Chips & Snacks,FOOD,7,43.75,0,0.00%,43.75,0.07%,0.06%
YUM YUM NO SUGAR PEANUT BUTTER 4,CS Can & Jar Food,FOOD,4,43,0,0.00%,43,0.04%,0.06%
AL MARAI FRESH MILK LOW FAT 1L,CS Dairy ,FOOD,6,42,0,0.00%,42,0.06%,0.06%
Croissant,Breakfast,FOOD,6,42,0,0.00%,42,0.06%,0.06%
FOUNTAIN SODA LARGE,Softdrinks,BEVERAGE,14,42,0,0.00%,42,0.15%,0.06%
MUFFIN BLUEBERRY,CS Bakery,FOOD,12,42,0,0.00%,42,0.13%,0.06%
MUFFIN CHOCOLATE,CS Bakery,FOOD,12,42,0,0.00%,42,0.13%,0.06%
Pepperoni,Pizza,FOOD,7,42,0,0.00%,42,0.07%,0.06%
RED BULL 250ML,CS Sports & Energy Drinks,BEVERAGE,6,42,0,0.00%,42,0.06%,0.06%
RED BULL SUGAR FREE 250ML,CS Sports & Energy Drinks,BEVERAGE,6,42,0,0.00%,42,0.06%,0.06%
LINDT EXCELLENCE MINT INTENSE 10,CS Chocolate ,FOOD,3,41.25,0,0.00%,41.25,0.03%,0.05%
16 OZ FRAPPUCINO CARAMEL,Starbucks,FOOD,2,40,0,0.00%,40,0.02%,0.05%
16 OZ FRAPPUCINO VANILA,Starbucks,FOOD,2,40,0,0.00%,40,0.02%,0.05%
16 OZ FRAPPUCINO WHITE MOCHA,Starbucks,FOOD,2,40,0,0.00%,40,0.02%,0.05%
BEEF MAIN,Main course,FOOD,2,40,0,0.00%,40,0.02%,0.05%
BLUE BERRY MUFFIN,Dessert,FOOD,4,40,0,0.00%,40,0.04%,0.05%
Chicken Maki(6pcs),Sushi,FOOD,2,40,0,0.00%,40,0.02%,0.05%
Granola,Dessert,FOOD,5,40,0,0.00%,40,0.05%,0.05%
JASMINE GREEN LOOSE TEA,Tea,FOOD,4,40,0,0.00%,40,0.04%,0.05%
PEPSI CAN,Softdrinks,BEVERAGE,10,40,0,0.00%,40,0.11%,0.05%
ROSE MIX,BOTANICAL SODAS,BEVERAGE,2,40,0,0.00%,40,0.02%,0.05%
SCONES,Dessert,FOOD,4,40,0,0.00%,40,0.04%,0.05%
Sushi Temakin Veg Soup,Sushi,FOOD,1,40,0,0.00%,40,0.01%,0.05%
TEA BAG EARL GREY,Tea,FOOD,5,40,0,0.00%,40,0.05%,0.05%
BERRY CO BLUEBERRY JUICE 1L,CS Packet Juice,BEVERAGE,3,39,0,0.00%,39,0.03%,0.05%
BERRY CO GOJI BERRY JUICE 1L,CS Packet Juice,BEVERAGE,3,39,0,0.00%,39,0.03%,0.05%
BERRY CO POMEGRANTE JUICE 1L,CS Packet Juice,BEVERAGE,3,39,0,0.00%,39,0.03%,0.05%
CAPRICE DE DIEUX CHEESE 200G,CS Dairy ,FOOD,1,39,0,0.00%,39,0.01%,0.05%
NIVEASunDeepTanningoil,CS Body Care,NON FOOD,1,39,0,0.00%,39,0.01%,0.05%
GILLETTE VENUS RAZOR 3UP,CS Mens Care,NON FOOD,1,38.75,0,0.00%,38.75,0.01%,0.05%
CHICKEN WRAP COMBO,Burgers,FOOD,1,38,0,0.00%,38,0.01%,0.05%
EGG Mayo & Spring Onion,Sandwiches,FOOD,2,38,0,0.00%,38,0.02%,0.05%
Lays Chips,Extras,FOOD,19,38,0,0.00%,38,0.20%,0.05%
EXTRA BIG BOTTLE WATERMELON,CS Mint & Gum,FOOD,3,37.5,0,0.00%,37.5,0.03%,0.05%
LAYS CHILI 185GM,CS Chips & Snacks,FOOD,6,37.5,0,0.00%,37.5,0.06%,0.05%
MANI 20G SWEET COCKTAIL NUTS FRU,CS Dry Fruits,FOOD,15,37.5,0,0.00%,37.5,0.16%,0.05%
PAPILLON ROQUEFORT RED LABEL 100,CS Dairy ,FOOD,2,37,0,0.00%,37,0.02%,0.05%
PRINGLES ORIGINAL 165GM,CS Chips & Snacks,FOOD,4,37,0,0.00%,37,0.04%,0.05%
MODERN BAKE CRANBERRY ENERGY BAR,CS Cereal,FOOD,7,36.75,0,0.00%,36.75,0.07%,0.05%
NECTAFLOR SOFT PRUNES 200GM,CS Dry Fruits,FOOD,2,36.5,0,0.00%,36.5,0.02%,0.05%
KIT KAT 2 FINGERS,CS Chocolate ,FOOD,29,36.25,0,0.00%,36.25,0.31%,0.05%
AL AIN WATER 500ML,Water,BEVERAGE,36,36,0,0.00%,36,0.38%,0.05%
Beef Noodle Soup,Soup ,FOOD,3,36,0,0.00%,36,0.03%,0.05%
Brownie,Dessert,FOOD,3,36,0,0.00%,36,0.03%,0.05%
DOVECCMBER&GRNTEA250ml,CS Bath & Shower,NON FOOD,2,36,0,0.00%,36,0.02%,0.05%
ESPRESSO MACCHIATO,Starbucks,FOOD,3,36,0,0.00%,36,0.03%,0.05%
GATORADE PINK LEMONADE,Energy Drinks,BEVERAGE,3,36,0,0.00%,36,0.03%,0.05%
GLAD GARBAGE BAG MEDIUM 35L X 30,CS Tissue & Toilet Rolls,NON FOOD,3,36,0,0.00%,36,0.03%,0.05%
HARIBO BERRIES PACKET 160GM,CS Mint & Gum,FOOD,4,36,0,0.00%,36,0.04%,0.05%
ICED SOYA CAFFE LATTE 12 OZ,Coffee,FOOD,2,36,0,0.00%,36,0.02%,0.05%
MCVITIES DIGESTIVE LIGHT 400GM,Biscuit & Cookies,FOOD,2,36,0,0.00%,36,0.02%,0.05%
Mock Rose,Mocktails,BEVERAGE,2,36,0,0.00%,36,0.02%,0.05%
Oatmeal Porridge,Breakfast,FOOD,12,36,0,0.00%,36,0.13%,0.05%
SLICED BREAD MULTI GRAIN MEDIUM,CS Bakery,FOOD,6,36,0,0.00%,36,0.06%,0.05%
Tropical Maki (6 Pcs),Sushi,FOOD,2,36,0,0.00%,36,0.02%,0.05%
AL AIN FRESH MILK 1L SKIMMED,CS Dairy ,FOOD,5,35,0,0.00%,35,0.05%,0.05%
AL AIN PINEAPPLE YOGHURT 125GM,CS Dairy ,FOOD,20,35,0,0.00%,35,0.21%,0.05%
AL AIN YOGHURT LOW FAT 170GM,CS Dairy ,FOOD,28,35,0,0.00%,35,0.30%,0.05%
Bagels w/Cr.Cheese,Breakfast,FOOD,5,35,0,0.00%,35,0.05%,0.05%
Full Breakfast,Breakfast,FOOD,1,35,0,0.00%,35,0.01%,0.05%
KOKA BOWL CHICKEN,CS Pasta & Noodles,FOOD,7,35,0,0.00%,35,0.07%,0.05%
Portion Vegetable,Main course,FOOD,7,35,0,0.00%,35,0.07%,0.05%
ALWAYS PANTYR LINER 40 NORMAL,CS Sanitary Care,NON FOOD,2,34.5,0,0.00%,34.5,0.02%,0.05%
JDS BUTTER WAFFLES,Biscuit & Cookies,FOOD,2,34.5,0,0.00%,34.5,0.02%,0.05%
NIVEA CREAM NATURAL FAIRNESS 100,CS Facial Care,NON FOOD,3,34.5,0,0.00%,34.5,0.03%,0.05%
SELPAK KITCHEN ROLL 2 PCS,CS Tissue & Toilet Rolls,NON FOOD,3,34.5,0,0.00%,34.5,0.03%,0.05%
12 OZ TOFFEE NUT LATTE,Coffee,FOOD,2,34,0,0.00%,34,0.02%,0.04%
16 OZ ICED CHOCOLATE,Starbucks,FOOD,2,34,0,0.00%,34,0.02%,0.04%
Alain Small Wtr500ml,Water,BEVERAGE,34,34,0,0.00%,34,0.36%,0.04%
ALPROMilkFlvrChoc 1L,CS Dairy ,BEVERAGE,2,33.5,0,0.00%,33.5,0.02%,0.04%
GATORADE PINK LEMONDAE PET 500ML,CS Sports & Energy Drinks,BEVERAGE,7,33.25,0,0.00%,33.25,0.07%,0.04%
SCRUMMIES BLUEBERRY CRANBERRIES ,CS Dry Fruits,FOOD,7,33.25,0,0.00%,33.25,0.07%,0.04%
BEST CAN SUPER MIX NUTS 110GM,CS Nuts & Seeds,FOOD,2,33,0,0.00%,33,0.02%,0.04%
Energy Bar,Energy Bar,FOOD,6,33,0,0.00%,33,0.06%,0.04%
BJORG ORGANIC TOFU NATURE 200GMX,CS Organic Food,FOOD,1,32.75,0,0.00%,32.75,0.01%,0.04%
ILE DE FRANCE CHEESE PETIT BRIE ,CS Dairy ,FOOD,2,32.5,0,0.00%,32.5,0.02%,0.04%
JUNGLE OAT BANANA & TOFFEE 500G,CS Cereal,FOOD,2,32.5,0,0.00%,32.5,0.02%,0.04%
M&M CHOCOLATE 45GM,CS Chocolate ,FOOD,10,32.5,0,0.00%,32.5,0.11%,0.04%
WASA CRISPBREAD DELIKATESS 270GM,Biscuit & Cookies,FOOD,2,32.5,0,0.00%,32.5,0.02%,0.04%
AL SHIFA HOINEY 750GM,CS Can & Jar Food,FOOD,1,32.25,0,0.00%,32.25,0.01%,0.04%
CROISSANT HI BUTTER CHOCOLATE,CS Bakery,FOOD,8,32,0,0.00%,32,0.08%,0.04%
EARL GREY ICED TEA,Tea,FOOD,4,32,0,0.00%,32,0.04%,0.04%
FAMILIA 50GM MUESLI ORIGINAL,CS Cereal,FOOD,8,32,0,0.00%,32,0.08%,0.04%
FANTA APPLE CAN,Softdrinks,BEVERAGE,13,32,0,0.00%,32,0.14%,0.04%
HEINZ TUNA CHUNKS OIL TIN 185GM,CS Can & Jar Food,FOOD,4,32,0,0.00%,32,0.04%,0.04%
REDBULL REGULAR,Energy Drinks,BEVERAGE,4,32,0,0.00%,32,0.04%,0.04%
Steamed Rice,Main course,FOOD,4,32,0,0.00%,32,0.04%,0.04%
THE BERRY CO POMEGRANTE JUICE,Packet Juice,BEVERAGE,4,32,0,0.00%,32,0.04%,0.04%
TUNA & MAYO WRAP,Sandwiches,FOOD,1,32,0,0.00%,32,0.01%,0.04%
JDS APPLE THINS,Biscuit & Cookies,FOOD,2,31.5,0,0.00%,31.5,0.02%,0.04%
MODERN BAKE MANGO PISTA ENERGY B,CS Cereal,FOOD,6,31.5,0,0.00%,31.5,0.06%,0.04%
VITA COCO LEMONADE COCONUT 330ML,CS Packet Juice,BEVERAGE,3,31.5,0,0.00%,31.5,0.03%,0.04%
Walkers Short Bread40g,Biscuits,FOOD,9,31.5,0,0.00%,31.5,0.10%,0.04%
FAMILIA C.M PLUS ORIGINAL 600GM,CS Cereal,FOOD,1,31.25,0,0.00%,31.25,0.01%,0.04%
LAYS TOMATO KETCHUP 185GM,CS Chips & Snacks,FOOD,5,31.25,0,0.00%,31.25,0.05%,0.04%
AXE ROLLON DARK TEMPTATION 40ML,CS Deodrants,NON FOOD,2,31,0,0.00%,31,0.02%,0.04%
BAHLSEN RED HIT CACAO 220GM,Biscuit & Cookies,FOOD,4,31,0,0.00%,31,0.04%,0.04%
BJORG ORGANIC PAIN DEPICES AU MI,CS Organic Food,FOOD,1,31,0,0.00%,31,0.01%,0.04%
COMFORT LAVENDER MAGNOLIA CONCEN,CS Laundry Care,NON FOOD,2,30.5,0,0.00%,30.5,0.02%,0.04%
Beef Bacon,Breakfast,FOOD,6,30,0,0.00%,30,0.06%,0.04%
CHICKEN MAIN,Main course,FOOD,2,30,0,0.00%,30,0.02%,0.04%
Grilled Veg Olives,Pizza,FOOD,5,30,0,0.00%,30,0.05%,0.04%
HEINZ TIN SOUP SEVEN VEGETABLE 4,CS Can & Jar Food,FOOD,2,30,0,0.00%,30,0.02%,0.04%
Jalapenos,Pizza,FOOD,5,30,0,0.00%,30,0.05%,0.04%
Lungo,Coffee,BEVERAGE,3,30,0,0.00%,30,0.03%,0.04%
MIXED NUT & CEREAL 8 OZ,Peannuts,FOOD,3,30,0,0.00%,30,0.03%,0.04%
MOROCCAN LOOSE TEA,Tea,FOOD,3,30,0,0.00%,30,0.03%,0.04%
NIVEA GENTLE FACE WASH 150ML,CS Facial Care,NON FOOD,1,30,0,0.00%,30,0.01%,0.04%
NIVEA WIPES PURE CLEANSING 25PCS,CS Tissue & Toilet Rolls,NON FOOD,1,30,0,0.00%,30,0.01%,0.04%
Penne,pasta,FOOD,3,30,0,0.00%,30,0.03%,0.04%
SNICKERS SINGLE BAR,CS Chocolate ,FOOD,10,30,0,0.00%,30,0.11%,0.04%
VOCHELLE TIN DUBAI MARINA 205GM,CS Chocolate ,FOOD,1,30,0,0.00%,30,0.01%,0.04%
BROWN BAG CHIPS 40GM CHEDAAR ONI,CS Chips & Snacks,FOOD,7,29.75,0,0.00%,29.75,0.07%,0.04%
TWIX TWIN BAR 50GM,CS Chocolate ,FOOD,9,29.25,0,0.00%,29.25,0.10%,0.04%
BEST CAN MIXED NUTS 110GM,CS Nuts & Seeds,FOOD,3,28.5,0,0.00%,28.5,0.03%,0.04%
BETTY CROCKER COOKIE CHOCOLATE C,CS Coocking & Baking,FOOD,2,28.5,0,0.00%,28.5,0.02%,0.04%
DOVE HAND CREAM REGENERATING 75M,CS Body Care,NON FOOD,2,28.5,0,0.00%,28.5,0.02%,0.04%
GATORADE LEMON PET 500ML,CS Sports & Energy Drinks,BEVERAGE,6,28.5,0,0.00%,28.5,0.06%,0.04%
GATORADE ORANGE PET 500ML,CS Sports & Energy Drinks,BEVERAGE,6,28.5,0,0.00%,28.5,0.06%,0.04%
SCRUMMIES RASPBERRY CRANBERRIES ,CS Dry Fruits,FOOD,6,28.5,0,0.00%,28.5,0.06%,0.04%
SCRUMMIES STRAWBERRY CRANBERRIES,CS Dry Fruits,FOOD,6,28.5,0,0.00%,28.5,0.06%,0.04%
ARIEL BLUE 1.5KG,CS Laundry Care,NON FOOD,1,28.25,0,0.00%,28.25,0.01%,0.04%
HONEY MOON MOUNTAIN HONEY 250GM,CS Can & Jar Food,FOOD,1,28.25,0,0.00%,28.25,0.01%,0.04%
ALMARAI MILK FAT FREE1L,CS Dairy ,FOOD,4,28,0,0.00%,28,0.04%,0.04%
ALO EXPOSED ALO JUICE,Fresh Juices,FOOD,2,28,0,0.00%,28,0.02%,0.04%
AXE SHOWER GEL DARK TEMPTATION 2,CS Bath & Shower,NON FOOD,2,28,0,0.00%,28,0.02%,0.04%
Berry Tart,Dessert,FOOD,2,28,0,0.00%,28,0.02%,0.04%
CROISSANT BUTTER CHEESE,CS Bakery,FOOD,7,28,0,0.00%,28,0.07%,0.04%
D Coke,Softdrinks,BEVERAGE,7,28,0,0.00%,28,0.07%,0.04%
FANTA ORANGE CAN,Softdrinks,BEVERAGE,7,28,0,0.00%,28,0.07%,0.04%
JAMIES BERRY BURST,Smoothies,BEVERAGE,1,28,0,0.00%,28,0.01%,0.04%
LAYS 40GM CHILLI,CS Chips & Snacks,FOOD,14,28,0,0.00%,28,0.15%,0.04%
MUFFIN APPLE,CS Bakery,FOOD,8,28,0,0.00%,28,0.08%,0.04%
Open Food,Open Food,FOOD,2,28,0,0.00%,28,0.02%,0.04%
Orange & Carrot,Fresh Juices,BEVERAGE,2,28,0,0.00%,28,0.02%,0.04%
PEPSI DIET CAN,Softdrinks,BEVERAGE,7,28,0,0.00%,28,0.07%,0.04%
PERRIER WATER 330ML,CS Water,BEVERAGE,7,28,0,0.00%,28,0.07%,0.04%
Pineapple & Beetroot,Fresh Juices,BEVERAGE,2,28,0,0.00%,28,0.02%,0.04%
VANIAS SPRING GREEN,Smoothies,BEVERAGE,1,28,0,0.00%,28,0.01%,0.04%
PRINGLES KETCHUP 165GM,CS Chips & Snacks,FOOD,3,27.75,0,0.00%,27.75,0.03%,0.04%
BEST CAN PISTACHIOS SALTED 110GM,CS Nuts & Seeds,FOOD,2,27.5,0,0.00%,27.5,0.02%,0.04%
CAPRICE DES DIEUX CHEESE 125G,CS Dairy ,FOOD,1,27.5,0,0.00%,27.5,0.01%,0.04%
LIND CHERRY INTENSE100G,CS Chocolate ,FOOD,2,27.5,0,0.00%,27.5,0.02%,0.04%
LINDT EXCELLENCE CARAMEL 100G,CS Chocolate ,FOOD,2,27.5,0,0.00%,27.5,0.02%,0.04%
NIVEA TONER REFRESHING 200ML,CS Deodrants,NON FOOD,1,27.5,0,0.00%,27.5,0.01%,0.04%
TWININGS LEMON GINGER TEA 25 BAG,CS Tea,FOOD,2,27.5,0,0.00%,27.5,0.02%,0.04%
Best Salted Peanut30g,Peannuts,FOOD,9,27,0,0.00%,27,0.10%,0.04%
CocoPopsCMB20g,CS Cereal,FOOD,9,27,0,0.00%,27,0.10%,0.04%
FARM FRESH EGGS WHITE 6PCS,CS Eggs,FOOD,6,27,0,0.00%,27,0.06%,0.04%
KRAFT CHEESE ORIGINAL 12 SLICES,CS Dairy ,FOOD,2,27,0,0.00%,27,0.02%,0.04%
SIGNALC8AGold120M,CS Oral Care,NON FOOD,3,27,0,0.00%,27,0.03%,0.04%
AL AIN MANGO YOGHURT 125GM,CS Dairy ,FOOD,15,26.25,0,0.00%,26.25,0.16%,0.03%
BAHLSEN LEIBNIZ MINIS BUTTER 100,Biscuit & Cookies,FOOD,5,26.25,0,0.00%,26.25,0.05%,0.03%
BAHLSEN RED HIT MINIS MILK 130GM,Biscuit & Cookies,FOOD,5,26.25,0,0.00%,26.25,0.05%,0.03%
DDR OETKER PEPPRONI PIZZA,CS Frozen Food,FOOD,1,26.25,0,0.00%,26.25,0.01%,0.03%
DR OETKER FUNGHI PIZZA,CS Frozen Food,FOOD,1,26.25,0,0.00%,26.25,0.01%,0.03%
MANI PISTACHIOS SALT PEPPER 40G,CS Dry Fruits,FOOD,5,26.25,0,0.00%,26.25,0.05%,0.03%
BERRY CO CRANBERRY 1L,CS Packet Juice,BEVERAGE,2,26,0,0.00%,26,0.02%,0.03%
CLOSEUP TP ICY WHITE WINTER BLAS,CS Oral Care,NON FOOD,2,26,0,0.00%,26,0.02%,0.03%
COEUR DE LION PETIT CAMEMBERT 15,CS Dairy ,FOOD,1,26,0,0.00%,26,0.01%,0.03%
H&S SH EXTRA VOLUME 200ML,CS Shampoo & Conditioner,NON FOOD,2,26,0,0.00%,26,0.02%,0.03%
SENSODYNE ORIGINAL 100GM,CS Oral Care,NON FOOD,1,26,0,0.00%,26,0.01%,0.03%
AL AIN FRESH ORANGE JUICE 330ML,CS Packet Juice,BEVERAGE,6,25.5,0,0.00%,25.5,0.06%,0.03%
ENERGIZER AAA 2 PCS,CS Others,NON FOOD,3,25.5,0,0.00%,25.5,0.03%,0.03%
AIR TO EARTH,BOTANICAL SODAS,BEVERAGE,1,25,0,0.00%,25,0.01%,0.03%
AL AIN WATER 5 LTR,CS Water,BEVERAGE,10,25,0,0.00%,25,0.11%,0.03%
AL RABIE PINEAPPLE 330ML,CS Packet Juice,BEVERAGE,10,25,0,0.00%,25,0.11%,0.03%
BEEF MEAL,Main course,FOOD,1,25,0,0.00%,25,0.01%,0.03%
EBI NIGIRI,Sushi,FOOD,5,25,0,0.00%,25,0.05%,0.03%
SAN PELLEGRINO WATER 500ML,CS Water,BEVERAGE,4,25,0,0.00%,25,0.04%,0.03%
WELLA CD REPAIR 500ML,CS Shampoo & Conditioner,NON FOOD,1,24.75,0,0.00%,24.75,0.01%,0.03%
MCVITIES DIGESTIVE 250GM LIGHT,Biscuit & Cookies,FOOD,2,24.5,0,0.00%,24.5,0.02%,0.03%
NUTELLA 400GM,CS Can & Jar Food,FOOD,1,24.5,0,0.00%,24.5,0.01%,0.03%
RACHELS BLUEBERRY YOGHURT 450G,CS Organic Food,FOOD,1,24.5,0,0.00%,24.5,0.01%,0.03%
SYOSS HAIR GEL MEN MAX HOLD 250M,CS Soap & Handwash,NON FOOD,1,24.25,0,0.00%,24.25,0.01%,0.03%
7 UP DIET CAN,Softdrinks,BEVERAGE,6,24,0,0.00%,24,0.06%,0.03%
AlwaysUltrThin,CS Sanitary Care,NON FOOD,3,24,0,0.00%,24,0.03%,0.03%
Best SaltedCashew30g,Peannuts,FOOD,8,24,0,0.00%,24,0.08%,0.03%
CHOCOLATE CHIP COOKIE,Dessert,FOOD,4,24,0,0.00%,24,0.04%,0.03%
ClrDpCleanMen400m,CS Shampoo & Conditioner,NON FOOD,1,24,0,0.00%,24,0.01%,0.03%
Extra Cheese,Cheese,FOOD,6,24,0,0.00%,24,0.06%,0.03%
EXTRA PELLET WHITE GUM,CS Mint & Gum,FOOD,12,24,0,0.00%,24,0.13%,0.03%
EXTRA PROTEIN,TOPPINGS,FOOD,6,24,0,0.00%,24,0.06%,0.03%
FANTA STRAWBERRY CAN,Softdrinks,BEVERAGE,6,24,0,0.00%,24,0.06%,0.03%
LACNOR APPLE 180ML,Fresh Juices,BEVERAGE,6,24,0,0.00%,24,0.06%,0.03%
Latte Macchiato,Nespresso,FOOD,2,24,0,0.00%,24,0.02%,0.03%
Latte Macchiato,Coffee,BEVERAGE,2,24,0,0.00%,24,0.02%,0.03%
MOUNTAIN DEW,Softdrinks,BEVERAGE,6,24,0,0.00%,24,0.06%,0.03%
Strwberry Muffins,Dessert,FOOD,2,24,0,0.00%,24,0.02%,0.03%
THE 3RD DATE,Milk Shake,BEVERAGE,1,24,0,0.00%,24,0.01%,0.03%
Vanilla Shake,Milk Shake,BEVERAGE,1,24,0,0.00%,24,0.01%,0.03%
WELLA SH REPAIR 500ML,CS Shampoo & Conditioner,NON FOOD,1,23.5,0,0.00%,23.5,0.01%,0.03%
BOURSIN CHEESE GARLIC & HERBS 15,CS Dairy ,FOOD,1,23.25,0,0.00%,23.25,0.01%,0.03%
16 OZ SOYA VANILLA LATTE,Coffee,FOOD,1,23,0,0.00%,23,0.01%,0.03%
LIFEBUOY HW NATURE 200ML,CS Soap & Handwash,NON FOOD,2,23,0,0.00%,23,0.02%,0.03%
COCO TREE JUICE 330ML,CS Packet Juice,BEVERAGE,7,22.75,0,0.00%,22.75,0.07%,0.03%
INDOMIE CUP BEEF,CS Pasta & Noodles,FOOD,7,22.75,0,0.00%,22.75,0.07%,0.03%
TIDE JASMINE 1.5KG,CS Laundry Care,NON FOOD,1,22.75,0,0.00%,22.75,0.01%,0.03%
CastaniaMixedNuts125G,CS Nuts & Seeds,FOOD,3,22.5,0,0.00%,22.5,0.03%,0.03%
PHILADELPHIA CHEESE SPREAD 200GM,CS Dairy ,FOOD,2,22.5,0,0.00%,22.5,0.02%,0.03%
SYOSS HAIR MASK COLOR PROTECT 20,CS Soap & Handwash,NON FOOD,1,22.5,0,0.00%,22.5,0.01%,0.03%
Banana Shake,Milk Shake,BEVERAGE,1,22,0,0.00%,22,0.01%,0.03%
DOCTOR'S ORDERS,Fresh Juices,BEVERAGE,1,22,0,0.00%,22,0.01%,0.03%
Greek Salad,Salads,FOOD,1,22,0,0.00%,22,0.01%,0.03%
MANI 20G ALMONDS SMOKED BBQ,CS Dry Fruits,FOOD,8,22,0,0.00%,22,0.08%,0.03%
SNAPPLE KIWI STRAWBERRY JUICE,CS Packet Juice,BEVERAGE,4,22,0,0.00%,22,0.04%,0.03%
Soap Dove135 GM ,CS Soap & Handwash,NON FOOD,4,22,0,0.00%,22,0.04%,0.03%
YUM YUM SMOOTH PEANUT BUTTER 400,CS Can & Jar Food,FOOD,2,21.5,0,0.00%,21.5,0.02%,0.03%
BEST CAN MACADEMIA 110G,CS Dry Fruits,FOOD,1,21.25,0,0.00%,21.25,0.01%,0.03%
16 OZ SOYA CAFFE LATTE,Coffee,FOOD,1,21,0,0.00%,21,0.01%,0.03%
BISCUITSDIGES250 ,Biscuit & Cookies,FOOD,2,21,0,0.00%,21,0.02%,0.03%
Castania Peanuts60g,Peannuts,FOOD,3,21,0,0.00%,21,0.03%,0.03%
CROISSANT HI BUTTER PLAIN,CS Bakery,FOOD,6,21,0,0.00%,21,0.06%,0.03%
GalCaramlcak30g,CS Chocolate ,FOOD,2,21,0,0.00%,21,0.02%,0.03%
LARGE GLASS FRESH MILK,Coffee,FOOD,3,21,0,0.00%,21,0.03%,0.03%
LISTERINE MW ZERO 250ML,CS Oral Care,NON FOOD,1,21,0,0.00%,21,0.01%,0.03%
MUFFIN DOUBLE CHOCOLATE,CS Bakery,FOOD,6,21,0,0.00%,21,0.06%,0.03%
NATURE VALLEY OATS & HONEY,CS Cereal,FOOD,7,21,0,0.00%,21,0.07%,0.03%
POCARI SWEAT CAN 330ML,CS Soft Drinks,BEVERAGE,7,21,0,0.00%,21,0.07%,0.03%
SCHOGETTEN KIDS 100GM,CS Chocolate ,FOOD,4,21,0,0.00%,21,0.04%,0.03%
SMALL GREEN SALAD ,Salads,FOOD,3,21,0,0.00%,21,0.03%,0.03%
COCO POPS KELLOGS 375GM,CS Cereal,FOOD,1,20.5,0,0.00%,20.5,0.01%,0.03%
DvAntiDndrf400m,CS Shampoo & Conditioner,NON FOOD,1,20.5,0,0.00%,20.5,0.01%,0.03%
FITA 600G,Biscuit & Cookies,FOOD,1,20.5,0,0.00%,20.5,0.01%,0.03%
karimOilCorn1.8L,CS Coocking & Baking,FOOD,1,20.5,0,0.00%,20.5,0.01%,0.03%
SLIM NOODLES READY TO WOK 270GM,CS Pasta & Noodles,FOOD,2,20.5,0,0.00%,20.5,0.02%,0.03%
1 Scoop Protein Powder,TOPPINGS,FOOD,4,20,0,0.00%,20,0.04%,0.03%
ADD ESPRESSO SHOT,Starbucks,FOOD,5,20,0,0.00%,20,0.05%,0.03%
AL RABIE MANGO 330ML,CS Packet Juice,BEVERAGE,8,20,0,0.00%,20,0.08%,0.03%
AM KIWI & LIME 300ml,CS Packet Juice,BEVERAGE,8,20,0,0.00%,20,0.08%,0.03%
Coke,Softdrinks,BEVERAGE,5,20,0,0.00%,20,0.05%,0.03%
COKE LARGE 2.25L,CS Soft Drinks,BEVERAGE,4,20,0,0.00%,20,0.04%,0.03%
CORNETTO I/C CLASSICO CHOCOLATE,CS Ice Cream,FOOD,4,20,0,0.00%,20,0.04%,0.03%
CROISSANT HI BUTTER ZATAR,CS Bakery,FOOD,5,20,0,0.00%,20,0.05%,0.03%
DAN'S TOPICAL BLAST,Smoothies,BEVERAGE,1,20,0,0.00%,20,0.01%,0.03%
ESPRESSO MACCHIATO SINGLE,Starbucks,FOOD,2,20,0,0.00%,20,0.02%,0.03%
LACNOR MANGO 180ML,Fresh Juices,BEVERAGE,5,20,0,0.00%,20,0.05%,0.03%
LARGE STILL WATER PREMIUM,Water,BEVERAGE,1,20,0,0.00%,20,0.01%,0.03%
MINUTE STEAK,Grill,FOOD,1,20,0,0.00%,20,0.01%,0.03%
NYU RE-USABLE BAG,BAGS,NON FOOD,1,20,0,0.00%,20,0.01%,0.03%
POM-SPRITZ,BOTANICAL SODAS,BEVERAGE,1,20,0,0.00%,20,0.01%,0.03%
SENCHA GREEN LOOSE TEA,Tea,FOOD,2,20,0,0.00%,20,0.02%,0.03%
SINGLE ESSPRESSO,Starbucks,FOOD,2,20,0,0.00%,20,0.02%,0.03%
Tamago Maki,Sushi,FOOD,1,20,0,0.00%,20,0.01%,0.03%
Vanilla Shake,Milk Shake,BEVERAGE,1,20,0,0.00%,20,0.01%,0.03%
AL AIN FRESH PINEAPPLE JUICE 330,CS Packet Juice,BEVERAGE,2,19.5,0,0.00%,19.5,0.02%,0.03%
BASKIN ROBBINS CUP STARWBERRY 12,CS Ice Cream,FOOD,3,19.5,0,0.00%,19.5,0.03%,0.03%
BASKIN ROBBINS CUP VANILLA 120ML,CS Ice Cream,FOOD,3,19.5,0,0.00%,19.5,0.03%,0.03%
EXTRA PROFESSIONAL FRESH MINT GU,CS Mint & Gum,FOOD,6,19.5,0,0.00%,19.5,0.06%,0.03%
PRINGLES 40GM HOT & SPICY,CS Chips & Snacks,FOOD,6,19.5,0,0.00%,19.5,0.06%,0.03%
DOVE SHOWER POMEGRANTE & LEMON 2,CS Bath & Shower,NON FOOD,1,19.25,0,0.00%,19.25,0.01%,0.03%
12 OZ SOYA WHITE CHOCO MOCHA,Coffee,FOOD,1,19,0,0.00%,19,0.01%,0.02%
16 OZ CARAMEL LATTE,Starbucks,FOOD,1,19,0,0.00%,19,0.01%,0.02%
16 OZ ICED CAFFE MOCHA,Starbucks,FOOD,1,19,0,0.00%,19,0.01%,0.02%
16 OZ ICED CARAMEL LATTE,Starbucks,FOOD,1,19,0,0.00%,19,0.01%,0.02%
DOVE BODY LOTION ESSENTIAL NOURI,CS Body Care,NON FOOD,1,19,0,0.00%,19,0.01%,0.02%
DOVE HW FRESH TOUCH CUCUM & G.TE,CS Soap & Handwash,NON FOOD,1,19,0,0.00%,19,0.01%,0.02%
DOVE HW MOISTURISING 500ML ,CS Soap & Handwash,NON FOOD,1,19,0,0.00%,19,0.01%,0.02%
SCRUMMIES BLACKCURRANT CRANBERRI,CS Dry Fruits,FOOD,4,19,0,0.00%,19,0.04%,0.02%
TAMRAH CHOCO MILK ZIPPER BAG 100,CS Dry Fruits,FOOD,2,19,0,0.00%,19,0.02%,0.02%
ALL BRAN FLAKES KELLOGS 500GM,CS Cereal,FOOD,1,18.75,0,0.00%,18.75,0.01%,0.02%
LACNOR MILK CHOCOLATE 180ML,CS Packet Juice,BEVERAGE,15,18.75,0,0.00%,18.75,0.16%,0.02%
OB APPLICATOR NORMAL 16 PCS,CS Sanitary Care,NON FOOD,1,18.75,0,0.00%,18.75,0.01%,0.02%
AXE DEO GOLD TEMPTATION 150ML,CS Deodrants,NON FOOD,1,18.25,0,0.00%,18.25,0.01%,0.02%
NECTAFLOR SOFT APRICOTS 200GM,CS Dry Fruits,FOOD,1,18.25,0,0.00%,18.25,0.01%,0.02%
OREO GOLDEN 16 PACK 44GM,Biscuit & Cookies,FOOD,1,18.25,0,0.00%,18.25,0.01%,0.02%
16 OZ ICED PUMPKIN SPICED LATTE,Coffee,FOOD,1,18,0,0.00%,18,0.01%,0.02%
16 OZ SOYA CAFFE MOCHA ,Coffee,FOOD,1,18,0,0.00%,18,0.01%,0.02%
FOUNTAIN SODA SMALL,Softdrinks,BEVERAGE,9,18,0,0.00%,18,0.10%,0.02%
LAYS 40GM FRENCH CHEESE,CS Chips & Snacks,FOOD,9,18,0,0.00%,18,0.10%,0.02%
Mash and Gravy,Extras,FOOD,3,18,0,0.00%,18,0.03%,0.02%
Muture Cheddar(V),Sandwiches,FOOD,1,18,0,0.00%,18,0.01%,0.02%
Peppers,Pizza,FOOD,3,18,0,0.00%,18,0.03%,0.02%
PEPSI PET 500M,CS Soft Drinks,BEVERAGE,9,18,0,0.00%,18,0.10%,0.02%
RAINBOWEvpMilk160ML ,CS Dairy ,FOOD,6,18,0,0.00%,18,0.06%,0.02%
SIGNALC8AWHITE120M,CS Oral Care,NON FOOD,2,18,0,0.00%,18,0.02%,0.02%
TOBLETOBLERONE MILK 35GM,CS Chocolate ,FOOD,6,18,0,0.00%,18,0.06%,0.02%
ALWAYS DIAMOND ULTRA THIN 14 PCS,CS Sanitary Care,NON FOOD,1,17.75,0,0.00%,17.75,0.01%,0.02%
DEEP HEAT SPRAY PACKET,CS Others,NON FOOD,1,17.75,0,0.00%,17.75,0.01%,0.02%
AL MARAI MIXED FRUIT 300ML,CS Packet Juice,BEVERAGE,7,17.5,0,0.00%,17.5,0.07%,0.02%
FITA CRACKERS 150G,Biscuit & Cookies,FOOD,5,17.5,0,0.00%,17.5,0.05%,0.02%
FRUIT & FIBRE KELLOGS 375GM,CS Cereal,FOOD,1,17.25,0,0.00%,17.25,0.01%,0.02%
JDS BUTTER CRISPS,Biscuit & Cookies,FOOD,1,17.25,0,0.00%,17.25,0.01%,0.02%
KAGI SWISS WAFERS ORIGINAL MINI ,CS Mint & Gum,FOOD,1,17.25,0,0.00%,17.25,0.01%,0.02%
NESTLE COFFEE MATE 400GM,CS Coffee,FOOD,1,17.25,0,0.00%,17.25,0.01%,0.02%
SMINT POCKET WILDBERRY,CS Mint & Gum,FOOD,3,17.25,0,0.00%,17.25,0.03%,0.02%
SWISS DELICE JAPONAIS BISCUITS 1,CS Chocolate ,FOOD,1,17.25,0,0.00%,17.25,0.01%,0.02%
12 OZ Hazel Nut Latte,Starbucks,FOOD,1,17,0,0.00%,17,0.01%,0.02%
16 OZ CARAMEL MACCHIATO,Starbucks,FOOD,1,17,0,0.00%,17,0.01%,0.02%
16 OZ PUMPKIN SPICED LATTE ,Coffee,FOOD,1,17,0,0.00%,17,0.01%,0.02%
ALPEN BAR STRAWBERRY YOGURT 29GM,CS Cereal,FOOD,4,17,0,0.00%,17,0.04%,0.02%
DAWAT TRADITIONAL BASMATI RICE 1,CS Coocking & Baking,FOOD,1,17,0,0.00%,17,0.01%,0.02%
JDS ALMOND THINS,Biscuit & Cookies,FOOD,1,17,0,0.00%,17,0.01%,0.02%
NECTAFLOR PREMIUM FRUIT MIX 200G,CS Dry Fruits,FOOD,1,17,0,0.00%,17,0.01%,0.02%
ALPRO SOYAMilkVanilaFlvr1L,CS Packet Juice,BEVERAGE,1,16.75,0,0.00%,16.75,0.01%,0.02%
DOVE BAR FRESH TOUCH 135GM,CS Soap & Handwash,NON FOOD,3,16.5,0,0.00%,16.5,0.03%,0.02%
V SOY ORIGINAL SOYA MILK 1L,Convenience Beverages,BEVERAGE,2,16.5,0,0.00%,16.5,0.02%,0.02%
DOVE DEO BEAUTY FINISH 150ML,CS Deodrants,NON FOOD,1,16.25,0,0.00%,16.25,0.01%,0.02%
LACNOR MILK BANANA 180ML,CS Packet Juice,BEVERAGE,13,16.25,0,0.00%,16.25,0.14%,0.02%
OB TAMPONS LIGHT DAYS 16PCS,CS Sanitary Care,NON FOOD,1,16.25,0,0.00%,16.25,0.01%,0.02%
7 UP CAN,Softdrinks,BEVERAGE,4,16,0,0.00%,16,0.04%,0.02%
ADD CARAMEL DRIZZLE,Starbucks,FOOD,4,16,0,0.00%,16,0.04%,0.02%
ADD FLAVOURED SYRUP,Starbucks,FOOD,4,16,0,0.00%,16,0.04%,0.02%
ADD WHIPPED CREAM,Starbucks,FOOD,4,16,0,0.00%,16,0.04%,0.02%
AL AIN WATER 1.5 LITER,Water,BEVERAGE,8,16,0,0.00%,16,0.08%,0.02%
CLOROX WIPES DISINFECTING CITRUS,CS Cleaning Supplies,NON FOOD,1,16,0,0.00%,16,0.01%,0.02%
COKE PET 500ML,CS Soft Drinks,BEVERAGE,8,16,0,0.00%,16,0.08%,0.02%
CROISSANT HI BUTTER ALMOND,CS Bakery,FOOD,4,16,0,0.00%,16,0.04%,0.02%
Espresso Doppio,Coffee,BEVERAGE,1,16,0,0.00%,16,0.01%,0.02%
EXTRA FRUIT FLVR 14PCS,CS Mint & Gum,FOOD,4,16,0,0.00%,16,0.04%,0.02%
EXTRA PELLET PEPPERMINT GUM,CS Mint & Gum,FOOD,8,16,0,0.00%,16,0.08%,0.02%
FALAFEL & HUMUS,Wraps,FOOD,1,16,0,0.00%,16,0.01%,0.02%
INDOMIE PILLOW 5 PCS VEGETABLE,CS Pasta & Noodles,FOOD,2,16,0,0.00%,16,0.02%,0.02%
JASMINE ICED TEA,Tea,FOOD,2,16,0,0.00%,16,0.02%,0.02%
MIRINDA ORANGE CAN,Softdrinks,BEVERAGE,4,16,0,0.00%,16,0.04%,0.02%
Mixed Juice,Fresh Juices,BEVERAGE,1,16,0,0.00%,16,0.01%,0.02%
Pain an Raisin,Dessert,FOOD,2,16,0,0.00%,16,0.02%,0.02%
Portion Starch,Main course,FOOD,2,16,0,0.00%,16,0.02%,0.02%
THE BERRY CO BLUEBERRY JUICE,Packet Juice,BEVERAGE,2,16,0,0.00%,16,0.02%,0.02%
MANI SWEET COCKTAIL NUTS FRUIT 4,CS Dry Fruits,FOOD,3,15.75,0,0.00%,15.75,0.03%,0.02%
WEETABIX ORIGINAL 430GM,CS Cereal,FOOD,1,15.75,0,0.00%,15.75,0.01%,0.02%
DOVEM+CIDDS150ML,CS Shampoo & Conditioner,NON FOOD,1,15.5,0,0.00%,15.5,0.01%,0.02%
VASELINE BW MEN 2 IN 1 220ML,CS Bath & Shower,NON FOOD,1,15.5,0,0.00%,15.5,0.01%,0.02%
COMFORT BABY CONCENTRATE 750ML,CS Laundry Care,NON FOOD,1,15.25,0,0.00%,15.25,0.01%,0.02%
COMFORT ORANGE ALOE VERA CONCENT,CS Laundry Care,NON FOOD,1,15.25,0,0.00%,15.25,0.01%,0.02%
Cadburry,Chocolate,FOOD,3,15,0,0.00%,15,0.03%,0.02%
Cookie,Dessert,FOOD,3,15,0,0.00%,15,0.03%,0.02%
Delivery Charges,Delivery charge,LABOR CHARGE,3,15,0,0.00%,15,0.03%,0.02%
DR OETKER H.B PICK STICK CANDLE,CS Disposable,NON FOOD,1,15,0,0.00%,15,0.01%,0.02%
GranAppleCunch,CS Cereal,FOOD,5,15,0,0.00%,15,0.05%,0.02%
JACK LINKS ORIGINAL BEEF JERKY 2,CS Chips & Snacks,FOOD,2,15,0,0.00%,15,0.02%,0.02%
KOKA BOWL SEAFOOD,CS Pasta & Noodles,FOOD,3,15,0,0.00%,15,0.03%,0.02%
KOKA BOWL TOM YUM,CS Pasta & Noodles,FOOD,3,15,0,0.00%,15,0.03%,0.02%
MentoGmBerryLime,CS Mint & Gum,FOOD,3,15,0,0.00%,15,0.03%,0.02%
NATURE VALLEY ROASTED ALMOND,CS Cereal,FOOD,5,15,0,0.00%,15,0.05%,0.02%
SCHOGETTEN HAZELNUT100G,CS Chocolate ,FOOD,3,15,0,0.00%,15,0.03%,0.02%
WALK IN LUNCH,WALK IN LUNCH,FOOD,1,15,0,0.00%,15,0.01%,0.02%
DOVE ROLLON EXTRA FRESH 50ML,CS Deodrants,NON FOOD,1,14.75,0,0.00%,14.75,0.01%,0.02%
DOVE HAND CREAM ESSENTIAL NOURIS,CS Shampoo & Conditioner,NON FOOD,1,14.25,0,0.00%,14.25,0.01%,0.02%
PERRIER WATER LEMON 330ML,CS Water,BEVERAGE,3,14.25,0,0.00%,14.25,0.03%,0.02%
REXONA STICK MEN QUANTUM 40GM,CS Deodrants,NON FOOD,1,14.25,0,0.00%,14.25,0.01%,0.02%
REXONA STICK WOMEN POWDER 40GM,CS Deodrants,NON FOOD,1,14.25,0,0.00%,14.25,0.01%,0.02%
VASELINE LOTION ESSENTIAL HEALIN,CS Body Care,NON FOOD,1,14.25,0,0.00%,14.25,0.01%,0.02%
AL AIN FRUIT FOREST YOGHURT 125G,CS Dairy ,FOOD,7,14,0,0.00%,14,0.07%,0.02%
ALO ALLURE MANGO JUICE,Fresh Juices,FOOD,1,14,0,0.00%,14,0.01%,0.02%
ALO APPEAL POMELO JUICE,Fresh Juices,FOOD,1,14,0,0.00%,14,0.01%,0.02%
ALO ENRICH POMEGRANATE JUICE,Fresh Juices,FOOD,1,14,0,0.00%,14,0.01%,0.02%
AMLacto Free Milk 1L,CS Dairy ,FOOD,2,14,0,0.00%,14,0.02%,0.02%
Chicken Noodle Suop,Soup ,FOOD,1,14,0,0.00%,14,0.01%,0.02%
CORNETTO I/C LOVE COOKIE,CS Ice Cream,FOOD,2,14,0,0.00%,14,0.02%,0.02%
FIRE FLY GRAPE FRUIT,Packet Juice,BEVERAGE,1,14,0,0.00%,14,0.01%,0.02%
IcedHazlnutmachiato,Nespresso,FOOD,1,14,0,0.00%,14,0.01%,0.02%
PEPSODENT TP GERMICHECK+BRUSH 15,CS Oral Care,NON FOOD,2,14,0,0.00%,14,0.02%,0.02%
NECTAFLOR PREMIUM GINGER 200GM,CS Dry Fruits,FOOD,1,13.75,0,0.00%,13.75,0.01%,0.02%
DgstiveBiscuits400g,Biscuit & Cookies,FOOD,1,13.5,0,0.00%,13.5,0.01%,0.02%
EMMENTHAL CHEESE PORTION 150G,CS Dairy ,FOOD,1,13.5,0,0.00%,13.5,0.01%,0.02%
SCHWEPPES SODA CAN 300M,CS Soft Drinks,BEVERAGE,9,13.5,0,0.00%,13.5,0.10%,0.02%
JACK LINKS 50GM ORIGINAL BEEF JE,CS Chips & Snacks,FOOD,1,13.25,0,0.00%,13.25,0.01%,0.02%
SIGNAL TP CENTER FRESH MOUTHWASH,CS Oral Care,NON FOOD,1,13.25,0,0.00%,13.25,0.01%,0.02%
BAYARA CASHEW SALTED 50GM,CS Nuts & Seeds,FOOD,4,13,0,0.00%,13,0.04%,0.02%
CAPRISUN MANGO,CS Packet Juice,BEVERAGE,13,13,0,0.00%,13,0.14%,0.02%
LADY CHOICE CREAMY PEANUT BUTTER,CS Can & Jar Food,FOOD,1,13,0,0.00%,13,0.01%,0.02%
CLEARLY SCRUMPTIOUS CRANBERRY 30,CS Dry Fruits,FOOD,1,12.75,0,0.00%,12.75,0.01%,0.02%
HANSAPLAST EXTRA TOUGH WWATER PR,CS Others,NON FOOD,1,12.25,0,0.00%,12.25,0.01%,0.02%
PURELL REFRESHING HAND SANITIZER,CS Soap & Handwash,NON FOOD,1,12.25,0,0.00%,12.25,0.01%,0.02%
12 OZ ICED AMERICANO,Coffee,FOOD,1,12,0,0.00%,12,0.01%,0.02%
AL AIN LABAN 250ML,CS Dairy ,FOOD,6,12,0,0.00%,12,0.06%,0.02%
AL AIN MORNING BLACKBERRY MUSELI,CS Dairy ,FOOD,4,12,0,0.00%,12,0.04%,0.02%
CADBURY DM CHOCOLATE 37GM,CS Chocolate ,FOOD,4,12,0,0.00%,12,0.04%,0.02%
COCA COLA PET 500ML,Softdrinks,BEVERAGE,2,12,0,0.00%,12,0.02%,0.02%
CROISSANT HI BUTTER CHEESE,CS Bakery,FOOD,4,12,0,0.00%,12,0.04%,0.02%
DOVE SH NUTRITIVE 2 IN 1 DAILY C,CS Shampoo & Conditioner,NON FOOD,1,12,0,0.00%,12,0.01%,0.02%
DOVE SH NUTRITIVE DAILY CARE 200,CS Shampoo & Conditioner,NON FOOD,1,12,0,0.00%,12,0.01%,0.02%
ESPRESSO MACCHIATO DOUBLE,Coffee,FOOD,1,12,0,0.00%,12,0.01%,0.02%
FrostiesCMB25g,CS Cereal,FOOD,4,12,0,0.00%,12,0.04%,0.02%
GATORADE BLUE BOLT,Energy Drinks,BEVERAGE,1,12,0,0.00%,12,0.01%,0.02%
MANI 20G PEANUTS SPICY PAPRIKA,CS Dry Fruits,FOOD,8,12,0,0.00%,12,0.08%,0.02%
Pepsi,Softdrinks,BEVERAGE,3,12,0,0.00%,12,0.03%,0.02%
PEPSI DIET CAN 335ML ,CS Soft Drinks,BEVERAGE,8,12,0,0.00%,12,0.08%,0.02%
PERRIER WATER 750ML,Water,BEVERAGE,1,12,0,0.00%,12,0.01%,0.02%
SNAPPLES KIWI & STRAWBERRY,Fresh Juices,BEVERAGE,1,12,0,0.00%,12,0.01%,0.02%
SPRITE LIGHT CAN,Softdrinks,BEVERAGE,3,12,0,0.00%,12,0.03%,0.02%
STRAIGHT DUTCH,Smoothies,BEVERAGE,1,12,0,0.00%,12,0.01%,0.02%
Veg Noodle Soup,Soup ,FOOD,1,12,0,0.00%,12,0.01%,0.02%
Yardly Red Roses 200ml,CS Deodrants,NON FOOD,1,12,0,0.00%,12,0.01%,0.02%
DOLMIO BOLOGNESE LOW FAT SAUCE 5,CS Sauce,FOOD,1,11.5,0,0.00%,11.5,0.01%,0.02%
DOLMIO BOLOGNESE SPICY SAUCE 500,CS Sauce,FOOD,1,11.5,0,0.00%,11.5,0.01%,0.02%
LIFEBUOY HW TOTAL 10 200ML,CS Soap & Handwash,NON FOOD,1,11.5,0,0.00%,11.5,0.01%,0.02%
PHILADELPHIA LIGHT CHEESE SPREAD,CS Dairy ,FOOD,1,11.5,0,0.00%,11.5,0.01%,0.02%
HEINZ TIN SOUP SPRING VEGETABLE ,CS Can & Jar Food,FOOD,1,11.25,0,0.00%,11.25,0.01%,0.01%
POKKA LEMON ICED TEA 330ML,CS Soft Drinks,BEVERAGE,5,11.25,0,0.00%,11.25,0.05%,0.01%
DR.OETKER WHITE CHOCOLATE 26% BU,CS Coocking & Baking,FOOD,1,11,0,0.00%,11,0.01%,0.01%
LUX HW SILK SENSATION 250ML,CS Shampoo & Conditioner,NON FOOD,1,11,0,0.00%,11,0.01%,0.01%
LUX HW SOFT TOUCH 250ML,CS Soap & Handwash,NON FOOD,1,11,0,0.00%,11,0.01%,0.01%
LUX HW SWEET EMBRACE 250ML,CS Shampoo & Conditioner,NON FOOD,1,11,0,0.00%,11,0.01%,0.01%
ORAL B FLOSS WAXED,CS Oral Care,NON FOOD,1,11,0,0.00%,11,0.01%,0.01%
PANTENE SH DAILY CARE 200ML,CS Shampoo & Conditioner,NON FOOD,1,11,0,0.00%,11,0.01%,0.01%
"BUN BREAD PLAIN 4"" 6 PCS",CS Bakery,FOOD,3,10.5,0,0.00%,10.5,0.03%,0.01%
DOUGHNUT ICING WHITE,CS Bakery,FOOD,7,10.5,0,0.00%,10.5,0.07%,0.01%
HARIBO CUP BERRIES 175GM,CS Mint & Gum,FOOD,1,10.5,0,0.00%,10.5,0.01%,0.01%
KOKA CUP CHICKEN,CS Pasta & Noodles,FOOD,3,10.5,0,0.00%,10.5,0.03%,0.01%
ORAL B BRUSH CLASSIC,CS Oral Care,NON FOOD,3,10.5,0,0.00%,10.5,0.03%,0.01%
SCHOGETTEN PRALINE NOISETTES 100,CS Chocolate ,FOOD,2,10.5,0,0.00%,10.5,0.02%,0.01%
WalkersChocolate Chips40g,Biscuits,FOOD,3,10.5,0,0.00%,10.5,0.03%,0.01%
WALKERS SB FINGERS 40G,Biscuit & Cookies,FOOD,3,10.5,0,0.00%,10.5,0.03%,0.01%
BETTY CROCKER CHOCOLATE FUDGE SU,CS Coocking & Baking,FOOD,1,10.25,0,0.00%,10.25,0.01%,0.01%
SLIM PASTA FETTUCCINE 270GM,CS Pasta & Noodles,FOOD,1,10.25,0,0.00%,10.25,0.01%,0.01%
SLIM PASTA PENNE 270GM,CS Pasta & Noodles,FOOD,1,10.25,0,0.00%,10.25,0.01%,0.01%
ADD SOYA MILK,Starbucks,FOOD,5,10,0,0.00%,10,0.05%,0.01%
AL AIN YOGHURT FULL CREAM 170GM,CS Dairy ,FOOD,8,10,0,0.00%,10,0.08%,0.01%
Al R. p.apple & Guava,CS Packet Juice,BEVERAGE,4,10,0,0.00%,10,0.04%,0.01%
ARIEL 260GM GREEN,CS Laundry Care,NON FOOD,2,10,0,0.00%,10,0.02%,0.01%
BEST 40GM MIXED NUTS,CS Nuts & Seeds,FOOD,4,10,0,0.00%,10,0.04%,0.01%
CARTE DOR VANILLA 1 SCOOP,Ice cream,FOOD,2,10,0,0.00%,10,0.02%,0.01%
CROISSANT CHEESE,CS Bakery,FOOD,5,10,0,0.00%,10,0.05%,0.01%
DOUGHNUT PLAIN,CS Bakery,FOOD,5,10,0,0.00%,10,0.05%,0.01%
EXTRA PELLET SPEARMINT GUM,CS Mint & Gum,FOOD,5,10,0,0.00%,10,0.05%,0.01%
FANTA PET 500ML,CS Soft Drinks,BEVERAGE,5,10,0,0.00%,10,0.05%,0.01%
Fresh Water Melon,Fresh Juices,BEVERAGE,1,10,0,0.00%,10,0.01%,0.01%
GLASS OF SOYA MILK,Soya Milk,FOOD,1,10,0,0.00%,10,0.01%,0.01%
Kit Kat,Chocolate,FOOD,2,10,0,0.00%,10,0.02%,0.01%
KIT KAT 4 FINGERS,CS Chocolate ,FOOD,2,10,0,0.00%,10,0.02%,0.01%
PEAR DRAGON LOOSE TEA,Tea,FOOD,1,10,0,0.00%,10,0.01%,0.01%
SINGLE ASSAM LOOSE TEA,Tea,FOOD,1,10,0,0.00%,10,0.01%,0.01%
SLICED BREAD WHITE JUMBO,CS Bakery,FOOD,2,10,0,0.00%,10,0.02%,0.01%
Sweet Potato Wedges,Extras,FOOD,1,10,0,0.00%,10,0.01%,0.01%
HEINZ TIN SOUP LENTIL 400GM,CS Can & Jar Food,FOOD,1,9.75,0,0.00%,9.75,0.01%,0.01%
JACK LINKS STICK PEPPERED BEEF J,CS Chips & Snacks,FOOD,3,9.75,0,0.00%,9.75,0.03%,0.01%
M&M MINIS TUBE 30GM,CS Chocolate ,FOOD,3,9.75,0,0.00%,9.75,0.03%,0.01%
SUNSILK SH ANTI DANDRUFF SOLUTIO,CS Shampoo & Conditioner,NON FOOD,1,9.75,0,0.00%,9.75,0.01%,0.01%
SUNSILK SH PROGRESSIVE DAMAGE 20,CS Shampoo & Conditioner,NON FOOD,1,9.75,0,0.00%,9.75,0.01%,0.01%
VOCHELLE BLOCK DAIRY MILK 180G,CS Chocolate ,FOOD,1,9.75,0,0.00%,9.75,0.01%,0.01%
VOCHELLE BLOCK FRUIT&NUTS 180G,CS Chocolate ,FOOD,1,9.75,0,0.00%,9.75,0.01%,0.01%
HNZ FZ SW CORN450g,CS Can & Jar Food,FOOD,1,9.5,0,0.00%,9.5,0.01%,0.01%
TAMRAH CHOCO DARK ZIPPER BAG 100,CS Dry Fruits,FOOD,1,9.5,0,0.00%,9.5,0.01%,0.01%
TAMRAH COCO DATES ZIPPER BAG 100,CS Dry Fruits,FOOD,1,9.5,0,0.00%,9.5,0.01%,0.01%
CERES PEAR JUICE 1L,CS Packet Juice,BEVERAGE,1,9.25,0,0.00%,9.25,0.01%,0.01%
CRUNCHOS SUNFLOWER SEEDS 200GM,CS Dry Fruits,FOOD,1,9.25,0,0.00%,9.25,0.01%,0.01%
AL MARAI CHEESE 8 TRIANGLES 120G,CS Dairy ,FOOD,3,9,0,0.00%,9,0.03%,0.01%
AL MARAI YOGHURT FULL CREAM 170G,CS Dairy ,FOOD,6,9,0,0.00%,9,0.06%,0.01%
CARTE DOR KAYMAK 2 SCOOP,Ice cream,FOOD,1,9,0,0.00%,9,0.01%,0.01%
COKE ZERO CAN 300M,CS Soft Drinks,BEVERAGE,6,9,0,0.00%,9,0.06%,0.01%
CROISSANT PLAIN,CS Bakery,FOOD,6,9,0,0.00%,9,0.06%,0.01%
EXT BAR PEANUT,CS Cereal,FOOD,1,9,0,0.00%,9,0.01%,0.01%
HANSAPLAST 20 STRIPS ELASTIC 2 S,CS Others,NON FOOD,1,9,0,0.00%,9,0.01%,0.01%
Lacnor Low Fat Milk 1L,CS Dairy ,BEVERAGE,2,9,0,0.00%,9,0.02%,0.01%
Potato Wedges,Extras,FOOD,1,9,0,0.00%,9,0.01%,0.01%
SCHWEPPES BITTER LEMON 300M,CS Soft Drinks,BEVERAGE,6,9,0,0.00%,9,0.06%,0.01%
SLICED BREAD WHITE MEDIUM,CS Bakery,FOOD,3,9,0,0.00%,9,0.03%,0.01%
LACNOR MILK STRAWBERRY 180ML,CS Packet Juice,BEVERAGE,7,8.75,0,0.00%,8.75,0.07%,0.01%
BROOKBOND TEA BAG 25 PCS,CS Tea,FOOD,2,8.5,0,0.00%,8.5,0.02%,0.01%
ENERGIZER AA 2 PCS,CS Others,NON FOOD,1,8.5,0,0.00%,8.5,0.01%,0.01%
PEPSODENT TP CENTER FRESH 150G,CS Oral Care,NON FOOD,1,8.5,0,0.00%,8.5,0.01%,0.01%
FAIRY WHITE REGULAR 500ML,CS Dishwashing,NON FOOD,1,8.25,0,0.00%,8.25,0.01%,0.01%
ABC Chilli Sauce395g,CS Sauce,FOOD,1,8,0,0.00%,8,0.01%,0.01%
ADD WHIPPED CREAM,Starbucks,FOOD,2,8,0,0.00%,8,0.02%,0.01%
BOGUTTI CHOCOFIT CHOCO CRANBERRY,Biscuit & Cookies,FOOD,1,8,0,0.00%,8,0.01%,0.01%
BREAD BASKET,Condiments,FOOD,1,8,0,0.00%,8,0.01%,0.01%
COKE LIGHT PET 500ML,CS Soft Drinks,BEVERAGE,4,8,0,0.00%,8,0.04%,0.01%
CORN ON THE COB,Salads,FOOD,1,8,0,0.00%,8,0.01%,0.01%
D Sprite,Softdrinks,BEVERAGE,2,8,0,0.00%,8,0.02%,0.01%
"FALCON PAPER PLATES 9"" 100PCS",CS Disposable,NON FOOD,1,8,0,0.00%,8,0.01%,0.01%
Fresh Carrot & Orange,Fresh Juices,BEVERAGE,1,8,0,0.00%,8,0.01%,0.01%
FUN PLASTIC PLATE FUCHSIA 10PCS ,CS Disposable,NON FOOD,1,8,0,0.00%,8,0.01%,0.01%
HIBISCUS ICED TEA,Tea,FOOD,1,8,0,0.00%,8,0.01%,0.01%
HONEY & MUSTARD SAUCE,Extras,FOOD,4,8,0,0.00%,8,0.04%,0.01%
INDOMIE PILLOW 5 PCS CHICKEN,CS Pasta & Noodles,FOOD,1,8,0,0.00%,8,0.01%,0.01%
INDOMIE PILLOW 5 PCS SPECIAL CHI,CS Pasta & Noodles,FOOD,1,8,0,0.00%,8,0.01%,0.01%
LAYS 40GM SALT VINEGAR,CS Chips & Snacks,FOOD,4,8,0,0.00%,8,0.04%,0.01%
Lemon Drizzle,Dessert,FOOD,1,8,0,0.00%,8,0.01%,0.01%
LEMON DRIZZLE CAKE,Dessert,FOOD,1,8,0,0.00%,8,0.01%,0.01%
PASSION FRUIT ICED TEA,Tea,FOOD,1,8,0,0.00%,8,0.01%,0.01%
Pepsi Light,Softdrinks,BEVERAGE,2,8,0,0.00%,8,0.02%,0.01%
SMINT CANDY GUM STRAWBERRY 14.2G,CS Mint & Gum,FOOD,2,8,0,0.00%,8,0.02%,0.01%
SPRITE CAN,Softdrinks,BEVERAGE,2,8,0,0.00%,8,0.02%,0.01%
SUBSTITUTE SOYA ALMOND,Soya Milk,FOOD,2,8,0,0.00%,8,0.02%,0.01%
THE BERRY CO BLACK TEA ELDERFLOW,Packet Juice,BEVERAGE,1,8,0,0.00%,8,0.01%,0.01%
THE BERRY CO CRANBERRY JUICE,Packet Juice,BEVERAGE,1,8,0,0.00%,8,0.01%,0.01%
THE BERRY CO GOJI BERRY JUICE,Packet Juice,BEVERAGE,1,8,0,0.00%,8,0.01%,0.01%
Veg Fried Rice,Main course,FOOD,1,8,0,0.00%,8,0.01%,0.01%
ALWAYS NIGHT WINGS 8 PCS,CS Sanitary Care,NON FOOD,1,7.75,0,0.00%,7.75,0.01%,0.01%
MARS BAR 51GM,CS Chocolate ,FOOD,2,7.75,0,0.00%,7.75,0.02%,0.01%
AL AIN FRESH WATERMELON JUICE 33,CS Packet Juice,BEVERAGE,1,7.5,0,0.00%,7.5,0.01%,0.01%
AlwaysUltraFreshExLong7,CS Sanitary Care,NON FOOD,1,7.5,0,0.00%,7.5,0.01%,0.01%
AlwaysUltraNightFresh6,CS Sanitary Care,NON FOOD,1,7.5,0,0.00%,7.5,0.01%,0.01%
CROISSANT CHOCOLATE,CS Bakery,FOOD,3,7.5,0,0.00%,7.5,0.03%,0.01%
EXTRA TABS SPEARMINT GUM,CS Mint & Gum,FOOD,2,7.5,0,0.00%,7.5,0.02%,0.01%
FANTA STRAWBERRY 355M,CS Soft Drinks,BEVERAGE,5,7.5,0,0.00%,7.5,0.05%,0.01%
HEINZ TUNA FLAKES OIL TIN 185GM,CS Can & Jar Food,FOOD,1,7.5,0,0.00%,7.5,0.01%,0.01%
BARILLA PASTA SPAGHETTI NO.5 500,CS Pasta & Noodles,FOOD,1,7.25,0,0.00%,7.25,0.01%,0.01%
AL AIN FRESH GRAPEFRUIT JUICE330,CS Packet Juice,BEVERAGE,1,7,0,0.00%,7,0.01%,0.01%
Cinammon Rolls,Breakfast,FOOD,1,7,0,0.00%,7,0.01%,0.01%
CORNETTO I/C LOVE TOFFEE,CS Ice Cream,FOOD,1,7,0,0.00%,7,0.01%,0.01%
FERRARELLE WATER 330ML,Water,BEVERAGE,1,7,0,0.00%,7,0.01%,0.01%
FRUIT TELLA STRAWBERRY 39G,CS Mint & Gum,FOOD,4,7,0,0.00%,7,0.04%,0.01%
Ginger Ale,Softdrinks,BEVERAGE,1,7,0,0.00%,7,0.01%,0.01%
JIF CREAM ORIGINAL REGULAR 250ML,CS Dishwashing,NON FOOD,1,7,0,0.00%,7,0.01%,0.01%
KOKA CUP MUSHROOM,CS Pasta & Noodles,FOOD,2,7,0,0.00%,7,0.02%,0.01%
LUX BAR SECRET BLISS 120GM,CS Soap & Handwash,NON FOOD,2,7,0,0.00%,7,0.02%,0.01%
NESCAFE CAPPUCINO SACHET 1PCS,CS Coffee,FOOD,3,6.75,0,0.00%,6.75,0.03%,0.01%
BOGUTTI AMERICAN COOKIES CHOCO C,Biscuit & Cookies,FOOD,1,6.5,0,0.00%,6.5,0.01%,0.01%
CARTE D'OR SMALL CUP CHOCOLATE,CS Chocolate ,FOOD,1,6.5,0,0.00%,6.5,0.01%,0.01%
CARTE D'OR SMALL CUP STRAWBERRY,CS Chocolate ,FOOD,1,6.5,0,0.00%,6.5,0.01%,0.01%
GALAXY HAZELNUT 40GM,CS Chocolate ,FOOD,2,6.5,0,0.00%,6.5,0.02%,0.01%
LIPTON GREEN TEA LEMON TEA BAG 2,CS Tea,FOOD,1,6.5,0,0.00%,6.5,0.01%,0.01%
TOBLERONE WHITE 35GM,CS Chocolate ,FOOD,2,6.5,0,0.00%,6.5,0.02%,0.01%
LAYS FRENCH CHEESE 185GM,CS Chips & Snacks,FOOD,1,6.25,0,0.00%,6.25,0.01%,0.01%
REMIA 1000 ISLAND DRESSING 250ML,CS Sauce,FOOD,1,6.25,0,0.00%,6.25,0.01%,0.01%
Add Mini PastryCombo,Dessert,FOOD,6,6,0,0.00%,6,0.06%,0.01%
AL AIN FRESH CARROT JUICE 330ML,CS Fresh Juice,BEVERAGE,1,6,0,0.00%,6,0.01%,0.01%
BAYARA CHANA DAL 400GM,CS Coocking & Baking,FOOD,2,6,0,0.00%,6,0.02%,0.01%
BEST 13GM ALMOND,CS Nuts & Seeds,FOOD,2,6,0,0.00%,6,0.02%,0.01%
BEST 30GM SALTED PISTACHIO,CS Nuts & Seeds,FOOD,2,6,0,0.00%,6,0.02%,0.01%
CAPRISUN MIXED FRUIT,CS Packet Juice,BEVERAGE,6,6,0,0.00%,6,0.06%,0.01%
COKE CAN 300ML,CS Soft Drinks,BEVERAGE,4,6,0,0.00%,6,0.04%,0.01%
DOUGHNUT JAM,CS Bakery,FOOD,4,6,0,0.00%,6,0.04%,0.01%
EXTRA PELLET LIME,Biscuit & Cookies,FOOD,3,6,0,0.00%,6,0.03%,0.01%
EXTRA PELLET WATERMELON GUM ,CS Mint & Gum,FOOD,3,6,0,0.00%,6,0.03%,0.01%
EXTRA VEGTABLES,Salads,FOOD,2,6,0,0.00%,6,0.02%,0.01%
GLAD ALUMINIUM FOIL 25 SQ FEET,CS Bags/Foil/Wraps,NON FOOD,1,6,0,0.00%,6,0.01%,0.01%
Khubus Bread,Breakfast,FOOD,3,6,0,0.00%,6,0.03%,0.01%
LIP MAGIC AROMA 25TB,CS Tea,FOOD,1,6,0,0.00%,6,0.01%,0.01%
Perrier Water,Water,BEVERAGE,1,6,0,0.00%,6,0.01%,0.01%
Pineapple,Pizza,FOOD,1,6,0,0.00%,6,0.01%,0.01%
SCHWEPPES GINGER ALE 300M,CS Soft Drinks,BEVERAGE,4,6,0,0.00%,6,0.04%,0.01%
SPRITE PET 500ML,CS Soft Drinks,BEVERAGE,3,6,0,0.00%,6,0.03%,0.01%
GROWERS PACKET ORIENTAL PEANUTS,CS Nuts & Seeds,FOOD,1,5.5,0,0.00%,5.5,0.01%,0.01%
VOCHELLE DARK CHOC FRUIT & NUTS ,CS Chocolate ,FOOD,1,5.5,0,0.00%,5.5,0.01%,0.01%
A/G Apple Cider Vinegar 16oz,CS Can & Jar Food,FOOD,1,5.25,0,0.00%,5.25,0.01%,0.01%
A/G U.S MUSTARD SQUEEZE 8OZ,CS Can & Jar Food,FOOD,1,5.25,0,0.00%,5.25,0.01%,0.01%
AL AIN KIWI APPLE YOGHURT 125GM,CS Dairy ,FOOD,3,5.25,0,0.00%,5.25,0.03%,0.01%
SCHOGETTEN STRAWBERRY YOGURT100G,CS Chocolate ,FOOD,1,5.25,0,0.00%,5.25,0.01%,0.01%
TIDE 110GM ORIGINAL SCENT,CS Laundry Care,NON FOOD,3,5.25,0,0.00%,5.25,0.03%,0.01%
AL RABIE LIME KIWI 330ML,CS Packet Juice,BEVERAGE,2,5,0,0.00%,5,0.02%,0.01%
AL RABIE MANGO PASSION 330ML,CS Fresh Juice,BEVERAGE,2,5,0,0.00%,5,0.02%,0.01%
CARTE DOR BANANA 1 SCOOP,Ice cream,FOOD,1,5,0,0.00%,5,0.01%,0.01%
CARTE DOR S.BERRY 1 SCOOP,Ice cream,FOOD,1,5,0,0.00%,5,0.01%,0.01%
COKE LIGHT LARGE 2.25L,CS Soft Drinks,BEVERAGE,1,5,0,0.00%,5,0.01%,0.01%
Extra Fruit,TOPPINGS,FOOD,1,5,0,0.00%,5,0.01%,0.01%
FUN12OZMLTI,CS Disposable,NON FOOD,1,5,0,0.00%,5,0.01%,0.01%
FUN POLICE WHISTLE BALOON 4PCS,CS Disposable,NON FOOD,1,5,0,0.00%,5,0.01%,0.01%
KOKA BOWL MUSHROOM,CS Pasta & Noodles,FOOD,1,5,0,0.00%,5,0.01%,0.01%
Mars,Chocolate,FOOD,1,5,0,0.00%,5,0.01%,0.01%
MentoGmWatrMelon,CS Mint & Gum,FOOD,1,5,0,0.00%,5,0.01%,0.01%
SNICKERS BAR,Chocolate,FOOD,1,5,0,0.00%,5,0.01%,0.01%
VOLVIC WATER 500ML,Water,BEVERAGE,1,5,0,0.00%,5,0.01%,0.01%
SCRUMMIES CHERRY CRANBERRIES 20G,CS Dry Fruits,FOOD,1,4.75,0,0.00%,4.75,0.01%,0.01%
7 UP DIET 355ML ,CS Soft Drinks,BEVERAGE,3,4.5,0,0.00%,4.5,0.03%,0.01%
BEST 30GM SALTED PEANUTS,CS Nuts & Seeds,FOOD,3,4.5,0,0.00%,4.5,0.03%,0.01%
HeinzBaked Beans415g ,CS Can & Jar Food,FOOD,1,4.5,0,0.00%,4.5,0.01%,0.01%
KNORR PACKET GOURMET WHITE GREEN,CS Packet Food,FOOD,1,4.5,0,0.00%,4.5,0.01%,0.01%
PEPSI CAN 355ML ,CS Soft Drinks,BEVERAGE,3,4.5,0,0.00%,4.5,0.03%,0.01%
SCHWEPPES TONIC WATER CAN 300M,CS Soft Drinks,BEVERAGE,3,4.5,0,0.00%,4.5,0.03%,0.01%
SPRITE CAN 330ML ,CS Soft Drinks,BEVERAGE,3,4.5,0,0.00%,4.5,0.03%,0.01%
SPRITE LIGHT CAN 330ML ,CS Soft Drinks,BEVERAGE,3,4.5,0,0.00%,4.5,0.03%,0.01%
THAI CHOICE VEGTBLE,CS Pasta & Noodles,FOOD,1,4.5,0,0.00%,4.5,0.01%,0.01%
ALPEN BAR FRUIT NUT 28GM,CS Cereal,FOOD,1,4.25,0,0.00%,4.25,0.01%,0.01%
ALPEN BAR FRUIT NUT MILK CHOCOLA,CS Cereal,FOOD,1,4.25,0,0.00%,4.25,0.01%,0.01%
7 Up,Softdrinks,BEVERAGE,1,4,0,0.00%,4,0.01%,0.01%
ADD CARAMEL DRIZZLE,Starbucks,FOOD,1,4,0,0.00%,4,0.01%,0.01%
ADD FLAVOURED SYRUP,Starbucks,FOOD,1,4,0,0.00%,4,0.01%,0.01%
CAPRISUN APPLE,CS Packet Juice,BEVERAGE,4,4,0,0.00%,4,0.04%,0.01%
EXTRA PELLET STRAWBERRY GUM,Biscuit & Cookies,FOOD,2,4,0,0.00%,4,0.02%,0.01%
Fanta,Softdrinks,BEVERAGE,1,4,0,0.00%,4,0.01%,0.01%
FUN WOODEN SPOON 25PCS,CS Disposable,NON FOOD,1,4,0,0.00%,4,0.01%,0.01%
GLASS OF MILK,Milk,FOOD,1,4,0,0.00%,4,0.01%,0.01%
LAYS CHEESE & ONION 40G,CHIPS,FOOD,1,4,0,0.00%,4,0.01%,0.01%
LIPTON LEMON ICED TEA,Tea,BEVERAGE,1,4,0,0.00%,4,0.01%,0.01%
LIPTON PEACH ICED TEA,Tea,BEVERAGE,1,4,0,0.00%,4,0.01%,0.01%
MANI PEANUTS SPICY PAPRIKA 45G,CS Dry Fruits,FOOD,1,4,0,0.00%,4,0.01%,0.01%
Mountain Dew,Softdrinks,BEVERAGE,1,4,0,0.00%,4,0.01%,0.01%
SMINT CANDY GUM BLACKBERRY 14.2G,CS Mint & Gum,FOOD,1,4,0,0.00%,4,0.01%,0.01%
Sprite,Softdrinks,BEVERAGE,1,4,0,0.00%,4,0.01%,0.01%
SUBSTITUTE SOYA,Soya Milk,FOOD,1,4,0,0.00%,4,0.01%,0.01%
WRIGLEYS JUICY FRUIT STICK BANAN,CS Mint & Gum,FOOD,4,4,0,0.00%,4,0.04%,0.01%
BREAD ROLL ENGLISH BROWN,CS Bakery,FOOD,1,3.5,0,0.00%,3.5,0.01%,0.00%
"BUN BREAD SEASAME 4"" 6 PCS",CS Bakery,FOOD,1,3.5,0,0.00%,3.5,0.01%,0.00%
FRUIT TELLA ORANGE 36G,CS Mint & Gum,FOOD,2,3.5,0,0.00%,3.5,0.02%,0.00%
KOKA CUP NODLE VEG,CS Pasta & Noodles,FOOD,1,3.5,0,0.00%,3.5,0.01%,0.00%
KOKA CUP SPICY SHRIMP,CS Pasta & Noodles,FOOD,1,3.5,0,0.00%,3.5,0.01%,0.00%
MENTOS 38GM CHEWY COLA,CS Mint & Gum,FOOD,2,3.5,0,0.00%,3.5,0.02%,0.00%
MENTOS 38GM CHEWY FRUIT,CS Mint & Gum,FOOD,2,3.5,0,0.00%,3.5,0.02%,0.00%
BAYARA PROVENCE HERBS BOTTLE 100,CS Spices & Herbs,FOOD,1,3.25,0,0.00%,3.25,0.01%,0.00%
BEST 30GM SALTED CASHEWS,CS Nuts & Seeds,FOOD,1,3.25,0,0.00%,3.25,0.01%,0.00%
GALAXY SMOOTH MILK 40GM,CS Chocolate ,FOOD,1,3.25,0,0.00%,3.25,0.01%,0.00%
INDOMIE CUP VEGETABLE,CS Pasta & Noodles,FOOD,1,3.25,0,0.00%,3.25,0.01%,0.00%
7 UP CAN 355 ML,CS Soft Drinks,BEVERAGE,2,3,0,0.00%,3,0.02%,0.00%
AL AIN MORNING CRANBERRY MUSELI ,CS Dairy ,FOOD,1,3,0,0.00%,3,0.01%,0.00%
AL MARAI LABAN FULL FAT 360ML,CS Dairy ,FOOD,1,3,0,0.00%,3,0.01%,0.00%
CADBURY DM HAZELNUT 37GM,CS Chocolate ,FOOD,1,3,0,0.00%,3,0.01%,0.00%
Canadian Maple Syrup,Cereal Bar,FOOD,1,3,0,0.00%,3,0.01%,0.00%
COKE LIGHT CAN 300ML,CS Soft Drinks,BEVERAGE,2,3,0,0.00%,3,0.02%,0.00%
NATURE VALLEY CANADIAN MAPLE SYR,CS Cereal,FOOD,1,3,0,0.00%,3,0.01%,0.00%
A/G IODIZED SALT 26OZ,CS Can & Jar Food,FOOD,1,2.5,0,0.00%,2.5,0.01%,0.00%
AL RABIE ORANGE 330ML,CS Packet Juice,BEVERAGE,1,2.5,0,0.00%,2.5,0.01%,0.00%
AL RABIE ORANGE PEACH 330ML,Fresh Juices,BEVERAGE,1,2.5,0,0.00%,2.5,0.01%,0.00%
Nail Cutter ,CS Others,NON FOOD,1,2.5,0,0.00%,2.5,0.01%,0.00%
NESCAFE SACHET RED MUG 1 PCS,CS Coffee,FOOD,3,2.25,0,0.00%,2.25,0.03%,0.00%
7 UP PET 500ML,Softdrinks,BEVERAGE,1,2,0,0.00%,2,0.01%,0.00%
PEPSI DIET PET 500M,CS Soft Drinks,BEVERAGE,1,2,0,0.00%,2,0.01%,0.00%
MENTOS ICE SPEARMINT 10G,CS Mint & Gum,FOOD,1,1.25,0,0.00%,1.25,0.01%,0.00%
CAPRISUN ORANGE,CS Packet Juice,BEVERAGE,1,1,0,0.00%,1,0.01%,0.00%
NUTRO GLUCOSE MILK HONEY BISCUIT,Biscuit & Cookies,FOOD,1,1,0,0.00%,1,0.01%,0.00%
COMB ROUND,CS Others,NON FOOD,1,0.75,0,0.00%,0.75,0.01%,0.00%
Al Ain 1.5 L,Water,BEVERAGE,4,0,0,0.00%,0,0.04%,0.00%
Coffee Filter,Tea,BEVERAGE,6,0,0,0.00%,0,0.06%,0.00%
FRUIT JUICE,Fresh Juices,BEVERAGE,8,0,0,0.00%,0,0.08%,0.00%
Tea Regular,Tea,BEVERAGE,3,0,0,0.00%,0,0.03%,0.00%
TOTAL*,,,"7,957","76,311.00",0,0.00%,"76,311.00",84.09%,100.00%
,,,,,,,,,
