Menu Engineering Items Summary,,,,,,,,,
,,,,,,,,,
Business Dates,2/26/2016,,,,,,,,
Locations,"DEMO,UAE",,,,,,,,
Revenue Centers,All,,,,,,,,
Menu Items,All,,,,,,,,
,,,,,,,,,
Menu Item Name,Family Group,Major Group,Qty Sold,Net Sales,Prep Cost,Cost %,Margin Less Item Disc,% Qty,% Margin
Stud Meal Combo,Main course,FOOD,186,"5,520.00",0,0.00%,"5,520.00",2.81%,11.77%
Student Breakfast,Breakfast,FOOD,48,"1,440.00",0,0.00%,"1,440.00",0.72%,3.07%
Open Food,Open Food,FOOD,4,"1,425.00",0,0.00%,"1,425.00",0.06%,3.04%
MARINATED SALMON STEAK,Grill,FOOD,45,"1,350.00",0,0.00%,"1,350.00",0.68%,2.88%
BEEF MEAL,Main course,FOOD,50,"1,250.00",0,0.00%,"1,250.00",0.75%,2.67%
CHICKEN MEAL ,Main course,FOOD,44,"1,100.00",0,0.00%,"1,100.00",0.66%,2.35%
Classic Angus Burger,Burgers,FOOD,36,"1,080.00",0,0.00%,"1,080.00",0.54%,2.30%
VEGGIE MEAL,Veggie,FOOD,39,858,0,0.00%,858,0.59%,1.83%
BBQ Glazed Chicken,Sandwiches,FOOD,34,714,0,0.00%,714,0.51%,1.52%
Chicken Caesar,Salads,FOOD,26,650,0,0.00%,650,0.39%,1.39%
Masafi Water500ml,Water,BEVERAGE,616,616,0,0.00%,616,9.30%,1.31%
BUTTER FLY CHICKEN BREAST ,Grill,FOOD,25,600,0,0.00%,600,0.38%,1.28%
Margherita(V),Pizza,FOOD,24,600,0,0.00%,600,0.36%,1.28%
MEAT PLATTER,Main course,FOOD,20,600,0,0.00%,600,0.30%,1.28%
Tenderloin Steak,Burgers,FOOD,20,600,0,0.00%,600,0.30%,1.28%
Fresh Fruit Pcs,Extras,FOOD,187,561,0,0.00%,561,2.82%,1.20%
Grilled Chicken Burger,Burgers,FOOD,23,552,0,0.00%,552,0.35%,1.18%
Chicken Steak,Grill,FOOD,21,504,0,0.00%,504,0.32%,1.07%
LACNOR APPLE 180ML,Fresh Juices,BEVERAGE,124,496,0,0.00%,496,1.87%,1.06%
Latte Macchiato,Nespresso,FOOD,39,468,0,0.00%,468,0.59%,1.00%
Buffet Meal,Main course,FOOD,21,462,0,0.00%,462,0.32%,0.99%
Falafel Tomato & Hummus(V),Sandwiches,FOOD,24,432,0,0.00%,432,0.36%,0.92%
Smoked Salmon,Sandwiches,FOOD,17,425,0,0.00%,425,0.26%,0.91%
SERCO BREAKFAST,SERCO BREAKFAST,FOOD,42,420,0,0.00%,420,0.63%,0.90%
SERCO LUNCH,SERCO LUNCH,FOOD,37,370,0,0.00%,370,0.56%,0.79%
Two Eggs ,Breakfast,FOOD,72,355,0,0.00%,355,1.09%,0.76%
SERCO DINNER,SERCO DINNER,FOOD,32,320,0,0.00%,320,0.48%,0.68%
Chicken Tikka,Sandwiches,FOOD,13,312,0,0.00%,312,0.20%,0.67%
Take Away Box,Take Away Boxes,NON FOOD,104,312,0,0.00%,312,1.57%,0.67%
Buffet Fruit Salad,Salads,FOOD,63,310,0,0.00%,310,0.95%,0.66%
LACNOR COCKTAIL 180ML,Fresh Juices,BEVERAGE,77,308,0,0.00%,308,1.16%,0.66%
Gatorade,Softdrinks,BEVERAGE,25,300,0,0.00%,300,0.38%,0.64%
Homemade Beef Burger,Burgers,FOOD,15,300,0,0.00%,300,0.23%,0.64%
Open Beverage,Open Beverage,BEVERAGE,1,300,0,0.00%,300,0.02%,0.64%
COCA COLA CAN,Softdrinks,BEVERAGE,74,296,0,0.00%,296,1.12%,0.63%
FRESH JUICE SMALL,Breakfast,FOOD,74,296,0,0.00%,296,1.12%,0.63%
Cappuccino,Nespresso,FOOD,23,276,0,0.00%,276,0.35%,0.59%
Dessert,Dessert,FOOD,65,260,0,0.00%,260,0.98%,0.55%
Slice of the Day,Pizza,FOOD,51,255,0,0.00%,255,0.77%,0.54%
FG MEDIUM BOWL,FEEL GOOD,FOOD,14,252,0,0.00%,252,0.21%,0.54%
Banana Pcs,CS Fresh Fruit,FOOD,120,240,0,0.00%,240,1.81%,0.51%
Side Salad,Salads,FOOD,58,232,0,0.00%,232,0.88%,0.49%
GALLON WATER COUPON,CS Water,BEVERAGE,29,203,0,0.00%,203,0.44%,0.43%
Salmon Salad,Salads,FOOD,8,200,0,0.00%,200,0.12%,0.43%
REDBULL SUGAR FREE,Energy Drinks,BEVERAGE,24,192,0,0.00%,192,0.36%,0.41%
Extra Portion Grill,Main course,FOOD,15,180,0,0.00%,180,0.23%,0.38%
Chocolate Bar,Extras,FOOD,34,170,0,0.00%,170,0.51%,0.36%
Go Large,Pizza,FOOD,21,168,0,0.00%,168,0.32%,0.36%
Hawaiian,Pizza,FOOD,5,160,0,0.00%,160,0.08%,0.34%
VEG BURGER,Burgers,FOOD,8,160,0,0.00%,160,0.12%,0.34%
7 UP DIET CAN,Softdrinks,BEVERAGE,39,156,0,0.00%,156,0.59%,0.33%
Smoked Turkey Ham Pasta,Salads,FOOD,7,154,0,0.00%,154,0.11%,0.33%
FYO SHAWARMA,Main course,FOOD,10,150,0,0.00%,150,0.15%,0.32%
Lungo,Nespresso,FOOD,15,150,0,0.00%,150,0.23%,0.32%
FRESH JUICE LARGE,Fresh Juices,FOOD,21,147,0,0.00%,147,0.32%,0.31%
Super Food Salad (V),Salads,FOOD,6,144,0,0.00%,144,0.09%,0.31%
AL AIN WATER 500ml,CS Water,BEVERAGE,140,140,0,0.00%,140,2.11%,0.30%
GRILLED CHICKEN & BACON S/W,Sandwiches,FOOD,4,140,0,0.00%,140,0.06%,0.30%
Guest Meal Combo,Main course,FOOD,5,140,0,0.00%,140,0.08%,0.30%
Isabella(V),Pizza,FOOD,4,140,0,0.00%,140,0.06%,0.30%
BAYARA 1KG CASHEW NUT,CS Nuts & Seeds,FOOD,2,129.5,0,0.00%,129.5,0.03%,0.28%
RACHELS GREEK YOGHURT NATURAL 45,CS Dairy ,FOOD,5,122.5,0,0.00%,122.5,0.08%,0.26%
RACHELS NATURAL LOW FAT YOUGHURT,CS Organic Food,FOOD,5,122.5,0,0.00%,122.5,0.08%,0.26%
Chicken Nuggets,Extras,FOOD,12,120,0,0.00%,120,0.18%,0.26%
LACNOR MANGO 180ML,Fresh Juices,BEVERAGE,30,120,0,0.00%,120,0.45%,0.26%
Filter Coffee,Tea,FOOD,23,115,0,0.00%,115,0.35%,0.25%
Pesto Roasted Chicken,Sandwiches,FOOD,5,115,0,0.00%,115,0.08%,0.25%
MAGNUM I/C DOUBLE CHOCOLATE,CS Ice Cream,FOOD,12,114,0,0.00%,114,0.18%,0.24%
Yoghurt,Yogurt,FOOD,28,112,0,0.00%,112,0.42%,0.24%
Beef sausage,Breakfast,FOOD,22,110,0,0.00%,110,0.33%,0.23%
Fresh Water Melon,Fresh Juices,BEVERAGE,11,110,0,0.00%,110,0.17%,0.23%
Tuna Cheese Melt,Sandwiches,FOOD,5,110,0,0.00%,110,0.08%,0.23%
Yogurt Blueberry,Yoghurt Pots,FOOD,6,108,0,0.00%,108,0.09%,0.23%
VEGGIE MAIN,Main course,FOOD,7,105,0,0.00%,105,0.11%,0.22%
COCA COLA ZERO CAN,Softdrinks,BEVERAGE,26,104,0,0.00%,104,0.39%,0.22%
FINE TOILET ROLLS 2PLY X 10 PCS ,CS Tissue & Toilet Rolls,NON FOOD,7,103.25,0,0.00%,103.25,0.11%,0.22%
ANCHOR BUTTER UNSALTED 454G,CS Dairy ,FOOD,5,102.5,0,0.00%,102.5,0.08%,0.22%
WalkersChocolate Chips40g,Biscuits,FOOD,29,101.5,0,0.00%,101.5,0.44%,0.22%
WASA CRISPBREAD ORIGINAL 275GM,Biscuit & Cookies,FOOD,6,100.5,0,0.00%,100.5,0.09%,0.21%
Buffalo Chicken,Grill,FOOD,6,96,0,0.00%,96,0.09%,0.20%
COCA COLA DIET CAN,Softdrinks,BEVERAGE,24,96,0,0.00%,96,0.36%,0.20%
Small Salad,Salads,FOOD,8,96,0,0.00%,96,0.12%,0.20%
Yogurt Muesli Honey,Yoghurt Pots,FOOD,6,96,0,0.00%,96,0.09%,0.20%
SELPAK TOILET ROLL 7+2,CS Tissue & Toilet Rolls,NON FOOD,4,93,0,0.00%,93,0.06%,0.20%
MIRINDA ORANGE CAN,Softdrinks,BEVERAGE,23,92,0,0.00%,92,0.35%,0.20%
OREO ORIGINAL 16 PACK 44GM,Biscuit & Cookies,FOOD,5,91.25,0,0.00%,91.25,0.08%,0.19%
PRO BAR MEAL WHOLEBERRY BLAST 85,CS Cereal,FOOD,4,91,0,0.00%,91,0.06%,0.19%
BBQ or CurrySouce,Pizza,FOOD,3,90,0,0.00%,90,0.05%,0.19%
Filter Tea,Tea,FOOD,18,90,0,0.00%,90,0.27%,0.19%
Pesto,Pizza,FOOD,3,90,0,0.00%,90,0.05%,0.19%
RED BULL 250ML,CS Sports & Energy Drinks,BEVERAGE,12,88,0,0.00%,88,0.18%,0.19%
CROISSANT MINI,Dessert,FOOD,29,87,0,0.00%,87,0.44%,0.19%
Iced Macchiato,Nespresso,FOOD,7,86,0,0.00%,86,0.11%,0.18%
Orange Pcs,CS Fresh Fruit,FOOD,43,86,0,0.00%,86,0.65%,0.18%
IcedVanillaMachiato,Nespresso,FOOD,6,84,0,0.00%,84,0.09%,0.18%
7 UP CAN,Softdrinks,BEVERAGE,20,80,0,0.00%,80,0.30%,0.17%
AL AIN FRESH MILK FULL FAT 2L,CS Dairy ,FOOD,8,80,0,0.00%,80,0.12%,0.17%
Grilled Halloumi(V),Sandwiches,FOOD,4,80,0,0.00%,80,0.06%,0.17%
Hash Browns,Breakfast,FOOD,20,80,0,0.00%,80,0.30%,0.17%
LACNOR MILK CHOCOLATE,Flavoured Milk,BEVERAGE,20,80,0,0.00%,80,0.30%,0.17%
FARM FRESH EGGS WHITE 15PCS,CS Eggs,FOOD,7,78.75,0,0.00%,78.75,0.11%,0.17%
Soup,Extras,FOOD,13,78,0,0.00%,78,0.20%,0.17%
Bagels w/Cr.Cheese,Breakfast,FOOD,11,77,0,0.00%,77,0.17%,0.16%
LACNOR ORANGE 180ML,Fresh Juices,BEVERAGE,21,74,0,0.00%,74,0.32%,0.16%
AL AIN WATER 1.5L,CS Water,BEVERAGE,49,73.5,0,0.00%,73.5,0.74%,0.16%
Double Trouble,Milk Shake,BEVERAGE,3,72,0,0.00%,72,0.05%,0.15%
Five a Day,Fresh Juices,BEVERAGE,3,72,0,0.00%,72,0.05%,0.15%
Fruit Salad,Yoghurt Pots,FOOD,6,72,0,0.00%,72,0.09%,0.15%
JOCCA KRAFT COTTAGE CHEESE 200GM,CS Dairy ,FOOD,6,72,0,0.00%,72,0.09%,0.15%
Tandoori Chicken,Pizza,FOOD,2,72,0,0.00%,72,0.03%,0.15%
PAPER BAG,BAGS,NON FOOD,71,71,0,0.00%,71,1.07%,0.15%
BOURSIN CHEESE BLACK PEPPER 150G,CS Dairy ,FOOD,3,70.5,0,0.00%,70.5,0.05%,0.15%
7 OZ DOUBLE SHOT ICED SHAKEN,Starbucks,FOOD,5,70,0,0.00%,70,0.08%,0.15%
AL AIN FRESH MILK LOW FAT 2L,CS Dairy ,FOOD,7,70,0,0.00%,70,0.11%,0.15%
BLUE BERRY MUFFIN,Dessert,FOOD,7,70,0,0.00%,70,0.11%,0.15%
Cereal Portion,Breakfast,FOOD,10,70,0,0.00%,70,0.15%,0.15%
Portion Protein,Main course,FOOD,7,70,0,0.00%,70,0.11%,0.15%
Rocco,Pizza,FOOD,2,70,0,0.00%,70,0.03%,0.15%
JDS BUTTER CRISPS,Biscuit & Cookies,FOOD,4,69,0,0.00%,69,0.06%,0.15%
M&M 180GM PEANUT,CS Chocolate ,FOOD,6,67.5,0,0.00%,67.5,0.09%,0.14%
ILE DE FRANCE CHEESE PETIT BRIE ,CS Dairy ,FOOD,4,65,0,0.00%,65,0.06%,0.14%
MOUNTAIN DEW,Softdrinks,BEVERAGE,16,64,0,0.00%,64,0.24%,0.14%
Tuna Sweetcorn,Pre Packed Sandwiches,FOOD,4,64,0,0.00%,64,0.06%,0.14%
POP CHIPS SEA SALT VINEGAR 99GM,CS Chips & Snacks,FOOD,3,60.75,0,0.00%,60.75,0.05%,0.13%
12 OZ CAPPUCHINO,Starbucks,FOOD,5,60,0,0.00%,60,0.08%,0.13%
Apple Red,CS Fresh Fruit,FOOD,30,60,0,0.00%,60,0.45%,0.13%
Extra Topping,Pizza,FOOD,12,60,0,0.00%,60,0.18%,0.13%
HARIBO MINIS GOLD BEARS 200GM,CS Mint & Gum,FOOD,5,60,0,0.00%,60,0.08%,0.13%
NIVEA GENTLE FACE WASH 150ML,CS Facial Care,NON FOOD,2,60,0,0.00%,60,0.03%,0.13%
Yogurt Mango,Yoghurt Pots,FOOD,6,60,0,0.00%,60,0.09%,0.13%
OB TAMPONS SUPER 16PCS,CS Sanitary Care,NON FOOD,3,59.25,0,0.00%,59.25,0.05%,0.13%
BASKIN ROBBINS CUP COOKIES 120ML,CS Ice Cream,FOOD,9,58.5,0,0.00%,58.5,0.14%,0.12%
Apple Green,CS Fresh Fruit,FOOD,29,58,0,0.00%,58,0.44%,0.12%
BJORG ORGANIC CHOCOLATE SOYA MIL,CS Organic Food,FOOD,2,57.5,0,0.00%,57.5,0.03%,0.12%
Alain Small Wtr500ml,Water,BEVERAGE,57,57,0,0.00%,57,0.86%,0.12%
BEST CAN MIXED NUTS 110GM,CS Nuts & Seeds,FOOD,6,57,0,0.00%,57,0.09%,0.12%
TAMRAH CHOCO CARAMEL ZIPPER BAG ,CS Dry Fruits,FOOD,6,57,0,0.00%,57,0.09%,0.12%
Croissant,Breakfast,FOOD,8,56,0,0.00%,56,0.12%,0.12%
Espresso Doppio,Nespresso,FOOD,4,56,0,0.00%,56,0.06%,0.12%
FANTA STRAWBERRY CAN,Softdrinks,BEVERAGE,14,56,0,0.00%,56,0.21%,0.12%
FG Juice Bottled,FEEL GOOD,FOOD,7,56,0,0.00%,56,0.11%,0.12%
Cold Cuts,Breakfast,FOOD,11,55,0,0.00%,55,0.17%,0.12%
Espresso,Nespresso,FOOD,6,54,0,0.00%,54,0.09%,0.12%
Pancakes,Breakfast,FOOD,18,54,0,0.00%,54,0.27%,0.12%
PERRIER WATER 330ML,Water,BEVERAGE,9,54,0,0.00%,54,0.14%,0.12%
PHOENIX ORANGE FIZZ 330ML,CS ORGANIC BEVERAGE,BEVERAGE,6,54,0,0.00%,54,0.09%,0.12%
FAMILIA BIO ORGANIC AMARANTH 375,CS Organic Food,FOOD,2,52,0,0.00%,52,0.03%,0.11%
FG LARGE BOWL,FEEL GOOD,FOOD,2,52,0,0.00%,52,0.03%,0.11%
TUNA NICOISE SALAD,Salads,FOOD,2,52,0,0.00%,52,0.03%,0.11%
Best SaltedCashew30g,Peannuts,FOOD,17,51,0,0.00%,51,0.26%,0.11%
Best Salted Peanut30g,Peannuts,FOOD,17,51,0,0.00%,51,0.26%,0.11%
GO PURE CHIPS CRINKLE PAPRIKA 12,CS Organic Food,FOOD,3,51,0,0.00%,51,0.05%,0.11%
GO PURE CHIPS SOUR CREAM ONION 1,CS Organic Food,FOOD,3,51,0,0.00%,51,0.05%,0.11%
Chicken Sweetcorn,Pre Packed Sandwiches,FOOD,5,50,0,0.00%,50,0.08%,0.11%
LAYS SALT 185GM,CS Chips & Snacks,FOOD,8,50,0,0.00%,50,0.12%,0.11%
Masafi Water1.5Ltr,Water,BEVERAGE,25,50,0,0.00%,50,0.38%,0.11%
BLUE DIAMOND ALMOND MILK 1L,Convenience Beverages,BEVERAGE,2,49.5,0,0.00%,49.5,0.03%,0.11%
NUTELLA 400GM,CS Can & Jar Food,FOOD,2,49,0,0.00%,49,0.03%,0.10%
FG SMALL BOWL,FEEL GOOD,FOOD,4,48,0,0.00%,48,0.06%,0.10%
HIT THE ROOF,Milk Shake,BEVERAGE,2,48,0,0.00%,48,0.03%,0.10%
JDS BELGIAN COCOLATE THINS,Biscuit & Cookies,FOOD,3,48,0,0.00%,48,0.05%,0.10%
Mixed Juice,Fresh Juices,BEVERAGE,3,48,0,0.00%,48,0.05%,0.10%
PEACH & BASIL SMOOTHIE,Smoothies,BEVERAGE,2,48,0,0.00%,48,0.03%,0.10%
Pepperoni,Pizza,FOOD,8,48,0,0.00%,48,0.12%,0.10%
PHOENIX ORANGE MANGO 330ML,CS ORGANIC BEVERAGE,BEVERAGE,5,47.5,0,0.00%,47.5,0.08%,0.10%
PRINGLES ORIGINAL 165GM,CS Chips & Snacks,FOOD,5,46.25,0,0.00%,46.25,0.08%,0.10%
PHILADELPHIA LIGHT CHEESE SPREAD,CS Dairy ,FOOD,4,46,0,0.00%,46,0.06%,0.10%
COMFORT BABY CONCENTRATE 750ML,CS Laundry Care,NON FOOD,3,45.75,0,0.00%,45.75,0.05%,0.10%
GILLETTE RAZOR FUSION 2UP ,CS Mens Care,NON FOOD,1,45.25,0,0.00%,45.25,0.02%,0.10%
Baked beans,Breakfast,FOOD,9,45,0,0.00%,45,0.14%,0.10%
PHILADELPHIA CHEESE SPREAD 200GM,CS Dairy ,FOOD,4,45,0,0.00%,45,0.06%,0.10%
16 OZ CAFFE LATTE,Starbucks,FOOD,3,42,0,0.00%,42,0.05%,0.09%
French Fries,Extras,FOOD,7,42,0,0.00%,42,0.11%,0.09%
GLADE AIR FRESH BERRIES & FLOWER,CS Air Freshner,NON FOOD,2,42,0,0.00%,42,0.03%,0.09%
IcedChoclateMachiato,Nespresso,FOOD,3,42,0,0.00%,42,0.05%,0.09%
IcedHazlnutmachiato,Nespresso,FOOD,3,42,0,0.00%,42,0.05%,0.09%
Lemon,CS Fresh Vegatables,FOOD,21,42,0,0.00%,42,0.32%,0.09%
LISTERINE MW FRESH BURST 250ML,CS Oral Care,NON FOOD,2,42,0,0.00%,42,0.03%,0.09%
Mushrooms,Pizza,FOOD,7,42,0,0.00%,42,0.11%,0.09%
Peppers,Pizza,FOOD,7,42,0,0.00%,42,0.11%,0.09%
Plum Red,CS Fresh Fruit,FOOD,21,42,0,0.00%,42,0.32%,0.09%
SCHOGETTEN WHITE 100 GM,CS Chocolate ,FOOD,8,42,0,0.00%,42,0.12%,0.09%
LINDT EXCELLENCE 90% CACOA 100GM,CS Chocolate ,FOOD,3,41.25,0,0.00%,41.25,0.05%,0.09%
ALPRO ALMOND MILK 1L,CS Dairy ,FOOD,2,41,0,0.00%,41,0.03%,0.09%
BORGES EXRA VIRGIN OLIVE OIL 500,CS Coocking & Baking,FOOD,2,41,0,0.00%,41,0.03%,0.09%
EMMENTHAL CHEESE PORTION 150G,CS Dairy ,FOOD,3,40.5,0,0.00%,40.5,0.05%,0.09%
FARM FRESH EGGS WHITE 6PCS,CS Eggs,FOOD,9,40.5,0,0.00%,40.5,0.14%,0.09%
Chicken Tandoori,Pre Packed Sandwiches,FOOD,4,40,0,0.00%,40,0.06%,0.09%
CLASSIC FRIES,Main course,FOOD,8,40,0,0.00%,40,0.12%,0.09%
French Toast,Breakfast,FOOD,10,40,0,0.00%,40,0.15%,0.09%
LACNOR MILK BANANA,Flavoured Milk,BEVERAGE,10,40,0,0.00%,40,0.15%,0.09%
Mixed Green Salad(V),Salads,FOOD,2,40,0,0.00%,40,0.03%,0.09%
PEPSI DIET CAN,Softdrinks,BEVERAGE,10,40,0,0.00%,40,0.15%,0.09%
Three Cheese Spring Onion,Pre Packed Sandwiches,FOOD,4,40,0,0.00%,40,0.06%,0.09%
JOHNSONS COTTON BUDS 100PCS,CS Others,NON FOOD,3,39,0,0.00%,39,0.05%,0.08%
SUNBLAST ORGANIC 1L 100% APPLE J,CS Organic Food,FOOD,3,39,0,0.00%,39,0.05%,0.08%
SUNBLAST ORGANIC 1L 100% ORANGE ,CS Organic Food,FOOD,3,39,0,0.00%,39,0.05%,0.08%
16 OZ VANILLA LATTE,Starbucks,FOOD,2,38,0,0.00%,38,0.03%,0.08%
GATORADE BLUE BOLT PET 500ML,CS Sports & Energy Drinks,BEVERAGE,8,38,0,0.00%,38,0.12%,0.08%
Mexican Melt,Pizza,FOOD,1,38,0,0.00%,38,0.02%,0.08%
SWEET CHILLI SALMON SALAD,Sandwiches,FOOD,1,38,0,0.00%,38,0.02%,0.08%
BOGUTTI WHITE CHOCO PCS 37%,Biscuit & Cookies,FOOD,4,37,0,0.00%,37,0.06%,0.08%
PRINGLES HOT & SPICY 165GM,CS Chips & Snacks,FOOD,4,37,0,0.00%,37,0.06%,0.08%
NESCAFE RED MUG COFFEE 200GM,CS Coffee,FOOD,1,36.5,0,0.00%,36.5,0.02%,0.08%
12 OZ CAFFE LATTE,Starbucks,FOOD,3,36,0,0.00%,36,0.05%,0.08%
Asst. Rolls Two,Breakfast,FOOD,18,36,0,0.00%,36,0.27%,0.08%
B.BAG CHEDDAR150g,CS Chips & Snacks,FOOD,3,36,0,0.00%,36,0.05%,0.08%
BRIE & BACON S/W,Sandwiches,FOOD,1,36,0,0.00%,36,0.02%,0.08%
Espresso Macchiato,Nespresso,FOOD,3,36,0,0.00%,36,0.05%,0.08%
GLAD GARBAGE BAG MEDIUM 35L X 30,CS Tissue & Toilet Rolls,NON FOOD,3,36,0,0.00%,36,0.05%,0.08%
LACNOR MILK STRAWBERRY,Flavoured Milk,BEVERAGE,9,36,0,0.00%,36,0.14%,0.08%
BR SMALL SCOOP MINT CHOCOLATE CH,Ice cream,FOOD,5,35,0,0.00%,35,0.08%,0.07%
CARTE D'OR PINT CHOCOLATE,CS Ice Cream,FOOD,2,35,0,0.00%,35,0.03%,0.07%
CORNETTO I/C LOVE VANILLA RASPBE,CS Ice Cream,FOOD,5,35,0,0.00%,35,0.08%,0.07%
Full Breakfast,Breakfast,FOOD,1,35,0,0.00%,35,0.02%,0.07%
GATORADE TOPICL FRUIT PET 500ML,CS Sports & Energy Drinks,BEVERAGE,7,35,0,0.00%,35,0.11%,0.07%
HONEY MOON ORANGE BLOSSOM 250GM,CS Can & Jar Food,FOOD,1,35,0,0.00%,35,0.02%,0.07%
Portion Vegetable,Main course,FOOD,7,35,0,0.00%,35,0.11%,0.07%
RED BULL SUGAR FREE 250ML,CS Sports & Energy Drinks,BEVERAGE,5,35,0,0.00%,35,0.08%,0.07%
WALKERS SB CHOCO CHIPS 40G,Biscuit & Cookies,FOOD,10,35,0,0.00%,35,0.15%,0.07%
BEST CAN SUPER CASHEW 110GM,CS Nuts & Seeds,FOOD,2,34.5,0,0.00%,34.5,0.03%,0.07%
SELPAK KITCHEN ROLL 2 PCS,CS Tissue & Toilet Rolls,NON FOOD,3,34.5,0,0.00%,34.5,0.05%,0.07%
12 OZ VANILLA LATTE,Starbucks,FOOD,2,34,0,0.00%,34,0.03%,0.07%
16 OZ WHITE CHOCOLATE MOCHA,Starbucks,FOOD,2,34,0,0.00%,34,0.03%,0.07%
AUSLESE MELITTA CLASSIC COFFEE 2,CS Coffee,FOOD,2,34,0,0.00%,34,0.03%,0.07%
BRIE & TOMATO S/W,Sandwiches,FOOD,1,34,0,0.00%,34,0.02%,0.07%
GO PURE CHIPS CRINKLED SALTED 12,CS Organic Food,FOOD,2,34,0,0.00%,34,0.03%,0.07%
GO PURE CHIPS ROSEMARY 125G,CS Organic Food,FOOD,2,34,0,0.00%,34,0.03%,0.07%
ILD DE FRANCE CHEESE CAMEMBERT 2,CS Dairy ,FOOD,1,34,0,0.00%,34,0.02%,0.07%
SMOKED TURKEY S/W,Sandwiches,FOOD,1,34,0,0.00%,34,0.02%,0.07%
AL AIN MORNING CRANBERRY MUSELI ,CS Dairy ,FOOD,11,33,0,0.00%,33,0.17%,0.07%
Lunch Box Token,CS Others,NON FOOD,1,32.5,0,0.00%,32.5,0.02%,0.07%
CHICKEN CEASAR SALAD,Salads,FOOD,1,32,0,0.00%,32,0.02%,0.07%
Coke,Softdrinks,BEVERAGE,8,32,0,0.00%,32,0.12%,0.07%
Frid Rice W Chicken,Fried Rice,FOOD,1,32,0,0.00%,32,0.02%,0.07%
MAGNUM I/C TIRAMISU,CS Chocolate ,FOOD,4,32,0,0.00%,32,0.06%,0.07%
Peanut Butter & Jelly(V),Sandwiches,FOOD,2,32,0,0.00%,32,0.03%,0.07%
Pear,CS Fresh Fruit,FOOD,16,32,0,0.00%,32,0.24%,0.07%
POKKA LEMON ICED TEA CAN,Packet Juice,BEVERAGE,8,32,0,0.00%,32,0.12%,0.07%
EMMENTHAL CHEESE GRATED 150G,CS Dairy ,FOOD,3,31.5,0,0.00%,31.5,0.05%,0.07%
DORITOS 180GM SWEET CHILI PEPPER,CS Chips & Snacks,FOOD,5,31.25,0,0.00%,31.25,0.08%,0.07%
FAMILIA A.C.E BALANCE 600GM,CS Cereal,FOOD,1,31.25,0,0.00%,31.25,0.02%,0.07%
BJORG ORGANIC PAIN DEPICES AU MI,CS Organic Food,FOOD,1,31,0,0.00%,31,0.02%,0.07%
FOOD DOCTOR POT COUSCOUS LENTIL ,CS Organic Food,FOOD,2,31,0,0.00%,31,0.03%,0.07%
JOHN WEST WHITE TUNA SOLID WATER,CS Can & Jar Food,FOOD,3,30.75,0,0.00%,30.75,0.05%,0.07%
COMFORT IRIS JASMINE CONCENTRATE,CS Laundry Care,NON FOOD,2,30.5,0,0.00%,30.5,0.03%,0.07%
12 OZ CAFFE AMERICANO,Starbucks,FOOD,3,30,0,0.00%,30,0.05%,0.06%
CHICKEN ROCQUET CHEESE S/W,Sandwiches,FOOD,1,30,0,0.00%,30,0.02%,0.06%
FANTA ORANGE CAN,Softdrinks,BEVERAGE,8,29.5,0,0.00%,29.5,0.12%,0.06%
Toast,Breakfast,FOOD,29,29,0,0.00%,29,0.44%,0.06%
PHOENIX SPARKLING FEIJOA 300ML,CS Organic Food,BEVERAGE,3,28.5,0,0.00%,28.5,0.05%,0.06%
HONEY MOON MOUNTAIN HONEY 250GM,CS Can & Jar Food,FOOD,1,28.25,0,0.00%,28.25,0.02%,0.06%
16 OZ CAPPUCHINO,Starbucks,FOOD,2,28,0,0.00%,28,0.03%,0.06%
16 OZ ICED CAFFE LATTE,Starbucks,FOOD,2,28,0,0.00%,28,0.03%,0.06%
AL AIN FRESH MILK 1L SKIMMED,CS Dairy ,FOOD,4,28,0,0.00%,28,0.06%,0.06%
ARIEL GREEN 1.5KG,CS Laundry Care,NON FOOD,1,28,0,0.00%,28,0.02%,0.06%
BR SMALL SCOOP PEANUT BUTTER CHO,Ice cream,FOOD,4,28,0,0.00%,28,0.06%,0.06%
BR SMALL SCOOP STRAWBERRY,Ice cream,FOOD,4,28,0,0.00%,28,0.06%,0.06%
IcedRsberyMachiato,Nespresso,FOOD,2,28,0,0.00%,28,0.03%,0.06%
Walkers Short Bread40g,Biscuits,FOOD,8,28,0,0.00%,28,0.12%,0.06%
AL SHIFA 400GM SQUEEZE HONEY,CS Can & Jar Food,FOOD,1,27.75,0,0.00%,27.75,0.02%,0.06%
SYOSS HAIR SPRAY MAX HOLD 400ML,CS Soap & Handwash,NON FOOD,1,27.75,0,0.00%,27.75,0.02%,0.06%
LINDT EXCELLENCE SESAME ROASTED ,CS Organic Food,FOOD,2,27.5,0,0.00%,27.5,0.03%,0.06%
QUAKER WHITE OATS TIN 500GM,CS Cereal,FOOD,3,27,0,0.00%,27,0.05%,0.06%
C&C MAKEUP REMOVER DEEP CLEAN 15,CS Facial Care,NON FOOD,1,26.75,0,0.00%,26.75,0.02%,0.06%
GILLETTE BLADE MACH 3 TURBO 2PCS,CS Mens Care,NON FOOD,1,26.5,0,0.00%,26.5,0.02%,0.06%
DR OETKER FORMAGGI & POMODORI PI,CS Frozen Food,FOOD,1,26.25,0,0.00%,26.25,0.02%,0.06%
DR OETKER FUNGHI PIZZA,CS Frozen Food,FOOD,1,26.25,0,0.00%,26.25,0.02%,0.06%
DR OETKER QUATTRO FORMAGI PIZZA,CS Frozen Food,FOOD,1,26.25,0,0.00%,26.25,0.02%,0.06%
NIVEA EYE MAKEUP REMOVER 125ML,CS Facial Care,NON FOOD,1,26.25,0,0.00%,26.25,0.02%,0.06%
BERRY CO GOJI BERRY JUICE 1L,CS Packet Juice,BEVERAGE,2,26,0,0.00%,26,0.03%,0.06%
BISQUINI TIN CRANBERRY COOKIES 1,Biscuit & Cookies,FOOD,2,26,0,0.00%,26,0.03%,0.06%
FETA & ROAST VEG PANINI,Sandwiches,FOOD,1,26,0,0.00%,26,0.02%,0.06%
ILE DE FRANCE CHEESE PETIT CAMEM,CS Dairy ,FOOD,1,26,0,0.00%,26,0.02%,0.06%
DAVIDOFF CAF� RICH AROMA 100GM,CS Coffee,FOOD,1,25.75,0,0.00%,25.75,0.02%,0.05%
ALPEN BAR RASPBERRY YOGURT 29GM,CS Cereal,FOOD,6,25.5,0,0.00%,25.5,0.09%,0.05%
CLEARLY SCRUMPTIOUS CRANBERRY 30,CS Dry Fruits,FOOD,2,25.5,0,0.00%,25.5,0.03%,0.05%
TRESEMME CD 24 HOUR BODY 500ML,CS Shampoo & Conditioner,NON FOOD,1,25.5,0,0.00%,25.5,0.02%,0.05%
Bagel S. Salmon,Sandwiches,FOOD,1,25,0,0.00%,25,0.02%,0.05%
EXTRA BIG BOTTLE PEPPERMINT,CS Mint & Gum,FOOD,2,25,0,0.00%,25,0.03%,0.05%
KIT KAT CHUNKY 46GM,CS Chocolate ,FOOD,9,24.75,0,0.00%,24.75,0.14%,0.05%
TOBLERONE MILK 100GM,CS Chocolate ,FOOD,3,24.75,0,0.00%,24.75,0.05%,0.05%
HANSAPLAST EXTRA TOUGH WWATER PR,CS Others,NON FOOD,2,24.5,0,0.00%,24.5,0.03%,0.05%
MCVITIES DIGESTIVE 250GM LIGHT,Biscuit & Cookies,FOOD,2,24.5,0,0.00%,24.5,0.03%,0.05%
16 OZ CAFFE AMERICANO,Starbucks,FOOD,2,24,0,0.00%,24,0.03%,0.05%
ABC Chilli Sauce395g,CS Sauce,FOOD,3,24,0,0.00%,24,0.05%,0.05%
AlpenMuslie625g,CS Cereal,FOOD,1,24,0,0.00%,24,0.02%,0.05%
B.BAG SEA SALT150g,CS Chips & Snacks,FOOD,2,24,0,0.00%,24,0.03%,0.05%
Grilled Chicken,Pizza,FOOD,4,24,0,0.00%,24,0.06%,0.05%
Grilled Veg Olives,Pizza,FOOD,4,24,0,0.00%,24,0.06%,0.05%
HEINZ TUNA CHUNKS OIL TIN 185GM,CS Can & Jar Food,FOOD,3,24,0,0.00%,24,0.05%,0.05%
Jalapenos,Pizza,FOOD,4,24,0,0.00%,24,0.06%,0.05%
KPS COOL COCONUT,Smoothies,BEVERAGE,1,24,0,0.00%,24,0.02%,0.05%
MINI CARROT CAKE,Dessert,FOOD,2,24,0,0.00%,24,0.03%,0.05%
PEPPERMINT TEA BAG,Tea,FOOD,3,24,0,0.00%,24,0.05%,0.05%
THE 3RD DATE,Milk Shake,BEVERAGE,1,24,0,0.00%,24,0.02%,0.05%
FAMILIA CRUNCH 500GM,CS Cereal,FOOD,1,23.75,0,0.00%,23.75,0.02%,0.05%
CADBURY DM CHOCOLATE 230GM,CS Chocolate ,FOOD,2,23.5,0,0.00%,23.5,0.03%,0.05%
JOHNSONS WIPES TUB 56PCS,CS Baby Care,NON FOOD,1,23.25,0,0.00%,23.25,0.02%,0.05%
NIVEA AFTER SHAVE ORIGINAL FLUID,CS Mens Care,NON FOOD,1,23.25,0,0.00%,23.25,0.02%,0.05%
SAINT AGUR CHEESE 125G,CS Dairy ,FOOD,1,23,0,0.00%,23,0.02%,0.05%
VIVANI BAR DARK NOUGAT 35G,CS Organic Food,FOOD,4,23,0,0.00%,23,0.06%,0.05%
M&M PEANUT 45GM,CS Chocolate ,FOOD,7,22.75,0,0.00%,22.75,0.11%,0.05%
MATESERES 37GM,CS Chocolate ,FOOD,7,22.75,0,0.00%,22.75,0.11%,0.05%
PRO BAR MEAL SUPERFRUIT SLAM 85G,CS Cereal,FOOD,1,22.75,0,0.00%,22.75,0.02%,0.05%
AL AIN FRESH WATERMELON JUICE 33,CS Packet Juice,BEVERAGE,3,22.5,0,0.00%,22.5,0.05%,0.05%
MAGNUM I/C ALMOND,CS Ice Cream,FOOD,3,22.5,0,0.00%,22.5,0.05%,0.05%
Sugar Granul2Kg ,CS Coocking & Baking,FOOD,2,22,0,0.00%,22,0.03%,0.05%
BEST CAN MACADEMIA 110G,CS Dry Fruits,FOOD,1,21.25,0,0.00%,21.25,0.02%,0.05%
AMLacto Free Milk 1L,CS Dairy ,FOOD,3,21,0,0.00%,21,0.05%,0.04%
BRESSE BLEU CHEESE 150G ,CS Dairy ,FOOD,1,21,0,0.00%,21,0.02%,0.04%
BR SMALL SCOOP PARALINES CREAM,Ice cream,FOOD,3,21,0,0.00%,21,0.05%,0.04%
Castania Peanuts60g,Peannuts,FOOD,3,21,0,0.00%,21,0.05%,0.04%
Extra Cheese,Cheese,FOOD,7,21,0,0.00%,21,0.11%,0.04%
GLADE AIR FRESH REFRESHING CITRU,CS Air Freshner,NON FOOD,1,21,0,0.00%,21,0.02%,0.04%
GLADE AIR FRESH WATERFALL SPLASH,CS Air Freshner,NON FOOD,1,21,0,0.00%,21,0.02%,0.04%
MODERN BAKE CRANBERRY ENERGY BAR,CS Cereal,FOOD,4,21,0,0.00%,21,0.06%,0.04%
NIVEA SHAVING GEL ORIGINAL MOIST,CS Mens Care,NON FOOD,1,21,0,0.00%,21,0.02%,0.04%
NIVEA SHAVING GEL SENSITIVE 200M,CS Mens Care,NON FOOD,1,21,0,0.00%,21,0.02%,0.04%
SCHWEPPES SODA CAN 300M,CS Soft Drinks,BEVERAGE,14,21,0,0.00%,21,0.21%,0.04%
BONNE MANAM 4 FRUIT PRESERVE 370,CS Can & Jar Food,FOOD,1,20.5,0,0.00%,20.5,0.02%,0.04%
ADD ESPRESSO SHOT,Starbucks,FOOD,5,20,0,0.00%,20,0.08%,0.04%
ADD FLAVOURED SYRUP,Starbucks,FOOD,5,20,0,0.00%,20,0.08%,0.04%
AL AAL AIN FRESH LEMON MINT JUIC,CS Fresh Juice,BEVERAGE,5,20,0,0.00%,20,0.08%,0.04%
AL RABIE PINEAPPLE 330ML,CS Packet Juice,BEVERAGE,8,20,0,0.00%,20,0.12%,0.04%
COCONUT WATER CAN,Packet Juice,BEVERAGE,5,20,0,0.00%,20,0.08%,0.04%
COFFEE CUP CERAMIC,CS Others,NON FOOD,2,20,0,0.00%,20,0.03%,0.04%
Delivery Charges,Delivery charge,LABOR CHARGE,4,20,0,0.00%,20,0.06%,0.04%
GATORADE LEMON PET 500ML,CS Sports & Energy Drinks,BEVERAGE,4,20,0,0.00%,20,0.06%,0.04%
GATORADE PINK LEMONDAE PET 500ML,CS Sports & Energy Drinks,BEVERAGE,4,20,0,0.00%,20,0.06%,0.04%
NYU RE-USABLE BAG,BAGS,NON FOOD,1,20,0,0.00%,20,0.02%,0.04%
ROSE MIX,BOTANICAL SODAS,BEVERAGE,1,20,0,0.00%,20,0.02%,0.04%
SPRITE CAN,Softdrinks,BEVERAGE,5,20,0,0.00%,20,0.08%,0.04%
AL AIN FRESH MILK 1L FULL CREAM,CS Dairy ,FOOD,3,19.5,0,0.00%,19.5,0.05%,0.04%
BASKIN ROBBINS CUP CHOCOLATE 120,CS Ice Cream,FOOD,3,19.5,0,0.00%,19.5,0.05%,0.04%
BASKIN ROBBINS CUP VANILLA 120ML,CS Ice Cream,FOOD,3,19.5,0,0.00%,19.5,0.05%,0.04%
COKE ZERO CAN 300M,CS Soft Drinks,BEVERAGE,13,19.5,0,0.00%,19.5,0.20%,0.04%
CORNETTO I/C SUPER SIZE CHEESECA,CS Ice Cream,FOOD,3,19.5,0,0.00%,19.5,0.05%,0.04%
GILLETTE FOAM MENTHOL,CS Mens Care,NON FOOD,2,19.5,0,0.00%,19.5,0.03%,0.04%
PERRIER WATER 750ML,Water,BEVERAGE,3,19.5,0,0.00%,19.5,0.05%,0.04%
TOBLERONE WHITE 35GM,CS Chocolate ,FOOD,6,19.5,0,0.00%,19.5,0.09%,0.04%
DOVE SHOWER NOURISHING 250ML,CS Bath & Shower,NON FOOD,1,19.25,0,0.00%,19.25,0.02%,0.04%
16 OZ SIGNATURE HOT CHOCOLATE,Starbucks,FOOD,1,19,0,0.00%,19,0.02%,0.04%
EGG Mayo & Spring Onion,Sandwiches,FOOD,1,19,0,0.00%,19,0.02%,0.04%
kellogsFros500g,CS Cereal,FOOD,1,19,0,0.00%,19,0.02%,0.04%
PHOENIX APPLE BEETROOT & GINGER ,CS Organic Food,BEVERAGE,2,19,0,0.00%,19,0.03%,0.04%
CRUNCHOS SUNFLOWER SEEDS 200GM,CS Dry Fruits,FOOD,2,18.5,0,0.00%,18.5,0.03%,0.04%
PRINGLES BBQ 165G ,CS Chips & Snacks,FOOD,2,18.5,0,0.00%,18.5,0.03%,0.04%
NECTAFLOR SOFT CRANBERRIES 200GM,CS Dry Fruits,FOOD,1,18.25,0,0.00%,18.25,0.02%,0.04%
BEST CAN SUPER PISTACHIO 110GM,CS Nuts & Seeds,FOOD,1,18,0,0.00%,18,0.02%,0.04%
CADBURY DM CHOCOLATE 90GM,CS Chocolate ,FOOD,3,18,0,0.00%,18,0.05%,0.04%
Glazed Veg,Sandwiches,FOOD,1,18,0,0.00%,18,0.02%,0.04%
Large Salad,Salads,FOOD,1,18,0,0.00%,18,0.02%,0.04%
Manakeesh(V),Pizza,FOOD,1,18,0,0.00%,18,0.02%,0.04%
Mature Cheddar&Pickle,Sandwiches,FOOD,1,18,0,0.00%,18,0.02%,0.04%
OAT & RAISIN COOKIE,Dessert,FOOD,3,18,0,0.00%,18,0.05%,0.04%
Oatmeal Porridge,Breakfast,FOOD,6,18,0,0.00%,18,0.09%,0.04%
PHOENIX COLA 330ML,CS Organic Food,FOOD,2,18,0,0.00%,18,0.03%,0.04%
PHOENIX LEMONADE 330ML,CS ORGANIC BEVERAGE,BEVERAGE,2,18,0,0.00%,18,0.03%,0.04%
POCARI SWEAT CAN 330ML,CS Soft Drinks,BEVERAGE,6,18,0,0.00%,18,0.09%,0.04%
RAINBOWEvpMilk160ML ,CS Dairy ,FOOD,6,18,0,0.00%,18,0.09%,0.04%
SNICKERS SINGLE BAR,CS Chocolate ,FOOD,6,18,0,0.00%,18,0.09%,0.04%
VIVANI BAR ESPRESSO BISCOTTI 40G,CS Organic Food,FOOD,3,18,0,0.00%,18,0.05%,0.04%
ALWAYS DIAMOND ULTRA THIN 14 PCS,CS Sanitary Care,NON FOOD,1,17.75,0,0.00%,17.75,0.02%,0.04%
ALWAYS MEGAPACK NORMAL WINGS 30 ,CS Sanitary Care,NON FOOD,1,17.5,0,0.00%,17.5,0.02%,0.04%
COCO TREE JUICE 330ML,CS Packet Juice,BEVERAGE,5,17.5,0,0.00%,17.5,0.08%,0.04%
CROISSANT HI BUTTER PLAIN,CS Bakery,FOOD,5,17.5,0,0.00%,17.5,0.08%,0.04%
KOKA CUP SEAFOOD,CS Pasta & Noodles,FOOD,5,17.5,0,0.00%,17.5,0.08%,0.04%
FRUIT & FIBRE KELLOGS 375GM,CS Cereal,FOOD,1,17.25,0,0.00%,17.25,0.02%,0.04%
16 OZ ICED CARAMEL MACCHIATO,Starbucks,FOOD,1,17,0,0.00%,17,0.02%,0.04%
16 OZ ICED CHOCOLATE,Starbucks,FOOD,1,17,0,0.00%,17,0.02%,0.04%
BrilaArabiata400g,CS Sauce,FOOD,1,17,0,0.00%,17,0.02%,0.04%
GO PURE CHIPS UNSALTED 125G,CS Organic Food,FOOD,1,17,0,0.00%,17,0.02%,0.04%
JDS ALMOND THINS,Biscuit & Cookies,FOOD,1,17,0,0.00%,17,0.02%,0.04%
NECTAFLOR PREMIUM FRUIT MIX 200G,CS Dry Fruits,FOOD,1,17,0,0.00%,17,0.02%,0.04%
LIFEBUOY BODYWASH MILD CARE 300M,CS Bath & Shower,NON FOOD,1,16.5,0,0.00%,16.5,0.02%,0.04%
MamanWildBlubryPrsrv,CS Can & Jar Food,FOOD,1,16.5,0,0.00%,16.5,0.02%,0.04%
EXTRA PROFESSIONAL STRONG MINT G,CS Mint & Gum,FOOD,5,16.25,0,0.00%,16.25,0.08%,0.03%
Egg Cress Mayonnaise,Pre Packed Sandwiches,FOOD,2,16,0,0.00%,16,0.03%,0.03%
FANTA APPLE CAN,Softdrinks,BEVERAGE,4,16,0,0.00%,16,0.06%,0.03%
PERRIER WATER 330ML,CS Water,BEVERAGE,4,16,0,0.00%,16,0.06%,0.03%
Portion Starch,Main course,FOOD,2,16,0,0.00%,16,0.03%,0.03%
SUBSTITUTE SOYA,Soya Milk,FOOD,4,16,0,0.00%,16,0.06%,0.03%
SUPREME CEYLON TEA BAG,Tea,FOOD,2,16,0,0.00%,16,0.03%,0.03%
KELLOGS BARS DARK CHOCO 04PCX1PK,CS Cereal,FOOD,1,15.75,0,0.00%,15.75,0.02%,0.03%
MODERN BAKE MANGO PISTA ENERGY B,CS Cereal,FOOD,3,15.75,0,0.00%,15.75,0.05%,0.03%
MODERN BAKE PEANUT PEACAN ENERGY,CS Cereal,FOOD,3,15.75,0,0.00%,15.75,0.05%,0.03%
ALPRO SOYA ORIGINAL1L,CS Dairy ,BEVERAGE,1,15.5,0,0.00%,15.5,0.02%,0.03%
FOOD DOCTOR POT TOMATO BLACK OLI,CS Organic Food,FOOD,1,15.5,0,0.00%,15.5,0.02%,0.03%
GLAD HANDLE GARBAGE BAG LARGE 11,CS Bags/Foil/Wraps,NON FOOD,1,15.5,0,0.00%,15.5,0.02%,0.03%
COMFORT LAVENDER MAGNOLIA CONCEN,CS Laundry Care,NON FOOD,1,15.25,0,0.00%,15.25,0.02%,0.03%
COMFORT ORANGE ALOE VERA CONCENT,CS Laundry Care,NON FOOD,1,15.25,0,0.00%,15.25,0.02%,0.03%
12 OZ CAFFE MOCHA,Starbucks,FOOD,1,15,0,0.00%,15,0.02%,0.03%
12 OZ CARAMEL MACCHIATO,Starbucks,FOOD,1,15,0,0.00%,15,0.02%,0.03%
Add Cheese,Extras,FOOD,5,15,0,0.00%,15,0.08%,0.03%
CAREFREE COTTON EXTRACT SINGLE 2,CS Sanitary Care,NON FOOD,1,15,0,0.00%,15,0.02%,0.03%
COKE CAN 300ML,CS Soft Drinks,BEVERAGE,10,15,0,0.00%,15,0.15%,0.03%
CORN FLAKES KELLOGS 500GM,CS Cereal,FOOD,1,15,0,0.00%,15,0.02%,0.03%
ENERGIZER AA 4 PCS,CS Others,NON FOOD,1,15,0,0.00%,15,0.02%,0.03%
HEINZ TUNA FLAKES OIL TIN 185GM,CS Can & Jar Food,FOOD,2,15,0,0.00%,15,0.03%,0.03%
NIVEA SHOWER POWERFRUIT 250ML,CS Bath & Shower,NON FOOD,1,15,0,0.00%,15,0.02%,0.03%
SLICED BREAD WHITE JUMBO,CS Bakery,FOOD,3,15,0,0.00%,15,0.05%,0.03%
SPRITE LIGHT CAN 330ML ,CS Soft Drinks,BEVERAGE,10,15,0,0.00%,15,0.15%,0.03%
DOVE STICK MEN EXTRA FRESH 40GM,CS Deodrants,NON FOOD,1,14.5,0,0.00%,14.5,0.02%,0.03%
BETTY CROCKER CHOCOLATE FUDGE 50,CS Coocking & Baking,FOOD,1,14.25,0,0.00%,14.25,0.02%,0.03%
BETTY CROCKER COOKIE DOUBLE CHOC,CS Coocking & Baking,FOOD,1,14.25,0,0.00%,14.25,0.02%,0.03%
SWISS DELICE BRASILIA BISCUITS 1,CS Chocolate ,FOOD,1,14.25,0,0.00%,14.25,0.02%,0.03%
VASELINE LOTION ESSENTIAL HEALIN,CS Body Care,NON FOOD,1,14.25,0,0.00%,14.25,0.02%,0.03%
AL AIN FRESH GRAPEFRUIT JUICE 33,CS Fresh Juice,BEVERAGE,2,14,0,0.00%,14,0.03%,0.03%
BR SMALL SCOOP VANILLA,Ice cream,FOOD,2,14,0,0.00%,14,0.03%,0.03%
IcedGingerMachiato,Nespresso,FOOD,1,14,0,0.00%,14,0.02%,0.03%
AL AIN YOGHURT FULL CREAM 170GM,CS Dairy ,FOOD,11,13.75,0,0.00%,13.75,0.17%,0.03%
BEST CAN PISTACHIOS SALTED 110GM,CS Nuts & Seeds,FOOD,1,13.75,0,0.00%,13.75,0.02%,0.03%
LINDT EXCELLENCE 70% CACOA 100GM,CS Chocolate ,FOOD,1,13.75,0,0.00%,13.75,0.02%,0.03%
LINDT EXCELLENCE 85% CACOA 100GM,CS Chocolate ,FOOD,1,13.75,0,0.00%,13.75,0.02%,0.03%
NECTAFLOR PREMIUM GINGER 200GM,CS Dry Fruits,FOOD,1,13.75,0,0.00%,13.75,0.02%,0.03%
TWININGS PURE CAMOMILE TEA 25 BA,CS Tea,FOOD,1,13.75,0,0.00%,13.75,0.02%,0.03%
CHEETOS CRUNCHY 35GM CHEESE,CS Chips & Snacks,FOOD,9,13.5,0,0.00%,13.5,0.14%,0.03%
Digest dark200,Biscuit & Cookies,FOOD,1,13.5,0,0.00%,13.5,0.02%,0.03%
LACNOR MILK CHOCOLATE 180ML,CS Packet Juice,BEVERAGE,9,13.5,0,0.00%,13.5,0.14%,0.03%
AL AIN FRESH MILK 1L LOW FAT,CS Dairy ,FOOD,2,13,0,0.00%,13,0.03%,0.03%
BASKIN ROBBINS CUP PARALINES 120,CS Ice Cream,FOOD,2,13,0,0.00%,13,0.03%,0.03%
BISQUINI TIN BUTTER COOKIES 150G,Biscuit & Cookies,FOOD,1,13,0,0.00%,13,0.02%,0.03%
BISQUINI TIN CHOCOLATE COOKIES 1,Biscuit & Cookies,FOOD,1,13,0,0.00%,13,0.02%,0.03%
CLOSEUP TP ICY WHITE WINTER BLAS,CS Oral Care,NON FOOD,1,13,0,0.00%,13,0.02%,0.03%
EXTRA PROFESSIONAL FRESH MINT GU,CS Mint & Gum,FOOD,4,13,0,0.00%,13,0.06%,0.03%
H&S SH MOISTURIZING SCALP CARE A,CS Shampoo & Conditioner,NON FOOD,1,13,0,0.00%,13,0.02%,0.03%
LADY CHOICE CREAMY PEANUT BUTTER,CS Can & Jar Food,FOOD,1,13,0,0.00%,13,0.02%,0.03%
NIVEA HAND WASH CR�ME SOFT 250ML,CS Soap & Handwash,NON FOOD,1,13,0,0.00%,13,0.02%,0.03%
A/G TRADITIONAL PASTA SAUCE 24OZ,CS Sauce,FOOD,1,12.75,0,0.00%,12.75,0.02%,0.03%
ALPEN BAR FRUIT NUT MILK CHOCOLA,CS Cereal,FOOD,3,12.75,0,0.00%,12.75,0.05%,0.03%
CLEARLY SCRUMPTIOUS GOLDEN BERRI,CS Dry Fruits,FOOD,1,12.75,0,0.00%,12.75,0.02%,0.03%
LIPTON PYRAMID PEACH MANGO TEA B,CS Tea,FOOD,1,12.75,0,0.00%,12.75,0.02%,0.03%
VOLVIC WATER 500ML,CS Water,BEVERAGE,3,12.75,0,0.00%,12.75,0.05%,0.03%
AL AIN WATER 5 LTR,CS Water,BEVERAGE,5,12.5,0,0.00%,12.5,0.08%,0.03%
DOUGHNUT CHOCOLATE,CS Bakery,FOOD,5,12.5,0,0.00%,12.5,0.08%,0.03%
EXTRA BIG BOTTLE WATERMELON,CS Mint & Gum,FOOD,1,12.5,0,0.00%,12.5,0.02%,0.03%
HEINZ ORGANIC TIN SOUP TOMATO 40,CS Can & Jar Food,FOOD,1,12.5,0,0.00%,12.5,0.02%,0.03%
LAYS CHILI 185GM,CS Chips & Snacks,FOOD,2,12.5,0,0.00%,12.5,0.03%,0.03%
LAYS TOMATO KETCHUP 185GM,CS Chips & Snacks,FOOD,2,12.5,0,0.00%,12.5,0.03%,0.03%
BARILLA PASTA PENNE TRICOLORE 50,CS Pasta & Noodles,FOOD,1,12.25,0,0.00%,12.25,0.02%,0.03%
PURELL REFRESHING HAND SANITIZER,CS Soap & Handwash,NON FOOD,1,12.25,0,0.00%,12.25,0.02%,0.03%
BAYARA SALTED PISTACHIOS 150G,CS Nuts & Seeds,FOOD,1,12,0,0.00%,12,0.02%,0.03%
Chicken Tikka,Pizza,FOOD,2,12,0,0.00%,12,0.03%,0.03%
CHOCOLATE BROWNIE ,Dessert,FOOD,1,12,0,0.00%,12,0.02%,0.03%
LIP BLUE FRUITS15 PYRAMID TB,CS Tea,FOOD,1,12,0,0.00%,12,0.02%,0.03%
LIP GREEN MINT 25 TB,CS Tea,FOOD,2,12,0,0.00%,12,0.03%,0.03%
Mash and Gravy,Extras,FOOD,2,12,0,0.00%,12,0.03%,0.03%
MilkHalfCrem1Ltr ,CS Dairy ,FOOD,3,12,0,0.00%,12,0.05%,0.03%
Pepsi,Softdrinks,BEVERAGE,3,12,0,0.00%,12,0.05%,0.03%
SUBSTITUTE SOYA ALMOND,Soya Milk,FOOD,3,12,0,0.00%,12,0.05%,0.03%
SUNBLAST ORGANIC APPLE BLACKCURR,CS Organic Food,FOOD,6,12,0,0.00%,12,0.09%,0.03%
CADBURY DM FRUIT & NUT 230GM,CS Chocolate ,FOOD,1,11.75,0,0.00%,11.75,0.02%,0.03%
CADBURY DM HAZELNUT 227GM,CS Chocolate ,FOOD,1,11.75,0,0.00%,11.75,0.02%,0.03%
TWININGS PURE GREEN TEA 25 BAGS,CS Tea,FOOD,1,11.75,0,0.00%,11.75,0.02%,0.03%
PRO BAR FUEL BLUEBERRY CHIA 48GM,CS Cereal,FOOD,1,11.5,0,0.00%,11.5,0.02%,0.02%
VIVANI BAR BLACK CHERRY 40G,CS Organic Food,FOOD,2,11.5,0,0.00%,11.5,0.03%,0.02%
VIVANI BAR MANDEL ORANGE 40G,CS Organic Food,FOOD,2,11.5,0,0.00%,11.5,0.03%,0.02%
HEINZ TIN SOUP SPRING VEGETABLE ,CS Can & Jar Food,FOOD,1,11.25,0,0.00%,11.25,0.02%,0.02%
W.FOODS PASTE THAI RED CURRY 220,CS Can & Jar Food,FOOD,1,11.25,0,0.00%,11.25,0.02%,0.02%
GROWERS PACKET HONEY PEANUTS,CS Nuts & Seeds,FOOD,2,11,0,0.00%,11,0.03%,0.02%
ORAL B FLOSS UNWAXED,CS Oral Care,NON FOOD,1,11,0,0.00%,11,0.02%,0.02%
PANTENE SH ANTI HAIR FALL 200ML,CS Shampoo & Conditioner,NON FOOD,1,11,0,0.00%,11,0.02%,0.02%
MENTOS BOTTLE JUICE BLAST WATERM,CS Mint & Gum,FOOD,1,10.75,0,0.00%,10.75,0.02%,0.02%
YUM YUM SMOOTH PEANUT BUTTER 400,CS Can & Jar Food,FOOD,1,10.75,0,0.00%,10.75,0.02%,0.02%
AL AIN STRAWBERRY YOGHURT 125GM,CS Dairy ,FOOD,6,10.5,0,0.00%,10.5,0.09%,0.02%
CASTANIA CASHEW 60G,CS Nuts & Seeds,FOOD,1,10.5,0,0.00%,10.5,0.02%,0.02%
FITA CRACKERS 150G,Biscuit & Cookies,FOOD,3,10.5,0,0.00%,10.5,0.05%,0.02%
KOKA CUP CURRY,CS Pasta & Noodles,FOOD,3,10.5,0,0.00%,10.5,0.05%,0.02%
AL RABIE ORANGE 330ML,CS Packet Juice,BEVERAGE,4,10,0,0.00%,10,0.06%,0.02%
BARILA FARFALE500g,CS Pasta & Noodles,FOOD,1,10,0,0.00%,10,0.02%,0.02%
Beef Bacon,Breakfast,FOOD,2,10,0,0.00%,10,0.03%,0.02%
COKE LIGHT LARGE 2.25L,CS Soft Drinks,BEVERAGE,2,10,0,0.00%,10,0.03%,0.02%
COKE PET 500ML,CS Soft Drinks,BEVERAGE,5,10,0,0.00%,10,0.08%,0.02%
Extra Fruit,TOPPINGS,FOOD,2,10,0,0.00%,10,0.03%,0.02%
KOKA BOWL BEEF,CS Pasta & Noodles,FOOD,2,10,0,0.00%,10,0.03%,0.02%
KOKA BOWL MUSHROOM,CS Pasta & Noodles,FOOD,2,10,0,0.00%,10,0.03%,0.02%
Potato Crinkles,Extras,FOOD,1,10,0,0.00%,10,0.02%,0.02%
SCHOGETTEN HAZELNUT100G,CS Chocolate ,FOOD,2,10,0,0.00%,10,0.03%,0.02%
EXTRA PROFESSIONAL WHITE GUM,CS Mint & Gum,FOOD,3,9.75,0,0.00%,9.75,0.05%,0.02%
TOBLETOBLERONE MILK 35GM,CS Chocolate ,FOOD,3,9.75,0,0.00%,9.75,0.05%,0.02%
LUX SUNLIGHT LEMON 750ML,CS Dishwashing,NON FOOD,1,9.5,0,0.00%,9.5,0.02%,0.02%
PERRIER WATER LEMON 330ML,CS Water,BEVERAGE,2,9.5,0,0.00%,9.5,0.03%,0.02%
TAMRAH COCO DATES ZIPPER BAG 100,CS Dry Fruits,FOOD,1,9.5,0,0.00%,9.5,0.02%,0.02%
A/G POP CORN MICROWAVE CHEESE 29,CS Can & Jar Food,FOOD,1,9.25,0,0.00%,9.25,0.02%,0.02%
A/G POP CORN MICROWAVE HOT&SPICY,CS Can & Jar Food,FOOD,1,9.25,0,0.00%,9.25,0.02%,0.02%
CERES APPLE JUICE 1L,CS Packet Juice,BEVERAGE,1,9.25,0,0.00%,9.25,0.02%,0.02%
CERES PEAR JUICE 1L,CS Packet Juice,BEVERAGE,1,9.25,0,0.00%,9.25,0.02%,0.02%
CERES RUBY GRAPE FRUIT JUICE 1L,CS Packet Juice,BEVERAGE,1,9.25,0,0.00%,9.25,0.02%,0.02%
CRUNCHOS PUMPKIN SEEDS 200GM,CS Dry Fruits,FOOD,1,9.25,0,0.00%,9.25,0.02%,0.02%
GLAD GARBAGE BAG SMALL 20L X 30,CS Bags/Foil/Wraps,NON FOOD,1,9.25,0,0.00%,9.25,0.02%,0.02%
PRINGLES CHEESE 165GM,CS Chips & Snacks,FOOD,1,9.25,0,0.00%,9.25,0.02%,0.02%
BOUNTY BAR 57GM,CS Chocolate ,FOOD,3,9,0,0.00%,9,0.05%,0.02%
CERES PINE APPLE JUICE 1L,CS Packet Juice,BEVERAGE,1,9,0,0.00%,9,0.02%,0.02%
SCHWEPPES GINGER ALE 300M,CS Soft Drinks,BEVERAGE,6,9,0,0.00%,9,0.09%,0.02%
SIGNALC8AWHITE120M,CS Oral Care,NON FOOD,1,9,0,0.00%,9,0.02%,0.02%
A/G POP CORN MICROWAVE BUTTER 29,CS Can & Jar Food,FOOD,1,8.75,0,0.00%,8.75,0.02%,0.02%
AL AIN MANGO YOGHURT 125GM,CS Dairy ,FOOD,5,8.75,0,0.00%,8.75,0.08%,0.02%
ENERGIZER AAA 2 PCS,CS Others,NON FOOD,1,8.5,0,0.00%,8.5,0.02%,0.02%
ADD CARAMEL DRIZZLE,Starbucks,FOOD,2,8,0,0.00%,8,0.03%,0.02%
ADD WHIPPED CREAM,Starbucks,FOOD,2,8,0,0.00%,8,0.03%,0.02%
Chkn Fried Rice,Main course,FOOD,1,8,0,0.00%,8,0.02%,0.02%
CLOROX SPONGE SCOURER 1PCS,CS Cleaning Supplies,NON FOOD,2,8,0,0.00%,8,0.03%,0.02%
CORN ON THE COB,Salads,FOOD,1,8,0,0.00%,8,0.02%,0.02%
FUNHDPSFORKPLM,CS Disposable,NON FOOD,1,8,0,0.00%,8,0.02%,0.02%
INDOMIE PILLOW 5 PCS SPECIAL CHI,CS Pasta & Noodles,FOOD,1,8,0,0.00%,8,0.02%,0.02%
KNORR PACKET CREAM OF MUSHROOM S,CS Packet Food,FOOD,2,8,0,0.00%,8,0.03%,0.02%
LEMON DRIZZLE CAKE,Dessert,FOOD,1,8,0,0.00%,8,0.02%,0.02%
LIPTON LEMON ICED TEA,Tea,BEVERAGE,2,8,0,0.00%,8,0.03%,0.02%
Moroccan Green Tea,Tea,FOOD,1,8,0,0.00%,8,0.02%,0.02%
PEPSI CAN,Softdrinks,BEVERAGE,2,8,0,0.00%,8,0.03%,0.02%
SMINT CANDY GUM BLACKBERRY 14.2G,CS Mint & Gum,FOOD,2,8,0,0.00%,8,0.03%,0.02%
SUNBLAST ORGANIC 100% ORANGE JUI,CS Organic Food,FOOD,4,8,0,0.00%,8,0.06%,0.02%
Veg Fried Rice,Main course,FOOD,1,8,0,0.00%,8,0.02%,0.02%
TABASCO PEPPER SAUCE BOTTLE,CS Sauce,FOOD,1,7.75,0,0.00%,7.75,0.02%,0.02%
AL RABIE LIME KIWI 330ML,CS Packet Juice,BEVERAGE,3,7.5,0,0.00%,7.5,0.05%,0.02%
AlwaysUltraFreshExLong7,CS Sanitary Care,NON FOOD,1,7.5,0,0.00%,7.5,0.02%,0.02%
AlwaysUltraNightFresh6,CS Sanitary Care,NON FOOD,1,7.5,0,0.00%,7.5,0.02%,0.02%
AM Chd Sli 200,CS Dairy ,FOOD,1,7.5,0,0.00%,7.5,0.02%,0.02%
BAYARA MIXED NUTS 150G,CS Nuts & Seeds,FOOD,1,7.5,0,0.00%,7.5,0.02%,0.02%
BEST 40GM MIXED NUTS,CS Nuts & Seeds,FOOD,3,7.5,0,0.00%,7.5,0.05%,0.02%
CastaniaMixedNuts125G,CS Nuts & Seeds,FOOD,1,7.5,0,0.00%,7.5,0.02%,0.02%
KIT KAT 2 FINGERS,CS Chocolate ,FOOD,6,7.5,0,0.00%,7.5,0.09%,0.02%
KOKA PILLOW 5 PCS BEEF,CS Pasta & Noodles,FOOD,1,7.5,0,0.00%,7.5,0.02%,0.02%
LACNOR APPLE 180ML,CS Packet Juice,BEVERAGE,5,7.5,0,0.00%,7.5,0.08%,0.02%
MANI 20G PEANUTS SPICY PAPRIKA,CS Dry Fruits,FOOD,5,7.5,0,0.00%,7.5,0.08%,0.02%
POKKA LEMON ICED TEA 330ML,CS Soft Drinks,BEVERAGE,3,7.5,0,0.00%,7.5,0.05%,0.02%
BARILLA PASTA SPAGHETTI NO.7 500,CS Pasta & Noodles,FOOD,1,7.25,0,0.00%,7.25,0.02%,0.02%
AL AIN KIWI APPLE YOGHURT 125GM,CS Dairy ,FOOD,4,7,0,0.00%,7,0.06%,0.01%
ALMARAI MILK FAT FREE1L,CS Dairy ,FOOD,1,7,0,0.00%,7,0.02%,0.01%
BREAD ROLL ENGLISH BROWN,CS Bakery,FOOD,2,7,0,0.00%,7,0.03%,0.01%
BR SMALL SCOOP CHCOLATE,Ice cream,FOOD,1,7,0,0.00%,7,0.02%,0.01%
"BUN BREAD SEASAME 4"" 6 PCS",CS Bakery,FOOD,2,7,0,0.00%,7,0.03%,0.01%
CORNETTO I/C LOVE TOFFEE,CS Ice Cream,FOOD,1,7,0,0.00%,7,0.02%,0.01%
LARGE GLASS FRESH MILK,Coffee,FOOD,1,7,0,0.00%,7,0.02%,0.01%
MUFFIN APPLE,CS Bakery,FOOD,2,7,0,0.00%,7,0.03%,0.01%
MUFFIN BLUEBERRY,CS Bakery,FOOD,2,7,0,0.00%,7,0.03%,0.01%
ALMARAI BURGER SLICE CHEESE 200G,CS Dairy ,FOOD,1,6.75,0,0.00%,6.75,0.02%,0.01%
BASKIN ROBBINS CUP STARWBERRY 12,CS Ice Cream,FOOD,1,6.5,0,0.00%,6.5,0.02%,0.01%
BOGUTTI AMERICAN COOKIES CHOCO C,Biscuit & Cookies,FOOD,1,6.5,0,0.00%,6.5,0.02%,0.01%
FUN32OZMLTI,CS Disposable,NON FOOD,1,6.5,0,0.00%,6.5,0.02%,0.01%
GALAXY SMOOTH MILK 40GM,CS Chocolate ,FOOD,2,6.5,0,0.00%,6.5,0.03%,0.01%
SELPAK FACIAL TISSUE 100 SHEET,CS Tissue & Toilet Rolls,NON FOOD,1,6.25,0,0.00%,6.25,0.02%,0.01%
AL AIN FRESH CARROT JUICE 330ML,CS Fresh Juice,BEVERAGE,1,6,0,0.00%,6,0.02%,0.01%
CADBURY DM CARAMEL 37GM,CS Chocolate ,FOOD,2,6,0,0.00%,6,0.03%,0.01%
CADBURY DM FRUIT & NUT 100GM,CS Chocolate ,FOOD,1,6,0,0.00%,6,0.02%,0.01%
CAJUN ROAST POTATOES,Salads,FOOD,1,6,0,0.00%,6,0.02%,0.01%
CHOCOLATE CHIP COOKIE,Dessert,FOOD,1,6,0,0.00%,6,0.02%,0.01%
COKE LIGHT PET 500ML,CS Soft Drinks,BEVERAGE,3,6,0,0.00%,6,0.05%,0.01%
EXTRA PELLET WATERMELON GUM ,CS Mint & Gum,FOOD,3,6,0,0.00%,6,0.05%,0.01%
FANTA STRAWBERRY 355M,CS Soft Drinks,BEVERAGE,4,6,0,0.00%,6,0.06%,0.01%
GranAppleCunch,CS Cereal,FOOD,2,6,0,0.00%,6,0.03%,0.01%
NATURE VALLEY ROASTED ALMOND,CS Cereal,FOOD,2,6,0,0.00%,6,0.03%,0.01%
Panadol96 ,CS Others,NON FOOD,6,6,0,0.00%,6,0.09%,0.01%
Perrier Water,Water,BEVERAGE,1,6,0,0.00%,6,0.02%,0.01%
Pineapple,Pizza,FOOD,1,6,0,0.00%,6,0.02%,0.01%
Valley Crunchy,Cereal Bar,FOOD,2,6,0,0.00%,6,0.03%,0.01%
VIVANI BAR CREAMY CARAMEL 40G,CS Organic Food,FOOD,1,6,0,0.00%,6,0.02%,0.01%
SMINT POCKET LEMON ,CS Mint & Gum,FOOD,1,5.75,0,0.00%,5.75,0.02%,0.01%
GROWERS PACKET ORIENTAL PEANUTS,CS Nuts & Seeds,FOOD,1,5.5,0,0.00%,5.5,0.02%,0.01%
MARS BAR 51GM,CS Chocolate ,FOOD,2,5.5,0,0.00%,5.5,0.03%,0.01%
SNAPPLE FRUIT PUNCH JUICE,CS Packet Juice,BEVERAGE,1,5.5,0,0.00%,5.5,0.02%,0.01%
A/G U.S MUSTARD SQUEEZE 8OZ,CS Can & Jar Food,FOOD,1,5.25,0,0.00%,5.25,0.02%,0.01%
BAHLSEN LEIBNIZ MINIS BUTTER 100,Biscuit & Cookies,FOOD,1,5.25,0,0.00%,5.25,0.02%,0.01%
SCHOGETTEN DARK CHOCOLATE 100GM,CS Chocolate ,FOOD,1,5.25,0,0.00%,5.25,0.02%,0.01%
A/G IODIZED SALT 26OZ,CS Can & Jar Food,FOOD,2,5,0,0.00%,5,0.03%,0.01%
Castania Fried Peanut 60g,CS Nuts & Seeds,FOOD,1,5,0,0.00%,5,0.02%,0.01%
Castania Peanut 60g,CS Nuts & Seeds,FOOD,1,5,0,0.00%,5,0.02%,0.01%
CROISSANT CHOCOLATE,CS Bakery,FOOD,2,5,0,0.00%,5,0.03%,0.01%
FANTA LARGE 2.25L,CS Soft Drinks,BEVERAGE,1,5,0,0.00%,5,0.02%,0.01%
FUN12OZMLTI,CS Disposable,NON FOOD,1,5,0,0.00%,5,0.02%,0.01%
GATORADE ORANGE PET 500ML,CS Sports & Energy Drinks,BEVERAGE,1,5,0,0.00%,5,0.02%,0.01%
WHOLE FRUIT,Dessert,FOOD,1,5,0,0.00%,5,0.02%,0.01%
SCRUMMIES BLUEBERRY CRANBERRIES ,CS Dry Fruits,FOOD,1,4.75,0,0.00%,4.75,0.02%,0.01%
SCRUMMIES STRAWBERRY CRANBERRIES,CS Dry Fruits,FOOD,1,4.75,0,0.00%,4.75,0.02%,0.01%
DOUGHNUT JAM,CS Bakery,FOOD,3,4.5,0,0.00%,4.5,0.05%,0.01%
HeinzBaked Beans415g ,CS Can & Jar Food,FOOD,1,4.5,0,0.00%,4.5,0.02%,0.01%
Lacnor Full Fat Milk 1L ,CS Dairy ,BEVERAGE,1,4.5,0,0.00%,4.5,0.02%,0.01%
LACNOR MILK BANANA 180ML,CS Packet Juice,BEVERAGE,3,4.5,0,0.00%,4.5,0.05%,0.01%
7 Up,Softdrinks,BEVERAGE,1,4,0,0.00%,4,0.02%,0.01%
7 UP PET 500ML,Softdrinks,BEVERAGE,2,4,0,0.00%,4,0.03%,0.01%
Add Mini PastryCombo,Dessert,FOOD,4,4,0,0.00%,4,0.06%,0.01%
AL RABIE ORANGE PEACH 330ML,Fresh Juices,BEVERAGE,1,4,0,0.00%,4,0.02%,0.01%
BAYARA MARJORAM BOTTLE 100ML,CS Spices & Herbs,FOOD,1,4,0,0.00%,4,0.02%,0.01%
Coke Zero,Softdrinks,BEVERAGE,1,4,0,0.00%,4,0.02%,0.01%
D Coke,Softdrinks,BEVERAGE,1,4,0,0.00%,4,0.02%,0.01%
DOUGHNUT PLAIN,CS Bakery,FOOD,2,4,0,0.00%,4,0.03%,0.01%
D Sprite,Softdrinks,BEVERAGE,1,4,0,0.00%,4,0.02%,0.01%
FOUNTAIN SODA SMALL,Softdrinks,BEVERAGE,2,4,0,0.00%,4,0.03%,0.01%
Khubus Bread,Breakfast,FOOD,2,4,0,0.00%,4,0.03%,0.01%
LAYS 40GM SALT,CS Chips & Snacks,FOOD,2,4,0,0.00%,4,0.03%,0.01%
LION CAPSICUM PLASTER 1 PCS,CS Soap & Handwash,NON FOOD,1,4,0,0.00%,4,0.02%,0.01%
Sprite,Softdrinks,BEVERAGE,1,4,0,0.00%,4,0.02%,0.01%
SUNBLAST RECHARGE BLUE & RASPBER,CS Organic Food,FOOD,2,4,0,0.00%,4,0.03%,0.01%
EXTRA TABS SPEARMINT GUM,CS Mint & Gum,FOOD,1,3.75,0,0.00%,3.75,0.02%,0.01%
AL AIN PINEAPPLE YOGHURT 125GM,CS Dairy ,FOOD,2,3.5,0,0.00%,3.5,0.03%,0.01%
"BUN BREAD PLAIN 4"" 6 PCS",CS Bakery,FOOD,1,3.5,0,0.00%,3.5,0.02%,0.01%
CLOROX EASY GRIP SPONGE SCOURER ,CS Cleaning Supplies,NON FOOD,1,3.5,0,0.00%,3.5,0.02%,0.01%
DESIAM FISH SAUCE 60ML,CS Sauce,FOOD,1,3.5,0,0.00%,3.5,0.02%,0.01%
FAMILIA 50GM MUESLI CHOCO,CS Cereal,FOOD,1,3.5,0,0.00%,3.5,0.02%,0.01%
FRUIT TELLA ORANGE 36G,CS Mint & Gum,FOOD,2,3.5,0,0.00%,3.5,0.03%,0.01%
KOKA CUP BEEF,CS Pasta & Noodles,FOOD,1,3.5,0,0.00%,3.5,0.02%,0.01%
KOKA CUP CHICKEN CORN,CS Pasta & Noodles,FOOD,1,3.5,0,0.00%,3.5,0.02%,0.01%
LUX BAR CREAMY PERFECTION 120GM,CS Soap & Handwash,NON FOOD,1,3.5,0,0.00%,3.5,0.02%,0.01%
LUX BAR DREAM DELIGHT 120GM,CS Soap & Handwash,NON FOOD,1,3.5,0,0.00%,3.5,0.02%,0.01%
LUX BAR SECRET BLISS 120GM,CS Soap & Handwash,NON FOOD,1,3.5,0,0.00%,3.5,0.02%,0.01%
MENTOS 38GM CHEWY COLA,CS Mint & Gum,FOOD,2,3.5,0,0.00%,3.5,0.03%,0.01%
MUFFIN CHOCOLATE,CS Bakery,FOOD,1,3.5,0,0.00%,3.5,0.02%,0.01%
BEST 30GM SALTED CASHEWS,CS Nuts & Seeds,FOOD,1,3.25,0,0.00%,3.25,0.02%,0.01%
M&M CHOCOLATE 45GM,CS Chocolate ,FOOD,1,3.25,0,0.00%,3.25,0.02%,0.01%
M&M MINIS TUBE 30GM,CS Chocolate ,FOOD,1,3.25,0,0.00%,3.25,0.02%,0.01%
FOUNTAIN SODA LARGE,Softdrinks,BEVERAGE,1,3,0,0.00%,3,0.02%,0.01%
FrostiesCMB25g,CS Cereal,FOOD,1,3,0,0.00%,3,0.02%,0.01%
Lacnor Cocktail180ML,Fresh Juices,FOOD,2,3,0,0.00%,3,0.03%,0.01%
MAGGI STOCK CUBE BEEF,CS Sauce,FOOD,3,3,0,0.00%,3,0.05%,0.01%
Salted Pistachios30g,Peannuts,FOOD,1,3,0,0.00%,3,0.02%,0.01%
SLICED BREAD WHITE MEDIUM,CS Bakery,FOOD,1,3,0,0.00%,3,0.02%,0.01%
BEST 30GM SALTED PISTACHIO,CS Nuts & Seeds,FOOD,1,2.75,0,0.00%,2.75,0.02%,0.01%
ALGIDA I/C CLASSICS VANILLA,CS Chocolate ,FOOD,1,2.5,0,0.00%,2.5,0.02%,0.01%
KIT KAT 4 FINGERS,CS Chocolate ,FOOD,1,2.25,0,0.00%,2.25,0.02%,0.00%
CAPRISUN APPLE,CS Packet Juice,BEVERAGE,2,2,0,0.00%,2,0.03%,0.00%
EXTRA PELLET STRAWBERRY GUM,Biscuit & Cookies,FOOD,1,2,0,0.00%,2,0.02%,0.00%
Lays Chips,Extras,FOOD,1,2,0,0.00%,2,0.02%,0.00%
NUTRO GLUCOSE MILK HONEY BISCUIT,Biscuit & Cookies,FOOD,2,2,0,0.00%,2,0.03%,0.00%
Peach ,CS Fresh Fruit,FOOD,1,2,0,0.00%,2,0.02%,0.00%
SUNBLAST ORGANIC MIXED FRUIT 200,CS Organic Food,FOOD,1,2,0,0.00%,2,0.02%,0.00%
SUPER GLUE 3G,CS Others,NON FOOD,1,1.75,0,0.00%,1.75,0.02%,0.00%
CROISSANT PLAIN,CS Bakery,FOOD,1,1.5,0,0.00%,1.5,0.02%,0.00%
DOUGHNUT ICING WHITE,CS Bakery,FOOD,1,1.5,0,0.00%,1.5,0.02%,0.00%
SCHWEPPES BITTER LEMON 300M,CS Soft Drinks,BEVERAGE,1,1.5,0,0.00%,1.5,0.02%,0.00%
LACNOR MILK STRAWBERRY 180ML,CS Packet Juice,BEVERAGE,1,1.25,0,0.00%,1.25,0.02%,0.00%
MENTOS CHEWY RAINBOW 30GM,CS Mint & Gum,FOOD,1,1.25,0,0.00%,1.25,0.02%,0.00%
SAFETY MATCH STICK BOX 2PCS,CS Others,NON FOOD,1,0.5,0,0.00%,0.5,0.02%,0.00%
Al Ain 1.5 L,Water,BEVERAGE,1,0,0,0.00%,0,0.02%,0.00%
Coffee Filter,Tea,BEVERAGE,4,0,0,0.00%,0,0.06%,0.00%
FRUIT JUICE,Fresh Juices,BEVERAGE,2,0,0,0.00%,0,0.03%,0.00%
Tea Regular,Tea,BEVERAGE,1,0,0,0.00%,0,0.02%,0.00%
TOTAL*,,,"5,440","46,894.25",0,0.00%,"46,894.25",82.10%,100.00%
,,,,,,,,,
