Menu Engineering Items Summary,,,,,,,,,
,,,,,,,,,
Business Dates,1/29/2016,,,,,,,,
Locations,"DEMO,UAE",,,,,,,,
Revenue Centers,All,,,,,,,,
Menu Items,All,,,,,,,,
,,,,,,,,,
Menu Item Name,Family Group,Major Group,Qty Sold,Net Sales,Prep Cost,Cost %,Margin Less Item Disc,% Qty,% Margin
Stud Meal Combo,Main course,FOOD,176,"5,250.00",0,0.00%,"5,250.00",2.91%,11.81%
Student Breakfast,Breakfast,FOOD,66,"1,980.00",0,0.00%,"1,980.00",1.09%,4.45%
MARINATED SALMON STEAK,Grill,FOOD,55,"1,650.00",0,0.00%,"1,650.00",0.91%,3.71%
CHICKEN MEAL ,Main course,FOOD,60,"1,500.00",0,0.00%,"1,500.00",0.99%,3.37%
BEEF MEAL,Main course,FOOD,43,"1,050.00",0,0.00%,"1,050.00",0.71%,2.36%
Slice of the Day,Pizza,FOOD,200,"1,000.00",0,0.00%,"1,000.00",3.31%,2.25%
Buffet Meal,Main course,FOOD,43,946,0,0.00%,946,0.71%,2.13%
Classic Angus Burger,Burgers,FOOD,31,930,0,0.00%,930,0.51%,2.09%
SERCO LUNCH,SERCO LUNCH,FOOD,55,825,0,0.00%,825,0.91%,1.86%
BBQ Glazed Chicken,Sandwiches,FOOD,35,735,0,0.00%,735,0.58%,1.65%
BUTTER FLY CHICKEN BREAST ,Grill,FOOD,29,696,0,0.00%,696,0.48%,1.57%
Tenderloin Steak,Burgers,FOOD,22,660,0,0.00%,660,0.36%,1.48%
Falafel Tomato & Hummus(V),Sandwiches,FOOD,34,612,0,0.00%,612,0.56%,1.38%
Chicken Caesar,Salads,FOOD,24,600,0,0.00%,600,0.40%,1.35%
Chicken Steak,Grill,FOOD,24,576,0,0.00%,576,0.40%,1.30%
FG MEDIUM BOWL,FEEL GOOD,FOOD,30,540,0,0.00%,540,0.50%,1.21%
SERCO BREAKFAST,SERCO BREAKFAST,FOOD,34,510,0,0.00%,510,0.56%,1.15%
Smoked Salmon,Sandwiches,FOOD,20,500,0,0.00%,500,0.33%,1.12%
FG LARGE BOWL,FEEL GOOD,FOOD,18,468,0,0.00%,468,0.30%,1.05%
Chicken Tikka,Sandwiches,FOOD,18,432,0,0.00%,432,0.30%,0.97%
Margherita(V),Pizza,FOOD,15,375,0,0.00%,375,0.25%,0.84%
Masafi Water500ml,Water,BEVERAGE,374,374,0,0.00%,374,6.19%,0.84%
FRESH JUICE LARGE,Fresh Juices,FOOD,50,350,0,0.00%,350,0.83%,0.79%
Extra Portion Grill,Main course,FOOD,28,336,0,0.00%,336,0.46%,0.76%
Fresh Fruit Pcs,Extras,FOOD,110,330,0,0.00%,330,1.82%,0.74%
Two Eggs ,Breakfast,FOOD,64,320,0,0.00%,320,1.06%,0.72%
Buffet Fruit Salad,Salads,FOOD,60,300,0,0.00%,300,0.99%,0.67%
SERCO DINNER,SERCO DINNER,FOOD,20,300,0,0.00%,300,0.33%,0.67%
Take Away Box,Take Away Boxes,NON FOOD,97,291,0,0.00%,291,1.61%,0.65%
Grilled Chicken Burger,Burgers,FOOD,11,264,0,0.00%,264,0.18%,0.59%
Side Salad,Salads,FOOD,67,264,0,0.00%,264,1.11%,0.59%
12 OZ CAFFE LATTE,Starbucks,FOOD,21,252,0,0.00%,252,0.35%,0.57%
LACNOR APPLE 180ML,Fresh Juices,BEVERAGE,63,252,0,0.00%,252,1.04%,0.57%
Tandoori Chicken,Pizza,FOOD,7,252,0,0.00%,252,0.12%,0.57%
Homemade Beef Burger,Burgers,FOOD,12,240,0,0.00%,240,0.20%,0.54%
Yoghurt,Yogurt,FOOD,58,232,0,0.00%,232,0.96%,0.52%
Salmon Salad,Salads,FOOD,9,225,0,0.00%,225,0.15%,0.51%
COCA COLA CAN,Softdrinks,BEVERAGE,56,224,0,0.00%,224,0.93%,0.50%
Dessert,Dessert,FOOD,56,224,0,0.00%,224,0.93%,0.50%
16 OZ CAFFE LATTE,Starbucks,FOOD,14,196,0,0.00%,196,0.23%,0.44%
Cereal Portion,Breakfast,FOOD,28,196,0,0.00%,196,0.46%,0.44%
Chocolate Bar,Extras,FOOD,39,195,0,0.00%,195,0.65%,0.44%
16 OZ CAFFE AMERICANO,Starbucks,FOOD,16,192,0,0.00%,192,0.26%,0.43%
FRESH JUICE SMALL,Breakfast,FOOD,48,192,0,0.00%,192,0.79%,0.43%
7 OZ DOUBLE SHOT ICED SHAKEN,Starbucks,FOOD,13,182,0,0.00%,182,0.22%,0.41%
Banana Pcs,CS Fresh Fruit,FOOD,89,178,0,0.00%,178,1.47%,0.40%
Filter Tea,Tea,FOOD,34,170,0,0.00%,170,0.56%,0.38%
LACNOR ORANGE 180ML,Fresh Juices,BEVERAGE,43,166.5,0,0.00%,166.5,0.71%,0.37%
AL AIN WATER 1.5L,CS Water,BEVERAGE,107,160.5,0,0.00%,160.5,1.77%,0.36%
Grilled Halloumi(V),Sandwiches,FOOD,8,160,0,0.00%,160,0.13%,0.36%
16 OZ CAPPUCHINO,Starbucks,FOOD,11,154,0,0.00%,154,0.18%,0.35%
16 OZ ICED CAFFE LATTE,Starbucks,FOOD,11,154,0,0.00%,154,0.18%,0.35%
CLEARLY SCRUMPTIOUS STRAWBERRY 3,CS Dry Fruits,FOOD,12,153,0,0.00%,153,0.20%,0.34%
LACNOR MANGO 180ML,Fresh Juices,BEVERAGE,37,148,0,0.00%,148,0.61%,0.33%
Beef sausage,Breakfast,FOOD,29,145,0,0.00%,145,0.48%,0.33%
Chicken Nuggets,Extras,FOOD,14,140,0,0.00%,140,0.23%,0.31%
GALLON WATER COUPON,CS Water,BEVERAGE,20,140,0,0.00%,140,0.33%,0.31%
Hash Browns,Breakfast,FOOD,35,140,0,0.00%,140,0.58%,0.31%
LACNOR MILK CHOCOLATE,Flavoured Milk,BEVERAGE,35,140,0,0.00%,140,0.58%,0.31%
FINE TOILET ROLLS 2PLY X 10 PCS ,CS Tissue & Toilet Rolls,NON FOOD,9,132.75,0,0.00%,132.75,0.15%,0.30%
Soup,Extras,FOOD,22,132,0,0.00%,132,0.36%,0.30%
French Fries,Extras,FOOD,21,126,0,0.00%,126,0.35%,0.28%
Bagel S. Salmon,Sandwiches,FOOD,5,125,0,0.00%,125,0.08%,0.28%
Filter Coffee,Tea,FOOD,25,125,0,0.00%,125,0.41%,0.28%
RACHELS GREEK YOGHURT NATURAL 45,CS Dairy ,FOOD,5,122.5,0,0.00%,122.5,0.08%,0.28%
12 OZ CAPPUCHINO,Starbucks,FOOD,10,120,0,0.00%,120,0.17%,0.27%
NIVEA WIPES REFRESHING CLEANSING,CS Tissue & Toilet Rolls,NON FOOD,4,120,0,0.00%,120,0.07%,0.27%
BJORG ORGANIC FOURRES CHOCOLAT L,CS Organic Food,FOOD,3,116.25,0,0.00%,116.25,0.05%,0.26%
Pesto Roasted Chicken,Sandwiches,FOOD,5,115,0,0.00%,115,0.08%,0.26%
CastaniaExtMixNuts350G,CS Nuts & Seeds,FOOD,4,114,0,0.00%,114,0.07%,0.26%
Buffalo Chicken,Grill,FOOD,7,112,0,0.00%,112,0.12%,0.25%
Smoked Turkey Ham Pasta,Salads,FOOD,5,110,0,0.00%,110,0.08%,0.25%
DR OETKER FUNGHI PIZZA,CS Frozen Food,FOOD,4,105,0,0.00%,105,0.07%,0.24%
CstaniaMixSuperNuts350G,CS Nuts & Seeds,FOOD,3,103.5,0,0.00%,103.5,0.05%,0.23%
Hawaiian,Pizza,FOOD,3,96,0,0.00%,96,0.05%,0.22%
STREPSILS REGULAR PACKET,CS Chocolate ,FOOD,5,95,0,0.00%,95,0.08%,0.21%
PRO BAR MEAL WHOLEBERRY BLAST 85,CS Cereal,FOOD,4,91,0,0.00%,91,0.07%,0.20%
AL AIN FRESH MILK FULL FAT 2L,CS Dairy ,FOOD,9,90,0,0.00%,90,0.15%,0.20%
Maple Joe250gm,CS Can & Jar Food,FOOD,2,90,0,0.00%,90,0.03%,0.20%
Yogurt Blueberry,Yoghurt Pots,FOOD,5,90,0,0.00%,90,0.08%,0.20%
PEPSI CAN,Softdrinks,BEVERAGE,22,88,0,0.00%,88,0.36%,0.20%
Roast Beef,Sandwiches,FOOD,4,88,0,0.00%,88,0.07%,0.20%
Tuna Cheese Melt,Sandwiches,FOOD,4,88,0,0.00%,88,0.07%,0.20%
BAYARA 1KG WALNUT PEELED,CS Dry Fruits,FOOD,1,86,0,0.00%,86,0.02%,0.19%
DOVE HAND CREAM SHEA BUTTER VANI,CS Body Care,NON FOOD,6,85.5,0,0.00%,85.5,0.10%,0.19%
16 OZ ICED CHOCOLATE,Starbucks,FOOD,5,85,0,0.00%,85,0.08%,0.19%
16 OZ WHITE CHOCOLATE MOCHA,Starbucks,FOOD,5,85,0,0.00%,85,0.08%,0.19%
ALPRO ALMOND MILK 1L,CS Dairy ,FOOD,4,82,0,0.00%,82,0.07%,0.18%
Digest dark200,Biscuit & Cookies,FOOD,6,81,0,0.00%,81,0.10%,0.18%
FARM FRESH EGGS WHITE 6PCS,CS Eggs,FOOD,18,81,0,0.00%,81,0.30%,0.18%
HARIBO GOLD BEARS PACKET 160GM,CS Mint & Gum,FOOD,9,81,0,0.00%,81,0.15%,0.18%
Go Large,Pizza,FOOD,10,80,0,0.00%,80,0.17%,0.18%
Yogurt Muesli Honey,Yoghurt Pots,FOOD,5,80,0,0.00%,80,0.08%,0.18%
DDR OETKER PEPPRONI PIZZA,CS Frozen Food,FOOD,3,78.75,0,0.00%,78.75,0.05%,0.18%
Baked beans,Breakfast,FOOD,15,75,0,0.00%,75,0.25%,0.17%
PAPER BAG,BAGS,NON FOOD,75,75,0,0.00%,75,1.24%,0.17%
AL AIN WATER 500ml,CS Water,BEVERAGE,72,72,0,0.00%,72,1.19%,0.16%
BRIE PORT CHEESE COEUR DE LION 1,CS Dairy ,FOOD,4,72,0,0.00%,72,0.07%,0.16%
FG SMALL BOWL,FEEL GOOD,FOOD,6,72,0,0.00%,72,0.10%,0.16%
LACNOR COCKTAIL 180ML,Fresh Juices,BEVERAGE,18,72,0,0.00%,72,0.30%,0.16%
LACNOR MILK STRAWBERRY,Flavoured Milk,BEVERAGE,18,72,0,0.00%,72,0.30%,0.16%
POKKA LEMON ICED TEA CAN,Packet Juice,BEVERAGE,18,72,0,0.00%,72,0.30%,0.16%
Small Salad,Salads,FOOD,6,72,0,0.00%,72,0.10%,0.16%
BETTY CROCKER BROWNIE DARK CHOCO,CS Coocking & Baking,FOOD,5,71.25,0,0.00%,71.25,0.08%,0.16%
12 OZ CAFFE AMERICANO,Starbucks,FOOD,7,70,0,0.00%,70,0.12%,0.16%
Best Salted Peanut30g,Peannuts,FOOD,23,69,0,0.00%,69,0.38%,0.16%
LINDT EXCELLENCE 70% CACOA 100GM,CS Chocolate ,FOOD,5,68.75,0,0.00%,68.75,0.08%,0.15%
LINDT EXCELLENCE SEA SALT 100GM,CS Chocolate ,FOOD,5,68.75,0,0.00%,68.75,0.08%,0.15%
16 OZ ICED CARAMEL MACCHIATO,Starbucks,FOOD,4,68,0,0.00%,68,0.07%,0.15%
French Toast,Breakfast,FOOD,17,68,0,0.00%,68,0.28%,0.15%
M&M 180GM PEANUT,CS Chocolate ,FOOD,6,67.5,0,0.00%,67.5,0.10%,0.15%
PHILADELPHIA CHEESE SPREAD 200GM,CS Dairy ,FOOD,6,67.5,0,0.00%,67.5,0.10%,0.15%
PRINGLES ORIGINAL 165GM,CS Chips & Snacks,FOOD,7,64.75,0,0.00%,64.75,0.12%,0.15%
COCONUT WATER CAN,Packet Juice,BEVERAGE,16,64,0,0.00%,64,0.26%,0.14%
Peanut Butter & Jelly(V),Sandwiches,FOOD,4,64,0,0.00%,64,0.07%,0.14%
LISTERINE MW COOL MINT 250ML,CS Oral Care,NON FOOD,3,63,0,0.00%,63,0.05%,0.14%
Masafi Water1.5Ltr,Water,BEVERAGE,31,62,0,0.00%,62,0.51%,0.14%
B.BAG CHEDDAR150g,CS Chips & Snacks,FOOD,5,60,0,0.00%,60,0.08%,0.13%
BBQ or CurrySouce,Pizza,FOOD,2,60,0,0.00%,60,0.03%,0.13%
CHICKEN MAIN,Main course,FOOD,4,60,0,0.00%,60,0.07%,0.13%
CROISSANT MINI,Dessert,FOOD,20,60,0,0.00%,60,0.33%,0.13%
Fruit Salad,Yoghurt Pots,FOOD,5,60,0,0.00%,60,0.08%,0.13%
Mixed Green Salad(V),Salads,FOOD,3,60,0,0.00%,60,0.05%,0.13%
VEG BURGER,Burgers,FOOD,3,60,0,0.00%,60,0.05%,0.13%
OAT KING BAR MILK HONEY 95GM,CS Cereal,FOOD,4,58,0,0.00%,58,0.07%,0.13%
Plum Red,CS Fresh Fruit,FOOD,29,58,0,0.00%,58,0.48%,0.13%
ACORSA EXTRA VIRGIN OLIVE OIL 75,CS Coocking & Baking,FOOD,2,57.5,0,0.00%,57.5,0.03%,0.13%
SELPAK KITCHEN ROLL 2 PCS,CS Tissue & Toilet Rolls,NON FOOD,5,57.5,0,0.00%,57.5,0.08%,0.13%
COCA COLA DIET CAN,Softdrinks,BEVERAGE,14,56,0,0.00%,56,0.23%,0.13%
FG Juice Bottled,FEEL GOOD,FOOD,7,56,0,0.00%,56,0.12%,0.13%
16 OZ ICED VANILLA LATTE,Starbucks,FOOD,3,54,0,0.00%,54,0.05%,0.12%
16 OZ ICED WHITE CHOCOLATE MOCHA,Starbucks,FOOD,3,54,0,0.00%,54,0.05%,0.12%
EMMENTHAL CHEESE PORTION 150G,CS Dairy ,FOOD,4,54,0,0.00%,54,0.07%,0.12%
Glazed Veg,Sandwiches,FOOD,3,54,0,0.00%,54,0.05%,0.12%
MAGNUM I/C DOUBLE CHOCOLATE,CS Ice Cream,FOOD,6,54,0,0.00%,54,0.10%,0.12%
MAGNUM I/C WHITE,CS Ice Cream,FOOD,7,52.5,0,0.00%,52.5,0.12%,0.12%
NIVEA DOUBLE EFFECT MAKEUP REMOV,CS Deodrants,NON FOOD,2,52.5,0,0.00%,52.5,0.03%,0.12%
BISQUINI TIN CHOCOLATE COOKIES 1,Biscuit & Cookies,FOOD,4,52,0,0.00%,52,0.07%,0.12%
COCA COLA ZERO CAN,Softdrinks,BEVERAGE,13,52,0,0.00%,52,0.22%,0.12%
ILE DE FRANCE CHEESE PETIT CAMEM,CS Dairy ,FOOD,2,52,0,0.00%,52,0.03%,0.12%
12 OZ SIGNATURE HOT CHOCOLATE,Starbucks,FOOD,3,51,0,0.00%,51,0.05%,0.11%
12 OZ VANILLA LATTE,Starbucks,FOOD,3,51,0,0.00%,51,0.05%,0.11%
Cold Cuts,Breakfast,FOOD,10,50,0,0.00%,50,0.17%,0.11%
Sweet Potato Wedges,Extras,FOOD,5,50,0,0.00%,50,0.08%,0.11%
Three Cheese Spring Onion,Pre Packed Sandwiches,FOOD,5,50,0,0.00%,50,0.08%,0.11%
Yogurt Mango,Yoghurt Pots,FOOD,5,50,0,0.00%,50,0.08%,0.11%
BLUE DIAMOND ALMOND MILK 1L,Convenience Beverages,BEVERAGE,2,49.5,0,0.00%,49.5,0.03%,0.11%
NUTELLA 400GM,CS Can & Jar Food,FOOD,2,49,0,0.00%,49,0.03%,0.11%
Walkers Short Bread40g,Biscuits,FOOD,14,49,0,0.00%,49,0.23%,0.11%
PERSIL LIQUID BLACK ABAYA OUD 3L,CS Laundry Care,NON FOOD,1,48.75,0,0.00%,48.75,0.02%,0.11%
7 UP DIET CAN,Softdrinks,BEVERAGE,12,48,0,0.00%,48,0.20%,0.11%
B.BAG OAK SMOK150g,CS Chips & Snacks,FOOD,4,48,0,0.00%,48,0.07%,0.11%
B.BAG SEA SALT150g,CS Chips & Snacks,FOOD,4,48,0,0.00%,48,0.07%,0.11%
PEPSI DIET CAN,Softdrinks,BEVERAGE,12,48,0,0.00%,48,0.20%,0.11%
Super Food Salad (V),Salads,FOOD,2,48,0,0.00%,48,0.03%,0.11%
GILLETTE VENUS BREEZE RAZOR 3UP,CS Mens Care,NON FOOD,1,47.5,0,0.00%,47.5,0.02%,0.11%
BOURSIN CHEESE GARLIC & HERBS 15,CS Dairy ,FOOD,2,46.5,0,0.00%,46.5,0.03%,0.10%
PRO BAR ORGANIC BOLT BERRY BLAST,CS Cereal,FOOD,2,45.5,0,0.00%,45.5,0.03%,0.10%
PRO BAR STRAWBERRY BLISS 85G,CS Chocolate ,FOOD,2,45.5,0,0.00%,45.5,0.03%,0.10%
TIDE JASMINE 1.5KG,CS Laundry Care,NON FOOD,2,45.5,0,0.00%,45.5,0.03%,0.10%
ENERGIZER AAA 4 PCS,CS Others,NON FOOD,3,45,0,0.00%,45,0.05%,0.10%
HARIBO HAPPY COLA PACKET 160GM,CS Mint & Gum,FOOD,5,45,0,0.00%,45,0.08%,0.10%
HARIBO PEACHES PACKET 160GM,CS Mint & Gum,FOOD,5,45,0,0.00%,45,0.08%,0.10%
LACNOR MILK BANANA,Flavoured Milk,BEVERAGE,11,44,0,0.00%,44,0.18%,0.10%
SPRITE CAN,Softdrinks,BEVERAGE,11,44,0,0.00%,44,0.18%,0.10%
BETTY CROCKER COOKIE CHOCOLATE C,CS Coocking & Baking,FOOD,3,42.75,0,0.00%,42.75,0.05%,0.10%
Croissant,Breakfast,FOOD,6,42,0,0.00%,42,0.10%,0.09%
Open Food,Open Food,FOOD,3,42,0,0.00%,42,0.05%,0.09%
GILLETTE RAZOR TURBO MACH3 2UP,CS Mens Care,NON FOOD,1,41.5,0,0.00%,41.5,0.02%,0.09%
FITA 600G,Biscuit & Cookies,FOOD,2,41,0,0.00%,41,0.03%,0.09%
DgstiveBiscuits400g,Biscuit & Cookies,FOOD,3,40.5,0,0.00%,40.5,0.05%,0.09%
AL AIN FRESH MILK LOW FAT 2L,CS Dairy ,FOOD,4,40,0,0.00%,40,0.07%,0.09%
BEEF MAIN,Main course,FOOD,2,40,0,0.00%,40,0.03%,0.09%
Chicken Sweetcorn,Pre Packed Sandwiches,FOOD,4,40,0,0.00%,40,0.07%,0.09%
Portion Starch,Main course,FOOD,5,40,0,0.00%,40,0.08%,0.09%
SPRITE LIGHT CAN,Softdrinks,BEVERAGE,10,40,0,0.00%,40,0.17%,0.09%
BERRY CO CRANBERRY 1L,CS Packet Juice,BEVERAGE,3,39,0,0.00%,39,0.05%,0.09%
M&M CHOCOLATE 45GM,CS Chocolate ,FOOD,12,39,0,0.00%,39,0.20%,0.09%
SNAPPLE KIWI STRAWBERRY JUICE,CS Packet Juice,BEVERAGE,7,38.5,0,0.00%,38.5,0.12%,0.09%
EGG Mayo & Spring Onion,Sandwiches,FOOD,2,38,0,0.00%,38,0.03%,0.09%
TAMRAH CHOCO CARAMEL ZIPPER BAG ,CS Dry Fruits,FOOD,4,38,0,0.00%,38,0.07%,0.09%
MCVITIES DIGESTIVE 250GM LIGHT,Biscuit & Cookies,FOOD,3,36.75,0,0.00%,36.75,0.05%,0.08%
16 OZ ICED CAFE AMERICANO,Starbucks,FOOD,3,36,0,0.00%,36,0.05%,0.08%
Apple Green,CS Fresh Fruit,FOOD,18,36,0,0.00%,36,0.30%,0.08%
Asst. Rolls Two,Breakfast,FOOD,18,36,0,0.00%,36,0.30%,0.08%
FOUNTAIN SODA LARGE,Softdrinks,BEVERAGE,12,36,0,0.00%,36,0.20%,0.08%
Muture Cheddar(V),Sandwiches,FOOD,2,36,0,0.00%,36,0.03%,0.08%
NECTAFLOR PREMIUM RAISINS 200GM,CS Dry Fruits,FOOD,3,36,0,0.00%,36,0.05%,0.08%
Pancakes,Breakfast,FOOD,12,36,0,0.00%,36,0.20%,0.08%
AMLacto Free Milk 1L,CS Dairy ,FOOD,5,35,0,0.00%,35,0.08%,0.08%
Full Breakfast,Breakfast,FOOD,1,35,0,0.00%,35,0.02%,0.08%
Isabella(V),Pizza,FOOD,1,35,0,0.00%,35,0.02%,0.08%
Portion Vegetable,Main course,FOOD,7,35,0,0.00%,35,0.12%,0.08%
Rocco,Pizza,FOOD,1,35,0,0.00%,35,0.02%,0.08%
BEST CAN SUPER CASHEW 110GM,CS Nuts & Seeds,FOOD,2,34.5,0,0.00%,34.5,0.03%,0.08%
INA PAARMAN LEMON MARINADE 500ML,CS Sauce,FOOD,1,34.5,0,0.00%,34.5,0.02%,0.08%
12 OZ TOFFEE NUT LATTE,Coffee,FOOD,2,34,0,0.00%,34,0.03%,0.08%
16 OZ CARAMEL MACCHIATO,Starbucks,FOOD,2,34,0,0.00%,34,0.03%,0.08%
BARILA BASILICO400g,CS Pasta & Noodles,FOOD,2,34,0,0.00%,34,0.03%,0.08%
NESCAFE GOLD COFFEE 100GM,CS Coffee,FOOD,1,33.5,0,0.00%,33.5,0.02%,0.08%
CADBURY DM CHOCOLATE 230GM,CS Chocolate ,FOOD,3,33,0,0.00%,33,0.05%,0.07%
GILLETTE RAZOR MACH 3 2UP,CS Mens Care,NON FOOD,1,32.75,0,0.00%,32.75,0.02%,0.07%
JUNGLE OAT BANANA & TOFFEE 500G,CS Cereal,FOOD,2,32.5,0,0.00%,32.5,0.03%,0.07%
AL SHIFA HOINEY 750GM,CS Can & Jar Food,FOOD,1,32.25,0,0.00%,32.25,0.02%,0.07%
Frid Rice W Chicken,Fried Rice,FOOD,1,32,0,0.00%,32,0.02%,0.07%
HEINZ TUNA CHUNKS OIL TIN 185GM,CS Can & Jar Food,FOOD,4,32,0,0.00%,32,0.07%,0.07%
Lemon,CS Fresh Vegatables,FOOD,16,32,0,0.00%,32,0.26%,0.07%
SUBSTITUTE SOYA,Soya Milk,FOOD,8,32,0,0.00%,32,0.13%,0.07%
Vegetable Noodles,Main course,FOOD,4,32,0,0.00%,32,0.07%,0.07%
MODERN BAKE MANGO PISTA ENERGY B,CS Cereal,FOOD,6,31.5,0,0.00%,31.5,0.10%,0.07%
POCARI SWEAT PET 500ML,CS Sports & Energy Drinks,BEVERAGE,7,31.5,0,0.00%,31.5,0.12%,0.07%
VITA COCO PEACH & MANGO 330ML,Convenience Beverages,BEVERAGE,3,31.5,0,0.00%,31.5,0.05%,0.07%
LAYS TOMATO KETCHUP 185GM,CS Chips & Snacks,FOOD,5,31.25,0,0.00%,31.25,0.08%,0.07%
ALPRO SOYA ORIGINAL1L,CS Dairy ,BEVERAGE,2,31,0,0.00%,31,0.03%,0.07%
COMFORT LAVENDER MAGNOLIA CONCEN,CS Laundry Care,NON FOOD,2,30.5,0,0.00%,30.5,0.03%,0.07%
COMFORT ORANGE ALOE VERA CONCENT,CS Laundry Care,NON FOOD,2,30.5,0,0.00%,30.5,0.03%,0.07%
12 OZ CAFFE MOCHA,Starbucks,FOOD,2,30,0,0.00%,30,0.03%,0.07%
12 OZ CARAMEL MACCHIATO,Starbucks,FOOD,2,30,0,0.00%,30,0.03%,0.07%
12OZ WHITE CHOCOLATE MOCHA,Starbucks,FOOD,2,30,0,0.00%,30,0.03%,0.07%
Chicken Tandoori,Pre Packed Sandwiches,FOOD,3,30,0,0.00%,30,0.05%,0.07%
MAGNUM I/C ALMOND,CS Ice Cream,FOOD,4,30,0,0.00%,30,0.07%,0.07%
Portion Protein,Main course,FOOD,3,30,0,0.00%,30,0.05%,0.07%
VOCHELLE TIN I LOVE DUBAI 205GM,CS Chocolate ,FOOD,1,30,0,0.00%,30,0.02%,0.07%
OAT KING BAR APPLE STRUDEL 95GM,CS Cereal,FOOD,2,29,0,0.00%,29,0.03%,0.07%
AL AIN YOGHURT FULL CREAM 170GM,CS Dairy ,FOOD,23,28.75,0,0.00%,28.75,0.38%,0.06%
DESIAM THAI SAUCE RED CURRY 200G,CS Sauce,FOOD,3,28.5,0,0.00%,28.5,0.05%,0.06%
GATORADE TOPICL FRUIT PET 500ML,CS Sports & Energy Drinks,BEVERAGE,6,28.5,0,0.00%,28.5,0.10%,0.06%
TAMRAH CHOCO MILK ZIPPER BAG 100,CS Dry Fruits,FOOD,3,28.5,0,0.00%,28.5,0.05%,0.06%
16 OZ ICED CAFFE MOCHA,Starbucks,FOOD,2,28,0,0.00%,28,0.03%,0.06%
A/G PANCAKE 2% MAPLE SYRUP 24OZ,CS Sauce,FOOD,2,28,0,0.00%,28,0.03%,0.06%
AL AIN FRESH GRAPEFRUIT JUICE330,CS Packet Juice,BEVERAGE,4,28,0,0.00%,28,0.07%,0.06%
CROISSANT HI BUTTER CHOCOLATE,CS Bakery,FOOD,7,28,0,0.00%,28,0.12%,0.06%
FANTA APPLE CAN,Softdrinks,BEVERAGE,7,28,0,0.00%,28,0.12%,0.06%
GLAD GARBAGE BAG SMALL 20L X 30,CS Bags/Foil/Wraps,NON FOOD,3,27.75,0,0.00%,27.75,0.05%,0.06%
SYOSS HAIR SPRAY STRONG HOLD 400,CS Soap & Handwash,NON FOOD,1,27.75,0,0.00%,27.75,0.02%,0.06%
LINDT EXCELLENCE LIME INTENSE 10,CS Chocolate ,FOOD,2,27.5,0,0.00%,27.5,0.03%,0.06%
Add Cheese,Extras,FOOD,9,27,0,0.00%,27,0.15%,0.06%
HARIBO BERRIES PACKET 160GM,CS Mint & Gum,FOOD,3,27,0,0.00%,27,0.05%,0.06%
HARIBO TROPIFRUTTI PACKET 160GM,CS Mint & Gum,FOOD,3,27,0,0.00%,27,0.05%,0.06%
Lacnor Full Fat Milk 1L ,CS Dairy ,BEVERAGE,6,27,0,0.00%,27,0.10%,0.06%
POKKA ICED TEA PEACH 500ML,CS Packet Juice,BEVERAGE,9,27,0,0.00%,27,0.15%,0.06%
DR OETKER TONNO PIZZA,CS Frozen Food,FOOD,1,26.25,0,0.00%,26.25,0.02%,0.06%
BERRY CO POMEGRANTE JUICE 1L,CS Packet Juice,BEVERAGE,2,26,0,0.00%,26,0.03%,0.06%
BISQUINI TIN CRANBERRY COOKIES 1,Biscuit & Cookies,FOOD,2,26,0,0.00%,26,0.03%,0.06%
COEUR DE LION PETIT CAMEMBERT 15,CS Dairy ,FOOD,1,26,0,0.00%,26,0.02%,0.06%
DR.OETKER WAFER DAISIES,CS Coocking & Baking,FOOD,2,26,0,0.00%,26,0.03%,0.06%
PERRIER WATER 750ML,Water,BEVERAGE,4,26,0,0.00%,26,0.07%,0.06%
SENSODYNE FRESH MINT 100GM,CS Oral Care,NON FOOD,1,26,0,0.00%,26,0.02%,0.06%
ALPEN BAR FRUIT NUT 28GM,CS Cereal,FOOD,6,25.5,0,0.00%,25.5,0.10%,0.06%
BEST CAN PECAN SALTED 110GM,CS Nuts & Seeds,FOOD,1,25.5,0,0.00%,25.5,0.02%,0.06%
BJORG ORGANIC OAT FLAKES 500GM,CS Organic Food,FOOD,1,25.5,0,0.00%,25.5,0.02%,0.06%
TRESEMME SH SPLIT REMEDY 500ML,CS Shampoo & Conditioner,NON FOOD,1,25.5,0,0.00%,25.5,0.02%,0.06%
Beef Bacon,Breakfast,FOOD,5,25,0,0.00%,25,0.08%,0.06%
Extra Topping,Pizza,FOOD,5,25,0,0.00%,25,0.08%,0.06%
GALLON WATER DEPOSIT,CS Others,BEVERAGE,1,25,0,0.00%,25,0.02%,0.06%
JOHNSONS COTTON BALLS 50 PCS,CS Facial Care,NON FOOD,2,25,0,0.00%,25,0.03%,0.06%
SELPAK TOILET PAPER 4 ROLLS,CS Tissue & Toilet Rolls,NON FOOD,2,25,0,0.00%,25,0.03%,0.06%
BJORG ORGANIC LE P'TIT NATURE 20,CS Organic Food,FOOD,1,24.75,0,0.00%,24.75,0.02%,0.06%
WELLA CD MOISTURE 500ML,CS Shampoo & Conditioner,NON FOOD,1,24.75,0,0.00%,24.75,0.02%,0.06%
FAMILIA BIO ORGANIC FRUIT NUT 37,CS Organic Food,FOOD,1,24.5,0,0.00%,24.5,0.02%,0.06%
SYOSS HAIR GEL MEN MAX HOLD 250M,CS Soap & Handwash,NON FOOD,1,24.25,0,0.00%,24.25,0.02%,0.05%
FUN PLASTIC PLATE FUCHSIA 10PCS ,CS Disposable,NON FOOD,3,24,0,0.00%,24,0.05%,0.05%
GLAD ALUMINIUM FOIL 25 SQ FEET,CS Bags/Foil/Wraps,NON FOOD,4,24,0,0.00%,24,0.07%,0.05%
GLASS OF SOYA MILK,Soya Milk,FOOD,4,24,0,0.00%,24,0.07%,0.05%
Lays Chips,Extras,FOOD,12,24,0,0.00%,24,0.20%,0.05%
MIRINDA ORANGE CAN,Softdrinks,BEVERAGE,6,24,0,0.00%,24,0.10%,0.05%
Mushrooms,Pizza,FOOD,4,24,0,0.00%,24,0.07%,0.05%
Pepperoni,Pizza,FOOD,4,24,0,0.00%,24,0.07%,0.05%
V.Ramen Noodle,Main course,FOOD,2,24,0,0.00%,24,0.03%,0.05%
GATORADE GRAPE PET 500ML,CS Sports & Energy Drinks,BEVERAGE,5,23.75,0,0.00%,23.75,0.08%,0.05%
GATORADE PINK LEMONDAE PET 500ML,CS Sports & Energy Drinks,BEVERAGE,5,23.75,0,0.00%,23.75,0.08%,0.05%
BOURSIN CHEESE BLACK PEPPER 150G,CS Dairy ,FOOD,1,23.5,0,0.00%,23.5,0.02%,0.05%
WELL SH MOISTURE 500ML,CS Shampoo & Conditioner,NON FOOD,1,23.5,0,0.00%,23.5,0.02%,0.05%
P.BAR CHOCO 85,CS Cereal,FOOD,1,23,0,0.00%,23,0.02%,0.05%
TIDE ORIGINAL SCENT 1.5KG,CS Laundry Care,NON FOOD,1,22.75,0,0.00%,22.75,0.02%,0.05%
Lacnor Low Fat Milk 1L,CS Dairy ,BEVERAGE,5,22.5,0,0.00%,22.5,0.08%,0.05%
FARM FRESH EGGS WHITE 15PCS,CS Eggs,FOOD,2,22,0,0.00%,22,0.03%,0.05%
Greek Salad,Salads,FOOD,1,22,0,0.00%,22,0.02%,0.05%
Sugar Granul2Kg ,CS Coocking & Baking,FOOD,2,22,0,0.00%,22,0.03%,0.05%
VEGGIE MEAL,Veggie,FOOD,1,22,0,0.00%,22,0.02%,0.05%
BEST CAN MACADEMIA 110G,CS Dry Fruits,FOOD,1,21.25,0,0.00%,21.25,0.02%,0.05%
VOLVIC WATER 500ML,CS Water,BEVERAGE,5,21.25,0,0.00%,21.25,0.08%,0.05%
Bagels w/Cr.Cheese,Breakfast,FOOD,3,21,0,0.00%,21,0.05%,0.05%
BEST 30GM SALTED PEANUTS,CS Nuts & Seeds,FOOD,14,21,0,0.00%,21,0.23%,0.05%
BISCUITSDIGES250 ,Biscuit & Cookies,FOOD,2,21,0,0.00%,21,0.03%,0.05%
EMMENTHAL CHEESE GRATED 150G,CS Dairy ,FOOD,2,21,0,0.00%,21,0.03%,0.05%
RED BULL 250ML,CS Sports & Energy Drinks,BEVERAGE,3,21,0,0.00%,21,0.05%,0.05%
RED BULL SUGAR FREE 250ML,CS Sports & Energy Drinks,BEVERAGE,3,21,0,0.00%,21,0.05%,0.05%
BONNE MANAM BLACK CURRANT JELLY ,CS Can & Jar Food,FOOD,1,20.5,0,0.00%,20.5,0.02%,0.05%
COCO POPS KELLOGS 375GM,CS Cereal,FOOD,1,20.5,0,0.00%,20.5,0.02%,0.05%
7 UP CAN,Softdrinks,BEVERAGE,5,20,0,0.00%,20,0.08%,0.04%
CROISSANT HI BUTTER ZATAR,CS Bakery,FOOD,5,20,0,0.00%,20,0.08%,0.04%
MilkHalfCrem1Ltr ,CS Dairy ,FOOD,5,20,0,0.00%,20,0.08%,0.04%
MINUTE STEAK,Grill,FOOD,1,20,0,0.00%,20,0.02%,0.04%
SINGLE ESSPRESSO,Starbucks,FOOD,2,20,0,0.00%,20,0.03%,0.04%
SUBSTITUTE SOYA ALMOND,Soya Milk,FOOD,5,20,0,0.00%,20,0.08%,0.04%
UNCLE BENS RICE 2KG,CS Coocking & Baking,FOOD,1,20,0,0.00%,20,0.02%,0.04%
AL AIN FRESH PINEAPPLE JUICE 330,CS Packet Juice,BEVERAGE,2,19.5,0,0.00%,19.5,0.03%,0.04%
GALAXY SMOOTH MILK 40GM,CS Chocolate ,FOOD,6,19.5,0,0.00%,19.5,0.10%,0.04%
INDOMIE CUP CHICKEN,CS Pasta & Noodles,FOOD,6,19.5,0,0.00%,19.5,0.10%,0.04%
12 OZ HOT CHOCOLATE,Starbucks,FOOD,1,19,0,0.00%,19,0.02%,0.04%
16 OZ SIGNATURE HOT CHOCOLATE,Starbucks,FOOD,1,19,0,0.00%,19,0.02%,0.04%
16 OZ VANILLA LATTE,Starbucks,FOOD,1,19,0,0.00%,19,0.02%,0.04%
TAMRAH COCO DATES ZIPPER BAG 100,CS Dry Fruits,FOOD,2,19,0,0.00%,19,0.03%,0.04%
DR.OETKER LIQUID GLUCOSE 140GM,CS Coocking & Baking,FOOD,1,18.75,0,0.00%,18.75,0.02%,0.04%
CERES PEAR JUICE 1L,CS Packet Juice,BEVERAGE,2,18.5,0,0.00%,18.5,0.03%,0.04%
PAPILLON ROQUEFORT RED LABEL 100,CS Dairy ,FOOD,1,18.5,0,0.00%,18.5,0.02%,0.04%
PRINGLES HOT & SPICY 165GM,CS Chips & Snacks,FOOD,2,18.5,0,0.00%,18.5,0.03%,0.04%
NECTAFLOR SOFT CRANBERRIES 200GM,CS Dry Fruits,FOOD,1,18.25,0,0.00%,18.25,0.02%,0.04%
16 OZ ICED CARAMEL LATTE,Starbucks,FOOD,1,18,0,0.00%,18,0.02%,0.04%
BarilPastaSuceBolognais,CS Sauce,FOOD,1,18,0,0.00%,18,0.02%,0.04%
HARIBO STAR MIX PACKET 160GM,CS Mint & Gum,FOOD,2,18,0,0.00%,18,0.03%,0.04%
HARIBO WORMS PACKET 160GM,CS Mint & Gum,FOOD,2,18,0,0.00%,18,0.03%,0.04%
Large Salad,Salads,FOOD,1,18,0,0.00%,18,0.02%,0.04%
MCVITIES DIGESTIVE LIGHT 400GM,Biscuit & Cookies,FOOD,1,18,0,0.00%,18,0.02%,0.04%
Oatmeal Porridge,Breakfast,FOOD,6,18,0,0.00%,18,0.10%,0.04%
Orange Pcs,CS Fresh Fruit,FOOD,9,18,0,0.00%,18,0.15%,0.04%
Peppers,Pizza,FOOD,3,18,0,0.00%,18,0.05%,0.04%
RAINBOWEvpMilk160ML ,CS Dairy ,FOOD,6,18,0,0.00%,18,0.10%,0.04%
A/G POP CORN MICROWAVE BUTTER 29,CS Can & Jar Food,FOOD,2,17.5,0,0.00%,17.5,0.03%,0.04%
ALWAYS PANTYR LINER 40 NORMAL,CS Sanitary Care,NON FOOD,1,17.25,0,0.00%,17.25,0.02%,0.04%
DR.OETKER WRITING ICING BRIGHTS ,CS Coocking & Baking,FOOD,1,17.25,0,0.00%,17.25,0.02%,0.04%
FRUIT & FIBRE KELLOGS 375GM,CS Cereal,FOOD,1,17.25,0,0.00%,17.25,0.02%,0.04%
JDS BUTTER WAFFLES,Biscuit & Cookies,FOOD,1,17.25,0,0.00%,17.25,0.02%,0.04%
KAGI SWISS WAFERS ORIGINAL MINI ,CS Mint & Gum,FOOD,1,17.25,0,0.00%,17.25,0.02%,0.04%
12 OZ CARAMEL LATTE,Starbucks,FOOD,1,17,0,0.00%,17,0.02%,0.04%
PEPSODENT TP CENTER FRESH 150G,CS Oral Care,NON FOOD,2,17,0,0.00%,17,0.03%,0.04%
Toast,Breakfast,FOOD,17,17,0,0.00%,17,0.28%,0.04%
ALPROMilkFlvrChoc 1L,CS Dairy ,BEVERAGE,1,16.75,0,0.00%,16.75,0.02%,0.04%
DR.OETKER CAKE BOARD ROUND,CS Disposable,NON FOOD,1,16.75,0,0.00%,16.75,0.02%,0.04%
ALPEN MUESLI ORIGINAL 375GM,CS Cereal,FOOD,1,16.5,0,0.00%,16.5,0.02%,0.04%
LIFEBUOY BODYWASH TOTAL 10 300ML,CS Bath & Shower,NON FOOD,1,16.5,0,0.00%,16.5,0.02%,0.04%
MamanWildBlubryPrsrv,CS Can & Jar Food,FOOD,1,16.5,0,0.00%,16.5,0.02%,0.04%
SNAPPLE FRUIT PUNCH JUICE,CS Packet Juice,BEVERAGE,3,16.5,0,0.00%,16.5,0.05%,0.04%
EXTRA PROFESSIONAL WHITE GUM,CS Mint & Gum,FOOD,5,16.25,0,0.00%,16.25,0.08%,0.04%
FUN PLASTIC PLATE WHITE 25PCS 26,CS Disposable,NON FOOD,1,16.25,0,0.00%,16.25,0.02%,0.04%
MATESERES 37GM,CS Chocolate ,FOOD,5,16.25,0,0.00%,16.25,0.08%,0.04%
ADD ESPRESSO SHOT,Starbucks,FOOD,4,16,0,0.00%,16,0.07%,0.04%
CROISSANT HI BUTTER ALMOND,CS Bakery,FOOD,4,16,0,0.00%,16,0.07%,0.04%
Egg Cress Mayonnaise,Pre Packed Sandwiches,FOOD,2,16,0,0.00%,16,0.03%,0.04%
"FALCON PAPER PLATES 9"" 100PCS",CS Disposable,NON FOOD,2,16,0,0.00%,16,0.03%,0.04%
FANTA STRAWBERRY CAN,Softdrinks,BEVERAGE,4,16,0,0.00%,16,0.07%,0.04%
FUN WOODEN FORK 25PCS,CS Disposable,NON FOOD,4,16,0,0.00%,16,0.07%,0.04%
JDS BELGIAN COCOLATE THINS,Biscuit & Cookies,FOOD,1,16,0,0.00%,16,0.02%,0.04%
LIPTON LEMON ICED TEA,Tea,BEVERAGE,4,16,0,0.00%,16,0.07%,0.04%
MOUNTAIN DEW,Softdrinks,BEVERAGE,4,16,0,0.00%,16,0.07%,0.04%
Veg Fried Rice,Main course,FOOD,2,16,0,0.00%,16,0.03%,0.04%
BAHLSEN LEIBNIZ MINIS BUTTER 100,Biscuit & Cookies,FOOD,3,15.75,0,0.00%,15.75,0.05%,0.04%
BEST CAN CASHEWS SALTED 110GM,CS Nuts & Seeds,FOOD,1,15.75,0,0.00%,15.75,0.02%,0.04%
KELLOGS BARS DARK CHOCO 04PCX1PK,CS Cereal,FOOD,1,15.75,0,0.00%,15.75,0.02%,0.04%
MODERN BAKE PEANUT PEACAN ENERGY,CS Cereal,FOOD,3,15.75,0,0.00%,15.75,0.05%,0.04%
WEETABIX ORIGINAL 430GM,CS Cereal,FOOD,1,15.75,0,0.00%,15.75,0.02%,0.04%
AXE ROLLON DARK TEMPTATION 40ML,CS Deodrants,NON FOOD,1,15.5,0,0.00%,15.5,0.02%,0.03%
FUN PLASTIC SPOON PLUM 18PCS,CS Disposable,NON FOOD,2,15.5,0,0.00%,15.5,0.03%,0.03%
AlwaysUltraNightFresh6,CS Sanitary Care,NON FOOD,2,15,0,0.00%,15,0.03%,0.03%
CastaniaMixedNuts125G,CS Nuts & Seeds,FOOD,2,15,0,0.00%,15,0.03%,0.03%
CROISSANT CHOCOLATE,CS Bakery,FOOD,6,15,0,0.00%,15,0.10%,0.03%
DR OETKER H.B PICK STICK CANDLE,CS Disposable,NON FOOD,1,15,0,0.00%,15,0.02%,0.03%
ENERGIZER AAA 6 PCS,CS Tissue & Toilet Rolls,NON FOOD,1,15,0,0.00%,15,0.02%,0.03%
HEINZ TIN SOUP SEVEN VEGETABLE 4,CS Can & Jar Food,FOOD,1,15,0,0.00%,15,0.02%,0.03%
HEINZ TUNA FLAKES OIL TIN 185GM,CS Can & Jar Food,FOOD,2,15,0,0.00%,15,0.03%,0.03%
MAGNUM I/C CLASSIC,CS Ice Cream,FOOD,2,15,0,0.00%,15,0.03%,0.03%
NATURE VALLEY ROASTED ALMOND,CS Cereal,FOOD,5,15,0,0.00%,15,0.08%,0.03%
NIVEA MEN SHOWER SILVER PROTECT ,CS Bath & Shower,NON FOOD,1,15,0,0.00%,15,0.02%,0.03%
NIVEA MEN SHOWER VITALITY FRESH ,CS Bath & Shower,NON FOOD,1,15,0,0.00%,15,0.02%,0.03%
REXONA DEO WOMEN B&W DIAMOND ,CS Deodrants,NON FOOD,1,15,0,0.00%,15,0.02%,0.03%
SLICED BREAD WHITE JUMBO,CS Bakery,FOOD,3,15,0,0.00%,15,0.05%,0.03%
Valley Crunchy,Cereal Bar,FOOD,5,15,0,0.00%,15,0.08%,0.03%
BETTY CROCKER COOKIE DOUBLE CHOC,CS Coocking & Baking,FOOD,1,14.25,0,0.00%,14.25,0.02%,0.03%
DOVE HAND CREAM ESSENTIAL NOURIS,CS Shampoo & Conditioner,NON FOOD,1,14.25,0,0.00%,14.25,0.02%,0.03%
GATORADE BLUE BOLT PET 500ML,CS Sports & Energy Drinks,BEVERAGE,3,14.25,0,0.00%,14.25,0.05%,0.03%
REXONA DEO MEN V8 ADRENALINE 150,CS Deodrants,NON FOOD,1,14.25,0,0.00%,14.25,0.02%,0.03%
AL MARAI FRESH MILK LOW FAT 1L,CS Dairy ,FOOD,2,14,0,0.00%,14,0.03%,0.03%
CAPRISUN ORANGE,CS Packet Juice,BEVERAGE,14,14,0,0.00%,14,0.23%,0.03%
FOUNTAIN SODA SMALL,Softdrinks,BEVERAGE,7,14,0,0.00%,14,0.12%,0.03%
LUX BAR MAGICAL BEAUTY 120GM,CS Oral Care,NON FOOD,4,14,0,0.00%,14,0.07%,0.03%
Tide HS MB260g ,CS Laundry Care,NON FOOD,4,14,0,0.00%,14,0.07%,0.03%
LIFEBUOY HW COLOUR CHANGING 200M,CS Soap & Handwash,NON FOOD,1,13.75,0,0.00%,13.75,0.02%,0.03%
LINDT EXCELLENCE MINT INTENSE 10,CS Chocolate ,FOOD,1,13.75,0,0.00%,13.75,0.02%,0.03%
SCHWEPPES BITTER LEMON 300M,CS Soft Drinks,BEVERAGE,9,13.5,0,0.00%,13.5,0.15%,0.03%
SIGNAL TOOTHPASTE FRESH GREEN 12,CS Oral Care,NON FOOD,2,13.5,0,0.00%,13.5,0.03%,0.03%
BERRY CO SUPERBERRY RED 1L,CS Packet Juice,BEVERAGE,1,13,0,0.00%,13,0.02%,0.03%
BISQUINI TIN BLUEBERRY COOKIES 1,Biscuit & Cookies,FOOD,1,13,0,0.00%,13,0.02%,0.03%
BISQUINI TIN BUTTER COOKIES 150G,Biscuit & Cookies,FOOD,1,13,0,0.00%,13,0.02%,0.03%
BOGUTTI AMERICAN COOKIES RAISINS,Biscuit & Cookies,FOOD,2,13,0,0.00%,13,0.03%,0.03%
CARTE D'OR SMALL CUP STRAWBERRY,CS Chocolate ,FOOD,2,13,0,0.00%,13,0.03%,0.03%
H&S SH EXTRA VOLUME 200ML,CS Shampoo & Conditioner,NON FOOD,1,13,0,0.00%,13,0.02%,0.03%
LADY CHOICE CREAMY PEANUT BUTTER,CS Can & Jar Food,FOOD,1,13,0,0.00%,13,0.02%,0.03%
M&M PEANUT 45GM,CS Chocolate ,FOOD,4,13,0,0.00%,13,0.07%,0.03%
NIVEA ROLL FEMALE STRESS PROTECT,CS Deodrants,NON FOOD,1,13,0,0.00%,13,0.02%,0.03%
PRINGLES 40GM HOT & SPICY,CS Chips & Snacks,FOOD,4,13,0,0.00%,13,0.07%,0.03%
TWIX TWIN BAR 50GM,CS Chocolate ,FOOD,4,13,0,0.00%,13,0.07%,0.03%
LUX BW SWEET EMBRACE 250ML,CS Bath & Shower,NON FOOD,1,12.75,0,0.00%,12.75,0.02%,0.03%
AL AIN WATER 5 LTR,CS Water,BEVERAGE,5,12.5,0,0.00%,12.5,0.08%,0.03%
ALGIDA I/C CLASSICS VANILLA,CS Chocolate ,FOOD,5,12.5,0,0.00%,12.5,0.08%,0.03%
EXTRA BIG BOTTLE STRAWBERRY,CS Mint & Gum,FOOD,1,12.5,0,0.00%,12.5,0.02%,0.03%
EXTRA BIG BOTTLE WATERMELON,CS Mint & Gum,FOOD,1,12.5,0,0.00%,12.5,0.02%,0.03%
HEINZ ORGANIC TIN SOUP TOMATO 40,CS Can & Jar Food,FOOD,1,12.5,0,0.00%,12.5,0.02%,0.03%
LAYS SALT VINEGAR 185GM,CS Chips & Snacks,FOOD,2,12.5,0,0.00%,12.5,0.03%,0.03%
A/G Relish Sweet (Diced) 12x15,CS Can & Jar Food,FOOD,1,12.25,0,0.00%,12.25,0.02%,0.03%
B.BAG SALTED150g,CS Chips & Snacks,FOOD,1,12,0,0.00%,12,0.02%,0.03%
BAYARA EXTRA NUTS 50GM,CS Nuts & Seeds,FOOD,3,12,0,0.00%,12,0.05%,0.03%
Best SaltedCashew30g,Peannuts,FOOD,4,12,0,0.00%,12,0.07%,0.03%
FrostiesCMB25g,CS Cereal,FOOD,4,12,0,0.00%,12,0.07%,0.03%
GLAD GARBAGE BAG MEDIUM 35L X 30,CS Tissue & Toilet Rolls,NON FOOD,1,12,0,0.00%,12,0.02%,0.03%
Grilled Chicken,Pizza,FOOD,2,12,0,0.00%,12,0.03%,0.03%
LABELLO ORIGINAL CLASSIC CARE 4.,CS Facial Care,NON FOOD,1,12,0,0.00%,12,0.02%,0.03%
signalwhite120ml,CS Oral Care,NON FOOD,1,11.75,0,0.00%,11.75,0.02%,0.03%
DOLMIO BOLOGNESE LOW FAT SAUCE 5,CS Sauce,FOOD,1,11.5,0,0.00%,11.5,0.02%,0.03%
DOLMIO BOLOGNESE SPICY SAUCE 500,CS Sauce,FOOD,1,11.5,0,0.00%,11.5,0.02%,0.03%
DR.OETKER CHOCOLATE CHIPS WHITE ,CS Coocking & Baking,FOOD,1,11.5,0,0.00%,11.5,0.02%,0.03%
JOHNSONS BABY POWDER 100GM,CS Baby Care,NON FOOD,1,11.5,0,0.00%,11.5,0.02%,0.03%
PRO BAR FUEL BLUEBERRY CHIA 48GM,CS Cereal,FOOD,1,11.5,0,0.00%,11.5,0.02%,0.03%
SMINT POCKET WILDBERRY,CS Mint & Gum,FOOD,2,11.5,0,0.00%,11.5,0.03%,0.03%
EXTRA TABS SPEARMINT GUM,CS Mint & Gum,FOOD,3,11.25,0,0.00%,11.25,0.05%,0.03%
HEINZ TIN SOUP SPRING VEGETABLE ,CS Can & Jar Food,FOOD,1,11.25,0,0.00%,11.25,0.02%,0.03%
KIT KAT 2 FINGERS,CS Chocolate ,FOOD,9,11.25,0,0.00%,11.25,0.15%,0.03%
BEST 30GM SALTED PISTACHIO,CS Nuts & Seeds,FOOD,4,11,0,0.00%,11,0.07%,0.02%
FANTA ORANGE CAN,Softdrinks,BEVERAGE,4,11,0,0.00%,11,0.07%,0.02%
LUX HW MAGICAL BEAUTY 250ML,CS Soap & Handwash,NON FOOD,1,11,0,0.00%,11,0.02%,0.02%
LUX HW SWEET EMBRACE 250ML,CS Shampoo & Conditioner,NON FOOD,1,11,0,0.00%,11,0.02%,0.02%
LUX HW VELVET TOUCH 250ML,CS Soap & Handwash,NON FOOD,1,11,0,0.00%,11,0.02%,0.02%
PANTENE SH MOISTURE RENEWAL 200M,CS Shampoo & Conditioner,NON FOOD,1,11,0,0.00%,11,0.02%,0.02%
YUM YUM CRUNCHY PEANUT BUTTER 40,CS Dairy ,FOOD,1,10.75,0,0.00%,10.75,0.02%,0.02%
YUM YUM SMOOTH PEANUT BUTTER 400,CS Can & Jar Food,FOOD,1,10.75,0,0.00%,10.75,0.02%,0.02%
COKE CAN 300ML,CS Soft Drinks,BEVERAGE,7,10.5,0,0.00%,10.5,0.12%,0.02%
HARIBO CUP HAPPY CHERRIES 175GM,CS Mint & Gum,FOOD,1,10.5,0,0.00%,10.5,0.02%,0.02%
KOKA CUP CHICKEN,CS Pasta & Noodles,FOOD,3,10.5,0,0.00%,10.5,0.05%,0.02%
SCHOGETTEN MILK CHOCOLATE 100GM,CS Chocolate ,FOOD,2,10.5,0,0.00%,10.5,0.03%,0.02%
SCHWEPPES SODA CAN 300M,CS Soft Drinks,BEVERAGE,7,10.5,0,0.00%,10.5,0.12%,0.02%
VITA COCO LEMONADE COCONUT 330ML,CS Packet Juice,BEVERAGE,1,10.5,0,0.00%,10.5,0.02%,0.02%
GILLETTE ROLLON SPORT TRIUMPH,CS Mens Care,NON FOOD,1,10.25,0,0.00%,10.25,0.02%,0.02%
LABELLO MEN ACTIVE CARE 4.8G,CS Facial Care,NON FOOD,1,10.25,0,0.00%,10.25,0.02%,0.02%
SLIM PASTA FETTUCCINE 270GM,CS Pasta & Noodles,FOOD,1,10.25,0,0.00%,10.25,0.02%,0.02%
SLIM PASTA PENNE 270GM,CS Pasta & Noodles,FOOD,1,10.25,0,0.00%,10.25,0.02%,0.02%
CAPRISUN MANGO,CS Packet Juice,BEVERAGE,10,10,0,0.00%,10,0.17%,0.02%
EXTRA PELLET WHITE GUM,CS Mint & Gum,FOOD,5,10,0,0.00%,10,0.08%,0.02%
FUN12OZMLTI,CS Disposable,NON FOOD,2,10,0,0.00%,10,0.03%,0.02%
LABELLO SUN PROTECTION SPF 30 4.,CS Facial Care,NON FOOD,1,10,0,0.00%,10,0.02%,0.02%
MIRINDA LARGE 2.25L,CS Soft Drinks,BEVERAGE,2,10,0,0.00%,10,0.03%,0.02%
Pear,CS Fresh Fruit,FOOD,5,10,0,0.00%,10,0.08%,0.02%
SCHOGETTEN HAZELNUT100G,CS Chocolate ,FOOD,2,10,0,0.00%,10,0.03%,0.02%
TOBLERONE 50GM,CS Chocolate ,FOOD,2,10,0,0.00%,10,0.03%,0.02%
COCO TREE JUICE 330ML,CS Packet Juice,BEVERAGE,3,9.75,0,0.00%,9.75,0.05%,0.02%
M&M MINIS TUBE 30GM,CS Chocolate ,FOOD,3,9.75,0,0.00%,9.75,0.05%,0.02%
PRINGLES 40GM ORIGINAL,CS Chips & Snacks,FOOD,3,9.75,0,0.00%,9.75,0.05%,0.02%
VOCHELLE BLOCK ALMOND 180G,CS Chocolate ,FOOD,1,9.75,0,0.00%,9.75,0.02%,0.02%
PERRIER WATER LEMON 330ML,CS Water,BEVERAGE,2,9.5,0,0.00%,9.5,0.03%,0.02%
SCRUMMIES BLACKCURRANT CRANBERRI,CS Dry Fruits,FOOD,2,9.5,0,0.00%,9.5,0.03%,0.02%
SUNSILK SH STUNNING BLACK SHINE ,CS Shampoo & Conditioner,NON FOOD,1,9.5,0,0.00%,9.5,0.02%,0.02%
TAMRAH CHOCO DARK ZIPPER BAG 100,CS Dry Fruits,FOOD,1,9.5,0,0.00%,9.5,0.02%,0.02%
CERES CRANBERRY KIWI JUICE 1L,CS Packet Juice,BEVERAGE,1,9.25,0,0.00%,9.25,0.02%,0.02%
CRUNCHOS SUNFLOWER SEEDS 200GM,CS Dry Fruits,FOOD,1,9.25,0,0.00%,9.25,0.02%,0.02%
DOUGHNUT JAM,CS Bakery,FOOD,6,9,0,0.00%,9,0.10%,0.02%
GLADZprSandwichBg,CS Bags/Foil/Wraps,NON FOOD,1,9,0,0.00%,9,0.02%,0.02%
HARIBO PHANTASIA PACKET 160GM,CS Mint & Gum,FOOD,1,9,0,0.00%,9,0.02%,0.02%
QUAKER WHITE OATS TIN 500GM,CS Cereal,FOOD,1,9,0,0.00%,9,0.02%,0.02%
Rainbow Low Cholestrol160ml,CS Dairy ,FOOD,3,9,0,0.00%,9,0.05%,0.02%
RiceKrispiesCMB20g,CS Cereal,FOOD,3,9,0,0.00%,9,0.05%,0.02%
SLICED BREAD BROWN JUMBO,CS Bakery,FOOD,2,9,0,0.00%,9,0.03%,0.02%
SLICED BREAD WHITE MEDIUM,CS Bakery,FOOD,3,9,0,0.00%,9,0.05%,0.02%
A/G POP CORN MICROWAVE NATURAL 2,CS Can & Jar Food,FOOD,1,8.75,0,0.00%,8.75,0.02%,0.02%
BROWN BAG CHIPS 40GM SMOKED CHIL,CS Chips & Snacks,FOOD,2,8.5,0,0.00%,8.5,0.03%,0.02%
BEST CAN PEANUTS SALTED 110GM,CS Nuts & Seeds,FOOD,1,8.25,0,0.00%,8.25,0.02%,0.02%
V SOY ORIGINAL SOYA MILK 1L,Convenience Beverages,BEVERAGE,1,8.25,0,0.00%,8.25,0.02%,0.02%
ABC Chilli Sauce395g,CS Sauce,FOOD,1,8,0,0.00%,8,0.02%,0.02%
ADD FLAVOURED SYRUP,Starbucks,FOOD,2,8,0,0.00%,8,0.03%,0.02%
BOGUTTI CHOCOFIT CHOCO HAZELNUT,Biscuit & Cookies,FOOD,1,8,0,0.00%,8,0.02%,0.02%
COKE LIGHT PET 500ML,CS Soft Drinks,BEVERAGE,4,8,0,0.00%,8,0.07%,0.02%
CORN ON THE COB,Salads,FOOD,1,8,0,0.00%,8,0.02%,0.02%
EXTRA PELLET LIME,Biscuit & Cookies,FOOD,4,8,0,0.00%,8,0.07%,0.02%
FAMILIA 50GM MUESLI ORIGINAL,CS Cereal,FOOD,2,8,0,0.00%,8,0.03%,0.02%
INDOMIE PILLOW 5 PCS HOT & SPICY,CS Pasta & Noodles,FOOD,1,8,0,0.00%,8,0.02%,0.02%
KNORR SOUP VEGETABLES47G,CS Packet Food,FOOD,2,8,0,0.00%,8,0.03%,0.02%
LAYS 40GM FRENCH CHEESE,CS Chips & Snacks,FOOD,4,8,0,0.00%,8,0.07%,0.02%
Mixed Salad&Pitta,Extras,FOOD,1,8,0,0.00%,8,0.02%,0.02%
Panadol96 ,CS Others,NON FOOD,8,8,0,0.00%,8,0.13%,0.02%
SMINT CANDY GUM PEPPERMINT 14.2G,CS Mint & Gum,FOOD,2,8,0,0.00%,8,0.03%,0.02%
SMINT CANDY GUM STRAWBERRY 14.2G,CS Mint & Gum,FOOD,2,8,0,0.00%,8,0.03%,0.02%
Steamed Rice,Main course,FOOD,1,8,0,0.00%,8,0.02%,0.02%
SMINT POCKET PEPPERMINT,CS Mint & Gum,FOOD,1,7.75,0,0.00%,7.75,0.02%,0.02%
Al R. p.apple & Guava,CS Packet Juice,BEVERAGE,3,7.5,0,0.00%,7.5,0.05%,0.02%
BEST 13GM ALMOND,CS Nuts & Seeds,FOOD,5,7.5,0,0.00%,7.5,0.08%,0.02%
CROISSANT ZATAR,CS Bakery,FOOD,3,7.5,0,0.00%,7.5,0.05%,0.02%
DAILY FRESH MUSTARD OIL 475ML,CS Coocking & Baking,FOOD,1,7.25,0,0.00%,7.25,0.02%,0.02%
FUN PLASTIC KNIFE PLUM 18PCS,CS Disposable,NON FOOD,1,7.25,0,0.00%,7.25,0.02%,0.02%
Castania Peanuts60g,Peannuts,FOOD,1,7,0,0.00%,7,0.02%,0.02%
CROISSANT MEDIUM,PASTRIES,FOOD,1,7,0,0.00%,7,0.02%,0.02%
FAMILIA 50GM MUESLI CHOCO,CS Cereal,FOOD,2,7,0,0.00%,7,0.03%,0.02%
FRUIT TELLA STRAWBERRY 39G,CS Mint & Gum,FOOD,4,7,0,0.00%,7,0.07%,0.02%
LARGE GLASS FRESH MILK,Coffee,FOOD,1,7,0,0.00%,7,0.02%,0.02%
ORAL B BRUSH CLASSIC,CS Oral Care,NON FOOD,2,7,0,0.00%,7,0.03%,0.02%
PEPSODENT TP GERMICHECK+BRUSH 15,CS Oral Care,NON FOOD,1,7,0,0.00%,7,0.02%,0.02%
LIPTON GREEN TEA CLASSIC TEA BAG,CS Tea,FOOD,1,6.75,0,0.00%,6.75,0.02%,0.02%
A/G Leaf Spinach Tin 425g,CS Can & Jar Food,FOOD,1,6.5,0,0.00%,6.5,0.02%,0.01%
AL AIN FRESH MILK 1L LOW FAT,CS Dairy ,FOOD,1,6.5,0,0.00%,6.5,0.02%,0.01%
DAILY FRESH HOMMOS TAHINEH 400GM,CS Can & Jar Food,FOOD,2,6.5,0,0.00%,6.5,0.03%,0.01%
FUN32OZMLTI,CS Disposable,NON FOOD,1,6.5,0,0.00%,6.5,0.02%,0.01%
GALAXY CARAMEL 40GM,CS Chocolate ,FOOD,2,6.5,0,0.00%,6.5,0.03%,0.01%
PRINGLES 40GM BBQ,CS Chips & Snacks,FOOD,2,6.5,0,0.00%,6.5,0.03%,0.01%
LAYS CHILI 185GM,CS Chips & Snacks,FOOD,1,6.25,0,0.00%,6.25,0.02%,0.01%
LAYS FRENCH CHEESE 185GM,CS Chips & Snacks,FOOD,1,6.25,0,0.00%,6.25,0.02%,0.01%
LUX SUNLIGHT LEMON 400ML,CS Dishwashing,NON FOOD,1,6.25,0,0.00%,6.25,0.02%,0.01%
AL MARAI CHEESE 8 TRIANGLES 120G,CS Dairy ,FOOD,2,6,0,0.00%,6,0.03%,0.01%
AL MARAI LABAN FULL FAT 360ML,CS Dairy ,FOOD,2,6,0,0.00%,6,0.03%,0.01%
Canadian Maple Syrup,Cereal Bar,FOOD,2,6,0,0.00%,6,0.03%,0.01%
Jalapenos,Pizza,FOOD,1,6,0,0.00%,6,0.02%,0.01%
Nutro Straw90gm,Biscuit & Cookies,FOOD,3,6,0,0.00%,6,0.05%,0.01%
Open Beverage,Open Beverage,BEVERAGE,1,6,0,0.00%,6,0.02%,0.01%
SNICKERS SINGLE BAR,CS Chocolate ,FOOD,2,6,0,0.00%,6,0.03%,0.01%
GROWERS PACKET HONEY PEANUTS,CS Nuts & Seeds,FOOD,1,5.5,0,0.00%,5.5,0.02%,0.01%
MARS BAR 51GM,CS Chocolate ,FOOD,2,5.5,0,0.00%,5.5,0.03%,0.01%
A/G Red Grape Vinegar 16oz,CS Can & Jar Food,FOOD,1,5.25,0,0.00%,5.25,0.02%,0.01%
A/G U.S MUSTARD SQUEEZE 8OZ,CS Can & Jar Food,FOOD,1,5.25,0,0.00%,5.25,0.02%,0.01%
AL AIN KIWI APPLE YOGHURT 125GM,CS Dairy ,FOOD,3,5.25,0,0.00%,5.25,0.05%,0.01%
BAHLSEN RED HIT MINIS MILK 130GM,Biscuit & Cookies,FOOD,1,5.25,0,0.00%,5.25,0.02%,0.01%
CLOROX SUPER WIPES 3PCS,CS Tissue & Toilet Rolls,NON FOOD,1,5.25,0,0.00%,5.25,0.02%,0.01%
SCHOGETTEN DARK CHOCOLATE 100GM,CS Chocolate ,FOOD,1,5.25,0,0.00%,5.25,0.02%,0.01%
AL RABIE LIME KIWI 330ML,CS Packet Juice,BEVERAGE,2,5,0,0.00%,5,0.03%,0.01%
Alrabi PineApple/Coconut330M,Fresh Juices,FOOD,2,5,0,0.00%,5,0.03%,0.01%
ARIEL 260GM GREEN,CS Laundry Care,NON FOOD,1,5,0,0.00%,5,0.02%,0.01%
CLOROX HEAVY DUTY SCOURER 1PCS,CS Cleaning Supplies,NON FOOD,2,5,0,0.00%,5,0.03%,0.01%
COKE LARGE 2.25L,CS Soft Drinks,BEVERAGE,1,5,0,0.00%,5,0.02%,0.01%
KOKA BOWL BEEF,CS Pasta & Noodles,FOOD,1,5,0,0.00%,5,0.02%,0.01%
LACNOR MILK BANANA 180ML,CS Packet Juice,BEVERAGE,4,5,0,0.00%,5,0.07%,0.01%
LACNOR MILK STRAWBERRY 180ML,CS Packet Juice,BEVERAGE,4,5,0,0.00%,5,0.07%,0.01%
MentoGmBerryLime,CS Mint & Gum,FOOD,1,5,0,0.00%,5,0.02%,0.01%
MENTOS CHEWY MINT 30GM,CS Mint & Gum,FOOD,4,5,0,0.00%,5,0.07%,0.01%
Nail Cutter ,CS Others,NON FOOD,2,5,0,0.00%,5,0.03%,0.01%
PEPSI LARGE 2.25L,CS Soft Drinks,BEVERAGE,1,5,0,0.00%,5,0.02%,0.01%
SCRUMMIES CHERRY CRANBERRIES 20G,CS Dry Fruits,FOOD,1,4.75,0,0.00%,4.75,0.02%,0.01%
SCRUMMIES STRAWBERRY CRANBERRIES,CS Dry Fruits,FOOD,1,4.75,0,0.00%,4.75,0.02%,0.01%
FUNWDTOOTHPICK,CS Disposable,NON FOOD,1,4.5,0,0.00%,4.5,0.02%,0.01%
POKKA LEMON ICED TEA 330ML,CS Soft Drinks,BEVERAGE,2,4.5,0,0.00%,4.5,0.03%,0.01%
BAYARA PAPRIKA BOTTLE 100ML,CS Spices & Herbs,FOOD,1,4.25,0,0.00%,4.25,0.02%,0.01%
BROOKBOND TEA BAG 25 PCS,CS Tea,FOOD,1,4.25,0,0.00%,4.25,0.02%,0.01%
AL AIN FRUIT FOREST YOGHURT 125G,CS Dairy ,FOOD,2,4,0,0.00%,4,0.03%,0.01%
BAYARA POWDER BOTTLE 100ML,CS Spices & Herbs,FOOD,1,4,0,0.00%,4,0.02%,0.01%
BEACON MARSHMALLOWS PINK & WHITE,CS Packet Food,FOOD,1,4,0,0.00%,4,0.02%,0.01%
BEACON MARSHMALLOWS TWISTERS 150,CS Coffee,FOOD,1,4,0,0.00%,4,0.02%,0.01%
EXTRA FRUIT FLVR 14PCS,CS Mint & Gum,FOOD,1,4,0,0.00%,4,0.02%,0.01%
EXTRA PELLET SPEARMINT GUM,CS Mint & Gum,FOOD,2,4,0,0.00%,4,0.03%,0.01%
FANTA PET 500ML,CS Soft Drinks,BEVERAGE,2,4,0,0.00%,4,0.03%,0.01%
FUN WOODEN KNIFE 25PCS,CS Disposable,NON FOOD,1,4,0,0.00%,4,0.02%,0.01%
Khubus Bread,Breakfast,FOOD,2,4,0,0.00%,4,0.03%,0.01%
LAYS 40GM CHILLI,CS Chips & Snacks,FOOD,2,4,0,0.00%,4,0.03%,0.01%
PERRIER WATER 330ML,CS Water,BEVERAGE,1,4,0,0.00%,4,0.02%,0.01%
SAFETY MATCH STICK BOX 2PCS,CS Others,NON FOOD,8,4,0,0.00%,4,0.13%,0.01%
SMINT CANDY GUM MINT 14.2G,CS Mint & Gum,FOOD,1,4,0,0.00%,4,0.02%,0.01%
SPRITE PET 500ML,CS Soft Drinks,BEVERAGE,2,4,0,0.00%,4,0.03%,0.01%
BAYARA SALTED PISTACHIOS 50GM,CS Dry Fruits,FOOD,1,3.75,0,0.00%,3.75,0.02%,0.01%
AL AIN MANGO YOGHURT 125GM,CS Dairy ,FOOD,2,3.5,0,0.00%,3.5,0.03%,0.01%
KOKA CUP CURRY,CS Pasta & Noodles,FOOD,1,3.5,0,0.00%,3.5,0.02%,0.01%
MENTOS 38GM CHEWY COLA,CS Mint & Gum,FOOD,2,3.5,0,0.00%,3.5,0.03%,0.01%
BAYARA PROVENCE HERBS BOTTLE 100,CS Spices & Herbs,FOOD,1,3.25,0,0.00%,3.25,0.02%,0.01%
EXTRA PROFESSIONAL FRESH MINT GU,CS Mint & Gum,FOOD,1,3.25,0,0.00%,3.25,0.02%,0.01%
EXTRA PROFESSIONAL STRONG MINT G,CS Mint & Gum,FOOD,1,3.25,0,0.00%,3.25,0.02%,0.01%
GALAXY HAZELNUT 40GM,CS Chocolate ,FOOD,1,3.25,0,0.00%,3.25,0.02%,0.01%
INDOMIE CUP VEGETABLE,CS Pasta & Noodles,FOOD,1,3.25,0,0.00%,3.25,0.02%,0.01%
BOUNTY BAR 57GM,CS Chocolate ,FOOD,1,3,0,0.00%,3,0.02%,0.01%
CADBURY DM CHOCOLATE 37GM,CS Chocolate ,FOOD,1,3,0,0.00%,3,0.02%,0.01%
CAPRISUN APPLE,CS Packet Juice,BEVERAGE,3,3,0,0.00%,3,0.05%,0.01%
CocoPopsCMB20g,CS Cereal,FOOD,1,3,0,0.00%,3,0.02%,0.01%
DOUGHNUT ICING WHITE,CS Bakery,FOOD,2,3,0,0.00%,3,0.03%,0.01%
KAGI SWISS WAFERS SINGLE MINI 25,CS Mint & Gum,FOOD,1,3,0,0.00%,3,0.02%,0.01%
Mirinda Orange355M,Softdrinks,FOOD,2,3,0,0.00%,3,0.03%,0.01%
NESCAFE SACHET RED MUG 1 PCS,CS Coffee,FOOD,4,3,0,0.00%,3,0.07%,0.01%
NUTRO GLUCOSE MILK HONEY BISCUIT,Biscuit & Cookies,FOOD,3,3,0,0.00%,3,0.05%,0.01%
SPRITE CAN 330ML ,CS Soft Drinks,BEVERAGE,2,3,0,0.00%,3,0.03%,0.01%
TOBLETOBLERONE MILK 35GM,CS Chocolate ,FOOD,1,3,0,0.00%,3,0.02%,0.01%
PARADISE CORN FLOUR 400G,CS Coocking & Baking,FOOD,1,2.75,0,0.00%,2.75,0.02%,0.01%
AL AIN YOGHURT LOW FAT 170GM,CS Dairy ,FOOD,2,2.5,0,0.00%,2.5,0.03%,0.01%
AL MARAI MIXED FRUIT 300ML,CS Packet Juice,BEVERAGE,1,2.5,0,0.00%,2.5,0.02%,0.01%
KIT KAT 4 FINGERS,CS Chocolate ,FOOD,1,2.25,0,0.00%,2.25,0.02%,0.01%
LAYS FORNO CHEESE 43GM,CS Chips & Snacks,FOOD,1,2.25,0,0.00%,2.25,0.02%,0.01%
SALT 1KG IODIZED ,CS Coocking & Baking,FOOD,1,2.25,0,0.00%,2.25,0.02%,0.01%
COKE PET 500ML,CS Soft Drinks,BEVERAGE,1,2,0,0.00%,2,0.02%,0.00%
MAGGI STOCK CUBE VEGETABLE,CS Sauce,FOOD,2,2,0,0.00%,2,0.03%,0.00%
Mentos Orange,CS Mint & Gum,FOOD,1,2,0,0.00%,2,0.02%,0.00%
NutroLemon90g,Biscuit & Cookies,FOOD,1,2,0,0.00%,2,0.02%,0.00%
AL AIN PINEAPPLE YOGHURT 125GM,CS Dairy ,FOOD,1,1.75,0,0.00%,1.75,0.02%,0.00%
7 UP CAN 355 ML,CS Soft Drinks,BEVERAGE,1,1.5,0,0.00%,1.5,0.02%,0.00%
MOUNTAIN DEW CAN 335ML ,CS Soft Drinks,BEVERAGE,1,1.5,0,0.00%,1.5,0.02%,0.00%
PEPSI CAN 355ML ,CS Soft Drinks,BEVERAGE,1,1.5,0,0.00%,1.5,0.02%,0.00%
PEPSI DIET CAN 335ML ,CS Soft Drinks,BEVERAGE,1,1.5,0,0.00%,1.5,0.02%,0.00%
SPRITE LIGHT CAN 330ML ,CS Soft Drinks,BEVERAGE,1,1.5,0,0.00%,1.5,0.02%,0.00%
Add Mini PastryCombo,Dessert,FOOD,1,1,0,0.00%,1,0.02%,0.00%
Guest Meal Combo,Main course,FOOD,1,0,0,0.00%,0,0.02%,0.00%
TOTAL*,,,"4,886","44,460.75",0,0.00%,"44,460.75",80.89%,100.00%
,,,,,,,,,
