Menu Engineering Items Summary,,,,,,,,,
,,,,,,,,,
Business Dates,2/12/2016,,,,,,,,
Locations,"DEMO,UAE",,,,,,,,
Revenue Centers,All,,,,,,,,
Menu Items,All,,,,,,,,
,,,,,,,,,
Menu Item Name,Family Group,Major Group,Qty Sold,Net Sales,Prep Cost,Cost %,Margin Less Item Disc,% Qty,% Margin
Stud Meal Combo,Main course,FOOD,174,"5,190.00",0,0.00%,"5,190.00",2.97%,12.45%
Student Breakfast,Breakfast,FOOD,66,"1,980.00",0,0.00%,"1,980.00",1.13%,4.75%
MARINATED SALMON STEAK,Grill,FOOD,57,"1,710.00",0,0.00%,"1,710.00",0.97%,4.10%
CHICKEN MEAL ,Main course,FOOD,43,"1,075.00",0,0.00%,"1,075.00",0.73%,2.58%
BEEF MEAL,Main course,FOOD,33,825,0,0.00%,825,0.56%,1.98%
Margherita(V),Pizza,FOOD,33,825,0,0.00%,825,0.56%,1.98%
Tenderloin Steak,Burgers,FOOD,26,780,0,0.00%,780,0.44%,1.87%
Classic Angus Burger,Burgers,FOOD,25,750,0,0.00%,750,0.43%,1.80%
Slice of the Day,Pizza,FOOD,139,695,0,0.00%,695,2.37%,1.67%
SERCO LUNCH,SERCO LUNCH,FOOD,46,690,0,0.00%,690,0.78%,1.66%
Buffet Meal,Main course,FOOD,27,594,0,0.00%,594,0.46%,1.43%
BBQ Glazed Chicken,Sandwiches,FOOD,26,546,0,0.00%,546,0.44%,1.31%
Chicken Steak,Grill,FOOD,22,528,0,0.00%,528,0.38%,1.27%
FG MEDIUM BOWL,FEEL GOOD,FOOD,29,522,0,0.00%,522,0.49%,1.25%
BUTTER FLY CHICKEN BREAST ,Grill,FOOD,21,504,0,0.00%,504,0.36%,1.21%
Rose flower,Flowers,NON FOOD,49,490,0,0.00%,490,0.84%,1.18%
Chicken Caesar,Salads,FOOD,18,450,0,0.00%,450,0.31%,1.08%
Chicken Tikka,Sandwiches,FOOD,18,432,0,0.00%,432,0.31%,1.04%
Grilled Chicken Burger,Burgers,FOOD,18,432,0,0.00%,432,0.31%,1.04%
Falafel Tomato & Hummus(V),Sandwiches,FOOD,22,396,0,0.00%,396,0.38%,0.95%
Masafi Water500ml,Water,BEVERAGE,381,381,0,0.00%,381,6.50%,0.91%
FG LARGE BOWL,FEEL GOOD,FOOD,14,364,0,0.00%,364,0.24%,0.87%
Fresh Fruit Pcs,Extras,FOOD,110,330,0,0.00%,330,1.88%,0.79%
SERCO DINNER,SERCO DINNER,FOOD,22,330,0,0.00%,330,0.38%,0.79%
VEGGIE MEAL,Veggie,FOOD,15,330,0,0.00%,330,0.26%,0.79%
Take Away Box,Take Away Boxes,NON FOOD,109,327,0,0.00%,327,1.86%,0.78%
SERCO BREAKFAST,SERCO BREAKFAST,FOOD,21,315,0,0.00%,315,0.36%,0.76%
Banana Pcs,CS Fresh Fruit,FOOD,156,312,0,0.00%,312,2.66%,0.75%
Extra Portion Grill,Main course,FOOD,25,300,0,0.00%,300,0.43%,0.72%
Salmon Salad,Salads,FOOD,12,300,0,0.00%,300,0.20%,0.72%
Smoked Salmon,Sandwiches,FOOD,12,300,0,0.00%,300,0.20%,0.72%
Pesto Roasted Chicken,Sandwiches,FOOD,11,253,0,0.00%,253,0.19%,0.61%
Yoghurt,Yogurt,FOOD,63,252,0,0.00%,252,1.07%,0.60%
Two Eggs ,Breakfast,FOOD,51,250,0,0.00%,250,0.87%,0.60%
Go Large,Pizza,FOOD,30,240,0,0.00%,240,0.51%,0.58%
Buffet Fruit Salad,Salads,FOOD,47,235,0,0.00%,235,0.80%,0.56%
LACNOR COCKTAIL 180ML,Fresh Juices,BEVERAGE,57,228,0,0.00%,228,0.97%,0.55%
Buffalo Chicken,Grill,FOOD,14,224,0,0.00%,224,0.24%,0.54%
Chocolate Bar,Extras,FOOD,44,220,0,0.00%,220,0.75%,0.53%
Smoked Turkey Ham Pasta,Salads,FOOD,10,220,0,0.00%,220,0.17%,0.53%
Dessert,Dessert,FOOD,54,216,0,0.00%,216,0.92%,0.52%
16 OZ CAFFE LATTE,Starbucks,FOOD,15,210,0,0.00%,210,0.26%,0.50%
FRESH JUICE SMALL,Breakfast,FOOD,51,204,0,0.00%,204,0.87%,0.49%
Side Salad,Salads,FOOD,50,200,0,0.00%,200,0.85%,0.48%
7 OZ DOUBLE SHOT ICED SHAKEN,Starbucks,FOOD,14,196,0,0.00%,196,0.24%,0.47%
Filter Tea,Tea,FOOD,39,195,0,0.00%,195,0.67%,0.47%
Hawaiian,Pizza,FOOD,6,192,0,0.00%,192,0.10%,0.46%
Chicken Nuggets,Extras,FOOD,17,170,0,0.00%,170,0.29%,0.41%
16 OZ ICED CAFFE LATTE,Starbucks,FOOD,12,168,0,0.00%,168,0.20%,0.40%
Super Food Salad (V),Salads,FOOD,7,168,0,0.00%,168,0.12%,0.40%
Homemade Beef Burger,Burgers,FOOD,8,160,0,0.00%,160,0.14%,0.38%
FRESH JUICE LARGE,Fresh Juices,FOOD,22,154,0,0.00%,154,0.38%,0.37%
LACNOR MILK CHOCOLATE,Flavoured Milk,BEVERAGE,38,152,0,0.00%,152,0.65%,0.36%
16 OZ CAFFE AMERICANO,Starbucks,FOOD,12,144,0,0.00%,144,0.20%,0.35%
COCA COLA CAN,Softdrinks,BEVERAGE,35,140,0,0.00%,140,0.60%,0.34%
Isabella(V),Pizza,FOOD,4,140,0,0.00%,140,0.07%,0.34%
FARM FRESH EGGS WHITE 6PCS,CS Eggs,FOOD,31,139.5,0,0.00%,139.5,0.53%,0.33%
16 OZ ICED CARAMEL MACCHIATO,Starbucks,FOOD,8,136,0,0.00%,136,0.14%,0.33%
Filter Coffee,Tea,FOOD,27,135,0,0.00%,135,0.46%,0.32%
LACNOR ORANGE 180ML,Fresh Juices,BEVERAGE,34,133.25,0,0.00%,133.25,0.58%,0.32%
12 OZ CAFFE AMERICANO,Starbucks,FOOD,13,130,0,0.00%,130,0.22%,0.31%
FG Juice Bottled,FEEL GOOD,FOOD,16,128,0,0.00%,128,0.27%,0.31%
French Fries,Extras,FOOD,21,126,0,0.00%,126,0.36%,0.30%
Mixed Green Salad(V),Salads,FOOD,6,120,0,0.00%,120,0.10%,0.29%
Pesto,Pizza,FOOD,4,120,0,0.00%,120,0.07%,0.29%
Extra Topping,Pizza,FOOD,23,115,0,0.00%,115,0.39%,0.28%
Meat Feast,Pizza,FOOD,3,114,0,0.00%,114,0.05%,0.27%
12 OZ CAFFE LATTE,Starbucks,FOOD,9,108,0,0.00%,108,0.15%,0.26%
12 OZ CAPPUCHINO,Starbucks,FOOD,9,108,0,0.00%,108,0.15%,0.26%
Fruit Salad,Yoghurt Pots,FOOD,9,108,0,0.00%,108,0.15%,0.26%
Tandoori Chicken,Pizza,FOOD,3,108,0,0.00%,108,0.05%,0.26%
PEPSI CAN,Softdrinks,BEVERAGE,26,104,0,0.00%,104,0.44%,0.25%
ANCHOR BUTTER UNSALTED 454G,CS Dairy ,FOOD,5,102.5,0,0.00%,102.5,0.09%,0.25%
GILLETTE BLADE MACH 3 TURBO 4PCS,CS Mens Care,NON FOOD,2,100.5,0,0.00%,100.5,0.03%,0.24%
Bagel S. Salmon,Sandwiches,FOOD,4,100,0,0.00%,100,0.07%,0.24%
RACHELS GREEK YOGHURT NATURAL 45,CS Dairy ,FOOD,4,98,0,0.00%,98,0.07%,0.24%
Hash Browns,Breakfast,FOOD,25,96,0,0.00%,96,0.43%,0.23%
Soup,Extras,FOOD,16,96,0,0.00%,96,0.27%,0.23%
Digest dark200,Biscuit & Cookies,FOOD,7,94.5,0,0.00%,94.5,0.12%,0.23%
DORITOS 180GM SWEET CHILI PEPPER,CS Chips & Snacks,FOOD,15,93.75,0,0.00%,93.75,0.26%,0.22%
AL AIN FRESH MILK LOW FAT 2L,CS Dairy ,FOOD,9,90,0,0.00%,90,0.15%,0.22%
CROISSANT MINI,Dessert,FOOD,30,90,0,0.00%,90,0.51%,0.22%
Large Salad,Salads,FOOD,5,90,0,0.00%,90,0.09%,0.22%
MAGNUM I/C CLASSIC,CS Ice Cream,FOOD,12,90,0,0.00%,90,0.20%,0.22%
POKKA LEMON ICED TEA CAN,Packet Juice,BEVERAGE,21,84,0,0.00%,84,0.36%,0.20%
PAPER BAG,BAGS,NON FOOD,83,83,0,0.00%,83,1.42%,0.20%
Apple Red,CS Fresh Fruit,FOOD,40,80,0,0.00%,80,0.68%,0.19%
Orange Pcs,CS Fresh Fruit,FOOD,40,80,0,0.00%,80,0.68%,0.19%
VEG BURGER,Burgers,FOOD,4,80,0,0.00%,80,0.07%,0.19%
Yogurt Muesli Honey,Yoghurt Pots,FOOD,5,80,0,0.00%,80,0.09%,0.19%
BASKIN ROBBINS CUP COOKIES 120ML,CS Ice Cream,FOOD,12,78,0,0.00%,78,0.20%,0.19%
BJORG ORGANIC OAT FLAKES 500GM,CS Organic Food,FOOD,3,76.5,0,0.00%,76.5,0.05%,0.18%
LACNOR MILK STRAWBERRY,Flavoured Milk,BEVERAGE,19,76,0,0.00%,76,0.32%,0.18%
Mexican Melt,Pizza,FOOD,2,76,0,0.00%,76,0.03%,0.18%
OREO MINI CUP 115GM,CS Food,FOOD,8,76,0,0.00%,76,0.14%,0.18%
Beef sausage,Breakfast,FOOD,15,75,0,0.00%,75,0.26%,0.18%
Masafi Water1.5Ltr,Water,BEVERAGE,37,74,0,0.00%,74,0.63%,0.18%
OREO ORIGINAL 16 PACK 44GM,Biscuit & Cookies,FOOD,4,73,0,0.00%,73,0.07%,0.18%
16 OZ ICED CAFE AMERICANO,Starbucks,FOOD,6,72,0,0.00%,72,0.10%,0.17%
COCONUT WATER CAN,Packet Juice,BEVERAGE,18,72,0,0.00%,72,0.31%,0.17%
Yogurt Blueberry,Yoghurt Pots,FOOD,4,72,0,0.00%,72,0.07%,0.17%
AL AIN WATER 1.5L,CS Water,BEVERAGE,47,70.5,0,0.00%,70.5,0.80%,0.17%
16 OZ CAPPUCHINO,Starbucks,FOOD,5,70,0,0.00%,70,0.09%,0.17%
Yogurt Mango,Yoghurt Pots,FOOD,7,70,0,0.00%,70,0.12%,0.17%
NUTELLA JAR 750GM,CS Can & Jar Food,FOOD,2,68.5,0,0.00%,68.5,0.03%,0.16%
12 OZ TOFFEE NUT LATTE,Coffee,FOOD,4,68,0,0.00%,68,0.07%,0.16%
Tuna Cheese Melt,Sandwiches,FOOD,3,66,0,0.00%,66,0.05%,0.16%
COCA COLA ZERO CAN,Softdrinks,BEVERAGE,16,64,0,0.00%,64,0.27%,0.15%
LACNOR MANGO 180ML,Fresh Juices,BEVERAGE,16,64,0,0.00%,64,0.27%,0.15%
SUBSTITUTE SOYA,Soya Milk,FOOD,16,64,0,0.00%,64,0.27%,0.15%
LISTERINE MW ZERO 250ML,CS Oral Care,NON FOOD,3,63,0,0.00%,63,0.05%,0.15%
SELPAK TOILET PAPER 4 ROLLS,CS Tissue & Toilet Rolls,NON FOOD,5,62.5,0,0.00%,62.5,0.09%,0.15%
Apple Green,CS Fresh Fruit,FOOD,31,62,0,0.00%,62,0.53%,0.15%
BBQ or CurrySouce,Pizza,FOOD,2,60,0,0.00%,60,0.03%,0.14%
Grilled Halloumi(V),Sandwiches,FOOD,3,60,0,0.00%,60,0.05%,0.14%
LACNOR MILK BANANA,Flavoured Milk,BEVERAGE,15,60,0,0.00%,60,0.26%,0.14%
NIVEA AFTER SUN MOISTURE 200ML,CS Body Care,NON FOOD,2,60,0,0.00%,60,0.03%,0.14%
NIVEA WIPES PURE CLEANSING 25PCS,CS Tissue & Toilet Rolls,NON FOOD,2,60,0,0.00%,60,0.03%,0.14%
Pepperoni,Pizza,FOOD,10,60,0,0.00%,60,0.17%,0.14%
Portion Protein,Main course,FOOD,6,60,0,0.00%,60,0.10%,0.14%
Sweet Potato Wedges,Extras,FOOD,6,60,0,0.00%,60,0.10%,0.14%
Pear,CS Fresh Fruit,FOOD,28,56,0,0.00%,56,0.48%,0.13%
BarillaPestoSml,CS Sauce,FOOD,2,55,0,0.00%,55,0.03%,0.13%
16 OZ ICED VANILLA LATTE,Starbucks,FOOD,3,54,0,0.00%,54,0.05%,0.13%
HARIBO TROPIFRUTTI PACKET 160GM,CS Mint & Gum,FOOD,6,54,0,0.00%,54,0.10%,0.13%
BISCUITSDIGES250 ,Biscuit & Cookies,FOOD,5,52.5,0,0.00%,52.5,0.09%,0.13%
BASKIN ROBBINS CUP STARWBERRY 12,CS Ice Cream,FOOD,8,52,0,0.00%,52,0.14%,0.12%
Three Cheese Spring Onion,Pre Packed Sandwiches,FOOD,5,50,0,0.00%,50,0.09%,0.12%
Croissant,Breakfast,FOOD,7,49,0,0.00%,49,0.12%,0.12%
COCA COLA DIET CAN,Softdrinks,BEVERAGE,12,48,0,0.00%,48,0.20%,0.12%
JDS BELGIAN COCOLATE THINS,Biscuit & Cookies,FOOD,3,48,0,0.00%,48,0.05%,0.12%
Small Salad,Salads,FOOD,4,48,0,0.00%,48,0.07%,0.12%
GILLETTE VENUS BREEZE RAZOR 3UP,CS Mens Care,NON FOOD,1,47.5,0,0.00%,47.5,0.02%,0.11%
TAMRAH CHOCO MILK ZIPPER BAG 100,CS Dry Fruits,FOOD,5,47.5,0,0.00%,47.5,0.09%,0.11%
MODERN BAKE MANGO PISTA ENERGY B,CS Cereal,FOOD,9,47.25,0,0.00%,47.25,0.15%,0.11%
AL AIN WATER 500ml,CS Water,BEVERAGE,47,47,0,0.00%,47,0.80%,0.11%
AMBROSI MASCARPONE CHEESE 250G,CS Dairy ,FOOD,2,47,0,0.00%,47,0.03%,0.11%
BOURSIN CHEESE GARLIC & HERBS 15,CS Dairy ,FOOD,2,46.5,0,0.00%,46.5,0.03%,0.11%
SELPAK TOILET ROLL 7+2,CS Tissue & Toilet Rolls,NON FOOD,2,46.5,0,0.00%,46.5,0.03%,0.11%
BASKIN ROBBINS CUP CHOCOLATE 120,CS Ice Cream,FOOD,7,45.5,0,0.00%,45.5,0.12%,0.11%
BASKIN ROBBINS CUP VANILLA 120ML,CS Ice Cream,FOOD,7,45.5,0,0.00%,45.5,0.12%,0.11%
PRO BAR MEAL WHOLEBERRY BLAST 85,CS Cereal,FOOD,2,45.5,0,0.00%,45.5,0.03%,0.11%
12 OZ CARAMEL MACCHIATO,Starbucks,FOOD,3,45,0,0.00%,45,0.05%,0.11%
Portion Vegetable,Main course,FOOD,9,45,0,0.00%,45,0.15%,0.11%
CDMFrt&NutCdbry230g,CS Chocolate ,FOOD,4,44,0,0.00%,44,0.07%,0.11%
Castania Peanuts60g,Peannuts,FOOD,6,42,0,0.00%,42,0.10%,0.10%
Cereal Portion,Breakfast,FOOD,6,42,0,0.00%,42,0.10%,0.10%
GALLON WATER COUPON,CS Water,BEVERAGE,6,42,0,0.00%,42,0.10%,0.10%
Plum Red,CS Fresh Fruit,FOOD,21,42,0,0.00%,42,0.36%,0.10%
ALPRO ALMOND MILK 1L,CS Dairy ,FOOD,2,41,0,0.00%,41,0.03%,0.10%
CAREFREE ALOE 30PCS,CS Sanitary Care,NON FOOD,2,40.5,0,0.00%,40.5,0.03%,0.10%
AL AIN FRESH MILK FULL FAT 2L,CS Dairy ,FOOD,4,40,0,0.00%,40,0.07%,0.10%
Chicken Sweetcorn,Pre Packed Sandwiches,FOOD,4,40,0,0.00%,40,0.07%,0.10%
MINUTE STEAK,Grill,FOOD,2,40,0,0.00%,40,0.03%,0.10%
MOUNTAIN DEW,Softdrinks,BEVERAGE,10,40,0,0.00%,40,0.17%,0.10%
AL AIN FRESH MILK 1L FULL CREAM,CS Dairy ,FOOD,6,39,0,0.00%,39,0.10%,0.09%
CAPRICE DE DIEUX CHEESE 200G,CS Dairy ,FOOD,1,39,0,0.00%,39,0.02%,0.09%
GILLETTE VENUS RAZOR 3UP,CS Mens Care,NON FOOD,1,38.75,0,0.00%,38.75,0.02%,0.09%
MANI 20G ALMONDS SMOKED BBQ,CS Dry Fruits,FOOD,14,38.5,0,0.00%,38.5,0.24%,0.09%
DR.OETKER EXTRA DARK COCOLATE 72,CS Coocking & Baking,FOOD,3,38.25,0,0.00%,38.25,0.05%,0.09%
16 OZ VANILLA LATTE,Starbucks,FOOD,2,38,0,0.00%,38,0.03%,0.09%
GATORADE PINK LEMONDAE PET 500ML,CS Sports & Energy Drinks,BEVERAGE,8,38,0,0.00%,38,0.14%,0.09%
Lays Chips,Extras,FOOD,19,38,0,0.00%,38,0.32%,0.09%
STREPSILS ORANGE PACKET,CS Chocolate ,FOOD,2,38,0,0.00%,38,0.03%,0.09%
STREPSILS REGULAR PACKET,CS Chocolate ,FOOD,2,38,0,0.00%,38,0.03%,0.09%
TAFT HAIR SPRAY ULTRA STRONG 250,CS Hair Styling & Spray,NON FOOD,1,38,0,0.00%,38,0.02%,0.09%
TAMRAH CHOCO CARAMEL ZIPPER BAG ,CS Dry Fruits,FOOD,4,38,0,0.00%,38,0.07%,0.09%
PRINGLES HOT & SPICY 165GM,CS Chips & Snacks,FOOD,4,37,0,0.00%,37,0.07%,0.09%
Toast,Breakfast,FOOD,37,37,0,0.00%,37,0.63%,0.09%
NESCAFE RED MUG COFFEE 200GM,CS Coffee,FOOD,1,36.5,0,0.00%,36.5,0.02%,0.09%
16 OZ ICED WHITE CHOCOLATE MOCHA,Starbucks,FOOD,2,36,0,0.00%,36,0.03%,0.09%
Best Salted Peanut30g,Peannuts,FOOD,12,36,0,0.00%,36,0.20%,0.09%
GLAD GARBAGE BAG MEDIUM 35L X 30,CS Tissue & Toilet Rolls,NON FOOD,3,36,0,0.00%,36,0.05%,0.09%
Lacnor Full Fat Milk 1L ,CS Dairy ,BEVERAGE,8,36,0,0.00%,36,0.14%,0.09%
MCVITIES DIGESTIVE LIGHT 400GM,Biscuit & Cookies,FOOD,2,36,0,0.00%,36,0.03%,0.09%
Mushrooms,Pizza,FOOD,6,36,0,0.00%,36,0.10%,0.09%
A/G POP CORN MICROWAVE NATURAL 2,CS Can & Jar Food,FOOD,4,35,0,0.00%,35,0.07%,0.08%
Bagels w/Cr.Cheese,Breakfast,FOOD,5,35,0,0.00%,35,0.09%,0.08%
Guest Meal Combo,Main course,FOOD,4,35,0,0.00%,35,0.07%,0.08%
MUFFIN APPLE,CS Bakery,FOOD,10,35,0,0.00%,35,0.17%,0.08%
Rocco,Pizza,FOOD,1,35,0,0.00%,35,0.02%,0.08%
FRUIT & FIBRE KELLOGS 375GM,CS Cereal,FOOD,2,34.5,0,0.00%,34.5,0.03%,0.08%
SELPAK KITCHEN ROLL 2 PCS,CS Tissue & Toilet Rolls,NON FOOD,3,34.5,0,0.00%,34.5,0.05%,0.08%
12 OZ SIGNATURE HOT CHOCOLATE,Starbucks,FOOD,2,34,0,0.00%,34,0.03%,0.08%
16 OZ CAFFE MOCHA,Starbucks,FOOD,2,34,0,0.00%,34,0.03%,0.08%
16 OZ CARAMEL MACCHIATO,Starbucks,FOOD,2,34,0,0.00%,34,0.03%,0.08%
16 OZ ICED CHOCOLATE,Starbucks,FOOD,2,34,0,0.00%,34,0.03%,0.08%
16 OZ WHITE CHOCOLATE MOCHA,Starbucks,FOOD,2,34,0,0.00%,34,0.03%,0.08%
AUSLESE MELITTA CLASSIC COFFEE 2,CS Coffee,FOOD,2,34,0,0.00%,34,0.03%,0.08%
ALPROMilkFlvrChoc 1L,CS Dairy ,BEVERAGE,2,33.5,0,0.00%,33.5,0.03%,0.08%
GATORADE BLUE BOLT PET 500ML,CS Sports & Energy Drinks,BEVERAGE,7,33.25,0,0.00%,33.25,0.12%,0.08%
Pancakes,Breakfast,FOOD,11,33,0,0.00%,33,0.19%,0.08%
Valley Crunchy,Cereal Bar,FOOD,11,33,0,0.00%,33,0.19%,0.08%
GILLETTE RAZOR MACH 3 2UP,CS Mens Care,NON FOOD,1,32.75,0,0.00%,32.75,0.02%,0.08%
CARTE D'OR SMALL CUP CHOCOLATE,CS Chocolate ,FOOD,5,32.5,0,0.00%,32.5,0.09%,0.08%
ILE DE FRANCE CHEESE PETIT BRIE ,CS Dairy ,FOOD,2,32.5,0,0.00%,32.5,0.03%,0.08%
PERRIER WATER 750ML,Water,BEVERAGE,5,32.5,0,0.00%,32.5,0.09%,0.08%
PRINGLES 40GM ORIGINAL,CS Chips & Snacks,FOOD,10,32.5,0,0.00%,32.5,0.17%,0.08%
C&C DEEP CLEANSING LOTION 200ML,CS Facial Care,NON FOOD,1,32.25,0,0.00%,32.25,0.02%,0.08%
FAMILIA CHAMPION CRISP 750GM,CS Cereal,FOOD,1,32,0,0.00%,32,0.02%,0.08%
Frid Rice W Chicken,Fried Rice,FOOD,1,32,0,0.00%,32,0.02%,0.08%
Portion Starch,Main course,FOOD,4,32,0,0.00%,32,0.07%,0.08%
AL MARAI YOGHURT FULL CREAM 170G,CS Dairy ,FOOD,21,31.5,0,0.00%,31.5,0.36%,0.08%
Lacnor Low Fat Milk 1L,CS Dairy ,BEVERAGE,7,31.5,0,0.00%,31.5,0.12%,0.08%
MODERN BAKE CRANBERRY ENERGY BAR,CS Cereal,FOOD,6,31.5,0,0.00%,31.5,0.10%,0.08%
MUFFIN CHOCOLATE,CS Bakery,FOOD,9,31.5,0,0.00%,31.5,0.15%,0.08%
LAYS CHILI 185GM,CS Chips & Snacks,FOOD,5,31.25,0,0.00%,31.25,0.09%,0.07%
BJORG ORGANIC PAIN DEPICES AU MI,CS Organic Food,FOOD,1,31,0,0.00%,31,0.02%,0.07%
GLAD HANDLE GARBAGE BAG LARGE 11,CS Bags/Foil/Wraps,NON FOOD,2,31,0,0.00%,31,0.03%,0.07%
12OZ WHITE CHOCOLATE MOCHA,Starbucks,FOOD,2,30,0,0.00%,30,0.03%,0.07%
AL AIN WATER 5 LTR,CS Water,BEVERAGE,12,30,0,0.00%,30,0.20%,0.07%
Baked beans,Breakfast,FOOD,6,30,0,0.00%,30,0.10%,0.07%
Canadian Maple Syrup,Cereal Bar,FOOD,10,30,0,0.00%,30,0.17%,0.07%
DR OETKER H.B PICK STICK CANDLE,CS Disposable,NON FOOD,2,30,0,0.00%,30,0.03%,0.07%
NIVEA WIPES REFRESHING CLEANSING,CS Tissue & Toilet Rolls,NON FOOD,1,30,0,0.00%,30,0.02%,0.07%
Oatmeal Porridge,Breakfast,FOOD,10,30,0,0.00%,30,0.17%,0.07%
SLICED BREAD MULTI GRAIN MEDIUM,CS Bakery,FOOD,5,30,0,0.00%,30,0.09%,0.07%
VOCHELLE TIN I LOVE DUBAI 205GM,CS Chocolate ,FOOD,1,30,0,0.00%,30,0.02%,0.07%
BROWN BAG CHIPS 40GM CHEDAAR ONI,CS Chips & Snacks,FOOD,7,29.75,0,0.00%,29.75,0.12%,0.07%
DOVE HAND CREAM REGENERATING 75M,CS Body Care,NON FOOD,2,28.5,0,0.00%,28.5,0.03%,0.07%
JIF EASY CLEAN FLOWER BREEZE 1LI,CS Cleaning Supplies,NON FOOD,2,28.5,0,0.00%,28.5,0.03%,0.07%
TAMRAH COCO DATES ZIPPER BAG 100,CS Dry Fruits,FOOD,3,28.5,0,0.00%,28.5,0.05%,0.07%
HONEY MOON MOUNTAIN HONEY 250GM,CS Can & Jar Food,FOOD,1,28.25,0,0.00%,28.25,0.02%,0.07%
MilkHalfCrem1Ltr ,CS Dairy ,FOOD,7,28,0,0.00%,28,0.12%,0.07%
MIRINDA ORANGE CAN,Softdrinks,BEVERAGE,7,28,0,0.00%,28,0.12%,0.07%
AL SHIFA 400GM SQUEEZE HONEY,CS Can & Jar Food,FOOD,1,27.75,0,0.00%,27.75,0.02%,0.07%
PRINGLES CHEESE 165GM,CS Chips & Snacks,FOOD,3,27.75,0,0.00%,27.75,0.05%,0.07%
SYOSS HAIR SPRAY GLOSSING HOLD 4,CS Soap & Handwash,NON FOOD,1,27.75,0,0.00%,27.75,0.02%,0.07%
BEST CAN PISTACHIOS SALTED 110GM,CS Nuts & Seeds,FOOD,2,27.5,0,0.00%,27.5,0.03%,0.07%
CARTE D'OR CHEESE CAKE TUB 900ML,CS Ice Cream,FOOD,1,27.5,0,0.00%,27.5,0.02%,0.07%
LINDT EXCELLENCE BLACK CURRANT 1,CS Chocolate ,FOOD,2,27.5,0,0.00%,27.5,0.03%,0.07%
DR OETKER VEGETABLE PIZZA,CS Frozen Food,FOOD,1,26.25,0,0.00%,26.25,0.02%,0.06%
NIVEA EYE MAKEUP REMOVER 125ML,CS Facial Care,NON FOOD,1,26.25,0,0.00%,26.25,0.02%,0.06%
SCHOGETTEN DARK CHOCOLATE 100GM,CS Chocolate ,FOOD,5,26.25,0,0.00%,26.25,0.09%,0.06%
BERRY CO POMEGRANTE JUICE 1L,CS Packet Juice,BEVERAGE,2,26,0,0.00%,26,0.03%,0.06%
BERRY CO SUPERBERRY RED 1L,CS Packet Juice,BEVERAGE,2,26,0,0.00%,26,0.03%,0.06%
BOGUTTI AMERICAN COOKIES CHOCO C,Biscuit & Cookies,FOOD,4,26,0,0.00%,26,0.07%,0.06%
ILE DE FRANCE CHEESE PETIT CAMEM,CS Dairy ,FOOD,1,26,0,0.00%,26,0.02%,0.06%
SCHICK BLADE QUATTRO WOMEN 4PCS,CS Mens Care,NON FOOD,1,26,0,0.00%,26,0.02%,0.06%
AL AIN YOGHURT FULL CREAM 170GM,CS Dairy ,FOOD,20,25,0,0.00%,25,0.34%,0.06%
GALLON WATER DEPOSIT,CS Others,BEVERAGE,1,25,0,0.00%,25,0.02%,0.06%
VOCHELLE TIN ALMONDS 205GM,CS Chocolate ,FOOD,1,24.75,0,0.00%,24.75,0.02%,0.06%
VOCHELLE TIN FRUIT NUTS 205GM,CS Chocolate ,FOOD,1,24.75,0,0.00%,24.75,0.02%,0.06%
AL AIN MANGO YOGHURT 125GM,CS Dairy ,FOOD,14,24.5,0,0.00%,24.5,0.24%,0.06%
FITA CRACKERS 150G,Biscuit & Cookies,FOOD,7,24.5,0,0.00%,24.5,0.12%,0.06%
NUTELLA 400GM,CS Can & Jar Food,FOOD,1,24.5,0,0.00%,24.5,0.02%,0.06%
RACHELS HONEY YOGHURT 450G,CS Organic Food,FOOD,1,24.5,0,0.00%,24.5,0.02%,0.06%
7 UP CAN,Softdrinks,BEVERAGE,6,24,0,0.00%,24,0.10%,0.06%
7 UP DIET CAN,Softdrinks,BEVERAGE,6,24,0,0.00%,24,0.10%,0.06%
AlpenMuslie625g,CS Cereal,FOOD,1,24,0,0.00%,24,0.02%,0.06%
B.BAG OAK SMOK150g,CS Chips & Snacks,FOOD,2,24,0,0.00%,24,0.03%,0.06%
B.BAG SEA SALT150g,CS Chips & Snacks,FOOD,2,24,0,0.00%,24,0.03%,0.06%
FG SMALL BOWL,FEEL GOOD,FOOD,2,24,0,0.00%,24,0.03%,0.06%
INDOMIE PILLOW 5 PCS PANCIT CANT,CS Pasta & Noodles,FOOD,3,24,0,0.00%,24,0.05%,0.06%
PEPSI DIET CAN,Softdrinks,BEVERAGE,6,24,0,0.00%,24,0.10%,0.06%
PERRIER WATER 330ML,Water,BEVERAGE,4,24,0,0.00%,24,0.07%,0.06%
Steamed Rice,Main course,FOOD,3,24,0,0.00%,24,0.05%,0.06%
SUBSTITUTE SOYA ALMOND,Soya Milk,FOOD,6,24,0,0.00%,24,0.10%,0.06%
GATORADE ORANGE PET 500ML,CS Sports & Energy Drinks,BEVERAGE,5,23.75,0,0.00%,23.75,0.09%,0.06%
WELLA SH REPAIR 500ML,CS Shampoo & Conditioner,NON FOOD,1,23.5,0,0.00%,23.5,0.02%,0.06%
WELL SH MOISTURE 500ML,CS Shampoo & Conditioner,NON FOOD,1,23.5,0,0.00%,23.5,0.02%,0.06%
BARILA FETTUCINE500g,CS Pasta & Noodles,FOOD,1,23,0,0.00%,23,0.02%,0.06%
BARILLA RICOTTA400G,CS Sauce,FOOD,1,23,0,0.00%,23,0.02%,0.06%
M&M PEANUT 45GM,CS Chocolate ,FOOD,7,22.75,0,0.00%,22.75,0.12%,0.05%
PRINGLES 40GM BBQ,CS Chips & Snacks,FOOD,7,22.75,0,0.00%,22.75,0.12%,0.05%
PRINGLES 40GM SOUR CREAM,CS Chips & Snacks,FOOD,7,22.75,0,0.00%,22.75,0.12%,0.05%
PRO BAR STRAWBERRY BLISS 85G,CS Chocolate ,FOOD,1,22.75,0,0.00%,22.75,0.02%,0.05%
TIDE JASMINE 1.5KG,CS Laundry Care,NON FOOD,1,22.75,0,0.00%,22.75,0.02%,0.05%
TIDE ORIGINAL SCENT 1.5KG,CS Laundry Care,NON FOOD,1,22.75,0,0.00%,22.75,0.02%,0.05%
AlwaysUltraNightFresh6,CS Sanitary Care,NON FOOD,3,22.5,0,0.00%,22.5,0.05%,0.05%
PHILADELPHIA CHEESE SPREAD 200GM,CS Dairy ,FOOD,2,22.5,0,0.00%,22.5,0.03%,0.05%
C&C GEL CLEANSER DEEP ACTION 150,CS Facial Care,NON FOOD,1,22,0,0.00%,22,0.02%,0.05%
FARM FRESH EGGS WHITE 15PCS,CS Eggs,FOOD,2,22,0,0.00%,22,0.03%,0.05%
BEST CAN MACADEMIA 110G,CS Dry Fruits,FOOD,1,21.25,0,0.00%,21.25,0.02%,0.05%
12 OZ ICED SOYA TOFFE NUT LATTE,Coffee,FOOD,1,21,0,0.00%,21,0.02%,0.05%
AL AIN FRESH GRAPEFRUIT JUICE 33,CS Fresh Juice,BEVERAGE,3,21,0,0.00%,21,0.05%,0.05%
AL AIN FRESH GRAPEFRUIT JUICE330,CS Packet Juice,BEVERAGE,3,21,0,0.00%,21,0.05%,0.05%
AL MARAI FRESH MILK LOW FAT 1L,CS Dairy ,FOOD,3,21,0,0.00%,21,0.05%,0.05%
HARIBO CUP BERRIES 175GM,CS Mint & Gum,FOOD,2,21,0,0.00%,21,0.03%,0.05%
TAFT POWER IN TOUCH 150ML,CS Hair Styling & Spray,NON FOOD,1,21,0,0.00%,21,0.02%,0.05%
BONNE MANAM ORANGE MARMALADE 370,CS Can & Jar Food,FOOD,1,20.5,0,0.00%,20.5,0.02%,0.05%
BONNE MANAM RASPBERRY PRESERVE 3,CS Can & Jar Food,FOOD,1,20.5,0,0.00%,20.5,0.02%,0.05%
BONNE MANAM STRAWBERRY PRESERVE ,CS Can & Jar Food,FOOD,1,20.5,0,0.00%,20.5,0.02%,0.05%
BORGES EXRA VIRGIN OLIVE OIL 500,CS Coocking & Baking,FOOD,1,20.5,0,0.00%,20.5,0.02%,0.05%
AL RABIE MANGO 330ML,CS Packet Juice,BEVERAGE,8,20,0,0.00%,20,0.14%,0.05%
Castania Peanut 60g,CS Nuts & Seeds,FOOD,4,20,0,0.00%,20,0.07%,0.05%
Cold Cuts,Breakfast,FOOD,4,20,0,0.00%,20,0.07%,0.05%
French Toast,Breakfast,FOOD,6,20,0,0.00%,20,0.10%,0.05%
LACNOR APPLE 180ML,Fresh Juices,BEVERAGE,5,20,0,0.00%,20,0.09%,0.05%
AL AIN FRESH MILK 1L LOW FAT,CS Dairy ,FOOD,3,19.5,0,0.00%,19.5,0.05%,0.05%
GILLETTE FOAM CLASSIC CLEAN,CS Mens Care,NON FOOD,2,19.5,0,0.00%,19.5,0.03%,0.05%
JIF WINDOW CLEANER SPRAY 500ML,CS Cleaning Supplies,NON FOOD,2,19.5,0,0.00%,19.5,0.03%,0.05%
DOVE SHOWER NOURISHING 250ML,CS Bath & Shower,NON FOOD,1,19.25,0,0.00%,19.25,0.02%,0.05%
16 OZ CARAMEL LATTE,Starbucks,FOOD,1,19,0,0.00%,19,0.02%,0.05%
16 OZ SIGNATURE HOT CHOCOLATE,Starbucks,FOOD,1,19,0,0.00%,19,0.02%,0.05%
DOVE BODY LOTION SHEA BUTTER 250,CS Body Care,NON FOOD,1,19,0,0.00%,19,0.02%,0.05%
EGG Mayo & Spring Onion,Sandwiches,FOOD,1,19,0,0.00%,19,0.02%,0.05%
SCRUMMIES STRAWBERRY CRANBERRIES,CS Dry Fruits,FOOD,4,19,0,0.00%,19,0.07%,0.05%
ALL BRAN FLAKES KELLOGS 500GM,CS Cereal,FOOD,1,18.75,0,0.00%,18.75,0.02%,0.04%
LAYS TOMATO KETCHUP 185GM,CS Chips & Snacks,FOOD,3,18.75,0,0.00%,18.75,0.05%,0.04%
OB APPLICATOR NORMAL 16 PCS,CS Sanitary Care,NON FOOD,1,18.75,0,0.00%,18.75,0.02%,0.04%
CERES PEAR JUICE 1L,CS Packet Juice,BEVERAGE,2,18.5,0,0.00%,18.5,0.03%,0.04%
PRINGLES BBQ 165G ,CS Chips & Snacks,FOOD,2,18.5,0,0.00%,18.5,0.03%,0.04%
AXE DEO APOLLO 150ML,CS Deodrants,NON FOOD,1,18.25,0,0.00%,18.25,0.02%,0.04%
NECTAFLOR SOFT PRUNES 200GM,CS Dry Fruits,FOOD,1,18.25,0,0.00%,18.25,0.02%,0.04%
BOUNTY BAR 57GM,CS Chocolate ,FOOD,6,18,0,0.00%,18,0.10%,0.04%
Grilled Veg Olives,Pizza,FOOD,3,18,0,0.00%,18,0.05%,0.04%
HANSAPLAST 20 STRIPS ELASTIC 2 S,CS Others,NON FOOD,2,18,0,0.00%,18,0.03%,0.04%
Jalapenos,Pizza,FOOD,3,18,0,0.00%,18,0.05%,0.04%
Muture Cheddar(V),Sandwiches,FOOD,1,18,0,0.00%,18,0.02%,0.04%
Peppers,Pizza,FOOD,3,18,0,0.00%,18,0.05%,0.04%
NIVEA DEO FEMALE BLACK & WHITE 2,CS Deodrants,NON FOOD,1,17.75,0,0.00%,17.75,0.02%,0.04%
SMINT POCKET LEMON ,CS Mint & Gum,FOOD,3,17.25,0,0.00%,17.25,0.05%,0.04%
12 OZ VANILLA LATTE,Starbucks,FOOD,1,17,0,0.00%,17,0.02%,0.04%
AL AIN FRESH ORANGE JUICE 330ML,CS Packet Juice,BEVERAGE,4,17,0,0.00%,17,0.07%,0.04%
BARILA BASILICO400g,CS Pasta & Noodles,FOOD,1,17,0,0.00%,17,0.02%,0.04%
JDS ALMOND THINS,Biscuit & Cookies,FOOD,1,17,0,0.00%,17,0.02%,0.04%
NECTAFLOR PREMIUM FRUIT MIX 200G,CS Dry Fruits,FOOD,1,17,0,0.00%,17,0.02%,0.04%
BEST CAN SUPER MIX NUTS 110GM,CS Nuts & Seeds,FOOD,1,16.5,0,0.00%,16.5,0.02%,0.04%
LIFEBUOY BODYWASH VITAL PROTECT ,CS Bath & Shower,NON FOOD,1,16.5,0,0.00%,16.5,0.02%,0.04%
GALAXY SMOOTH MILK 40GM,CS Chocolate ,FOOD,5,16.25,0,0.00%,16.25,0.09%,0.04%
WASA CRISPBREAD DELIKATESS 270GM,Biscuit & Cookies,FOOD,1,16.25,0,0.00%,16.25,0.02%,0.04%
CROISSANT HI BUTTER ZATAR,CS Bakery,FOOD,4,16,0,0.00%,16,0.07%,0.04%
EXTRA PELLET WATERMELON GUM ,CS Mint & Gum,FOOD,8,16,0,0.00%,16,0.14%,0.04%
Peanut Butter & Jelly(V),Sandwiches,FOOD,1,16,0,0.00%,16,0.02%,0.04%
Tuna Sweetcorn,Pre Packed Sandwiches,FOOD,1,16,0,0.00%,16,0.02%,0.04%
KELLOGS BARS DARK CHOCO 04PCX1PK,CS Cereal,FOOD,1,15.75,0,0.00%,15.75,0.02%,0.04%
KELLOGS BARS MILK CHOCO 04PCX1PK,CS Cereal,FOOD,1,15.75,0,0.00%,15.75,0.02%,0.04%
MODERN BAKE PEANUT PEACAN ENERGY,CS Cereal,FOOD,3,15.75,0,0.00%,15.75,0.05%,0.04%
TABASCO PEPPER SAUCE BOTTLE,CS Sauce,FOOD,2,15.5,0,0.00%,15.5,0.03%,0.04%
COMFORT BABY CONCENTRATE 750ML,CS Laundry Care,NON FOOD,1,15.25,0,0.00%,15.25,0.02%,0.04%
COMFORT LAVENDER MAGNOLIA CONCEN,CS Laundry Care,NON FOOD,1,15.25,0,0.00%,15.25,0.02%,0.04%
12 OZ CAFFE MOCHA,Starbucks,FOOD,1,15,0,0.00%,15,0.02%,0.04%
AL AIN FRESH WATERMELON JUICE 33,CS Packet Juice,BEVERAGE,2,15,0,0.00%,15,0.03%,0.04%
CAREFREE COTTON EXTRACT SINGLE 2,CS Sanitary Care,NON FOOD,1,15,0,0.00%,15,0.02%,0.04%
CHICKEN MAIN,Main course,FOOD,1,15,0,0.00%,15,0.02%,0.04%
Delivery Charges,Delivery charge,LABOR CHARGE,3,15,0,0.00%,15,0.05%,0.04%
Extra Cheese,Cheese,FOOD,5,15,0,0.00%,15,0.09%,0.04%
HEINZ TIN SOUP SEVEN VEGETABLE 4,CS Can & Jar Food,FOOD,1,15,0,0.00%,15,0.02%,0.04%
HEINZ TUNA FLAKES OIL TIN 185GM,CS Can & Jar Food,FOOD,2,15,0,0.00%,15,0.03%,0.04%
KOKA BOWL SEAFOOD,CS Pasta & Noodles,FOOD,3,15,0,0.00%,15,0.05%,0.04%
MAGNUM I/C ALMOND,CS Ice Cream,FOOD,2,15,0,0.00%,15,0.03%,0.04%
MANI 20G SWEET COCKTAIL NUTS FRU,CS Dry Fruits,FOOD,6,15,0,0.00%,15,0.10%,0.04%
NIVEA MEN SHOWER COOL KICK 250ML,CS Bath & Shower,NON FOOD,1,15,0,0.00%,15,0.02%,0.04%
POKKA ICED TEA PEACH 500ML,CS Packet Juice,BEVERAGE,5,15,0,0.00%,15,0.09%,0.04%
SLICED BREAD WHITE JUMBO,CS Bakery,FOOD,3,15,0,0.00%,15,0.05%,0.04%
VEGGIE MAIN,Main course,FOOD,1,15,0,0.00%,15,0.02%,0.04%
FINE TOILET ROLLS 2PLY X 10 PCS ,CS Tissue & Toilet Rolls,NON FOOD,1,14.75,0,0.00%,14.75,0.02%,0.04%
GATORADE GRAPE PET 500ML,CS Sports & Energy Drinks,BEVERAGE,3,14.25,0,0.00%,14.25,0.05%,0.03%
VASELINE LOTION HEALING MUSK 200,CS Soap & Handwash,NON FOOD,1,14.25,0,0.00%,14.25,0.02%,0.03%
AL MARAI FRESH MILK FULL FAT 500,CS Dairy ,FOOD,4,14,0,0.00%,14,0.07%,0.03%
ALMARAI MILK FAT FREE1L,CS Dairy ,FOOD,2,14,0,0.00%,14,0.03%,0.03%
CORNETTO I/C LOVE COOKIE,CS Ice Cream,FOOD,2,14,0,0.00%,14,0.03%,0.03%
EXTRA PELLET PEPPERMINT GUM,CS Mint & Gum,FOOD,7,14,0,0.00%,14,0.12%,0.03%
RED BULL 250ML,CS Sports & Energy Drinks,BEVERAGE,2,14,0,0.00%,14,0.03%,0.03%
DESIAM OYSTER SAUCE 200ML,CS Sauce,FOOD,1,13.75,0,0.00%,13.75,0.02%,0.03%
LINDT EXCELLENCE 70% CACOA 100GM,CS Chocolate ,FOOD,1,13.75,0,0.00%,13.75,0.02%,0.03%
LINDT EXCELLENCE 85% CACOA 100GM,CS Chocolate ,FOOD,1,13.75,0,0.00%,13.75,0.02%,0.03%
LINDT EXCELLENCE CARAMEL 100G,CS Chocolate ,FOOD,1,13.75,0,0.00%,13.75,0.02%,0.03%
CLEAR SH WOMEN SCALP OIL CONTROL,CS Shampoo & Conditioner,NON FOOD,1,13.5,0,0.00%,13.5,0.02%,0.03%
EMMENTHAL CHEESE PORTION 150G,CS Dairy ,FOOD,1,13.5,0,0.00%,13.5,0.02%,0.03%
BAYARA PROVENCE HERBS BOTTLE 100,CS Spices & Herbs,FOOD,4,13,0,0.00%,13,0.07%,0.03%
BERRY CO GOJI BERRY JUICE 1L,CS Packet Juice,BEVERAGE,1,13,0,0.00%,13,0.02%,0.03%
BERRY CO WHITE TEA PEACH 1L,CS Packet Juice,BEVERAGE,1,13,0,0.00%,13,0.02%,0.03%
BISQUINI TIN CHOCOLATE COOKIES 1,Biscuit & Cookies,FOOD,1,13,0,0.00%,13,0.02%,0.03%
BISQUINI TIN CRANBERRY COOKIES 1,Biscuit & Cookies,FOOD,1,13,0,0.00%,13,0.02%,0.03%
CARTE D'OR SMALL CUP STRAWBERRY,CS Chocolate ,FOOD,2,13,0,0.00%,13,0.03%,0.03%
LADY CHOICE CREAMY PEANUT BUTTER,CS Can & Jar Food,FOOD,1,13,0,0.00%,13,0.02%,0.03%
VOLVIC WATER 330ML,CS Water,BEVERAGE,4,13,0,0.00%,13,0.07%,0.03%
A/G TRADITIONAL PASTA SAUCE 24OZ,CS Sauce,FOOD,1,12.75,0,0.00%,12.75,0.02%,0.03%
CLEARLY SCRUMPTIOUS STRAWBERRY 3,CS Dry Fruits,FOOD,1,12.75,0,0.00%,12.75,0.02%,0.03%
FA SHOWER GEL MEN BLACK SUN 250M,CS Hair Styling & Spray,NON FOOD,1,12.75,0,0.00%,12.75,0.02%,0.03%
CAREFREE FLEXIFORM 18PCS,CS Sanitary Care,NON FOOD,1,12.5,0,0.00%,12.5,0.02%,0.03%
CROISSANT CHOCOLATE,CS Bakery,FOOD,5,12.5,0,0.00%,12.5,0.09%,0.03%
CROISSANT ZATAR,CS Bakery,FOOD,5,12.5,0,0.00%,12.5,0.09%,0.03%
DR.OETKER SUGAR STRANDS 55GM,CS Coocking & Baking,FOOD,1,12.5,0,0.00%,12.5,0.02%,0.03%
HEINZ ORGANIC TIN SOUP TOMATO 40,CS Can & Jar Food,FOOD,1,12.5,0,0.00%,12.5,0.02%,0.03%
KIT KAT 2 FINGERS,CS Chocolate ,FOOD,10,12.5,0,0.00%,12.5,0.17%,0.03%
SELPAK FACIAL TISSUE 100 SHEET,CS Tissue & Toilet Rolls,NON FOOD,2,12.5,0,0.00%,12.5,0.03%,0.03%
ADD ESPRESSO SHOT,Starbucks,FOOD,3,12,0,0.00%,12,0.05%,0.03%
CAPRISUN MIXED FRUIT,CS Packet Juice,BEVERAGE,12,12,0,0.00%,12,0.20%,0.03%
DOUBLE ESSPRESSO,Starbucks,FOOD,1,12,0,0.00%,12,0.02%,0.03%
DOVE SH NUTRITIVE DAILY CARE 200,CS Shampoo & Conditioner,NON FOOD,1,12,0,0.00%,12,0.02%,0.03%
ESPRESSO MACCHIATO,Starbucks,FOOD,1,12,0,0.00%,12,0.02%,0.03%
EXTRA PELLET STRAWBERRY GUM,Biscuit & Cookies,FOOD,6,12,0,0.00%,12,0.10%,0.03%
FANTA STRAWBERRY CAN,Softdrinks,BEVERAGE,3,12,0,0.00%,12,0.05%,0.03%
FOUNTAIN SODA LARGE,Softdrinks,BEVERAGE,4,12,0,0.00%,12,0.07%,0.03%
Grilled Chicken,Pizza,FOOD,2,12,0,0.00%,12,0.03%,0.03%
BEST CAN ALMONDS SALTED 110GM,CS Nuts & Seeds,FOOD,1,11.75,0,0.00%,11.75,0.02%,0.03%
TWININGS PURE GREEN TEA 25 BAGS,CS Tea,FOOD,1,11.75,0,0.00%,11.75,0.02%,0.03%
DOMESTOS BLEACH MOUNTAIN BREEZE ,CS Cleaning Supplies,NON FOOD,1,11.5,0,0.00%,11.5,0.02%,0.03%
LIFEBUOY HW KITCHEN FRESH 200ML,CS Soap & Handwash,NON FOOD,1,11.5,0,0.00%,11.5,0.02%,0.03%
HEINZ TIN SOUP SPRING VEGETABLE ,CS Can & Jar Food,FOOD,1,11.25,0,0.00%,11.25,0.02%,0.03%
FANTA APPLE CAN,Softdrinks,BEVERAGE,4,11,0,0.00%,11,0.07%,0.03%
LUX HW VELVET TOUCH 250ML,CS Soap & Handwash,NON FOOD,1,11,0,0.00%,11,0.02%,0.03%
MARS BAR 51GM,CS Chocolate ,FOOD,4,11,0,0.00%,11,0.07%,0.03%
PANTENE SH ANTI HAIR FALL 200ML,CS Shampoo & Conditioner,NON FOOD,1,11,0,0.00%,11,0.02%,0.03%
SNAPPLE KIWI STRAWBERRY JUICE,CS Packet Juice,BEVERAGE,2,11,0,0.00%,11,0.03%,0.03%
Sugar Granul2Kg ,CS Coocking & Baking,FOOD,1,11,0,0.00%,11,0.02%,0.03%
YUM YUM CRUNCHY PEANUT BUTTER 40,CS Dairy ,FOOD,1,10.75,0,0.00%,10.75,0.02%,0.03%
YUM YUM NO SUGAR PEANUT BUTTER 4,CS Can & Jar Food,FOOD,1,10.75,0,0.00%,10.75,0.02%,0.03%
YUM YUM SMOOTH PEANUT BUTTER 400,CS Can & Jar Food,FOOD,1,10.75,0,0.00%,10.75,0.02%,0.03%
CASTANIA CASHEW 60G,CS Nuts & Seeds,FOOD,1,10.5,0,0.00%,10.5,0.02%,0.03%
EMMENTHAL CHEESE GRATED 150G,CS Dairy ,FOOD,1,10.5,0,0.00%,10.5,0.02%,0.03%
FAMILIA 50GM MUESLI CHOCO,CS Cereal,FOOD,3,10.5,0,0.00%,10.5,0.05%,0.03%
LUX BAR CREAMY PERFECTION 120GM,CS Soap & Handwash,NON FOOD,3,10.5,0,0.00%,10.5,0.05%,0.03%
SCHOGETTEN STRAWBERRY YOGURT100G,CS Chocolate ,FOOD,2,10.5,0,0.00%,10.5,0.03%,0.03%
SCHOGETTEN TROLOGIA 100GM,CS Chocolate ,FOOD,2,10.5,0,0.00%,10.5,0.03%,0.03%
LABELLO ORIGINAL CLASSIC CARE 4.,CS Facial Care,NON FOOD,1,10.25,0,0.00%,10.25,0.02%,0.02%
SLIM PASTA PENNE 270GM,CS Pasta & Noodles,FOOD,1,10.25,0,0.00%,10.25,0.02%,0.02%
AL AIN LABAN 250ML,CS Dairy ,FOOD,5,10,0,0.00%,10,0.09%,0.02%
Chicken Tandoori,Pre Packed Sandwiches,FOOD,1,10,0,0.00%,10,0.02%,0.02%
COFFEE CUP CERAMIC,CS Others,NON FOOD,1,10,0,0.00%,10,0.02%,0.02%
COKE LIGHT PET 500ML,CS Soft Drinks,BEVERAGE,5,10,0,0.00%,10,0.09%,0.02%
CORNETTO I/C CLASSICO CREAM,CS Ice Cream,FOOD,2,10,0,0.00%,10,0.03%,0.02%
CROISSANT CHEESE,CS Bakery,FOOD,5,10,0,0.00%,10,0.09%,0.02%
FOUNTAIN SODA SMALL,Softdrinks,BEVERAGE,5,10,0,0.00%,10,0.09%,0.02%
KOKA BOWL CHICKEN,CS Pasta & Noodles,FOOD,2,10,0,0.00%,10,0.03%,0.02%
KOKA BOWL TOM YUM,CS Pasta & Noodles,FOOD,2,10,0,0.00%,10,0.03%,0.02%
LAYS 40GM FRENCH CHEESE,CS Chips & Snacks,FOOD,5,10,0,0.00%,10,0.09%,0.02%
Lemon,CS Fresh Vegatables,FOOD,5,10,0,0.00%,10,0.09%,0.02%
Penne,pasta,FOOD,1,10,0,0.00%,10,0.02%,0.02%
SINGLE ESSPRESSO,Starbucks,FOOD,1,10,0,0.00%,10,0.02%,0.02%
AL AIN FRESH PINEAPPLE JUICE 330,CS Packet Juice,BEVERAGE,1,9.75,0,0.00%,9.75,0.02%,0.02%
ALMARAI JAR CREAM SPREAD CHEESE ,CS Dairy ,FOOD,1,9.75,0,0.00%,9.75,0.02%,0.02%
CLOSEUP FIRE FREEZE EXTREME COOL,CS Oral Care,NON FOOD,1,9.75,0,0.00%,9.75,0.02%,0.02%
COCO TREE JUICE 330ML,CS Packet Juice,BEVERAGE,3,9.75,0,0.00%,9.75,0.05%,0.02%
GILLETTE FOAM REGULAR,CS Mens Care,NON FOOD,1,9.75,0,0.00%,9.75,0.02%,0.02%
HEINZ TIN SOUP LENTIL 400GM,CS Can & Jar Food,FOOD,1,9.75,0,0.00%,9.75,0.02%,0.02%
M&M MINIS TUBE 30GM,CS Chocolate ,FOOD,3,9.75,0,0.00%,9.75,0.05%,0.02%
SCRUMMIES BLUEBERRY CRANBERRIES ,CS Dry Fruits,FOOD,2,9.5,0,0.00%,9.5,0.03%,0.02%
CERES APPLE JUICE 1L,CS Packet Juice,BEVERAGE,1,9.25,0,0.00%,9.25,0.02%,0.02%
CERES ORANGE JUICE 1L,CS Packet Juice,BEVERAGE,1,9.25,0,0.00%,9.25,0.02%,0.02%
CRUNCHOS PUMPKIN SEEDS 200GM,CS Dry Fruits,FOOD,1,9.25,0,0.00%,9.25,0.02%,0.02%
CRUNCHOS SUNFLOWER SEEDS 200GM,CS Dry Fruits,FOOD,1,9.25,0,0.00%,9.25,0.02%,0.02%
GLAD GARBAGE BAG SMALL 20L X 30,CS Bags/Foil/Wraps,NON FOOD,1,9.25,0,0.00%,9.25,0.02%,0.02%
PRINGLES ORIGINAL 165GM,CS Chips & Snacks,FOOD,1,9.25,0,0.00%,9.25,0.02%,0.02%
HARIBO BERRIES PACKET 160GM,CS Mint & Gum,FOOD,1,9,0,0.00%,9,0.02%,0.02%
MAGNUM I/C DOUBLE CHOCOLATE,CS Ice Cream,FOOD,1,9,0,0.00%,9,0.02%,0.02%
NATURE VALLEY OATS & HONEY,CS Cereal,FOOD,3,9,0,0.00%,9,0.05%,0.02%
SIGNALC8AGold120M,CS Oral Care,NON FOOD,1,9,0,0.00%,9,0.02%,0.02%
SIGNALC8AWHITE120M,CS Oral Care,NON FOOD,1,9,0,0.00%,9,0.02%,0.02%
AL AIN PINEAPPLE YOGHURT 125GM,CS Dairy ,FOOD,5,8.75,0,0.00%,8.75,0.09%,0.02%
ENERGIZER AA 2 PCS,CS Others,NON FOOD,1,8.5,0,0.00%,8.5,0.02%,0.02%
BEST CAN PEANUTS SALTED 110GM,CS Nuts & Seeds,FOOD,1,8.25,0,0.00%,8.25,0.02%,0.02%
AlwaysUltrThin,CS Sanitary Care,NON FOOD,1,8,0,0.00%,8,0.02%,0.02%
BAYARA POWDER BOTTLE 100ML,CS Spices & Herbs,FOOD,2,8,0,0.00%,8,0.03%,0.02%
BOGUTTI CHOCOFIT CHOCO CRANBERRY,Biscuit & Cookies,FOOD,1,8,0,0.00%,8,0.02%,0.02%
BOGUTTI CHOCOFIT CHOCO HAZELNUT,Biscuit & Cookies,FOOD,1,8,0,0.00%,8,0.02%,0.02%
Egg Cress Mayonnaise,Pre Packed Sandwiches,FOOD,1,8,0,0.00%,8,0.02%,0.02%
FANTA ORANGE CAN,Softdrinks,BEVERAGE,2,8,0,0.00%,8,0.03%,0.02%
FUN PLASTIC PLATE FUCHSIA 10PCS ,CS Disposable,NON FOOD,1,8,0,0.00%,8,0.02%,0.02%
LAYS 40GM SALT VINEGAR,CS Chips & Snacks,FOOD,4,8,0,0.00%,8,0.07%,0.02%
LifebyHndSnitzrHul55m,CS Soap & Handwash,NON FOOD,1,8,0,0.00%,8,0.02%,0.02%
Mixed Salad&Pitta,Extras,FOOD,1,8,0,0.00%,8,0.02%,0.02%
SPRITE LIGHT CAN,Softdrinks,BEVERAGE,2,8,0,0.00%,8,0.03%,0.02%
BAHLSEN RED HIT CACAO 220GM,Biscuit & Cookies,FOOD,1,7.75,0,0.00%,7.75,0.02%,0.02%
MAGNUM I/C CR�ME BRULEE,CS Chocolate ,FOOD,1,7.75,0,0.00%,7.75,0.02%,0.02%
MAGNUM I/C TIRAMISU,CS Chocolate ,FOOD,1,7.75,0,0.00%,7.75,0.02%,0.02%
AL RABIE LIME KIWI 330ML,CS Packet Juice,BEVERAGE,3,7.5,0,0.00%,7.5,0.05%,0.02%
AM Chd Sli 200,CS Dairy ,FOOD,1,7.5,0,0.00%,7.5,0.02%,0.02%
SCHWEPPES SODA CAN 300M,CS Soft Drinks,BEVERAGE,5,7.5,0,0.00%,7.5,0.09%,0.02%
AL AIN FRESH MILK 1L SKIMMED,CS Dairy ,FOOD,1,7,0,0.00%,7,0.02%,0.02%
CROISSANT HI BUTTER PLAIN,CS Bakery,FOOD,2,7,0,0.00%,7,0.03%,0.02%
LUX BAR DREAM DELIGHT 120GM,CS Soap & Handwash,NON FOOD,2,7,0,0.00%,7,0.03%,0.02%
MUFFIN BLUEBERRY,CS Bakery,FOOD,2,7,0,0.00%,7,0.03%,0.02%
PEPSODENT TP GERMICHECK+BRUSH 15,CS Oral Care,NON FOOD,1,7,0,0.00%,7,0.02%,0.02%
RED BULL SUGAR FREE 250ML,CS Sports & Energy Drinks,BEVERAGE,1,7,0,0.00%,7,0.02%,0.02%
SIS SugarIcing500g,CS Coocking & Baking,FOOD,1,7,0,0.00%,7,0.02%,0.02%
LIPTON GREEN TEA CLASSIC TEA BAG,CS Tea,FOOD,1,6.75,0,0.00%,6.75,0.02%,0.02%
POKKA LEMON ICED TEA 330ML,CS Soft Drinks,BEVERAGE,3,6.75,0,0.00%,6.75,0.05%,0.02%
BOGUTTI AMERICAN COOKIES HAZELNU,Biscuit & Cookies,FOOD,1,6.5,0,0.00%,6.5,0.02%,0.02%
BOGUTTI AMERICAN COOKIES RAISINS,Biscuit & Cookies,FOOD,1,6.5,0,0.00%,6.5,0.02%,0.02%
DESIAM THAI RED CURRY PASTE 70GM,CS Sauce,FOOD,1,6.5,0,0.00%,6.5,0.02%,0.02%
"FALCON PAPER PLATES 7"" 100PCS",CS Disposable,NON FOOD,1,6.5,0,0.00%,6.5,0.02%,0.02%
PRINGLES 40GM HOT & SPICY,CS Chips & Snacks,FOOD,2,6.5,0,0.00%,6.5,0.03%,0.02%
TOBLERONE WHITE 35GM,CS Chocolate ,FOOD,2,6.5,0,0.00%,6.5,0.03%,0.02%
LAYS SALT VINEGAR 185GM,CS Chips & Snacks,FOOD,1,6.25,0,0.00%,6.25,0.02%,0.01%
LUX SUNLIGHT LEMON 400ML,CS Dishwashing,NON FOOD,1,6.25,0,0.00%,6.25,0.02%,0.01%
ORAL B BRUSH MAXI CLEAN,CS Oral Care,NON FOOD,1,6.25,0,0.00%,6.25,0.02%,0.01%
A/G U.S KETCHUP SQUEEZE14OZ,CS Sauce,FOOD,1,6,0,0.00%,6,0.02%,0.01%
Asst. Rolls Two,Breakfast,FOOD,3,6,0,0.00%,6,0.05%,0.01%
COKE PET 500ML,CS Soft Drinks,BEVERAGE,3,6,0,0.00%,6,0.05%,0.01%
DOUGHNUT PLAIN,CS Bakery,FOOD,3,6,0,0.00%,6,0.05%,0.01%
GLAD ALUMINIUM FOIL 25 SQ FEET,CS Bags/Foil/Wraps,NON FOOD,1,6,0,0.00%,6,0.02%,0.01%
GLASS OF SOYA MILK,Soya Milk,FOOD,1,6,0,0.00%,6,0.02%,0.01%
GranAppleCunch,CS Cereal,FOOD,2,6,0,0.00%,6,0.03%,0.01%
Khubus Bread,Breakfast,FOOD,3,6,0,0.00%,6,0.05%,0.01%
LAYS 40GM CHILLI,CS Chips & Snacks,FOOD,3,6,0,0.00%,6,0.05%,0.01%
Mash and Gravy,Extras,FOOD,1,6,0,0.00%,6,0.02%,0.01%
Pineapple,Pizza,FOOD,1,6,0,0.00%,6,0.02%,0.01%
POCARI SWEAT CAN 330ML,CS Soft Drinks,BEVERAGE,2,6,0,0.00%,6,0.03%,0.01%
SPRITE PET 500ML,CS Soft Drinks,BEVERAGE,3,6,0,0.00%,6,0.05%,0.01%
SNAPPLE FRUIT PUNCH JUICE,CS Packet Juice,BEVERAGE,1,5.5,0,0.00%,5.5,0.02%,0.01%
VOCHELLE DARK CHOC PLAIN 90G,CS Chocolate ,FOOD,1,5.5,0,0.00%,5.5,0.02%,0.01%
AL AIN KIWI APPLE YOGHURT 125GM,CS Dairy ,FOOD,3,5.25,0,0.00%,5.25,0.05%,0.01%
BAHLSEN LEIBNIZ ZOO 100GM,Biscuit & Cookies,FOOD,1,5.25,0,0.00%,5.25,0.02%,0.01%
CLOROX SUPER WIPES 3PCS,CS Tissue & Toilet Rolls,NON FOOD,1,5.25,0,0.00%,5.25,0.02%,0.01%
Ferrarelle 330Ml ,CS Water,BEVERAGE,1,5.25,0,0.00%,5.25,0.02%,0.01%
SCHOGETTEN MILK CHOCOLATE 100GM,CS Chocolate ,FOOD,1,5.25,0,0.00%,5.25,0.02%,0.01%
AL RABIE PINEAPPLE 330ML,CS Packet Juice,BEVERAGE,2,5,0,0.00%,5,0.03%,0.01%
ARIEL 260GM BLUE,CS Laundry Care,NON FOOD,1,5,0,0.00%,5,0.02%,0.01%
ARIEL 260GM GREEN,CS Laundry Care,NON FOOD,1,5,0,0.00%,5,0.02%,0.01%
Castania Fried Peanut 60g,CS Nuts & Seeds,FOOD,1,5,0,0.00%,5,0.02%,0.01%
KOKA BOWL BEEF,CS Pasta & Noodles,FOOD,1,5,0,0.00%,5,0.02%,0.01%
KOKA BOWL MUSHROOM,CS Pasta & Noodles,FOOD,1,5,0,0.00%,5,0.02%,0.01%
LACNOR MILK CHOCOLATE 180ML,CS Packet Juice,BEVERAGE,4,5,0,0.00%,5,0.07%,0.01%
Nail Cutter ,CS Others,NON FOOD,2,5,0,0.00%,5,0.03%,0.01%
SAFA BAKING PWDR100G,CS Coocking & Baking,FOOD,2,5,0,0.00%,5,0.03%,0.01%
PERRIER WATER LEMON 330ML,CS Water,BEVERAGE,1,4.75,0,0.00%,4.75,0.02%,0.01%
HeinzBaked Beans415g ,CS Can & Jar Food,FOOD,1,4.5,0,0.00%,4.5,0.02%,0.01%
SLICED BREAD BROWN JUMBO,CS Bakery,FOOD,1,4.5,0,0.00%,4.5,0.02%,0.01%
BAYARA PAPRIKA BOTTLE 100ML,CS Spices & Herbs,FOOD,1,4.25,0,0.00%,4.25,0.02%,0.01%
ADD CARAMEL DRIZZLE,Starbucks,FOOD,1,4,0,0.00%,4,0.02%,0.01%
ADD FLAVOURED SYRUP,Starbucks,FOOD,1,4,0,0.00%,4,0.02%,0.01%
ADD WHIPPED CREAM,Starbucks,FOOD,1,4,0,0.00%,4,0.02%,0.01%
BEACON MARSHMALLOWS PINK & WHITE,CS Packet Food,FOOD,1,4,0,0.00%,4,0.02%,0.01%
CROISSANT HI BUTTER ALMOND,CS Bakery,FOOD,1,4,0,0.00%,4,0.02%,0.01%
CROISSANT HI BUTTER CHOCOLATE,CS Bakery,FOOD,1,4,0,0.00%,4,0.02%,0.01%
FANTA PET 500ML,CS Soft Drinks,BEVERAGE,2,4,0,0.00%,4,0.03%,0.01%
LIPTON LEMON ICED TEA,Tea,BEVERAGE,1,4,0,0.00%,4,0.02%,0.01%
PERRIER WATER 330ML,CS Water,BEVERAGE,1,4,0,0.00%,4,0.02%,0.01%
SPRITE CAN,Softdrinks,BEVERAGE,1,4,0,0.00%,4,0.02%,0.01%
"BUN BREAD PLAIN 4"" 6 PCS",CS Bakery,FOOD,1,3.5,0,0.00%,3.5,0.02%,0.01%
KOKA CUP CHICKEN,CS Pasta & Noodles,FOOD,1,3.5,0,0.00%,3.5,0.02%,0.01%
KOKA CUP SEAFOOD,CS Pasta & Noodles,FOOD,1,3.5,0,0.00%,3.5,0.02%,0.01%
KOKA CUP SPICY SHRIMP,CS Pasta & Noodles,FOOD,1,3.5,0,0.00%,3.5,0.02%,0.01%
MENTOS 38GM CHEWY MINT,CS Mint & Gum,FOOD,2,3.5,0,0.00%,3.5,0.03%,0.01%
SAFETY MATCH STICK BOX 2PCS,CS Others,NON FOOD,7,3.5,0,0.00%,3.5,0.12%,0.01%
TwisterPineapple,CS Ice Cream,FOOD,1,3.5,0,0.00%,3.5,0.02%,0.01%
DAILY FRESH HOMMOS TAHINEH 400GM,CS Can & Jar Food,FOOD,1,3.25,0,0.00%,3.25,0.02%,0.01%
GALAXY FRUIT & NUT 40GM,CS Chocolate ,FOOD,1,3.25,0,0.00%,3.25,0.02%,0.01%
Add Mini PastryCombo,Dessert,FOOD,3,3,0,0.00%,3,0.05%,0.01%
AlmaFrsMFat500ml,CS Dairy ,FOOD,1,3,0,0.00%,3,0.02%,0.01%
AL MARAI CHEESE 8 TRIANGLES 120G,CS Dairy ,FOOD,1,3,0,0.00%,3,0.02%,0.01%
Best SaltedCashew30g,Peannuts,FOOD,1,3,0,0.00%,3,0.02%,0.01%
CADBURY DM HAZELNUT 37GM,CS Chocolate ,FOOD,1,3,0,0.00%,3,0.02%,0.01%
CAPRISUN MANGO,CS Packet Juice,BEVERAGE,3,3,0,0.00%,3,0.05%,0.01%
CocoPopsCMB20g,CS Cereal,FOOD,1,3,0,0.00%,3,0.02%,0.01%
MANI 20G PEANUTS SPICY PAPRIKA,CS Dry Fruits,FOOD,2,3,0,0.00%,3,0.03%,0.01%
MIRINDA ORANGE CAN 335ML ,CS Soft Drinks,BEVERAGE,2,3,0,0.00%,3,0.03%,0.01%
SLICED BREAD WHITE MEDIUM,CS Bakery,FOOD,1,3,0,0.00%,3,0.02%,0.01%
SNICKERS SINGLE BAR,CS Chocolate ,FOOD,1,3,0,0.00%,3,0.02%,0.01%
WRIGLEYS JUICY FRUIT STICK BANAN,CS Mint & Gum,FOOD,3,3,0,0.00%,3,0.05%,0.01%
A/G IODIZED SALT 26OZ,CS Can & Jar Food,FOOD,1,2.5,0,0.00%,2.5,0.02%,0.01%
BEST 40GM MIXED NUTS,CS Nuts & Seeds,FOOD,1,2.5,0,0.00%,2.5,0.02%,0.01%
CLOROX HEAVY DUTY SCOURER 1PCS,CS Cleaning Supplies,NON FOOD,1,2.5,0,0.00%,2.5,0.02%,0.01%
LACNOR MILK BANANA 180ML,CS Packet Juice,BEVERAGE,2,2.5,0,0.00%,2.5,0.03%,0.01%
LACNOR MILK STRAWBERRY 180ML,CS Packet Juice,BEVERAGE,2,2.5,0,0.00%,2.5,0.03%,0.01%
MENTOS ICE SPEARMINT 10G,CS Mint & Gum,FOOD,2,2.5,0,0.00%,2.5,0.03%,0.01%
PEPSI DIET PET 500M,CS Soft Drinks,BEVERAGE,1,2,0,0.00%,2,0.02%,0.00%
Comb Large ,CS Others,NON FOOD,1,1.75,0,0.00%,1.75,0.02%,0.00%
TIDE 110GM ORIGINAL SCENT,CS Laundry Care,NON FOOD,1,1.75,0,0.00%,1.75,0.02%,0.00%
7 UP CAN 355 ML,CS Soft Drinks,BEVERAGE,1,1.5,0,0.00%,1.5,0.02%,0.00%
COKE LIGHT CAN 300ML,CS Soft Drinks,BEVERAGE,1,1.5,0,0.00%,1.5,0.02%,0.00%
DOUGHNUT ICING WHITE,CS Bakery,FOOD,1,1.5,0,0.00%,1.5,0.02%,0.00%
DOUGHNUT JAM,CS Bakery,FOOD,1,1.5,0,0.00%,1.5,0.02%,0.00%
FANTA STRAWBERRY 355M,CS Soft Drinks,BEVERAGE,1,1.5,0,0.00%,1.5,0.02%,0.00%
PEPSI CAN 355ML ,CS Soft Drinks,BEVERAGE,1,1.5,0,0.00%,1.5,0.02%,0.00%
PEPSI DIET CAN 335ML ,CS Soft Drinks,BEVERAGE,1,1.5,0,0.00%,1.5,0.02%,0.00%
SCHWEPPES BITTER LEMON 300M,CS Soft Drinks,BEVERAGE,1,1.5,0,0.00%,1.5,0.02%,0.00%
SCHWEPPES GINGER ALE 300M,CS Soft Drinks,BEVERAGE,1,1.5,0,0.00%,1.5,0.02%,0.00%
SCHWEPPES TONIC WATER CAN 300M,CS Soft Drinks,BEVERAGE,1,1.5,0,0.00%,1.5,0.02%,0.00%
SPRITE CAN 330ML ,CS Soft Drinks,BEVERAGE,1,1.5,0,0.00%,1.5,0.02%,0.00%
ALMARAI CUSTARD VANILLA 100G,CS Dairy ,FOOD,1,1.25,0,0.00%,1.25,0.02%,0.00%
MENTOS CHEWY MINT 30GM,CS Mint & Gum,FOOD,1,1.25,0,0.00%,1.25,0.02%,0.00%
MENTOS CHEWY RAINBOW 30GM,CS Mint & Gum,FOOD,1,1.25,0,0.00%,1.25,0.02%,0.00%
TOTAL*,,,"4,712","41,682.25",0,0.00%,"41,682.25",80.35%,100.00%
,,,,,,,,,
